id,type,is_digital,label,score
000447addd8a4e4aabb62238ba3d559f,MAURITIUS/ID,True,0,0.0008871813
000a3010ddea4e1d8eab2437d8915bd5,GUINEA/DL,True,1,0.9999969
000d99c6eaae491483afbff2ecb73bb3,MAURITIUS/ID,True,1,0.99999774
001d744805b44207aff13532a6135c28,BENIN/DL,True,1,0.99999726
001e4747d82e4502a1a447fca3f38196,EGYPT/DL,True,1,0.99999774
00239e9ab6de466eb3b3db9bdbaf260d,EGYPT/DL,True,0,0.0015383345
0027c2e67339470fab5926790fe08e92,GUINEA/DL,True,0,0.0009026474
00351f6a9f3f4b19aa5d44dc96d9fc2e,GUINEA/DL,True,1,0.9999976
00423cc886864261ad496e69d4918033,EGYPT/DL,True,1,0.99999666
00488e103c7c4950851eebcfe5e365e8,MOZAMBIQUE/DL,True,0,0.00085636444
0051060924d640c7b818da0d0afb93a7,EGYPT/DL,True,0,0.0012610357
005196ff8bfc44e386a42206a387ae63,MOZAMBIQUE/DL,True,0,0.0008696134
0054a1437dba47d88d10ce8786422e7c,GUINEA/DL,True,1,0.9999974
005cd8e17d5144cead202bf04ac49f91,EGYPT/DL,True,0,0.001214081
007b2deaf7a4424dbb10b019ed8cbe28,EGYPT/DL,True,0,0.0010724447
009968729f384eb0828fbf84a4cf7aaa,MAURITIUS/ID,True,0,0.0009446587
00a06f2f739e442bad161dd06da9fd76,MOZAMBIQUE/DL,True,0,0.0008753909
00a159cb3c564e9c8070bd510ec0c7db,MAURITIUS/ID,True,1,0.9999974
00a58a2c5a6f4d9eb79e5133411138b5,MOZAMBIQUE/DL,True,0,0.00087030197
00b01ce365bf463db36130f6d9ab3857,EGYPT/DL,True,0,0.0010252256
00b22440be0e4579872e60f260b05c60,MOZAMBIQUE/DL,True,1,0.9999974
00c65ccb464c4ddab22be22218987053,MAURITIUS/ID,True,0,0.0008928057
00cb1fe38f74487d9c713e412c4b7bae,EGYPT/DL,True,0,0.0016534077
00cf62b016a341e99580c58203d2c088,MOZAMBIQUE/DL,True,0,0.001017675
00d7605822b741b182371f6f2ac5678d,MOZAMBIQUE/DL,True,0,0.00087563496
00e3ee8868d947718788c0d09521ce9f,MOZAMBIQUE/DL,True,0,0.0008636679
00ecb49a87ce4e3295a87ba4b42c11ad,MOZAMBIQUE/DL,True,1,0.99999726
0102cf000d894a318892f3e2690d070b,EGYPT/DL,True,1,0.99999785
010e4e0bae67415591d693f61dc5f411,EGYPT/DL,True,1,0.9999976
011bd830e3654c6380a6000e39dcd4c2,GUINEA/DL,True,1,0.9999968
01224a0090ef4e1fbd02b78790124681,GUINEA/DL,True,0,0.0008937956
01231a7d7fda45b6b39e6876f01b9548,MOZAMBIQUE/DL,True,1,0.9999974
0124de2d5bb14d32925bf28a7dee746c,MAURITIUS/ID,True,0,0.0012233597
012c50ef5c2c4d7196a3a8692f70397e,MAURITIUS/ID,True,1,0.9999975
012d619a3f9c4bb4a24927b23f0d4255,EGYPT/DL,True,1,0.99999785
0130d0e399a445dca865adb3fecb068d,EGYPT/DL,True,1,0.99999774
0133aa21c94544979369b28070459723,MOZAMBIQUE/DL,True,1,0.9999976
0137283385c946b2a5e6b79abd6bc84a,BENIN/DL,True,0,0.00088747765
0149b3b6f13642c3a85c359ab8530c15,GUINEA/DL,True,1,0.99999666
0149e9fc8d234fad8658d208cf65ba05,BENIN/DL,True,0,0.00090138795
014ff412b42f4a0482ac7b0392417e16,MAURITIUS/ID,True,0,0.0010030756
01557e6529584cf4ba8be0e7cff3f4a9,GUINEA/DL,True,0,0.00088251755
015a3ffae48c4a1c9e1359df1ce25fd8,GUINEA/DL,True,1,0.99999666
0165b48aa11747c3925fba7b29d33042,BENIN/DL,True,1,0.9999975
0174c08067154865b4fc72461f178408,BENIN/DL,True,0,0.0009000113
0185b7df4d844258869ba3de9396265f,EGYPT/DL,True,0,0.0011449325
01885958f46e4948afe08a7bb6a6b346,MOZAMBIQUE/DL,True,0,0.0008625321
018a16fa57d048198b1c58e2bfb74d21,BENIN/DL,True,0,0.00090118224
018fe4285c2f4353a4cf91b2cd91fd5e,BENIN/DL,True,0,0.0008853509
0196594f246940dbb87e121f075639f9,MOZAMBIQUE/DL,True,0,0.00086196855
01bd32196fa54d1c9e09599d143c43f8,BENIN/DL,True,0,0.00089745945
01c1102ceaba4adb8ee36f4da85de4d8,MOZAMBIQUE/DL,True,1,0.99999774
01d0a044020940c894039fa2a3fb5c0a,EGYPT/DL,True,0,0.0010184267
01e19cbfe25a4094a03f6c041725c3e3,EGYPT/DL,True,1,0.99999774
01f2f26c2e204ce38c652368c8ebd45b,GUINEA/DL,True,0,0.0008937342
02311c0318bd422e80e7310e4dced5df,MAURITIUS/ID,True,1,0.99999654
0234f014d8c24d46be1293417f4668d4,GUINEA/DL,True,0,0.0008896429
023548fe1b474edc92ef0347ae91a923,MOZAMBIQUE/DL,True,1,0.99999785
024755782c83494eb5d98c6593f8864c,BENIN/DL,True,0,0.00089900166
02498a0cc04b48309f03930b84ace89d,MOZAMBIQUE/DL,True,0,0.0008667301
024d772df1f04dd3a5e6225dbd02791f,MOZAMBIQUE/DL,True,0,0.00087162474
024da95e00d7443287d052c2b8655057,MOZAMBIQUE/DL,True,1,0.9999975
024fbd77aad64f2a892035e6402941c0,EGYPT/DL,True,0,0.0015021046
02606d17fdbd4c3197a9b4b1459abcd7,MOZAMBIQUE/DL,True,1,0.9999975
0262a11f0473448aa70ee811369a27e9,MAURITIUS/ID,True,1,0.9999975
026719a5240d4a4e89f8b74b49048c27,GUINEA/DL,True,0,0.0008918704
027737cf33aa47638881d57357548e41,EGYPT/DL,True,1,0.9999968
02a2d378c29947a28b52b2530e81c166,EGYPT/DL,True,0,0.0010106199
02a4b2f9996e4fe08486d7b8c5a316f6,EGYPT/DL,True,1,0.9999968
02a7dede9c954030b38e602570a552ab,MAURITIUS/ID,True,0,0.0008693574
02a84242649a4ed099bf6a9c37eacc76,GUINEA/DL,True,0,0.00089405064
02b9e03a45524797a178a1e045c72100,MAURITIUS/ID,True,0,0.001718324
02c9ef6320d5496f876b6155f69a8d58,MOZAMBIQUE/DL,True,0,0.0008648814
02d81950e8cd42f189addaad33121778,MOZAMBIQUE/DL,True,1,0.9999976
02e6310e5d244d649fe9af4f095c709b,MOZAMBIQUE/DL,True,0,0.00087314134
02eee53b41804af7b5a83cd23116da0e,MOZAMBIQUE/DL,True,1,0.9999976
02f0e54846b04cbab1458a5d2ea8b53b,MOZAMBIQUE/DL,True,1,0.9999975
02faa1ec6f804a4eaa5c7250553ff5bb,MOZAMBIQUE/DL,True,1,0.9999974
02fb96deb703482fadf257de99326a65,GUINEA/DL,True,0,0.0009065455
0306c77335bf4a399d6e21300efe018f,MAURITIUS/ID,True,0,0.00088646775
030d65846279408ebf132acf1d06f00d,MOZAMBIQUE/DL,True,0,0.001269391
03140c82b55d44668010bd3fe3b73d5f,BENIN/DL,True,0,0.0008993423
0317432f790d461baa29455b57847c76,MOZAMBIQUE/DL,True,1,0.99999714
0336fc6637684f7e87927b8f505ea939,MOZAMBIQUE/DL,True,1,0.99999726
0337777a600548b29c2649496f910b25,MAURITIUS/ID,True,1,0.9999976
033c713ee9704b6599091bb727f365f3,MOZAMBIQUE/DL,True,1,0.99999726
033ebd3cee0f4a98a4c402c149554a27,GUINEA/DL,True,1,0.9999964
034388d1249d461c97e82c4163efed9c,MAURITIUS/ID,True,0,0.001815656
034c9b0bdb014897938d4f5587f96f65,EGYPT/DL,True,0,0.001063451
0363c2ffb0b847a89007dd824fbb9e07,MAURITIUS/ID,True,0,0.0011861327
03643cd0b4214fd9877f4b185a6a3e12,MOZAMBIQUE/DL,True,1,0.99999774
03661a20e8624474a808a24a2590e564,MAURITIUS/ID,True,1,0.99999726
036afd84cf3242f2b23fa41b227884a6,BENIN/DL,True,0,0.00090892176
036cf79594574536b75f0ff56a4aa5b3,BENIN/DL,True,1,0.9999976
036ee55f7b9f40f88c8c53ed938fce78,MOZAMBIQUE/DL,True,0,0.0013576115
037d9a65ca7f4011b0722256cbcf7ea6,EGYPT/DL,True,1,0.99999774
037eb9af13174625a4a80dce2f562a08,MOZAMBIQUE/DL,True,0,0.000879129
0381372d468e4c22b0df95382d1e8886,EGYPT/DL,True,1,0.9999976
039de0deec194ef987af050627c93e60,EGYPT/DL,True,1,0.99999774
03ac43e553584224ae3fa0a7a51a0216,EGYPT/DL,True,1,0.99999785
03b6c2c6576e44e3aaefb25a892b67d3,EGYPT/DL,True,0,0.0011357248
03bf3b90eaa1401aa0d3a7b479ae6ca2,EGYPT/DL,True,1,0.99999774
03e3808d8408465ba3810c3cd8eecdc5,MOZAMBIQUE/DL,True,0,0.0008712324
03efb7170e034bd98fef975552a76507,MOZAMBIQUE/DL,True,0,0.0008903404
03f87c21a2fb4a7fb0389b20f24d528a,BENIN/DL,True,1,0.9999975
03ffd0cc0bf64d2d98ae61bed5e1e17e,EGYPT/DL,True,1,0.99999785
040982a96c434ff290d301890a471d5b,MOZAMBIQUE/DL,True,1,0.99999774
0429027aa78148e5a2b5cbd71f236ec2,GUINEA/DL,True,0,0.00089182914
043b082a35f4419c876c1cf696f38070,GUINEA/DL,True,1,0.99999666
0448c0558fa944829e155e081c920b13,MAURITIUS/ID,True,0,0.0011647985
04584d1248cf43e6a2f99ee14a05e963,MOZAMBIQUE/DL,True,1,0.9999976
0459878e1246426da8724831e69f0170,MOZAMBIQUE/DL,True,1,0.99999785
045f3a8675e94f7896f876965f9368cb,BENIN/DL,True,0,0.000907356
04652aace86c4e17a35763913977c385,EGYPT/DL,True,0,0.0010335812
046c55d3aadb4a398e316c88ba5b5ed2,EGYPT/DL,True,1,0.999997
04859782713143f686adb0f787caa7e6,BENIN/DL,True,0,0.00089821185
04969bb4409b420f95f91b37adeccec2,GUINEA/DL,True,0,0.0008909268
0499bae5a25b449d8c052a0f23d7ec6f,EGYPT/DL,True,0,0.0014281784
04ab197a99184f5aad42d276920af682,GUINEA/DL,True,0,0.00089326507
04b5c190362b40aaa45bbe4d627b7b9f,MOZAMBIQUE/DL,True,0,0.0008614258
04c650af73f54ff797af0f3e1a55dd6c,EGYPT/DL,True,0,0.0011075052
04cbef49ce864eeca79e8150f4e8c34e,MAURITIUS/ID,True,0,0.0009250137
04cf07bfbf044f4b8bda6252d6d237fe,GUINEA/DL,True,1,0.99999666
04d1040c32f64ae39f0645f0d9e51675,MOZAMBIQUE/DL,True,0,0.00087244104
04dac2ff75e9460f9fe1bc14ab36a8c8,EGYPT/DL,True,0,0.0010215592
04eb38c969544551a178a23ef5e2d0ba,BENIN/DL,True,1,0.9999975
04f6c7bdfdba4a25850415605d039040,EGYPT/DL,True,0,0.0010561077
050f5415dd6e40869d0837e1b9cf15ac,BENIN/DL,True,1,0.9999976
05197e42c0ef47689bb60dcd39bd61df,EGYPT/DL,True,0,0.0014887623
051e6989367f44e3accbb066def30bc0,MOZAMBIQUE/DL,True,1,0.9999974
05244b7e2a654bffa753aadb91a635f6,GUINEA/DL,True,1,0.9999974
05275a2872fe4f8dadc25934eaa019e1,MAURITIUS/ID,True,0,0.0008785349
053aaaa9acc649208e548cea09c23931,MAURITIUS/ID,True,1,0.99999654
053eb0161baa4515be5765c300f76377,MAURITIUS/ID,False,1,0.99999785
05432669c52041278650ae9483d7db3e,BENIN/DL,True,0,0.0008992531
05445a29a9c44414a479aacd7ce8ed4c,BENIN/DL,True,0,0.00089034555
054c760794564814bed491e21be8e03d,GUINEA/DL,True,0,0.0008923302
05513fdd69bd43c398cef6a808fb10f9,MOZAMBIQUE/DL,True,0,0.0013054488
0555ba958f4845cc930e4104ec1bd01d,MAURITIUS/ID,True,0,0.0016282094
055bc05f777e49e4ae137470413e3dff,MOZAMBIQUE/DL,True,1,0.99999785
055d4a02bb674b7097797fe9d6e9eebd,BENIN/DL,True,1,0.999998
056b73427d35463a9215ee7785f44fb6,BENIN/DL,True,1,0.99999774
056c43f39c7a421ca848335d8d0a34c0,BENIN/DL,True,0,0.00089252036
057a0e9376114a998e8a5a472e5c98ba,MAURITIUS/ID,True,1,0.99999654
0582f0c5b0fb46d9a326c8054a898d71,MAURITIUS/ID,True,0,0.0013585931
0582f26db2ca45bfa3269d5093e235b0,GUINEA/DL,True,0,0.0008932438
058b986f1486426c8b55298444d8328c,EGYPT/DL,True,1,0.9999976
0597b77563ed4ff39c922500188764d8,MOZAMBIQUE/DL,True,0,0.0010132128
05a18ce85e6045aeac036fe3364cb451,BENIN/DL,True,0,0.00088953105
05a63e7675954c17b517edc7580a1328,GUINEA/DL,True,0,0.0008822385
05a991df2ddc48d498ba381956ee574d,MAURITIUS/ID,True,0,0.0008825794
05b409c811194325852e5918b0812781,EGYPT/DL,True,0,0.0013099164
05b6e29cd6fd4345b9d5497fe6d0da54,EGYPT/DL,True,1,0.99999774
05c5bb11db334af9ab6dc7fa2c37c878,GUINEA/DL,True,1,0.99999654
05cfc9e2cc9042f597bd99c2cddac7ff,EGYPT/DL,True,0,0.0011480898
05d040c1bbe5489aba7f653ab39b3f4d,MOZAMBIQUE/DL,True,1,0.99999774
05d23faa3e7041ddb30600adf2c70122,MOZAMBIQUE/DL,True,0,0.00087455637
05d2f1c1bc2142438c3ceab72bbe2e50,MOZAMBIQUE/DL,True,0,0.0008554123
05d435eddb8a475e87ced8d224470b8a,GUINEA/DL,True,0,0.0009031816
0605ef6c182245e6a5cbe3fe9ad4457a,MOZAMBIQUE/DL,True,1,0.99999774
060f51de8ac24a4fb988ec17db5816f5,GUINEA/DL,True,0,0.0009006805
0611e74f359e4132ad4a6a609bcfe816,MAURITIUS/ID,True,1,0.9999974
06122fec70a243369464edb364626fe3,MAURITIUS/ID,True,0,0.0009158624
061fc7f278dd42328c77fbb0617b0356,MOZAMBIQUE/DL,True,0,0.0008623037
0632d2cbe8b14bb0a8718378a2b72a9a,GUINEA/DL,True,0,0.0008953528
0633783fd83c4857be93802b4b5727a1,GUINEA/DL,True,1,0.9999975
0636af2c9cc14cb49d4316649af4bd09,MOZAMBIQUE/DL,True,1,0.9999976
0644475bd3214942974352afc06b6e82,GUINEA/DL,True,1,0.999997
0650650df94944a290c10ccf704f9a03,BENIN/DL,True,0,0.00089284946
0652754184e448c1b180e6d6587e21cf,BENIN/DL,True,0,0.00089664024
065c58b850f64d99af92ccaaffc13664,EGYPT/DL,True,1,0.999997
065d0e85cdfa48eeb0080d21e25b5e70,EGYPT/DL,True,0,0.0010272895
06656553a5944093acdc63d29226926b,BENIN/DL,True,1,0.9999957
06657ec3a2c04c89ba58217c4cbacd3b,EGYPT/DL,True,0,0.0010083935
066cb03c7ca242b0a71f117a7bfa01d1,MAURITIUS/ID,True,1,0.99999774
0682d2a45f4741fa98b4dcc63aaa766b,MOZAMBIQUE/DL,True,0,0.00088361604
069a4e624bfc4d23884c2ab44465fe7c,MAURITIUS/ID,True,0,0.0008806558
069bcb333bdb4b9e8fb22fa1f98e65cc,MAURITIUS/ID,True,0,0.0014922098
069e595a8ee24cd99240b82c37926f15,GUINEA/DL,True,0,0.00089319446
06a3feb70ca14ea38e0a39c98a95edfc,GUINEA/DL,True,1,0.9999975
06a7932b6a3c428aa650ae8bd161f53e,GUINEA/DL,True,0,0.0008861911
06b214d04d39441d8f01ea4229e2e3d8,MOZAMBIQUE/DL,True,0,0.000870836
06cbe685c5c54117be93d5e8a44eece2,EGYPT/DL,True,1,0.99999774
06d67ef25d2b4e249e87738f20e0211e,MAURITIUS/ID,True,0,0.001114547
06db094832b24a1ba0181d06689a95b1,BENIN/DL,True,1,0.99999714
06e184e102e644829aa0653d7a2d1f4d,MAURITIUS/ID,True,1,0.9999975
06e45f37edfb4489899c0a059de834f2,MOZAMBIQUE/DL,True,0,0.00086073903
06e88735c38d4649b3920ab24e8087e7,EGYPT/DL,True,1,0.99999785
06eb0682d0a047eabb03dca1e4fde72a,GUINEA/DL,True,1,0.99999666
070dc827405944d8b89f9d6c1dd02ed3,BENIN/DL,True,0,0.0008988206
07200c259da34aaa859918a2ef310976,MOZAMBIQUE/DL,True,0,0.0008690742
0739541c0ff54912a3b42250e9fda3d3,GUINEA/DL,True,1,0.99999726
0742d9f8df2b43329412c09fc0f85b09,BENIN/DL,True,1,0.99999726
074fb1bdde4f474c94aba70b06fbccac,GUINEA/DL,True,1,0.99999666
07526348621149cf9dae2e9311a97d53,EGYPT/DL,True,0,0.0009749138
07570c85af2841ac882c3f1d96e96d3f,MOZAMBIQUE/DL,True,1,0.9999976
075b5a7547df41f0b4a636306de95ef9,MAURITIUS/ID,True,0,0.0014053193
075dfc48f6774952913e903ddc2c9de5,MOZAMBIQUE/DL,True,0,0.0008669337
0769690a387d4f1089e9c0074e0874a9,MOZAMBIQUE/DL,True,1,0.9999975
076c18ed91f3455ea75ca0655150e2b5,GUINEA/DL,True,0,0.0009260482
076d73f24401428e9d0551fd6a27dd58,MOZAMBIQUE/DL,True,0,0.0008756612
077039710ff14662ab22a53e33ca33ec,MOZAMBIQUE/DL,True,0,0.0008634663
07716825b4f548a8b68cb97c562b1518,BENIN/DL,True,1,0.99999714
0776c362a652483fbf03a30ef3ffc5ad,EGYPT/DL,True,0,0.0009706403
078b2ed341e4463c8044420ae70473a0,GUINEA/DL,True,0,0.000902058
0797a07cc82f453f9465a0de70d9d4d3,MAURITIUS/ID,True,1,0.9999969
07998c0c24c04db1b204fa65d30de49d,GUINEA/DL,True,1,0.9999975
079c7ed29d604ba9b114a3ee73c0f68b,MOZAMBIQUE/DL,True,0,0.0008646886
079ca6b7d1a24a37a60366c4e94a8179,MOZAMBIQUE/DL,True,0,0.0008718121
079f1927fd46480caec2794ec99c9ee6,GUINEA/DL,True,1,0.99999774
07a62e62e146467aaef707563980f68c,BENIN/DL,True,1,0.99999774
07ab49c1ec3a4268b2eb03e4405c3ef0,MAURITIUS/ID,True,1,0.99999654
07ac3f416dc74e1387d3efbd23881535,BENIN/DL,True,0,0.00089964917
07ac61dd59cd4d54be9ce46a67becb32,MOZAMBIQUE/DL,True,1,0.99999774
07add2519747472daf9b9ec908505ea6,GUINEA/DL,True,1,0.9999975
07b2ec59f2cd4d5a83e37ce290ae1616,MAURITIUS/ID,True,1,0.99999654
07b9e17561c34699b380d328d7289b2c,EGYPT/DL,True,1,0.9999976
07bb12c4d28e4f0c9ece446158a23383,MAURITIUS/ID,True,0,0.00095405336
07c8b6cbe2f4493b8d1d59b7959ec902,BENIN/DL,True,1,0.999998
07cca626493c40659d95889766671f39,MAURITIUS/ID,True,0,0.0014073558
07e4b9d73b874a90b62f567ec7114d71,BENIN/DL,True,1,0.9999975
07e745233b874373a2da6b71da7980b1,MAURITIUS/ID,True,0,0.0008598722
07efc252f1c9487487cefece4b3a6604,MOZAMBIQUE/DL,True,1,0.9999975
08087acdf179422a86f0a287ee5fefd0,EGYPT/DL,True,0,0.0009810317
080acc5a49b24b3b8580a733361409a9,EGYPT/DL,True,1,0.99999774
081f6483189744c4b78a3c3b443b149a,MAURITIUS/ID,True,0,0.0009518798
082b92e469f649e6b1e0e2851cb7615e,EGYPT/DL,True,0,0.0010047125
082f87c1d8bb4940a43dec10a152b12e,BENIN/DL,True,0,0.0009012604
0836a49056d54bc2b434fa4fd48f628d,MAURITIUS/ID,True,0,0.000881049
08493b02696546f5bcdd7c06ded6094d,BENIN/DL,True,0,0.00088565465
084eda1e5c174b1b9eb45010f42ee8b4,MOZAMBIQUE/DL,True,0,0.00086656003
085be97b806545d39e281c133b193b50,MOZAMBIQUE/DL,True,0,0.000883151
0871b9a28eac4ee1a44ac975d6dd9e40,EGYPT/DL,True,1,0.99999785
08744a52b00c4016bfbfcca8ab8acd33,EGYPT/DL,True,1,0.99999666
087a7bc71ac04d888c5ce52cfbfe6de9,MOZAMBIQUE/DL,True,0,0.00086912053
087ac55ce07d48549db1cf9af55f3d2d,EGYPT/DL,True,1,0.99999666
088f47e91ad247f4a40ade4cb1f3c325,GUINEA/DL,True,0,0.0008914104
0898a01415da4e21844eb74c4b6e3809,EGYPT/DL,True,1,0.99999785
08ca7086d5654d859d4cd0da8a970019,MOZAMBIQUE/DL,True,0,0.0008675357
08d4e6ecbd0c46009a3d012462135df5,GUINEA/DL,True,0,0.00089185766
08ea9d963650465687c9b7a7e138aa39,BENIN/DL,True,0,0.0009060166
08f3756cbaef4e18b08bf73976548cbc,BENIN/DL,True,1,0.999997
08f5a1f6ece8412586b7ff5e3c3fc09d,EGYPT/DL,True,1,0.99999714
08f9f93d67214b618ff5d489ebf63e9d,BENIN/DL,True,0,0.0008984374
090337ff1dd94c3d9f0af9f49044e0b5,EGYPT/DL,True,1,0.999998
09060de6ac204b298f456ef6cace3e5d,EGYPT/DL,True,0,0.0009869268
091b81b7237c4cea92ea0abe2c422d68,MOZAMBIQUE/DL,True,0,0.0008587214
091ecc069f0b49adac7dcb7601a8b17b,MAURITIUS/ID,True,1,0.9999969
0927d9a28f1d4a8d86ab2152b036d850,EGYPT/DL,True,0,0.0013008335
0933645bcfea4ab1aa31b026c9360783,MOZAMBIQUE/DL,True,0,0.0008663764
093dd26fffe74ecf83b7c6a2f8088e9a,BENIN/DL,True,0,0.00089019537
094f6d04ff4441f8ad90bd73be40edef,GUINEA/DL,True,1,0.99999654
0950db9d29284645a7d659e9eae6386a,MOZAMBIQUE/DL,True,1,0.9999976
0963437c2aac474e8abb5fea888b71ff,MAURITIUS/ID,True,0,0.0010815478
096536c2993c4c0fabba0cd7acb49ed8,MOZAMBIQUE/DL,True,1,0.9999974
096aa02205464f119d68483b838ecdcc,BENIN/DL,True,1,0.99999774
097f704385a6488db81fe6216ef05cf2,GUINEA/DL,True,1,0.99999774
09811733ba0f4e5b93336e81392881a3,GUINEA/DL,True,0,0.0008849038
09861097f68b4af59d4dee4ac32ba5fc,GUINEA/DL,True,1,0.99999726
09a681a7c3f242738a34c1a64edbfd6b,BENIN/DL,True,1,0.9999975
09ae5b7faa3a4d2ca0b16a18d34719c3,EGYPT/DL,True,0,0.00092838536
09b7189cbc2b4be1a6812edfbb9e348b,GUINEA/DL,True,1,0.99999774
09c1ba4f931748b692d7f3aea76b59de,BENIN/DL,True,1,0.9999976
09c2790f849a4ba5848cb2994a7e6f4f,MAURITIUS/ID,True,1,0.99999654
09c3d295b46b452fae930c47e018494a,GUINEA/DL,True,0,0.0008909077
09cf23638f8f48cdabf042f45c372595,MOZAMBIQUE/DL,True,0,0.0008612854
09d6055b9fac414aaacfe04de674e061,EGYPT/DL,True,1,0.99999774
09d6391f75854b1cb6c8e54a8356a798,MOZAMBIQUE/DL,True,1,0.99999774
09d98562a1734601978cd123d43122d8,MOZAMBIQUE/DL,True,0,0.0008831249
09db7d2dbd2240aca43cc3761dd96866,GUINEA/DL,True,0,0.005488246
09df6d1356bf4277b4a495e831085b6c,EGYPT/DL,True,1,0.99999785
09e57707bc174fd8a05e7280bd44e1b6,GUINEA/DL,True,1,0.99999666
09e9e3b7b8484ee1bb7409e3e122de3d,MOZAMBIQUE/DL,True,0,0.00086814555
09f44eaad04e41fe8ebce927e117bb34,MAURITIUS/ID,True,1,0.9999981
09f47f73ddf649359fffe1a1f797a898,GUINEA/DL,True,1,0.99999654
0a04d46a14ab4ab285d96aefc6d9d74c,EGYPT/DL,True,0,0.0010029194
0a0cedae4f8842eeb6067dd3026a0087,MOZAMBIQUE/DL,True,1,0.9999976
0a1e781d55b24ba593abff4b325e40ad,BENIN/DL,True,0,0.0008946177
0a36bc53adc44857a1f3ea41569b7725,EGYPT/DL,True,0,0.0010476476
0a37d3cc63d048458ca74fe65b819476,EGYPT/DL,True,0,0.00125596
0a4141ae918f4cef82e4752ee3be6a8e,GUINEA/DL,True,1,0.99999726
0a450a54cb764ecf82880778ba689b25,GUINEA/DL,True,0,0.00090140034
0a4e06129a564ed4b37627d3d737565a,BENIN/DL,True,0,0.0008847749
0a55ff0996564424be0f143a2fd463c2,EGYPT/DL,True,0,0.0009979693
0a5f3dc1bd0f418d8ae125c5008283db,MAURITIUS/ID,True,1,0.99999666
0a7e5d955f834dd7ad44beb4f748daf8,MOZAMBIQUE/DL,True,1,0.9999974
0a8184b957d341da81d53ca7b189cf60,GUINEA/DL,True,1,0.99999785
0a8cc79f8ebe4af39fa4928394b33983,MAURITIUS/ID,True,1,0.9999964
0aa0b011870b462fb659d387549cc869,EGYPT/DL,True,1,0.9999975
0ab3561ad53c47128318bdacd9540079,MAURITIUS/ID,True,0,0.0013902872
0ae24667342a4ae4b558a0cc03053215,BENIN/DL,True,0,0.00089411024
0ae84fd604d04f66a3725f4454568894,EGYPT/DL,True,0,0.001079972
0aedc66f66e145d7a2bcc711cc690346,BENIN/DL,True,0,0.00090524426
0aedf931c82d43a58fedd7163ae081bc,MAURITIUS/ID,True,0,0.0008919554
0af57364093c45458fe703358b2fdefc,MOZAMBIQUE/DL,True,0,0.0008619299
0af5b4bcd7314260aa187ce7e71b6f92,BENIN/DL,True,0,0.0008986515
0af5ff8d2fb74878b8f6fc18b37e91a9,EGYPT/DL,True,1,0.999998
0b0e2a4f5ff7442c8f4f91780a77b464,MOZAMBIQUE/DL,True,0,0.0008855467
0b13f8459496427db4d3ca50b39bac6c,EGYPT/DL,True,1,0.99999666
0b2b43b9d89245a2874046ab7c66d8a8,EGYPT/DL,True,0,0.0011555281
0b3cd738e5c74aba9cf3e13bd42066cb,MAURITIUS/ID,True,1,0.9999974
0b3e3c15a99f4c24aecc96b8521ba0eb,MAURITIUS/ID,True,0,0.0009087243
0b43e38a5ea0411ba22f314e2932095a,MAURITIUS/ID,True,0,0.00218992
0b44830c46974119b8b63222ca33d9b0,MOZAMBIQUE/DL,True,0,0.00086699077
0b47e7e07e8249a59dd54781950c8f35,EGYPT/DL,True,0,0.0012004428
0b549e84ba8542b8b38eaa9fffacda43,EGYPT/DL,True,1,0.9999969
0b832200f5004a3fa4b1da1086112484,MAURITIUS/ID,True,0,0.0015647702
0b8b384ee66746f786bde0c8a7e4cde9,BENIN/DL,True,1,0.99999785
0b9feb908b2c4133a4418ae316fab639,MOZAMBIQUE/DL,True,1,0.99999774
0bb3b37c58bc444ea622eafcaf0a07ff,BENIN/DL,True,1,0.99999714
0bb458283a384469a3e9440ec0288680,MAURITIUS/ID,True,1,0.99999726
0bbadd817dac4e688146b006c41b11a1,MAURITIUS/ID,True,1,0.99999726
0bc3e04eeefb495b800eb9690bd69332,MOZAMBIQUE/DL,True,0,0.0008676601
0bd44c85724349a6bfba8fd35ce9e811,MAURITIUS/ID,True,0,0.000880667
0bdacfbd50bd494da1b71e0451d8b4f4,EGYPT/DL,True,1,0.99999785
0bdfef08f63446b6add4ed859abfb69f,MOZAMBIQUE/DL,True,0,0.00086343545
0bf5b25746c4448581966273d7ed72ec,MAURITIUS/ID,True,0,0.00087604974
0bf5efd591fc45df8a8376c6d96c25d1,MOZAMBIQUE/DL,True,1,0.99999774
0bfc926d48284e63a5bcc1566f2e71e6,MAURITIUS/ID,True,0,0.000870873
0bfcfe64fd5b496498b1a5f9f0653590,GUINEA/DL,True,1,0.9999974
0c0433932646407fa13697fae11c3c82,GUINEA/DL,True,0,0.0008983556
0c0635d0c05e48b0b571f4cb09cecd6c,GUINEA/DL,True,1,0.99999666
0c1bc1c9217f49369498ad7ffe9d5725,EGYPT/DL,True,0,0.0011854921
0c22ebea075f4387ad0e0ff8bd761124,MOZAMBIQUE/DL,True,1,0.99999774
0c27ed36939d4ed89ed4a16f050392de,MAURITIUS/ID,True,1,0.9999968
0c2e6b7aeac24d73bf5f969156481a54,EGYPT/DL,True,0,0.0010113607
0c3bc52f52334097b495d99fe4cc1107,MAURITIUS/ID,True,0,0.00089788844
0c4702c8e0ab4d0280cc8a1ee44413fe,GUINEA/DL,True,0,0.00090722466
0c54caf676b04b7db89a3ff955dfab10,EGYPT/DL,True,0,0.0011905823
0c561084139b4f98ad4557727fef38a9,BENIN/DL,True,1,0.99999774
0c56e1bb3fd645df90c93cb1fe1fd644,EGYPT/DL,True,1,0.999997
0c58925b93ab4a21bf2d610940d6b008,BENIN/DL,True,0,0.00090334733
0c64b00671f24aa0b8b096c932886476,GUINEA/DL,True,1,0.9999969
0c6b9270d33645e5a05a12d4c493a2b9,EGYPT/DL,True,0,0.0010383239
0c7fde96a11c45249f3a61ad94b6aa1b,BENIN/DL,True,1,0.9999976
0c8d2ac9182f462b82ec0fac916a5c1b,MAURITIUS/ID,True,0,0.0009477982
0c9601743dc740eca6282f4c53b00605,GUINEA/DL,True,1,0.99999654
0cb5e9975c644e5d80a86322246a02fd,MOZAMBIQUE/DL,True,1,0.99999726
0cbd0e6308674fb4a3c252f704939840,GUINEA/DL,True,0,0.0009019417
0cc2c9625d584441a1c73f42ba820f4d,GUINEA/DL,True,0,0.0008959946
0cc606b0b44f4c6ebc69e1917d892e5d,GUINEA/DL,True,1,0.999997
0cc79554f45644a287655d9aab544cfb,MAURITIUS/ID,True,1,0.99999785
0cc7a18614e4489c94fe17d0941830a8,MAURITIUS/ID,True,0,0.0010777336
0cee51b9c745455f8e46206f5f5fe794,GUINEA/DL,True,0,0.0008914031
0cee837cf5274f9dbb6247bb192a653d,MAURITIUS/ID,True,0,0.000944386
0cefe95966ed47ae9501a1b228f800fb,EGYPT/DL,True,0,0.0012259026
0cf088d30a374fd78a31f0781f83c4f6,MAURITIUS/ID,True,0,0.0010059184
0cf108270e7d434b88fd24e712ebff8a,EGYPT/DL,True,0,0.0009845613
0cfa78dd81994073afa8743ab1945f3a,MOZAMBIQUE/DL,True,0,0.00086925476
0d16306ddb544be5969dbf73a22be2ef,BENIN/DL,True,0,0.00088902604
0d3b5ac228e149568c3de90a1f738a57,GUINEA/DL,True,0,0.0008910372
0d4308ca6d6740d384151d9ca2ecabb0,BENIN/DL,True,1,0.9999976
0d47544c91a34debad337b5cdf8bcc73,MAURITIUS/ID,True,0,0.00087185524
0d5865bf4f3b4f7eaec0fce1ab1944df,BENIN/DL,True,0,0.0008901937
0d6080a800e04c7caca146cf7bf6ae0f,MAURITIUS/ID,True,1,0.99999774
0d8a2307c5ed4207a29e20388e795a4e,EGYPT/DL,True,0,0.0010678875
0d9606284e3540538740e9f01a30656c,MAURITIUS/ID,True,0,0.0008890417
0d9877855714409d8f5e18fc99757952,MAURITIUS/ID,True,1,0.9999975
0d9ab999e2424262ae37eb3984ef763a,GUINEA/DL,True,0,0.00089841173
0da4dfee73d04550beebd7d691322efb,MAURITIUS/ID,True,1,0.9999975
0dbc2832dc574ebe96648b10e3fadd46,BENIN/DL,True,0,0.0008945504
0dbddb0803844bba8f8b50bd4127095f,MOZAMBIQUE/DL,True,0,0.0008758907
0dc263688b414ec1829b5b04fc362357,MAURITIUS/ID,True,0,0.00094004103
0dc8863a08cd43808a610f2868e906a2,MOZAMBIQUE/DL,True,1,0.999997
0de8982d63f74dbd8f9bb91ebb5e4701,BENIN/DL,True,1,0.99999726
0df730b5b538405794eb4e004442078b,EGYPT/DL,True,0,0.00096383115
0e0ca058b29248079566201a7a54c732,MAURITIUS/ID,True,0,0.00089674955
0e1eb43391e84f6d88f9626d10923514,EGYPT/DL,True,1,0.99999774
0e231da8e57842cda06fd0e198a365e9,GUINEA/DL,True,0,0.0008856226
0e288f436c754afdae37eb47f746bb89,BENIN/DL,True,1,0.9999974
0e305b92603f4c64b0a091adc0e2a555,MOZAMBIQUE/DL,True,0,0.0008657413
0e3e6bf97b0f457fae6ecb9ebc7af35e,MAURITIUS/ID,True,1,0.9999975
0e44efaf2c7b40cfad0be353389fe750,MAURITIUS/ID,True,1,0.9999976
0e56c8ca2368412aa51ce32c347cb346,MOZAMBIQUE/DL,True,1,0.9999975
0e5c4c9b5e3e49bdbff372609cbaca74,BENIN/DL,True,0,0.00089852087
0e61f876b51043a2a7ff9270f0b29ac2,GUINEA/DL,True,1,0.9999974
0e62ee09ac5544528116138efbb00e84,GUINEA/DL,True,1,0.99999666
0e64c687543f44289de0b5a1be96a63e,GUINEA/DL,True,1,0.9999976
0e69aa26bec845109935a34a5adea8b0,MOZAMBIQUE/DL,True,1,0.9999976
0e6b32e3315942e39ff120dca98b3a76,MOZAMBIQUE/DL,True,0,0.00086408196
0e6ef057f1a74cda97963066975605c6,MAURITIUS/ID,True,0,0.0012612081
0e70e6fe5a374bc7bee0e3c5f84c96f8,EGYPT/DL,True,0,0.0014648408
0e765531443f4aa79558394250c9a787,GUINEA/DL,True,0,0.00089110254
0e8b12aad707406db1fa20f5b4c2d902,MAURITIUS/ID,True,1,0.9999968
0e9381ceca7e49c89c0dea79c24a591c,EGYPT/DL,True,1,0.999998
0ea8bcf3160d4282b235133f9ed8c2ca,EGYPT/DL,True,1,0.9999974
0eb666cf6d924752a4f073212b062af7,MOZAMBIQUE/DL,True,1,0.9999975
0ebf909fc4c4451083ed6c26530c16ed,MOZAMBIQUE/DL,True,0,0.000871349
0ec1e01ee2be4382ba88cf12610ba410,MAURITIUS/ID,True,0,0.0013312033
0ec3219157b54d1c8d4609b97341bd46,EGYPT/DL,True,0,0.00097157666
0ec94949b52f403fa4a268376b57d6a6,EGYPT/DL,True,0,0.001187289
0eca00a4e875469fa99fe675f3d96958,GUINEA/DL,True,0,0.0008963135
0ecbfd6bfbcb412fadab7910cf4aacd6,GUINEA/DL,True,1,0.99999654
0ee364302c114a8aa2f3d009c5ab42f9,BENIN/DL,True,1,0.99999714
0ef086332f204da7a719281b1d9de068,MAURITIUS/ID,True,1,0.99999774
0ef3ffee54034bb09aee42690281a4d8,MAURITIUS/ID,True,1,0.99999726
0ef79dc1c554428ba4eaeea9b2222840,MOZAMBIQUE/DL,True,0,0.0008710365
0efdb97c2fda48a6b5469dad238fc1e9,BENIN/DL,True,1,0.999997
0eff335d86ea41cab844ea2b37ed94be,GUINEA/DL,True,0,0.0008927746
0f16fba142e345ce9d38baa6bcbdc729,GUINEA/DL,True,1,0.9999964
0f1995a94dbd4785a9a79411a3cac13f,MAURITIUS/ID,True,0,0.0019258759
0f1d9bfbf112449fa576655d26ed5f0b,GUINEA/DL,True,0,0.0008868399
0f324afec3f94108bb868adf17bc8300,GUINEA/DL,True,1,0.9999968
0f37515e6e1d4c369596b491b85679b6,MAURITIUS/ID,True,1,0.99999654
0f37d05c564f46358267ee9337c12537,MOZAMBIQUE/DL,True,0,0.00087617786
0f413346f4c84152b781df93ad30205d,BENIN/DL,True,0,0.0008903612
0f441fcdc02b4598bec4245f7df8b417,MAURITIUS/ID,True,0,0.0015670367
0f48d07ceda04db58f10de3dda5152b0,MOZAMBIQUE/DL,True,0,0.0008736665
0f54fa3399bf42dfbeedf8cd6c14b30a,GUINEA/DL,True,1,0.9999976
0f55f445a31b4d0c80e885d0cd094e2d,MAURITIUS/ID,True,0,0.0008854564
0f5696f048d84cc180581d6a94020e2d,EGYPT/DL,True,0,0.0009948057
0f65d8722983483e88343f3f2cb397f7,MOZAMBIQUE/DL,True,1,0.9999976
0f79048519e04588be90efe0f4412276,MOZAMBIQUE/DL,True,0,0.00086892676
0f863ff7b9574bea909d4a5406afc065,EGYPT/DL,True,1,0.9999976
0fb7dec1a79d48d2bbbe450156637645,MAURITIUS/ID,True,1,0.9999968
0fbd538ad5f44d1cafc8bfadb5bbccd6,MOZAMBIQUE/DL,True,0,0.0008748419
0fc7940d0358422ebad75de6eaf1493a,EGYPT/DL,True,1,0.9999964
0fe094fafc8d4d97a368dba95aa7fc46,BENIN/DL,True,0,0.00090002076
0fe309a44c414608b109c76f10f81b52,GUINEA/DL,True,0,0.00089348905
0fe30ac62aae438884939266668acd6b,EGYPT/DL,True,0,0.0011686817
0fe8e9576f374b9ea3714bb02262aff9,GUINEA/DL,True,0,0.000886656
0feb30930cae4da1b9167a8889f8aa17,EGYPT/DL,True,0,0.0010034547
0ffc652190b4429b9efe4de43b941b32,BENIN/DL,True,1,0.9999976
10053c44718b466997e4ca550a9a7cd7,BENIN/DL,True,0,0.00088686566
101a1f65feea4d2a8f851721f5a8c4f0,EGYPT/DL,True,1,0.99999774
1028336010e042279e3694e8fc8a69c7,MAURITIUS/ID,True,0,0.0014234498
103eca2b9b354ecf9fc4328b4a2792cb,BENIN/DL,True,0,0.00089322083
1056fa5a2e9a42c8b5401ac091256859,MOZAMBIQUE/DL,True,1,0.9999976
105fefe6521c43fb8030082c703334f7,MOZAMBIQUE/DL,True,0,0.0008682196
1063fb43ecbc4b16b3793919d70f0c67,EGYPT/DL,True,0,0.0010065909
1071de9c2f1a495d846e07bbdd58fc39,BENIN/DL,True,1,0.9999974
107340adbdf44ecc85c08e6953d5eb2a,EGYPT/DL,True,1,0.99999774
10742a9f693d469688a3cf8873b49d1b,GUINEA/DL,True,0,0.00090048864
1089c8933bca456db10c46ee1f483141,MOZAMBIQUE/DL,True,0,0.0008610081
1094b8ca174e41fe8165e12ef2257a10,EGYPT/DL,True,0,0.0013675021
109a51c74b37401ca8822d9808a4c79c,EGYPT/DL,True,1,0.99999654
10a80e05b63c423286674cda406ab34d,GUINEA/DL,True,1,0.99999666
10a86f213e4646de8869193bb60bc7bc,BENIN/DL,True,1,0.9999969
10b076ddcecc4817adab3f206b326fc7,EGYPT/DL,True,1,0.99999666
10b9ee39d58d4c83b1dec860720d84a8,MOZAMBIQUE/DL,True,0,0.00086635613
10c2f7da0c4945cb975c91e79831bff1,GUINEA/DL,True,1,0.99999774
10c678d1d680472ba85ea835fa16355e,BENIN/DL,True,1,0.99999774
10cfc6bc137e41a3b4ac29616b9bd783,BENIN/DL,True,0,0.0009191297
10e07eaea6b44b188d11aec8a7896ab2,BENIN/DL,True,1,0.9999976
10f58c4289084712af1d98ca7cd0e479,BENIN/DL,True,1,0.99999774
11028d5e2e7f4ccfb41567945ebd0dcf,EGYPT/DL,True,1,0.999998
110a7d1168ae4a76a348fdb8927b2dca,MOZAMBIQUE/DL,True,0,0.00087382796
110c058befc347ada3a0393ae25cc1f3,GUINEA/DL,True,1,0.9999968
1112f7ec1b4944d08a0f9dfb7c398a26,EGYPT/DL,True,1,0.99999774
111e09cc0b8a4047a324aad0e2f4b70c,MOZAMBIQUE/DL,True,0,0.0008716675
1121d45c540b41e5b22fe3c29960d36e,MAURITIUS/ID,True,0,0.001003764
11293533caca4071bd0ab4c5ddf607a9,EGYPT/DL,True,0,0.0014127083
112f4db63f134d528734400b604295f2,MAURITIUS/ID,True,0,0.0013616151
11400bad3a254b9b8af4f3f486dd1b5d,MOZAMBIQUE/DL,True,1,0.9999975
114d50d555f543fe9f9053a1c00c8e5c,MAURITIUS/ID,True,1,0.9999969
115476e340904f52a5751cdbb5073407,EGYPT/DL,True,0,0.0015483778
1158696f030642bbb6030f01389645b1,BENIN/DL,True,1,0.99999774
115a5b6bde3148348cd7b0d354d03eb6,GUINEA/DL,True,0,0.00088661973
115a64675fbe4e49bf3f7b5fe513273a,MOZAMBIQUE/DL,True,0,0.0008719732
1162da0511ec4650aae075283ac12100,EGYPT/DL,True,1,0.9999969
1165617f15f344ae88a4c31b9a9ad1b5,MAURITIUS/ID,True,0,0.001148681
1187d8412d564713aaf4a017e9349b0c,BENIN/DL,True,1,0.99999785
11976041fb5143c5ab4ca1d97aa0f2d3,EGYPT/DL,True,1,0.99999774
11a38bdea046442cb5a907326bef18f8,MOZAMBIQUE/DL,True,1,0.9999974
11a78cb36c674e1dbf702542e4a0c9a7,EGYPT/DL,True,1,0.99999774
11cf6c6a5f444259bc1d3e7e35aebc32,MAURITIUS/ID,True,1,0.9999969
11d4d26b3ad645c89939645f91d53151,GUINEA/DL,True,0,0.0008920246
11d7cad3876845658a7387c0e6a8ff83,MOZAMBIQUE/DL,True,0,0.0008671849
11df2b78cbf54caf9d117bce30019d61,EGYPT/DL,True,1,0.99999666
11ebee4895204002a33c7fd76033163f,GUINEA/DL,True,0,0.0008868952
11f295e7ef3b4b6e861b04259aebe758,MAURITIUS/ID,True,0,0.0008801369
11f3b97b9c4f466fadc56694120a77a9,BENIN/DL,True,0,0.00089156884
121849edc36841b88c75fe5905fed3e0,MAURITIUS/ID,True,1,0.99999666
12200862d02145a2b6a7ad2c8829fea7,MAURITIUS/ID,True,0,0.0014022232
122f261c54de4986ab017c14de5cc00e,MOZAMBIQUE/DL,True,0,0.0008632943
1237ee348ea245cd98e0be69093efd06,MOZAMBIQUE/DL,True,0,0.00086207484
1241e432035e424db235b5d488f0bc32,GUINEA/DL,True,0,0.00089551497
1246d4c30cc54fa38b85f894f5589f3f,MAURITIUS/ID,True,1,0.99999726
124d80b7e46f40d1b85fceb2774f94ee,MOZAMBIQUE/DL,True,1,0.99999774
1254343a27f74d46a5fefb90cce16023,MAURITIUS/ID,True,1,0.99999774
125a09da83b84e35b69a4dde644a5a36,GUINEA/DL,True,0,0.00088669325
1266f7b90e3a41ea99f0a74d1bfa22aa,GUINEA/DL,True,0,0.0008993487
12708141168e4cb8b75ae131e3b1f1ab,MOZAMBIQUE/DL,True,0,0.0008749194
1276e79dac7641b294d8e19edece5303,BENIN/DL,True,1,0.9999975
128e4a84d167433c8a146476b2ecb09f,GUINEA/DL,True,0,0.00089165545
128ef2ab5d3646469c51880406d68d7e,MAURITIUS/ID,True,1,0.99999726
1299ae5104fc44fa936932c21f035a35,MAURITIUS/ID,True,1,0.99999774
129ac7743d2746c087418d5f33a9fd2d,EGYPT/DL,True,1,0.999998
12a03d80a58a42168fe9287863db70e9,GUINEA/DL,True,1,0.99999714
12a473857dd54ef7bb8fa42372d391e1,EGYPT/DL,True,1,0.99999785
12aaf09932f54f97ae770ed3158d128f,BENIN/DL,True,0,0.00089449756
12ac91d389804b30a1cc0bdbada0f4a8,MOZAMBIQUE/DL,True,1,0.9999975
12aef42ea4d443189cf53771cd0f6289,MOZAMBIQUE/DL,True,0,0.00086716417
12b9bdd8b87f49b295f737dedc80665f,EGYPT/DL,True,1,0.9999975
12bf1ef2ebaf4e05a7f1bdd4a735b1e1,BENIN/DL,True,1,0.99999774
12c3b96a28b945cca9eee534ef7bd101,MOZAMBIQUE/DL,True,0,0.0008637041
12d12a674d524bab80ef997299c95035,GUINEA/DL,True,0,0.0008984729
12da464f85284914a7df1f7b13fa362d,MAURITIUS/ID,True,1,0.9999968
12e64422b5c24d4a9d98d9bdc5676c61,MOZAMBIQUE/DL,True,1,0.9999974
12e6831758b842df859aa33910144b60,BENIN/DL,True,0,0.0009077321
12e6de21eae2440d9d8c37b1a339c454,MAURITIUS/ID,True,1,0.99999774
12ee3845e80d435d94049ab81bc378d2,MOZAMBIQUE/DL,True,0,0.00087156874
12f6852fb1d04e8badce1d30be3f2f48,MAURITIUS/ID,True,0,0.0011254069
13050bd7bac549ca9d875a1c83bf77a3,GUINEA/DL,True,1,0.9999964
130a6b9cd1b14a668652633a80689f4a,EGYPT/DL,True,0,0.000988952
130d511cb83a4404a33f82812805d03d,GUINEA/DL,True,0,0.00089458615
131530f1cdfd4046b09c109aeac59ac0,MAURITIUS/ID,True,0,0.0014656474
131c0b8a3e91443881c4c7d394040b8f,BENIN/DL,True,1,0.99999726
1321e586007b4e99a26238483e0dd223,GUINEA/DL,True,0,0.00091007905
132b47e369e74e139c2ea2a01d993bc5,MOZAMBIQUE/DL,True,0,0.00087949645
1335afdaefef41519799c58e0be63ed2,BENIN/DL,True,0,0.0008853032
134202ab8e764dd7a1233c75d7509381,GUINEA/DL,True,0,0.0008938454
1362cab4d14a424ca0a69d0e56021abb,GUINEA/DL,True,0,0.00090793154
1368a274620c4e9eb4b7b5f822b40ad7,MOZAMBIQUE/DL,True,0,0.0008758552
136b1c4619fb4ad9ae1a4e1ff1d1df0c,MOZAMBIQUE/DL,True,0,0.0008639914
139d1a8cccfc4ad3b0c2a23181f9cb64,BENIN/DL,True,1,0.99999774
139d1dfedbde436d9a948bda754d56ff,MOZAMBIQUE/DL,True,0,0.00086758815
13a42e741baf4d4aa872b9b414ea9da1,MAURITIUS/ID,True,0,0.0008721926
13a767a383c64e63a5c0d245837ec5d4,MAURITIUS/ID,True,1,0.99999774
13ad6178d8ea453882c7a8a999728ae7,MAURITIUS/ID,True,1,0.999998
13b0eca9dfe44814979b5417afce9919,MOZAMBIQUE/DL,True,1,0.99999714
13b5155b7e0f4b79bf16b07e3349e85e,MOZAMBIQUE/DL,True,0,0.0008622808
13c83e7a8660476d9c3580c57637b531,EGYPT/DL,True,1,0.99999774
13c968804df34949b0f229ef316fec19,MAURITIUS/ID,True,0,0.0009351827
13d6b3f6355542f8967985d10549c53a,MAURITIUS/ID,True,0,0.0008896484
13d810eecf834bb08099a657a0ae086b,MAURITIUS/ID,True,0,0.0009319356
13db54ca7ca24c0db4cd1e5d0c664c9a,EGYPT/DL,True,1,0.9999976
13ee2447af4346bdac4ee7b5ac1b9792,BENIN/DL,True,1,0.99999774
13f1c2eac04843f4ae7076a90686c4ef,MOZAMBIQUE/DL,True,1,0.99999774
13f5db611cde4d20899c16d365899c6d,MAURITIUS/ID,True,1,0.9999976
13f6bb671479476282b7fbe3f5c0d74c,GUINEA/DL,True,0,0.00090024766
1402d0bbdfdd40e487e24dc6079818f4,EGYPT/DL,False,1,0.9997671
140c31dc583540168cfb20f0cc842a97,BENIN/DL,True,0,0.0008872895
1412954f248c451fbb1ce7247ef1c9af,BENIN/DL,True,0,0.0008922138
14140b0244fd44abab54fc148402cf45,MAURITIUS/ID,True,0,0.0008661543
1417e05ecbed4139912a808303f302c1,EGYPT/DL,True,1,0.9999968
141cbae9444d4508954b859284135c9e,MAURITIUS/ID,True,0,0.0010773959
1420053430ab47f6a76fbb27d0ad4061,BENIN/DL,True,0,0.0008988754
143ef4ed3c924a08ae7ebea905daa63c,BENIN/DL,True,1,0.9999976
14473c4483e54041a9933b41694cc99b,GUINEA/DL,True,0,0.0008991491
14493fd74f71411483c94efb388c4c4c,GUINEA/DL,True,1,0.99999654
1451e0edb2d543729c5b4350a4eb1608,MOZAMBIQUE/DL,True,0,0.00088774366
14565345d1f746d3bd215f7071459f8f,GUINEA/DL,True,1,0.99999714
1466a2ff60f1405f809c9293305bd76e,BENIN/DL,True,0,0.00090782606
148806ea50484a5983350e639b4d05b8,EGYPT/DL,True,0,0.0014152862
1489608dc3bf4675b9eb4b8de01f9b9d,MOZAMBIQUE/DL,True,0,0.0008767336
148c1e335c914f6d85b554dba8e72b99,MOZAMBIQUE/DL,True,1,0.9999976
149cfdfd20c04154854265a67756eabb,MOZAMBIQUE/DL,True,1,0.9999975
149e34e2794d4ef1b0781202a376aece,MAURITIUS/ID,True,1,0.99999666
14c29743a3e14b0fb9e419d13b7d8959,EGYPT/DL,True,1,0.99999785
14c39473c94644c38dd0cc8bb3ac9e49,EGYPT/DL,True,0,0.0014087551
14d5460b7f2c4408b4c31d9870615bf1,BENIN/DL,True,0,0.00090296747
14d9524f788049fd8501ae6bb3964459,GUINEA/DL,True,1,0.99999726
14e7ce149c9943d48d181314715c661a,BENIN/DL,True,0,0.0008946799
14ef15d27e33422a9b36c31ea09158d0,EGYPT/DL,True,1,0.99999785
14f473cdbde24d90bbf4befb26821488,MAURITIUS/ID,True,0,0.00089075323
14f66f96fe014b699870caa4cdd25a7d,EGYPT/DL,True,0,0.0010465771
14faf6c8722d47d6a1eec7319fca7335,GUINEA/DL,True,0,0.00089512934
14fdf7f3328348eb925bc52ada939178,BENIN/DL,True,0,0.0008992806
150a950605294f1382f0d3fbdbb49a25,BENIN/DL,True,1,0.9999974
1518085fc40f467aa3470dbab0fc175c,EGYPT/DL,True,0,0.0010660184
15227d2337194114a7dcd76f4fc3399c,GUINEA/DL,True,0,0.0008949196
1523759de31643f5a731daa79d933fb3,MOZAMBIQUE/DL,True,0,0.00087367184
152bfa2ee15a4e4291f931aac333fca2,MOZAMBIQUE/DL,True,0,0.00087239034
1537fd81e773401d82f7dc06d3324278,MOZAMBIQUE/DL,True,0,0.00085984805
153abb62b8704b749d46e9843fccec29,MOZAMBIQUE/DL,True,0,0.0008653566
15410c1dd4924bbbbff8646f40d37d8a,GUINEA/DL,True,0,0.0012280337
1541d75b69854393b21c2b13a22933aa,MAURITIUS/ID,True,1,0.99999654
1553bb2adac6465ea9306868fdc0db35,MAURITIUS/ID,True,0,0.0015445859
155fa1c558cd4a55a2f58e3c4e7a1706,GUINEA/DL,True,1,0.99999785
156938ee7ed947b0b01dc4e4b50576e1,BENIN/DL,True,0,0.00089104095
1569881c8b494c8fb7ca082e97fab7a1,GUINEA/DL,True,0,0.0009087204
156d947746934b4f9d1ee3267c6db143,BENIN/DL,True,0,0.00089107367
1571f524652b4c77a3da8e72223aa8ac,BENIN/DL,True,0,0.00088779227
1574279d6a53489583a633bbb52abcab,BENIN/DL,True,0,0.0008901699
15797b60450e469aae593b4ba22812b4,GUINEA/DL,True,0,0.0008910504
157ef7cae4604324937ceab610022328,EGYPT/DL,True,0,0.0010160431
158c83f319844b32b65b80887c5bc0d9,EGYPT/DL,True,0,0.00097588636
15906b19edfb4d1c9f40e494e91c1658,MAURITIUS/ID,True,0,0.00088570704
159f7cfba5194793a33741b66dbb842c,MOZAMBIQUE/DL,True,1,0.99999774
15ab8ae4561a46e8882325d83a37629c,EGYPT/DL,True,0,0.0014091367
15c5d792dde34fc8b3a672b1f5924a4e,MAURITIUS/ID,True,1,0.99999666
15c70984f2104f558cdd6aeb638aa405,GUINEA/DL,True,1,0.99999654
15ca71ca57984c1781c06f4cb849481f,GUINEA/DL,True,0,0.00089423335
15cc325221354a6bbbd25d8951c665d7,BENIN/DL,True,0,0.00089349324
15d56396c98d48f68f0d9cc4f056da97,MOZAMBIQUE/DL,True,0,0.0008684997
15ef1ec3edaf4c02a8509766b1efae49,EGYPT/DL,True,1,0.9999976
15efe61521f54023802b009b15f95fd7,GUINEA/DL,True,0,0.0008895933
15f00232bd57458dbeec11ac514eca33,MAURITIUS/ID,True,0,0.0009163023
15fa5de6b8cf40a9a4e20d8980084c7c,BENIN/DL,True,0,0.0008976772
15fb931e7b8e4b058cb7281f62535026,MAURITIUS/ID,True,0,0.00091854885
1601305841bd490c9b85a62c43d17ac3,MAURITIUS/ID,True,0,0.001007775
160317f2672b48e0be29d51a305735ae,BENIN/DL,True,0,0.0008933566
161416cc766f48a586e3d3414cbcfda4,MAURITIUS/ID,True,0,0.0010751776
1614dbc45339473f998171ca07bce5d2,MOZAMBIQUE/DL,True,0,0.00086603215
1625f6a9e08d48dd855537d72c460879,GUINEA/DL,True,1,0.99999774
16296a9146264390b1815631b5e3ad9a,MOZAMBIQUE/DL,True,0,0.0008769943
1630c66a579949b19c7bcd3ceac8351d,EGYPT/DL,True,0,0.001077822
1637472e8b5f45689a839f3d49e8a1c1,GUINEA/DL,True,1,0.9999974
1643f32f559f4a26b311415ff343393b,GUINEA/DL,True,0,0.00089879445
164720701f2c44a18625e351db9b2f39,BENIN/DL,True,0,0.00088799617
166afac74fde402da0f2b42b80e5fbe9,MAURITIUS/ID,True,0,0.0015391769
167881ef9f5f4241822c9a66eb5392af,BENIN/DL,True,0,0.0008952351
167b2c5a12924b5fa3e08067efcd6919,MAURITIUS/ID,True,1,0.9999968
167d076452f246299fe88d29e851f7e7,GUINEA/DL,True,0,0.0008889146
168b039c4deb401b8dafd3ba082bb14d,BENIN/DL,True,0,0.0008923923
16978be1dd564256bff8260fbbbaaaf7,EGYPT/DL,True,0,0.0010683414
16992f1a1a144ac9a4b504c21d199898,BENIN/DL,True,0,0.00090486015
16a4b4c4d768493b9a3ac58e21b34595,MOZAMBIQUE/DL,True,0,0.0008620391
16a8258a0cb945d4a281744a67918647,MAURITIUS/ID,True,0,0.0009021049
16aa5c403e7a45eaa3a854e5e75ff74d,BENIN/DL,True,0,0.00090980803
16ac27883cfa473985842a4d64f16417,BENIN/DL,True,1,0.999997
16ad0c47cbba417aaec4c62a24dd6f20,BENIN/DL,True,1,0.99999774
16b32a3c19684347a19291c5b7418c06,MAURITIUS/ID,True,0,0.00088312034
16d276c1dd2249e5851378ac03d80e00,BENIN/DL,True,1,0.99999774
16e2518a90744394be67ca222534768a,MAURITIUS/ID,True,0,0.0009389383
16e6347d62064347b472363aff2ef066,MAURITIUS/ID,True,0,0.0018088501
16e78791db754de8867708146cd51c06,MOZAMBIQUE/DL,True,1,0.99999726
16ed58f77349452a94d3eb408a2f2aae,MAURITIUS/ID,True,0,0.000943894
16f076e5ae18438d9ef7031dacff6036,EGYPT/DL,True,0,0.0010149025
16f0fc0fa013453785cdfbd390509fb8,GUINEA/DL,True,0,0.0008880951
170169c1814e4a08b5deaa85f9fea1d7,BENIN/DL,True,0,0.00089324854
1708ea511360410086ef39c244a93f76,EGYPT/DL,True,0,0.0011870288
170e413dee5645688d114d8b55bf4eea,MOZAMBIQUE/DL,True,0,0.0008622709
171873b3555f44d9beff879254f4dbd0,MOZAMBIQUE/DL,True,0,0.00086190115
171c792ac58a42d3a8c6f456cae438d5,EGYPT/DL,True,1,0.99999774
171dc731a29946dba518689a677ab55f,MOZAMBIQUE/DL,True,1,0.9999976
172da798842c4c6484db7e360b399746,MAURITIUS/ID,True,1,0.99999774
17371f43a8cc4e2a992c64c1db13e02f,EGYPT/DL,True,1,0.999998
173ce125b781499b8bb0110bdcefc210,MOZAMBIQUE/DL,True,0,0.000866061
173f897baf5d46159725b6008f725986,GUINEA/DL,True,0,0.00088951614
1744aa42e8db404c9d5d254ad00162e3,EGYPT/DL,True,0,0.0012012835
1761bb420d8e450184acaf4573e7e13c,MAURITIUS/ID,True,0,0.0012030058
176a7b21ee5840b58e813bc06b03dc82,MOZAMBIQUE/DL,True,0,0.0008578561
176ed309588b4755b794b6e48f09ff36,MAURITIUS/ID,True,1,0.99999666
1775a2b0f8e6459dbc36d2376a95b8b3,MOZAMBIQUE/DL,True,1,0.99999726
1780c5b926ad48519bc9b6e78e59adb8,GUINEA/DL,True,0,0.0008946796
178cff36944e488c85efaf2e4b03d95f,BENIN/DL,True,0,0.0008920532
17979bb5477449aaadbdc4e0aa4fabd9,MOZAMBIQUE/DL,True,0,0.0009175281
17a8ee0539404439a78f84b5406fc2f5,BENIN/DL,True,0,0.0008862325
17b42113fda54eac86a49989483980b4,GUINEA/DL,True,1,0.99999666
17b5a475826a41aa8b1c9ed39a64730e,MAURITIUS/ID,True,0,0.00089125626
17bde8719aa249d9a7ce23a67a3c9425,BENIN/DL,True,1,0.99999714
17d3394b542b47c1b4cbac657fbe983d,GUINEA/DL,True,0,0.00088451576
17dd88fc69a94df9810ee657f97ab042,EGYPT/DL,True,0,0.0012704844
17e813107f514238a9d57b0de5e78968,MOZAMBIQUE/DL,True,0,0.0008783306
17f3a21df0a947c5aee2d3253b1de5eb,EGYPT/DL,True,0,0.001414529
17f85c2a82894abb81cc5b1275fbfefa,BENIN/DL,True,0,0.0008975104
17fcc2683d4d4118aaa3d0248f378f75,MAURITIUS/ID,True,0,0.0008951828
18036d86ac91441a959cfcba71d1bd31,MAURITIUS/ID,True,0,0.000890962
1810202912384db7a2c34a7b8791b919,MOZAMBIQUE/DL,True,1,0.9999976
18269b09cb994a82aab98cb20a02ff3f,BENIN/DL,True,1,0.99999785
18295f5b296e4eeaa012d2e37a82fada,MAURITIUS/ID,True,0,0.0013386321
182a133145e845bf8bc8e3cebbf46108,BENIN/DL,True,0,0.0008933085
1833cbf6bef141cdafb75c17949a0b6d,EGYPT/DL,True,0,0.0010136223
18398211f6a0476088f72775780b8a82,GUINEA/DL,True,1,0.9999975
183af8445a314f26a0e02e19be132581,MAURITIUS/ID,True,1,0.9999969
18433a5c2c174bf4850313bce6b56514,GUINEA/DL,True,0,0.0008886835
1856834186af4fd78bf89eb1a9d93bfb,EGYPT/DL,True,0,0.0010508072
185e59838bb0408381dd689cd9be487d,GUINEA/DL,True,0,0.00089974253
1865b0e8f1924f5a9938be9011def6b4,BENIN/DL,True,0,0.0009052633
188c1f6bbd6a491a9dcd3223f978992f,MOZAMBIQUE/DL,True,1,0.9999976
18913d1ba87c46619e6aa66eb5bde077,MOZAMBIQUE/DL,True,0,0.0008754556
1895b639016742c68c0fcbdaad731b88,GUINEA/DL,True,0,0.0008950164
18b823a52d5f4006b698acfc15904ca2,MAURITIUS/ID,True,1,0.9999963
18bc0095fee34068b3d6af0d33a0d70b,EGYPT/DL,True,0,0.0009882918
18bd03ce34c84305a58ccec34ac2b943,GUINEA/DL,True,1,0.9999976
18c508d4f0c24537905bd087879a2903,BENIN/DL,True,0,0.0008925021
18c5d90d1b0643af908d2e2c80a3ea80,EGYPT/DL,True,0,0.0009924207
18fc828fb42f495a896aa8cac52b9b2c,GUINEA/DL,True,1,0.99999666
190a920a140445988eeba3b836b882c0,MAURITIUS/ID,True,1,0.99999654
19315c8bf4a847e19e52d2ee2d05f4ea,BENIN/DL,True,1,0.9999976
193310f69c414009821de35f5c5f0824,EGYPT/DL,True,0,0.0011841243
193ef7d0d58548139ee3c597dab9ce03,BENIN/DL,True,1,0.9999975
194f2c5920264f63aa4664eacc419e62,EGYPT/DL,True,1,0.9999976
1954524401714d8e91b464664dfe0a6c,BENIN/DL,True,0,0.0008855982
1956c76d861c4482b446858a3cb71fa5,EGYPT/DL,True,1,0.99994564
1962fa07b43048a795647bd8278eb856,MAURITIUS/ID,True,0,0.0013888234
196bfe626666430cb2b0a1c4b0f0949f,MAURITIUS/ID,True,1,0.99999726
196f1667c7464eba96bf9e5c41f87e4a,MOZAMBIQUE/DL,True,1,0.9999976
196f7a05495d4b998f583816df603544,EGYPT/DL,True,1,0.99999785
1980299d360e4f058fd3fe9fb8787ee0,BENIN/DL,True,0,0.0009099564
1982b5882b0647a999100fad8087d7de,GUINEA/DL,True,0,0.0008941473
199034dad7444edbb2ebbf62ec5a50aa,MOZAMBIQUE/DL,True,1,0.99999774
1993a926e28c4316926efd99708986f8,EGYPT/DL,True,1,0.9999976
199b4a369b804897a36eaf19c21b6985,BENIN/DL,True,0,0.00090464676
199c704e0ead40158afa8410f51cae17,BENIN/DL,True,0,0.00089538743
199ecefe6eff46929f39b3ec189961bf,MAURITIUS/ID,True,0,0.0009496509
19a6c458611e4e22b520a2fd27e48d34,GUINEA/DL,True,1,0.9999976
19a78f4bcbac4e78981818e84c2d5571,MOZAMBIQUE/DL,True,1,0.9999976
19aece3913dd4708bd03554f302ee084,MOZAMBIQUE/DL,True,0,0.0008651216
19b4535d42054e5fac8f25a4d3341b63,MOZAMBIQUE/DL,True,0,0.0009033603
19d653b6ad5c4bf39efbab650187c143,EGYPT/DL,True,0,0.0010592167
19deb59af03e4b56952fbb6722efdc5d,BENIN/DL,True,1,0.9999969
19e4feeb54c14065b70003de607693a7,EGYPT/DL,True,0,0.0013116141
19ecd22485c14b05850f0decaf0f4b3a,GUINEA/DL,True,0,0.00088716566
1a03e00cd2b4424bb91bf4ee90ad33b7,BENIN/DL,True,0,0.0008885399
1a07e5666a114e0fb2e41ee63389c66b,EGYPT/DL,True,1,0.99999774
1a1f268942e64e279b93d5fde8a11f31,GUINEA/DL,True,1,0.9999975
1a2d1a78ec0547feb669c7b50c30b208,GUINEA/DL,True,1,0.99999726
1a2fcbaa53034c9cae69e78e6e153f4b,GUINEA/DL,True,0,0.00087643415
1a30f06fcc12464793831b25f86db5d7,EGYPT/DL,True,0,0.0010458301
1a3aff3e76944157bdc18419148b261f,MAURITIUS/ID,True,0,0.0012959754
1a412bed71b0479ca5d311e32ccecf4c,MOZAMBIQUE/DL,True,0,0.000883723
1a48026f275d4a92b7c987a82282c7a6,MOZAMBIQUE/DL,True,1,0.99999726
1a4a8495f31e40b68bdb1effaad1f2ce,BENIN/DL,True,0,0.0008905516
1a555f4d7abc40468431f0b812663ed2,EGYPT/DL,True,0,0.000946856
1a55711f31de4ef9b409de29e58a11a3,MAURITIUS/ID,True,1,0.9999975
1a5d0295f4a54fdf9f1b348b5845265c,MAURITIUS/ID,True,1,0.99999774
1a5e545ce10a494381f2d96c3a3704e0,MOZAMBIQUE/DL,True,1,0.99999726
1a72ad268fa5434a8df03e0634cd4fe3,MAURITIUS/ID,True,0,0.000884445
1a76a87a89b2423aa8dfa51f6dd258a2,MOZAMBIQUE/DL,True,1,0.99999714
1a76ae4857bb4bc984ebf1f69d1d6070,EGYPT/DL,True,1,0.99999785
1a95a19248f545858bc90c032644f7cb,MOZAMBIQUE/DL,True,0,0.0008771998
1a9a1fd3ea0847fa8bb1372150a8f101,MAURITIUS/ID,True,0,0.00092702097
1aa7bf62f0604cf692d542bfb7340e6a,MOZAMBIQUE/DL,True,0,0.000862291
1aaaaf518f864bae8f0f8bdf3f67a9dd,MAURITIUS/ID,True,1,0.9999976
1ab723ca07da4e72bec5c1d329f166ec,EGYPT/DL,True,1,0.99999785
1ab8a02fd5104e3c9bc38fd66cbdba25,MOZAMBIQUE/DL,True,1,0.99999774
1abdbc54d588422c96a2d36386ffaf84,BENIN/DL,True,1,0.9999552
1ac7277383b44633a8547fd037734940,GUINEA/DL,True,1,0.9999975
1af023e3a9234cfa8aa3182e6488e508,MOZAMBIQUE/DL,True,0,0.0008686147
1b09c4ef3c3f48608e3b2b0e36dcea9e,GUINEA/DL,True,1,0.999997
1b1056ebb6794ccf99239e2595b8ea6d,MAURITIUS/ID,True,1,0.99999774
1b1fe101d6244ce6802c4fefe5237619,GUINEA/DL,True,0,0.0008952126
1b2bbc5388e8450d8612c650697810b0,EGYPT/DL,True,1,0.99999774
1b2ec6f8bd0647dc888a9cd3dd2a8b4b,MOZAMBIQUE/DL,True,1,0.99999714
1b3a602b7d444fce96ea9b2290f98db9,MOZAMBIQUE/DL,True,1,0.9999976
1b4100c01df84e338e1fe34c6b18bd2c,EGYPT/DL,True,1,0.99999774
1b4df8bffa0945489cf7800bbe6e316b,GUINEA/DL,True,0,0.0008966667
1b4fb94b9aeb421094a6271464cf420e,MOZAMBIQUE/DL,True,1,0.99999714
1b50ec0cf45a42889ea3e9ec0056b1b2,GUINEA/DL,True,0,0.00089513836
1b56400c18ef491eb76191e100aebdab,GUINEA/DL,True,0,0.000897551
1b5a96795b9b4d738c93a4667f1be07f,MOZAMBIQUE/DL,True,1,0.9999974
1b5e9132243248af895b3c6193da5e07,MAURITIUS/ID,True,0,0.0012132053
1b6ef74111494602aaf850cf1f77cc09,GUINEA/DL,True,0,0.00091290293
1b6fad395f404d2c9794468d09748c10,BENIN/DL,True,0,0.0008845793
1b71a76ef09b464ca648e9c3a58b6596,GUINEA/DL,True,1,0.9999976
1b7d87a5d33547b5abcac07927f5ebe7,EGYPT/DL,True,1,0.999997
1b7e65eb3b134228b714fa07fc5ba22f,BENIN/DL,True,0,0.0009053482
1b7e914995e94ea99b620b9d25631111,MOZAMBIQUE/DL,True,0,0.00087028986
1b9681b13a67444795029b330800e983,BENIN/DL,True,0,0.0008987559
1b9ed251d9a34b82a0d7c5c322141a42,MOZAMBIQUE/DL,True,1,0.9999976
1ba1800cc7aa48a5b87e327bffc1922f,MAURITIUS/ID,True,0,0.0011647996
1baadb4be3b04189835e7668b7ea7441,MAURITIUS/ID,True,1,0.99999654
1bb51fd9cf1f41df96872c6731573b72,MAURITIUS/ID,True,1,0.9999964
1bbd35ac0f394ebbb8a330219e025f9b,GUINEA/DL,True,0,0.000882902
1bca22736b9c43469393e1dbee5f9a7d,MAURITIUS/ID,True,1,0.99999785
1bd15052e9224466a33a9e3916e0e465,EGYPT/DL,True,0,0.0010135097
1bd7fcb3f9e14f01b838a65d5fa07df3,EGYPT/DL,True,0,0.0012467164
1bd9b4d9e1694103be023e1afa4f248c,EGYPT/DL,True,1,0.9999974
1be496cb32804d089a63381d50fb56d7,MOZAMBIQUE/DL,True,1,0.9999976
1bede2f449f74fb1b77c58dfc5eada13,MAURITIUS/ID,True,1,0.99999654
1bf6094b298f4dbfa1453f4740fcb795,MOZAMBIQUE/DL,True,0,0.000865891
1bfdacafd6bd477f8bb07100480003a0,BENIN/DL,True,0,0.000889634
1bffd6e63bf8410386d0b858166db088,MAURITIUS/ID,True,1,0.99999774
1c035ab93f6641dba1964d48fc85fd36,MAURITIUS/ID,True,1,0.9999975
1c10d0c3eb034ed69ce1a12ed54085d1,GUINEA/DL,True,1,0.9999976
1c1955ca2afd4d179e1c769283d3ddff,MOZAMBIQUE/DL,True,0,0.0008612408
1c2b4f53dc4346c2ad5f9d5290f884d1,EGYPT/DL,True,1,0.9999807
1c2c9fdf5d6a4f36895144e5baf409e9,MAURITIUS/ID,True,0,0.0009735725
1c2f4c5bce464bf9a0cabd6d91ac6594,MOZAMBIQUE/DL,True,1,0.9999974
1c3020cc8350485e9d685b61e8062cc1,MAURITIUS/ID,True,0,0.00096948683
1c3ce009257a481fb9026c8ea507aadf,MAURITIUS/ID,True,1,0.9999969
1c45850ff3b5476fb7d420429058756a,EGYPT/DL,True,0,0.0015164403
1c4de328bb494372a0fab61871049ce1,EGYPT/DL,True,1,0.99999785
1c68b77f8b6040789241143100579913,EGYPT/DL,True,0,0.0014841781
1c75e3a9f2074e9fb50879bd62b58de1,MOZAMBIQUE/DL,True,1,0.9999975
1c8442a65a474db090a707b50c5fd9b8,EGYPT/DL,True,0,0.0010133538
1c8832b4965140e1a08e67b9cb0b8065,EGYPT/DL,True,0,0.0015000892
1c8c4bd258b745a48c9cc0e243e433f9,EGYPT/DL,True,0,0.0010453576
1c951e5fa07f4bcf863a106587908308,EGYPT/DL,True,0,0.0013649383
1c9715ca65e84aaaacf32b001d9504f5,GUINEA/DL,True,0,0.00089284097
1c98a19a9dbb4e14b3392b8d9e306653,GUINEA/DL,True,1,0.99999654
1c9ca25487084044a4e2233afaafe293,GUINEA/DL,True,0,0.0008908275
1ca40e148ecf45d88c042358ec593401,BENIN/DL,True,0,0.00090969977
1cb0faeef4d240c9aa2bd605e2480899,BENIN/DL,True,1,0.99999726
1ccceb3794f84740939d8f5dcfb2ba66,BENIN/DL,True,1,0.9999976
1ce4e87311f34e2f9f2cc59a75820392,MOZAMBIQUE/DL,True,1,0.9999975
1ce4eb21e72144f68421475518fac0b7,EGYPT/DL,True,0,0.0010500752
1cf5e4b2c6d54613a46acf8fbafc5f9a,BENIN/DL,True,0,0.00088902144
1cfcc1991c4c4585b9888c55b7e07d0d,GUINEA/DL,True,0,0.00089727435
1d1195f59ab24fe58d619b92fb8ccf8a,GUINEA/DL,True,0,0.00089896575
1d14d21269f941c18e63bb853cf3898c,BENIN/DL,True,0,0.0008918389
1d151a936eef4e1794a835cf350f4f5f,BENIN/DL,True,0,0.0008947149
1d21d7bb62734533962d557d63a51730,GUINEA/DL,True,1,0.99999654
1d38b20684ad42b6bf0149e965f94462,GUINEA/DL,True,0,0.0009038695
1d40beb93f004473a97f3b1efe1ad32b,GUINEA/DL,True,1,0.9999975
1d44e040e5e2489b99e0c286c36ad29b,BENIN/DL,True,0,0.00090213754
1d51d29fd81d4544b63a9933dc46193e,EGYPT/DL,True,0,0.0012399087
1d6c1a6cb03143459ce0716dc8cc6a6d,MOZAMBIQUE/DL,True,0,0.00088114676
1d794f1e2aa44d0ba2398af70450c535,MAURITIUS/ID,True,1,0.99999774
1d7ac51770224a22a6a18f326add03fd,MAURITIUS/ID,True,1,0.99999785
1d8252b6e0284147ae65652900facbb5,BENIN/DL,True,1,0.9999975
1da02c9c8af749f895b4e3e06ecaedfe,GUINEA/DL,True,1,0.999997
1da3d6b6752f46fbb336fbf576c69aa6,BENIN/DL,True,0,0.00089833257
1da4cff9e07845fdadbace58c53af5cb,MAURITIUS/ID,True,1,0.99999785
1da6786198ba49c5ae3f0b14dcadc42c,BENIN/DL,True,0,0.00090033683
1db7ae1b66dc45ba9a1584a1dfe578f0,BENIN/DL,True,0,0.000881825
1dbbba9c2b704521a513cf0472405ff6,MAURITIUS/ID,True,0,0.0021213747
1dc3bff2554442339e08b1b40f1da1b6,EGYPT/DL,True,1,0.99999774
1ddd9179486c4abcbfc7a9d2be09fba6,MAURITIUS/ID,True,1,0.99999654
1de2bc14faf949baad4c3769b23be9f6,EGYPT/DL,True,1,0.99999774
1deb64e8c4e340e3979a1b167d55690f,EGYPT/DL,True,0,0.00096313993
1deb8051314c45dda3ab0488bfc3b762,EGYPT/DL,True,0,0.0012944506
1df0458dfebf409b8fdf523938653905,MOZAMBIQUE/DL,True,1,0.9999974
1df6a580c7374676a7c69d30e17b8608,GUINEA/DL,True,0,0.0008851038
1df72489bd2c4cb080c04ed66d9f2e9e,MAURITIUS/ID,True,1,0.99999654
1e0f27be86164087aaa0eb7dc7f476f4,MOZAMBIQUE/DL,True,0,0.00086847943
1e1ad0f0ed8441baa0d53e20c8a9ac2d,MAURITIUS/ID,True,1,0.99999774
1e26db3c62574009a01d3911912b2928,MOZAMBIQUE/DL,True,0,0.0008763169
1e271e09c94f49799782788234be2ddc,MOZAMBIQUE/DL,True,0,0.0008777794
1e2858837f40463eb432383679dae528,GUINEA/DL,True,1,0.99999654
1e2990b8eb35443295562dae069702f8,MOZAMBIQUE/DL,True,1,0.99999774
1e2c472563234f0d99f27d13530d9cf5,BENIN/DL,True,1,0.99999726
1e3149aa30bb49199e84617d1e572a8f,GUINEA/DL,True,0,0.0008855935
1e34acacbdd34c45b157f3054737b66e,EGYPT/DL,True,0,0.001286836
1e41c18a94c64528a0ba1522cdd7bb62,EGYPT/DL,True,1,0.99999774
1e4d3c7c3afe400f908054f55a90fbb3,MOZAMBIQUE/DL,True,1,0.99999774
1e5efccd2cf54539ad59533613abeb8b,BENIN/DL,True,0,0.0008960646
1e6fcc4fdbaf48208c5a14ca4ea58ab6,GUINEA/DL,True,0,0.0008882339
1e71d76e2b654e33892a79992b3e83c0,BENIN/DL,True,0,0.0008887648
1e84ce2760ab490a9bde4e4c119bd5db,EGYPT/DL,True,1,0.99999726
1e86bb41b4ab43d4a75337a4fb5d9f2e,EGYPT/DL,True,0,0.0010471027
1e88679fed5346a8873a865c3264dbe9,BENIN/DL,True,1,0.99999714
1e8a23c1ba8f42e6b5a0e668dda911bd,EGYPT/DL,True,0,0.0010136362
1e944909e3ee4019b0047ce9fba0a9b1,MOZAMBIQUE/DL,True,0,0.0008687736
1ea60bd7405e4485ad3e50bbd4de9abb,GUINEA/DL,True,0,0.0008923953
1eab879eae7a4cad8a7758284fa63c9c,EGYPT/DL,True,1,0.999997
1ebac730d9374f5d977749b53ada303e,GUINEA/DL,True,1,0.9999975
1ee42c54160f43309ed9036aa0fed075,MOZAMBIQUE/DL,True,0,0.0008680149
1ee6758594b448cca2bf4ccdb57b7fc6,EGYPT/DL,True,0,0.0011591183
1ee7ff44e3d04b40992c94ecfc8a8273,EGYPT/DL,True,1,0.9999969
1ef59ecc17174b00905890e957ee1322,MAURITIUS/ID,True,0,0.0010871814
1f13436cfdca474da11c854e0b66792d,MAURITIUS/ID,True,1,0.99999774
1f1804e3a1ec477caa94be66ee224feb,MAURITIUS/ID,True,1,0.99999666
1f1aab48853f4898831ab31b03874dc0,EGYPT/DL,True,1,0.99999774
1f24a24d69724d5fb8517cc1ddd3f5dc,MOZAMBIQUE/DL,True,1,0.9999974
1f24e0994350416191fad38e7c7dc66b,GUINEA/DL,True,1,0.9999963
1f2ba4156c3c4f41990caf121042b2a8,BENIN/DL,True,0,0.0008964558
1f345e1aa40045c0bb3d5712055785a7,GUINEA/DL,True,0,0.00090335176
1f3eca1e6d8242fb9851f69a519bbb5e,MAURITIUS/ID,True,0,0.0010982367
1f42abc5ee3b46ba82238fa27f6ca36c,BENIN/DL,True,0,0.00089462876
1f5b3508107c497782a98a374daf3fa3,EGYPT/DL,True,0,0.0011888559
1f5c6b6c2ae4451d9b7f38973fccda8a,GUINEA/DL,True,1,0.99999785
1f61717d9b8f4f0293e11309a5d51450,MAURITIUS/ID,True,1,0.99999785
1f718bea97694114b6e7e88d0974c01f,MAURITIUS/ID,True,1,0.9999974
1f76587f7fd54539a0058b24eda8d1cc,BENIN/DL,True,0,0.00094660884
1f7a2237d7b447f2b3415c8c81656639,EGYPT/DL,True,1,0.99999774
1f8ef543088d4c3799b76c84c1e359d4,GUINEA/DL,True,0,0.00089738256
1f9e2451a8aa4fd4892c6ff0aec374d7,MAURITIUS/ID,True,0,0.0015450484
1fa16fd20ff1427bb7d3ab5ad6a27135,EGYPT/DL,True,0,0.0014816914
1fa1a09951eb4898a1a4c98bb395990e,GUINEA/DL,True,1,0.9999976
1fa2be49f19a4bb0b4999db75df67448,BENIN/DL,True,0,0.0008903082
1fa63c89627a4d1a83b1b2dc6f044299,GUINEA/DL,True,1,0.9999969
1fbc42f9ecfd457a9fb69d8eae4b84ac,BENIN/DL,True,1,0.9999976
1fc00108da16416fbe2bea7264c9cac5,BENIN/DL,True,0,0.00089187204
1fc8977d07af453fac3e04f5c358c299,MOZAMBIQUE/DL,True,0,0.00086934917
1fca73c521c4496badf21cdada131395,EGYPT/DL,True,0,0.0014236919
1fceaa74d82d42bbb72bd55b11d89312,BENIN/DL,True,1,0.9999975
1fd418d2fe76420a9d144b3af6123a9c,EGYPT/DL,True,1,0.99999666
1fd9454f0e9446dc8877467ee4856c42,EGYPT/DL,True,1,0.9999976
1fd9c8716ef04f258f5dc3a1c3d5ca61,BENIN/DL,True,0,0.0009042606
1fdb3fc664df4405b15b6d7084ec436e,BENIN/DL,True,0,0.0008987045
1fe0bfc28f8f4a4c9b6f7f7acee62b5a,MOZAMBIQUE/DL,True,1,0.9999974
1fe435cc06bc4e228e4e45fe2e814c76,MAURITIUS/ID,True,1,0.99999726
1fe64a5976cf4582a7a890dcb43487b7,EGYPT/DL,True,0,0.0011827451
1fee47f4d78142f5bbcaa6efec05aae9,MOZAMBIQUE/DL,True,0,0.0008647606
1ff7dbcb4859484e87dcf4479f656298,EGYPT/DL,True,0,0.0010004301
1ffd159e85ac4c16b0a372c78f9acb2a,EGYPT/DL,True,1,0.99999785
1ffe18ef29764b2aa0c7bd18f4614207,MOZAMBIQUE/DL,True,0,0.0008774912
20012b1293db4ab894d53af30027261b,EGYPT/DL,True,1,0.9999981
200c2eed7c0249e69650fbfd3c95b95c,GUINEA/DL,True,1,0.9999976
2010b8cdce164587b407c568913fde4f,MAURITIUS/ID,True,0,0.001566886
2013029763c3429ea96a705c9efcaa1a,GUINEA/DL,True,0,0.00089386624
2013cd642ad9401d8bd541711171995c,EGYPT/DL,True,1,0.99999774
201a0eb6d0984e29af51cff35edf87f6,GUINEA/DL,True,1,0.99999666
201dc63b0c094266bf7621dfd9a0bac0,MOZAMBIQUE/DL,True,1,0.99999774
20273c2e690d4662a5ed94963e754781,MAURITIUS/ID,True,0,0.0015190635
202a98ebdb3c47af85cac0f19e9d09d7,MOZAMBIQUE/DL,True,0,0.0008712083
2037903e5e7d45f9944f87002ddb000b,MAURITIUS/ID,True,0,0.001451048
20521729d8cf413b8cae83288dbef54a,MOZAMBIQUE/DL,True,0,0.000866364
2057974fa7764a2581f98141895bf568,GUINEA/DL,True,1,0.99999666
205dce5600bb4ec588112bf15b2109ad,GUINEA/DL,True,0,0.0008936477
2062a4aa871e47ddb34aca11aee816d4,MOZAMBIQUE/DL,True,1,0.99999774
206615db58284a9581cd633cd4e92f6b,EGYPT/DL,True,1,0.99999726
20689723849249bcbe260c33218d8741,MAURITIUS/ID,True,0,0.0012914484
20726d46b4374466aad9f91831020541,BENIN/DL,True,0,0.0008885264
207af057f9d846e1829cea40928f7105,EGYPT/DL,True,0,0.0009893756
207e7aa26f9f4233bf2920238f0e575c,MAURITIUS/ID,True,1,0.99999654
208614b085144a4eaec4a5db43865746,MOZAMBIQUE/DL,True,0,0.00086631527
20879dee45d34806b2d6469488bfb289,MOZAMBIQUE/DL,True,0,0.00088098604
208bfdd3a9654b16b0e89eafc9eab544,BENIN/DL,True,0,0.00089569885
20a8a0eb76a24a9ea31cc6e9e1b2397f,MAURITIUS/ID,True,1,0.9999976
20ad2acda06c480e8594cec72f344692,EGYPT/DL,True,1,0.99999654
20b36f09f9ee4b4b8cebff5eb1a7d951,MAURITIUS/ID,True,0,0.0010395853
20b6842eb3ec41be9118bc5219b612f2,BENIN/DL,True,0,0.000907589
20b90e887d294d75be812d35a5d9293f,GUINEA/DL,True,0,0.00089197414
20bbe0c7487e4c98b076aaae85be51bd,BENIN/DL,True,0,0.0009047174
20c254badf2f44b69f8193f307ad910b,GUINEA/DL,True,0,0.00089661253
20c28ecccb314b9d9adb3d4b40407601,MAURITIUS/ID,True,1,0.99999666
20c76c42309f4d759ff1ef7e91c0abdb,EGYPT/DL,True,0,0.0010407249
20d80eed6b79419ca2791882aa69e835,MAURITIUS/ID,True,1,0.99999714
20e322da837a40dea1d153b794bb8077,MAURITIUS/ID,True,0,0.0008756641
20e45506e2054d7a839160f9c09a5964,EGYPT/DL,True,1,0.99999774
20e8ce825d05424b8d5d403b35274b2a,EGYPT/DL,True,1,0.9999969
20f9b59be1894a899a5cbf303ba897c9,MOZAMBIQUE/DL,True,0,0.0008711544
2102d4a3244547e4b9579a6b52b51afd,BENIN/DL,True,1,0.999997
2110e3824f414daf9ca86b2b9e008914,GUINEA/DL,True,0,0.0009057192
21148b6028604e73b497dd27621887cb,EGYPT/DL,True,1,0.9999968
2115e0705f5c4876b22e910889979680,MAURITIUS/ID,True,1,0.999998
211822d6fa9846d5b36e1bdb844e99e7,GUINEA/DL,True,1,0.99999666
2121f80fadcb41f48c85508cc3446adf,GUINEA/DL,True,0,0.00088550284
212a89a0ab0b40ecaff03e169590dbe8,MOZAMBIQUE/DL,True,0,0.0008840241
212af97b66ae48809394f1ce7e22ade9,BENIN/DL,True,1,0.9999969
212ca604ad5b4be2bf3aa42d81b2f0ac,GUINEA/DL,True,1,0.9999975
213573c021aa41c8a9333ce59a39773d,EGYPT/DL,True,1,0.99999774
2135870e58fe46c3a5c15c8039044f1f,EGYPT/DL,True,0,0.0015456981
213a8afacc99453089a69a8cc66b7624,BENIN/DL,True,1,0.9999976
2147bde0aad347248cdb51c7d97124b1,MAURITIUS/ID,True,0,0.0015207205
214c05d81e634ae2aa924c0cba6e3ddb,MAURITIUS/ID,True,1,0.99999666
2150e06e12ff4deb9214a6550f62eb10,BENIN/DL,True,0,0.00089213345
2157798bb27546369d5f6cda572352b3,GUINEA/DL,True,0,0.00088492077
215880b19ba9491d8c8d490e0740563f,EGYPT/DL,True,1,0.99999774
21617f1947014bbf85dd15e03981f43c,GUINEA/DL,True,1,0.9999968
2173abb5f1814130b481ff10ff3437b8,MAURITIUS/ID,True,1,0.999997
21765560c5de42b79bf24259a826fd2a,MOZAMBIQUE/DL,True,0,0.00087702525
217f671d2a124a5c8b4f4ba656f89885,MAURITIUS/ID,True,1,0.9999968
218e1a94d9b549719bcdc6fc80881fad,MAURITIUS/ID,True,1,0.99999785
2194ec5234054234a9386a46e9833dcf,BENIN/DL,True,1,0.99999774
2195e582e8b74711a9740db7ed3a960a,GUINEA/DL,True,1,0.9999976
2198b196929b4652879cf32ad1db1fd9,MOZAMBIQUE/DL,True,0,0.0008691376
219ba665d7054a3da3b1d1f0ac7f539c,GUINEA/DL,True,0,0.00088979333
219d46a9afd54658b5a5ab591baea092,GUINEA/DL,True,1,0.9999975
21aa7026b14b45fd82e359199f3a4e68,BENIN/DL,True,0,0.00090061396
21ab0c896e9b43509a43fdcafb0f2fab,MAURITIUS/ID,True,0,0.0014197194
21b79474a5cf4622b28c97561d90791d,MAURITIUS/ID,True,1,0.9999975
21bc9a31cb7d4c96aad515367c37e0f6,BENIN/DL,True,0,0.0008940587
21be0491d6e041f4a53f763bbda7b431,EGYPT/DL,True,0,0.0010224018
21ccea61022b435bbd08d9df6e0dbbc4,EGYPT/DL,True,0,0.0012813476
21e768fe83da449eb88f7491c3fc46b8,GUINEA/DL,True,0,0.00090176804
21ed92d6aca447f982d809ceaa7b87df,EGYPT/DL,True,1,0.999998
21fba9b4b5484991842f37deadf496f7,BENIN/DL,True,0,0.00091256376
22124f2a4e0849f0a51f0ebff95efc41,GUINEA/DL,True,0,0.0008882729
221b9509068e4337a772a03ddaf6d00c,MAURITIUS/ID,True,1,0.99999714
221d9f8f22da48829758c612c2b15c25,EGYPT/DL,True,0,0.0010952125
22306ccdb28c4590aa437b04a8e9eb20,EGYPT/DL,True,0,0.0009509266
22448e0eae8c4712b7eca8af13b2a025,EGYPT/DL,True,1,0.9999969
2248781a22c94004a9e2fb40679a3c50,MAURITIUS/ID,True,0,0.0008759049
22496ab7143e49d7887cdd4aedf01c61,EGYPT/DL,True,1,0.99999654
224a9e09beda4489ab11f01af6a87ec3,MOZAMBIQUE/DL,True,1,0.9999975
224f0da9006a4a4988e7dc9c2d27a43e,EGYPT/DL,True,0,0.001021343
22524154d8d64437bfe6b23ac382c3c6,GUINEA/DL,True,1,0.9999976
2264750ea0174fcdbcf0a95606021c8e,MOZAMBIQUE/DL,True,0,0.00088134996
226bc46e8b114767b6b5bcbf93c1dfa5,MOZAMBIQUE/DL,True,1,0.9999974
2281161d1a624e52b695aac503c411cf,BENIN/DL,True,0,0.00089899614
228901a119f44a24ac4f4c3de660966a,BENIN/DL,True,0,0.0008965872
228ba3c9e4584c818ce2ff3312e91e52,MOZAMBIQUE/DL,True,0,0.0008690593
2290602d925947c4a653a1e54aa159e7,EGYPT/DL,True,0,0.0010488314
22c5e71baeec46eb885c7cae25b2467e,EGYPT/DL,True,1,0.99999774
22d2f7ab13044dd7a6fcc6e64fcc471e,BENIN/DL,True,1,0.99999774
22dd57c5de47437582bfaf5d438ccdac,EGYPT/DL,True,0,0.0010037717
22e2f032f45242248a603bf5a9fae5f4,BENIN/DL,True,0,0.00089765154
22e686ca42cc49beb641c448b8b9b848,EGYPT/DL,True,1,0.99999666
22ead25b984e41ad9a3a08266c2d1a12,MAURITIUS/ID,True,1,0.999998
22f392dae2e445ffa370d83373508421,GUINEA/DL,True,0,0.0009029872
23120f6bbc484e51a5fac1f5e3bb180a,MAURITIUS/ID,True,1,0.99999654
2312d3504cb4445f99d6e8910319267b,EGYPT/DL,True,0,0.0010257259
2313a8c773784b4eb0286e40561b79bd,BENIN/DL,True,0,0.00088947726
23172f8843f342be900ec71b986e4ce2,MAURITIUS/ID,True,0,0.0008735012
2331b784e28241c39d7bcf2d87f86059,EGYPT/DL,True,1,0.99999774
233b14bc0bb042e387cedada0f4a6ef0,GUINEA/DL,True,1,0.99999666
23530402b4974c7d93b91dc8237609a3,BENIN/DL,True,0,0.00089640403
235bf0d072ee4beeb3c78cbe94fe1b08,MOZAMBIQUE/DL,True,0,0.0008832659
2374a8a5c6a04ac896a1fdbe361400ad,MOZAMBIQUE/DL,True,0,0.0008761032
2374db0e02a146c1a1f3831c5e5f73b2,MOZAMBIQUE/DL,True,1,0.9999974
2377e45781124fcc874a2244465e1c8e,BENIN/DL,True,0,0.0008910957
2378a14cba0347778bbf509cc98403bd,MAURITIUS/ID,True,0,0.0008887969
2381fde0f4fa47138b38afc4e22863a5,BENIN/DL,True,0,0.00090024073
2385cfcad31e4fa098a1b993e300b770,MOZAMBIQUE/DL,True,0,0.00086983596
239d1bdfe8d24a9ba845dff248bb6c35,MAURITIUS/ID,True,1,0.99999774
239e630a8ace471185851b8f71c67694,BENIN/DL,True,0,0.0008990249
23a3035305634710a7776655b97085a4,BENIN/DL,True,1,0.99999785
23a35ea7ee9644949520affbb0e1c466,GUINEA/DL,True,1,0.9999975
23a98b18aecd491eb078c5bf803cdfe2,MOZAMBIQUE/DL,True,1,0.9999975
23a9921c019143af9cda559b41214678,BENIN/DL,True,0,0.00089713244
23c1555d0e2a45889bb60afd4f11202c,BENIN/DL,True,0,0.0008918661
23d93e33f2c64a6f8bc11059d917e3b8,MAURITIUS/ID,True,0,0.0014069652
23ea95c7491846029d59f60748dee89c,GUINEA/DL,True,1,0.99999726
23f540cbeae24e9b8a77942c304f38f4,BENIN/DL,True,1,0.99999726
23fb753c73424a3daf791a30cc327287,MAURITIUS/ID,True,0,0.00087154296
23fc815d5a604984b294c0fd2a040d4f,EGYPT/DL,True,0,0.0009851754
24088ff1f5594707991aea8c9ba1dbb0,BENIN/DL,True,0,0.0008886924
241a057834004e8f84798d5ff4ac0f8e,MOZAMBIQUE/DL,True,1,0.9999975
241b270aff40424c83b2f85b8775d1e6,MOZAMBIQUE/DL,True,0,0.0008658329
241c26730ffc455cab613bc865d0d1bd,EGYPT/DL,True,0,0.0010452052
24446c1d4d864ea18103fb4ed012461a,EGYPT/DL,True,0,0.0015833405
244cf3d95f1e4d80b66c9c1d87804db3,GUINEA/DL,True,0,0.0008983018
2457f5d5b5fe4d88bc6286612cec8bb7,GUINEA/DL,True,0,0.0008928737
245b10f34c6f4b07a071fe1f3bc510b6,MOZAMBIQUE/DL,True,0,0.00086005736
245ff02193d8453c8ef8bd0174847c84,GUINEA/DL,True,0,0.00090419035
246473f001e8429a9be2fea2f13393b3,GUINEA/DL,True,1,0.9999975
246532129f094e9a8c045602283eb095,MOZAMBIQUE/DL,True,0,0.0008792349
246894348031424aab8654002095d668,EGYPT/DL,True,1,0.99999774
246b13f1e71341e2935ab042670666c5,MAURITIUS/ID,True,1,0.9999964
247510c2e7df47499d934b411edead48,MOZAMBIQUE/DL,True,1,0.99999774
2482c0f406064409a7b9d18b22eb1f2b,BENIN/DL,True,0,0.0008926998
24889f3160f441f0b7d0a89613d0d318,EGYPT/DL,True,1,0.9999975
24918b5111cd43529877007bc7306de5,BENIN/DL,True,1,0.999997
249bce23d7454437ba28001f8803e936,MOZAMBIQUE/DL,True,1,0.99999774
249ec16a94cf4bf1a12bde622c33f45c,MAURITIUS/ID,True,0,0.0008888672
249ed168a79c46419502d5754e0584e3,EGYPT/DL,True,1,0.99999774
24a337c9b09b45a7b19f6bd65e79a16a,MOZAMBIQUE/DL,True,1,0.9999976
24a5641e609441689e051df112681cac,BENIN/DL,True,0,0.0009061054
24b948432b2b42a4b930c5321bf0b512,GUINEA/DL,True,0,0.0008951788
24bb57e481f9413487db20145ba021d5,MOZAMBIQUE/DL,True,0,0.00087518245
24cb3034ea9c49bba62884e8dc87db37,EGYPT/DL,True,1,0.9999969
24d36dc7e22a456998a0e794affd3fa6,EGYPT/DL,True,0,0.00096072815
24d5d8f9b0664ab89d9f52bfffb19fb8,EGYPT/DL,True,0,0.0010080247
24d7457df6484c18bdb41cca171113bf,BENIN/DL,True,0,0.00089887454
24dd47ae2d5341a794c4a91ff31dfdc4,MAURITIUS/ID,True,0,0.0010775088
24f3eb2eb4324facb94badf3ddfee327,EGYPT/DL,True,0,0.0009528089
24f4c790263945f3b4324a20bcf907f0,EGYPT/DL,True,1,0.9999969
24f9f49cfbf04f5a9a9f4dd9b59d9ecb,EGYPT/DL,True,0,0.0010312668
24fafaaafdcf4e34b937e8c5a31a9423,EGYPT/DL,True,0,0.0010297686
24ff16baac134b18964c2bb975be8fe2,GUINEA/DL,True,0,0.0009015742
2508419babf14f06a61fb501efcbbc2f,MOZAMBIQUE/DL,True,0,0.0008665381
251201c3e89b4b12ae9614e9c1388b1c,MAURITIUS/ID,True,1,0.9999974
25144d736a8a475995444a33efbf1f25,MAURITIUS/ID,True,1,0.9999975
2522b36e323f428497d17f6f41d3585f,BENIN/DL,True,1,0.9999976
25316eda5d9f49b28c2bbe258e3892ad,GUINEA/DL,True,1,0.99999547
25428d7189a243699917ee8fed3d51b8,MOZAMBIQUE/DL,True,1,0.9999974
25681050773d4e2da60d2840821da5fc,BENIN/DL,True,1,0.9999976
256834bbe0a9491497d9473d10937a94,BENIN/DL,True,0,0.00089060765
257c23aeaeb641a690625c2237713b2d,MOZAMBIQUE/DL,True,1,0.9999975
257da72406fa42c4803e90f3ecc2a6fc,BENIN/DL,True,0,0.00088866183
257eedf534b7498bb1a65e1c1f16a95b,GUINEA/DL,True,1,0.9999963
25913b68a52b4a318703e332056ee1d4,EGYPT/DL,True,0,0.0010572055
25a1f6409c714f1cb564c88ae30072a6,MOZAMBIQUE/DL,True,0,0.00086855475
25a4636e16b94a75a60320e0c783b451,BENIN/DL,True,0,0.00089379895
25b775cb2cf140c7b562dbecc5eba773,GUINEA/DL,True,1,0.99999726
25bbf86487224dd0a858774bb011c797,MAURITIUS/ID,True,1,0.9999976
25d34b6241c546e0aa4452972e5f3af2,BENIN/DL,True,0,0.001399423
25dcb7adff6946fc87355b6d774e028d,MAURITIUS/ID,True,1,0.99999714
25e5c0317be946938d672ca4efa570d3,EGYPT/DL,True,0,0.0009722933
25e7da338b8d46c1a7603e741c89911f,EGYPT/DL,True,0,0.0010231009
25f13bca52d04657a2b792ab013bc6e0,MAURITIUS/ID,True,0,0.0014725119
25fc2ec4fa664474a6ec87511cfaf534,MAURITIUS/ID,True,0,0.0008689342
2612eb5d83104c779b369f416ae117ea,EGYPT/DL,True,0,0.001036376
2615dfcf607442a4aa05d16e56bfb724,GUINEA/DL,True,1,0.99999654
261b3c2435db40fca4c57793123589b8,BENIN/DL,True,1,0.99999785
2622caa86bbc4cf9833dd5da4f782647,GUINEA/DL,True,0,0.00088752666
26258827d01c4aac806b5d644fc308e8,MAURITIUS/ID,True,1,0.99999714
2626d56d791a4df290ee093b72f07df4,EGYPT/DL,True,0,0.0012481469
262ad0fbd47b4ac6a76f2202cf988093,MAURITIUS/ID,True,1,0.9999964
2631963d11ca405c97009155ce5e5a70,MOZAMBIQUE/DL,True,0,0.0008676899
2650738a53b74c8193ffbb70dcc26f33,EGYPT/DL,True,0,0.001173017
2650a4db2e2e4726b4d13b60f9e2383c,GUINEA/DL,True,0,0.00089016394
2655bd29b3ea42c8a5268ce5885ac8cd,EGYPT/DL,True,1,0.99999416
2656f0d0db8a46c6947a3de1a1132ff1,BENIN/DL,True,1,0.9999976
265952b15c45432cbe2ec302f16fd239,MOZAMBIQUE/DL,True,1,0.99999774
265da48d9b214555b5d3546ebd39953d,EGYPT/DL,True,1,0.99999774
2662d18618b64202a7e9287b29b52088,BENIN/DL,True,0,0.0008796992
26653378cc184ca6be49ef5bb65713cd,EGYPT/DL,True,0,0.0013993972
2675ef7def4c4fe1bb683691392ea0e1,GUINEA/DL,True,0,0.0008943484
2676fa9204644535b72fcfc73aca8bfe,BENIN/DL,True,0,0.00089275383
2686085105734d42b1d7215253024ff2,MOZAMBIQUE/DL,True,0,0.000865129
268ae057527846428051c5ac8a8c00fd,MOZAMBIQUE/DL,True,1,0.99999774
268c1a7d58964f71af059c78045d3032,MAURITIUS/ID,True,1,0.9999976
269a5924ba6b4f6f9dbf0dffa5ac583e,GUINEA/DL,True,0,0.00090260536
269ff82c5b3645c8b5e5812ee3efbc13,EGYPT/DL,True,0,0.0010360329
26a1a3657404498582e4704baba44836,MOZAMBIQUE/DL,True,0,0.00087548146
26a5540317114fd7a839bf8bc320b64c,MAURITIUS/ID,True,1,0.99999726
26a9514c54da40d8bd9269dac576b897,EGYPT/DL,True,1,0.99999785
26ab6a7b980446e582db94f63fead6e9,GUINEA/DL,True,0,0.00089164946
26b9dd4922684d3b9e953250f269cc35,GUINEA/DL,True,0,0.0008809213
26bad29d224543ed8b63fd6086e0f9b2,EGYPT/DL,True,1,0.99999774
26c9f4244bec49b1969c84d48ba6ce7a,MOZAMBIQUE/DL,True,0,0.0008583181
26cb1d8803ce404a9a0d5ad75b573fb0,MAURITIUS/ID,True,0,0.0012728549
26df8684e29941938ed31fbc5d07d88e,BENIN/DL,True,1,0.9999976
26e4f05c35d24656b728e16cc4c2a041,GUINEA/DL,True,0,0.0008999004
26e5afd90f464b3ca9eb8e31c13a7522,BENIN/DL,True,0,0.0008870114
26f3d12fe4f74cd8a854b50c40d1d026,MOZAMBIQUE/DL,True,0,0.0010754843
26f58c8ea6c64e178a56ee44e4f251b4,GUINEA/DL,True,0,0.00089523
26f9d4ec79e14dbb9324639b515367fa,EGYPT/DL,True,0,0.0012924463
26feadb23cc04735850bbd9f8bf974bf,MOZAMBIQUE/DL,True,0,0.0008576542
2701d67abecc412db40aecae78453ea2,EGYPT/DL,True,0,0.001559414
2713a4ba8232416381f8efb3e8ea39eb,MAURITIUS/ID,True,0,0.0010507271
27177dbc66e441b5acd57beb74fdc1d3,MOZAMBIQUE/DL,True,1,0.99999774
272a41b0d64f4c589d1ee66fbadab2b9,MAURITIUS/ID,True,0,0.0012105383
2730535dec5e4a83bafacb655704cbec,BENIN/DL,True,1,0.9999968
2732f03c8fe3421d93db1806eeb14529,EGYPT/DL,True,0,0.0009822723
2742fdd040344ec2a18b5f1f2724a42b,BENIN/DL,True,1,0.9999976
274d06bbac024e0589de58a966a47a30,GUINEA/DL,True,0,0.0008914193
274dc8d8a8954b7c99be4f42425c617d,MAURITIUS/ID,True,0,0.00088129245
2750fec1a530437f994f6a02ae628ba0,EGYPT/DL,True,0,0.00095518614
27538236cb744fab92af9a935f6042fc,GUINEA/DL,True,0,0.0008966231
275533966cf44fbda05d55f218b74b1d,EGYPT/DL,True,0,0.0011806835
275984eaa9e94980aa76a38ed65fcab4,BENIN/DL,True,0,0.00089722394
275e79e757ac4839bb4369f9d9914104,GUINEA/DL,True,0,0.00088699994
277700d7503f4aedaa33f2ff88b1cb9f,MOZAMBIQUE/DL,True,0,0.0008653227
2786a0134c85482a8c982d6680e152b5,MAURITIUS/ID,True,0,0.0010817555
2797175d2ef4405dabab49bc8baaaa71,EGYPT/DL,True,1,0.99999774
27986c7ec6ec49e2872d075c0734b7b2,GUINEA/DL,True,0,0.0009047916
27a59b0581dd4f9dbf8e9a1ea54fa902,EGYPT/DL,True,1,0.99999774
27aafab9ff3140d3827731fc151f8bb0,MAURITIUS/ID,True,0,0.00088219135
27ab7663ecb2483993c4c9e006266616,MAURITIUS/ID,True,1,0.99999774
27bb359e7e15444587435db1cf285af5,GUINEA/DL,True,0,0.00088868005
27c198c2ecb04cbbaba12f188956ffae,EGYPT/DL,True,1,0.99999785
27d15d4fe8a2453d92275aff5e53d691,EGYPT/DL,True,1,0.99999654
27d6d4d64606445783fc0946b14bd526,BENIN/DL,True,1,0.99999774
27d9fa4456a8477fa8c7580ee588ea58,BENIN/DL,True,1,0.99999785
27e2e05ad9084f63a44df594e91b68aa,GUINEA/DL,True,1,0.9999968
27fa4a073f56431d92dbd8316cc3fe45,BENIN/DL,True,0,0.0008864854
2802a574c1b54d5ba1951ca53e789fd6,MAURITIUS/ID,True,0,0.00089583755
2804fe6723d2434a89ec371974445987,BENIN/DL,True,0,0.0008898621
280bf08fba734f9c8b449c935ad09147,MOZAMBIQUE/DL,True,1,0.99999774
280e970db39d4ae9bf69ea542d324aa5,MOZAMBIQUE/DL,True,0,0.00088132353
280ebe9504b3401183864c3381264555,MOZAMBIQUE/DL,True,0,0.0008732608
2825a81f0d66413a9fa3c9b7c4318519,BENIN/DL,True,1,0.9999976
28263f159f5349db8ac46e8f69310c50,BENIN/DL,True,0,0.00090512086
284125c30e324088b608601a26beaf59,EGYPT/DL,True,1,0.9999969
28421e0417c2467f95d8f6e9e20a5d28,MAURITIUS/ID,True,0,0.0008681166
285072a412f64dad93987df14223843b,GUINEA/DL,True,1,0.9999968
28588064f1274b418eae8a219b4220e4,MAURITIUS/ID,True,0,0.0010971136
2865cdc8acf8490b961b14c403272888,GUINEA/DL,True,1,0.9999976
286d6d0f099f4640a685c3361211a3fd,MAURITIUS/ID,True,0,0.0009011406
28760e17e2dd4163952ba16acc50fa57,MAURITIUS/ID,True,1,0.9999969
28783ee396e54241bbde4c03b8e1ca9c,EGYPT/DL,True,0,0.0011140406
28824f4be6344050a3af26bac478e9d3,BENIN/DL,True,1,0.99999726
288eec9622f04125aa9c1f2c24706ead,BENIN/DL,True,0,0.0008993826
28a60b3f66474371a412080810a67c2f,MOZAMBIQUE/DL,True,1,0.9999974
28b30e42e18343a5b909760450c098ac,GUINEA/DL,True,0,0.000897336
28c44453f4294647992e0e5d01def74d,GUINEA/DL,True,1,0.99999666
28c63c0f27aa4e97b7098269ac8e27de,MOZAMBIQUE/DL,True,0,0.00087254925
28cff32a26fc4151b7a3d81e7b0d06d6,EGYPT/DL,True,1,0.99999785
28ecbaa99e2c4aea92827f26270f5e6e,EGYPT/DL,True,0,0.0012855798
28fd3f37d00e42be89990eac9e5349e2,GUINEA/DL,True,1,0.9999968
2913aee57efb43ba9fceef204ca1f172,MAURITIUS/ID,True,0,0.0010632054
291602f2e5e2424c8f1293ec3c62caa4,EGYPT/DL,True,0,0.0021329313
2920f7459b5e49548ba6ab5f720c6055,GUINEA/DL,True,0,0.00089760014
2927f436f8704844a5228a5cef7839ff,EGYPT/DL,True,1,0.9999976
292e899e455d46229208b2ba862d8e90,GUINEA/DL,True,0,0.000889217
293916ea493844478a4b4b9087c184e3,BENIN/DL,True,0,0.00089247565
2939319757e44c0788639e85a2984179,MOZAMBIQUE/DL,True,0,0.0008619086
293c39e9972d4a7c9aac9aa4eb6caaa6,EGYPT/DL,True,1,0.99999774
293ef27c9bdb4a1db74f905c8b2b56b6,MAURITIUS/ID,True,1,0.99999774
293fa966cfcf45a6b72e29eb81ec1098,BENIN/DL,True,1,0.9999969
29445057f05e4c939d291c589855c07b,BENIN/DL,True,1,0.99999774
29453238be7c43e4836a7348a4e18540,GUINEA/DL,True,0,0.00089306943
2948810805c243959f985f4bdc0a95a6,EGYPT/DL,True,0,0.0011328468
29560d43a65d4bd187c0933d3cb510f9,EGYPT/DL,True,1,0.99999785
2957b2f0123f439eaf41d6503b52e5eb,GUINEA/DL,True,0,0.0009003223
2959f4f77c184a52a3e99f499b1a3ff8,EGYPT/DL,True,0,0.0010300507
29639ff49ac647b081633c78b9760e46,EGYPT/DL,True,0,0.0010083935
296b0150baba45e780d3de3a46cb9362,EGYPT/DL,True,0,0.0015033996
296ce051d08a4e558102998b4d62f286,BENIN/DL,True,0,0.0008989576
297662b99d9e4dfdaea18ddd2d21c54e,EGYPT/DL,True,0,0.0011047897
298e70cd80a54fa9859c5120466a9e77,GUINEA/DL,True,0,0.00089231494
298efba412444d148a466552d2281e58,BENIN/DL,True,0,0.00088588387
299de600ef1c474a9070ef3ae3fa6d6f,MAURITIUS/ID,True,0,0.0008889545
29a246d8e475485f98b285f0e0fff61a,BENIN/DL,True,1,0.999998
29a808ed40c14473893ab6723baef10f,MAURITIUS/ID,True,0,0.001556416
29a9abdcaf8849e79a67a761a8922221,MOZAMBIQUE/DL,True,0,0.0008660548
29a9c912e61f426eb72c016c32f6aa89,GUINEA/DL,True,0,0.0008922193
29ab47cbc58e425faaf1d08251ee6f95,EGYPT/DL,True,0,0.0013437899
29b35233fe9c410c85649da33f58fc9d,MAURITIUS/ID,True,0,0.00088518724
29b5224633ab4b6f81b01dba4ac48e44,GUINEA/DL,True,1,0.9999975
29bd6d9dd38642b898aa2a56705b0525,GUINEA/DL,True,0,0.0008920561
29cd5438b9034a09aeaf0eb7ba78ddf9,MAURITIUS/ID,True,0,0.001291244
29d3fc86697948dd8e6bf372ce2ebead,EGYPT/DL,True,0,0.0009579404
29d9ebce885141ad854868404feb3602,EGYPT/DL,True,0,0.0012132337
29de292ae7184ab082f0da975ead3901,BENIN/DL,True,0,0.000898455
29e25e292a8c4c1390d2100fd7c34634,MAURITIUS/ID,True,0,0.0008802698
29eb2c4f2a944306aba60c98863c7946,BENIN/DL,True,0,0.00089286093
29ebc65a16964a64ba4f6ffb48877db7,EGYPT/DL,True,1,0.999998
29fb4874b8af4fa98bbe80263ad8016c,MAURITIUS/ID,True,0,0.0014755368
29fc24c69906480d8d880bc2cea4e9c3,MAURITIUS/ID,True,0,0.0013121864
2a16e4784253492dba5ee4f3d470a66c,EGYPT/DL,True,0,0.0009890029
2a1e033d18e14af7ae07c30eddff8ebc,BENIN/DL,True,0,0.00088667334
2a2f96be059f48f1a2cd9ce42676d593,BENIN/DL,True,0,0.0009041249
2a317767cc9d4d3db2f7ab3bf61c5eab,GUINEA/DL,True,1,0.9999976
2a3683d151904d67b62b6b0f0156051e,MOZAMBIQUE/DL,True,0,0.0008702418
2a379ca99aac4c259972b2b90d510804,MOZAMBIQUE/DL,True,1,0.9999974
2a38eb5222504a67afc079bfb7b15b6b,MOZAMBIQUE/DL,True,0,0.0031178365
2a40c037f569419f9a473ec2c11c6b22,GUINEA/DL,True,1,0.9999976
2a4cb4623d3f40b0a850cb55b8314e35,MOZAMBIQUE/DL,True,1,0.99999726
2a539e82329a4864b3e15f0519e012e5,MOZAMBIQUE/DL,True,0,0.0008762865
2a5a84511b41401abd6966dd0d54fced,MAURITIUS/ID,True,1,0.99999654
2a5f286f522849b3947620ad96477a03,MAURITIUS/ID,True,1,0.99999785
2a69490f78a54fcfa10452dd3631d191,BENIN/DL,True,0,0.00090037065
2a79d6af2c8546488881ec688b94ef85,GUINEA/DL,True,1,0.999998
2a7baa90c40046bd930e8e49c22d2998,BENIN/DL,True,0,0.00089514686
2aa4f9db5dfd40be82de487fade84211,EGYPT/DL,True,1,0.99999774
2ab8278d3613440e91ff25e090629289,MAURITIUS/ID,True,0,0.00087687065
2abcfab62aee49028a9bb2a3c73fbc06,EGYPT/DL,True,0,0.0012115061
2abe77d7278f47d5a3cd063c5e286ede,BENIN/DL,True,1,0.9999976
2ac3350d22a2415a93fbcac0d689eb5a,GUINEA/DL,True,1,0.9999969
2aced0d2ce4049b49c69caf0cb402d01,MOZAMBIQUE/DL,True,0,0.0008625293
2ad56cfc40344a0ab9fdedb7f91d6390,BENIN/DL,True,0,0.0008953947
2ad61aad9442491383f2ef19b9c15dbc,MAURITIUS/ID,True,1,0.99999666
2ad6eb9e054b4c2fa1db65bd4d1b4612,BENIN/DL,True,1,0.99999785
2ad95de219ac4b729ebbd50166e379f0,BENIN/DL,True,1,0.99999785
2aec310de79d473eada8e28e528cc9a8,MAURITIUS/ID,True,0,0.00088250166
2aee6449ed46405c9a073492b204bf7c,MAURITIUS/ID,True,0,0.0011097488
2af2ebf5a2544ae1963a893b13eac417,MAURITIUS/ID,True,0,0.0015555714
2af5dfaff872404ba027af7eb6d28c26,BENIN/DL,True,0,0.0008988899
2af77e5375d24a2fa4965b2b77ffc7d7,EGYPT/DL,True,0,0.0010654487
2b037371105c4b3ba1958b5761e0560c,EGYPT/DL,True,1,0.99999774
2b0d112843fe4b058c69888cc8fac232,EGYPT/DL,True,0,0.001071933
2b1398bb139647268303b7818a580280,MOZAMBIQUE/DL,True,0,0.00086201663
2b13b66117094451bd9dee36f88266ba,MAURITIUS/ID,True,1,0.9999974
2b14f0bb274e4806bfb2d0c23bcdc960,MAURITIUS/ID,True,0,0.0012870058
2b29d198cb65430cb0d0156efe824b80,MAURITIUS/ID,True,0,0.0011171853
2b2ff1d4f4344c608dbeeff4b0a9598c,BENIN/DL,True,0,0.0008812328
2b3f397f839c412dab2a0b9e4b0b244a,EGYPT/DL,True,0,0.0017139358
2b517ee21f8440018706af61fe5d160c,EGYPT/DL,True,0,0.00097151543
2b595ac290834104837ce1556ea444c5,MAURITIUS/ID,True,0,0.0011394781
2b6ebfeed44d413f928271f2b57ee9e4,EGYPT/DL,True,1,0.99999774
2b75df6074c14532b0b1b1288f635f7e,MOZAMBIQUE/DL,True,0,0.00085995166
2b824cd8ad684709a137f088d50646bc,GUINEA/DL,True,0,0.0008879458
2b83b4665759471aafb3de9d2a13c974,EGYPT/DL,True,0,0.0009784376
2b84b4bc7b0349d3a217906b6622c0b8,BENIN/DL,True,0,0.0012754495
2b86a60c469e413cbe7fbc2677d5a92b,BENIN/DL,True,1,0.9999974
2b925a1c26b44c49bc40c7bfa7b45b80,BENIN/DL,True,0,0.00090110494
2b92bfbf13904b20a79956aec923e57a,BENIN/DL,True,1,0.999997
2ba4c1097c484033b74489357670cf23,MOZAMBIQUE/DL,True,1,0.99999726
2bad83d23c5747db861d8603a299ef02,GUINEA/DL,True,0,0.00089128216
2bb1a16bf65941c299dad87fe94ed9a9,BENIN/DL,True,1,0.999997
2bb4f44dcc084a66bd15b69f3991be30,EGYPT/DL,True,0,0.0014561081
2bd0e418cbff4190946b9b25615633b3,EGYPT/DL,True,1,0.999998
2bd69aa5fa1b4147b5b72bd6433cdb16,EGYPT/DL,True,0,0.001009372
2bdb9917585b494d9d668f7f2f29d5d5,MAURITIUS/ID,True,1,0.9999968
2be88db421e44609b2f294d27ce08af7,EGYPT/DL,True,1,0.9999981
2bf72a574a3345c480025898b6f0af8a,GUINEA/DL,True,0,0.00089157437
2c06d7332618466085b7d4188a204196,BENIN/DL,True,0,0.0008937947
2c0f56304b944b00ba5e0b507d6575ca,MOZAMBIQUE/DL,True,0,0.0008654295
2c173485807b4a458148412d5ca73227,BENIN/DL,True,1,0.99999774
2c1770e4a3624d20869aebad12ec2433,BENIN/DL,True,0,0.0009105756
2c18735f89dd49c5a7dc0138e01e0a52,BENIN/DL,True,1,0.9999974
2c266fcf3d0f49d1b74a78800bbbe35c,GUINEA/DL,True,0,0.0008882614
2c284ce12ce04864a74f283ccf97e256,MOZAMBIQUE/DL,True,0,0.00086456456
2c295e87ea004d0398a596904e0cdc81,MOZAMBIQUE/DL,True,0,0.0008977079
2c304661a5e44c1e9188235a85849daa,GUINEA/DL,True,0,0.0008945883
2c42c8c7d515416795fb1918dc381bf2,GUINEA/DL,True,0,0.0008941081
2c45cfea7871489c8c318e8b58bb237a,MAURITIUS/ID,True,1,0.99999654
2c48003bcda84a79b984edbf6d94da57,BENIN/DL,True,1,0.9999975
2c4817931ba64f0cb60377dde52644e1,BENIN/DL,True,0,0.000888771
2c4d501cff3340a1a81fd9174ea2df28,MOZAMBIQUE/DL,True,1,0.9999975
2c5123b6d8e949faa1ec1032fd0f6be3,EGYPT/DL,True,0,0.001107164
2c567cf415d64f8284574248e649cfad,MAURITIUS/ID,True,0,0.001019312
2c5e55305928437b9ce2768690337eea,BENIN/DL,True,0,0.00089310086
2c5fbb0e6ce64ae5af79b25834ed9f78,MAURITIUS/ID,True,0,0.00087387924
2c6419c7847446d381c6ca74efd04514,MOZAMBIQUE/DL,True,0,0.00087061577
2c6c4587c1c64bda9c6100a51d445d69,MOZAMBIQUE/DL,True,1,0.99999785
2c72b67dc5034ad6842aaaf05ba53241,MAURITIUS/ID,True,0,0.0008733536
2c831bcdb7d24aabbc67a4fb10290bf2,MAURITIUS/ID,True,0,0.0011370243
2c872b9915f64b3ca328e7134d86cb5a,GUINEA/DL,True,0,0.00089850975
2c8bbf83d33e4913aaf2fc5c9a01a210,GUINEA/DL,True,0,0.00090199494
2c9238a400e149f2a9098ac5e3d7391d,MAURITIUS/ID,True,0,0.00087749376
2c9999f3038e47eeba574235e6a119d8,MOZAMBIQUE/DL,True,1,0.99999774
2c9e949c10644d13ab341d6f8b0173e5,GUINEA/DL,True,1,0.99999726
2ca48452400d4c879f54bd53595efa4f,GUINEA/DL,True,0,0.00089052704
2ca7bafc7aa14ecd865797b86853b619,GUINEA/DL,True,1,0.99999666
2caaa114891e4975935bc645b686b114,EGYPT/DL,True,1,0.9999968
2cb82de9b922442aa54c677264312c0a,GUINEA/DL,True,0,0.0008903463
2cc7b583d1814f2684825cdadeec0814,GUINEA/DL,True,0,0.0008877047
2cd1e39b5b144394b9f46f8901a8e4e6,BENIN/DL,True,1,0.99999774
2cd2aa3a925848ba960c317752f8bfff,GUINEA/DL,True,0,0.0008927504
2cd838371aaf4b6c926cc82e14f1d392,MOZAMBIQUE/DL,True,0,0.000864109
2ce45bd34a884485b3845aa78a44e4f1,BENIN/DL,True,1,0.99999774
2ce86faeb3f9421190df5ac4d28781c2,BENIN/DL,True,1,0.9999974
2ceed82638b94505ae335ba5925b26ef,MOZAMBIQUE/DL,True,0,0.0008773658
2cf0fd4163ea42b4846195784edba72f,GUINEA/DL,True,0,0.00089412346
2cfe296b471a4e4581c840b4b0e55118,BENIN/DL,True,0,0.00090449414
2d0bffc6cdcb42c1819cf1f53bbe2694,EGYPT/DL,True,0,0.0009914823
2d121e401cb44a28b9f4ed8a918f6995,MOZAMBIQUE/DL,True,0,0.0008790071
2d185a935e1241a1b9fb4e860c52d934,BENIN/DL,True,1,0.9999975
2d18686ae710455e8937b69a01e32f3a,GUINEA/DL,True,0,0.0008975754
2d212caeb99b42d3b1153062550a0fd4,MAURITIUS/ID,True,1,0.9999968
2d2af7a8703c4ca1ac703ea0e8cfffdd,EGYPT/DL,True,1,0.99999785
2d2d7e3b3c664e45bf1de84ca1cb3bdd,EGYPT/DL,True,1,0.99999774
2d33f1ab47774a17b65fa5e3811c9ea4,GUINEA/DL,True,1,0.9999976
2d36de87b9f64f509a0a4647b74b8021,GUINEA/DL,True,1,0.99999774
2d427f114b3c4746bbc706301c33e502,MOZAMBIQUE/DL,True,0,0.00087883504
2d66bf2d978e4e4888522d0c0392ab52,GUINEA/DL,True,1,0.99999666
2d7577927f0d4f1fa560ee9f73054b88,GUINEA/DL,True,1,0.9999968
2d78b28887cc4f4fae095b6a7377cd4a,MOZAMBIQUE/DL,True,1,0.9999975
2d7f9a1c46a042d5b644726d0d5986ea,MOZAMBIQUE/DL,True,0,0.00086319563
2d7fad1ce7fa4e33a634a91d953e2020,EGYPT/DL,True,0,0.001198298
2d8b12942c8b4e8bbe54daed0c7ae881,EGYPT/DL,True,1,0.9999976
2da2082986834f9a8da54a44da383c5e,EGYPT/DL,True,0,0.0011327313
2dc09bf9f7ae444ca0e87f42979efe2c,EGYPT/DL,True,0,0.0014723738
2dccc02c16554fb9b9523204b5d23191,MOZAMBIQUE/DL,True,1,0.9999975
2dd4df9d5203443881cd32f24d104c06,BENIN/DL,True,0,0.00089185004
2ddcf13204c84d888fceb4018804bb7e,MAURITIUS/ID,True,0,0.00087547605
2de86d7f524f47139dcc254d055144af,EGYPT/DL,True,1,0.9999969
2dee3c0e881c4553a1e058a90bd36bdd,EGYPT/DL,True,0,0.000961001
2df5ed849b97488e9c1bacfdbd2fbcbf,EGYPT/DL,True,0,0.0014886452
2e0e25a9c6ff487d8851808fa71c6c7e,BENIN/DL,True,1,0.9999974
2e134b1fa4ac4233b24817eeaa3fbbd3,BENIN/DL,True,0,0.0008923013
2e175e0334e5423186a07a718193a126,GUINEA/DL,True,0,0.0008965715
2e22fa4148f444298bd403aac4538570,MOZAMBIQUE/DL,True,1,0.9999975
2e2dd8da9902492582bbbfabbace3534,MOZAMBIQUE/DL,True,1,0.99999726
2e2fe30dff4b4fc8b1f13f65fa2b3203,BENIN/DL,True,1,0.99999785
2e3362b44ca74d66aa2682f5617ef6f9,MAURITIUS/ID,True,0,0.0008843851
2e40c96cf2f8484f8f5205b06ef5f7ff,MAURITIUS/ID,True,1,0.9999976
2e46c3dd90af43858b8063cc388968e7,MOZAMBIQUE/DL,True,0,0.0008626899
2e4d5a1158fe4b2bbe4f8319621f76c7,EGYPT/DL,True,1,0.99999785
2e51d68a8cab48ffb1de367c95958fd6,GUINEA/DL,True,0,0.00089076214
2e7218450e0740fd8357f15af0fe24cd,GUINEA/DL,True,0,0.0008903328
2e735d3f9b1f4c43870789c1551a0260,MOZAMBIQUE/DL,True,1,0.99999785
2e768056469f42b787e16f984f7eab59,MAURITIUS/ID,True,0,0.0013369464
2e87d663d23c45c1a8368fc07c2523ab,BENIN/DL,True,1,0.9999976
2e965398897e486e9dbeab9f7a028393,EGYPT/DL,True,1,0.99999774
2eba799a499f4964a35e3a9e5c631343,GUINEA/DL,True,1,0.99999654
2ec30ed360a24ff886f18454a38606b3,GUINEA/DL,True,1,0.9999968
2ec60596466f47e8a7af51f008323b87,EGYPT/DL,True,0,0.0014055148
2ed3bcae80b946f59e6ca98882dbe0f6,MAURITIUS/ID,True,1,0.99999785
2efbff19c59c4b4c921639240d6f5014,BENIN/DL,True,0,0.0008871606
2f054b8f9da340b48712542611e91a31,EGYPT/DL,True,1,0.99999785
2f06d7def0e54d6c8309d5fbfca0feb0,BENIN/DL,True,1,0.9999975
2f085863647c4e62a30c5bf36e38824a,EGYPT/DL,True,0,0.0010101497
2f1460c8b0984aa482637eedbe7e038e,GUINEA/DL,True,1,0.9999974
2f16ca3e91eb4d889cfd761b2d5fb0a4,MAURITIUS/ID,True,0,0.00092928
2f1a26a7180a4d62a2e243833f98d885,EGYPT/DL,True,1,0.9999969
2f269cd534f94030825a4f697cd106ee,BENIN/DL,True,0,0.00089929684
2f333853a7254531b507b5a205776af8,MAURITIUS/ID,True,0,0.0008800597
2f375d0258ec41f68e6c072b44fa9da4,EGYPT/DL,True,0,0.0013523425
2f3b9eb86cd94742bdac3632bfa0a802,GUINEA/DL,True,0,0.0008922827
2f42bde2799b4594a6b0370eca69cf59,MOZAMBIQUE/DL,True,0,0.00089678814
2f5af87f96d941ed958756a3aa04d2f2,EGYPT/DL,True,1,0.99999785
2f5c7319ade84b3faa078a6a2aa1c15b,GUINEA/DL,True,0,0.0008975612
2f68ee9826034615bbe220604aa334bb,BENIN/DL,True,0,0.00089521386
2f6b711dd5f1403a95b03a5b5e09fdf8,BENIN/DL,True,1,0.99999785
2f87f62138b444dd8fee5179e05e3826,BENIN/DL,True,0,0.00088659226
2f9512c7f2594af0aa55b2e2654d5b07,EGYPT/DL,True,1,0.999997
2f97a1388fea4b2da28d91b038eddba9,MAURITIUS/ID,True,0,0.0008862637
2fa16e16f6d7421bb87b2b503c8d1384,MOZAMBIQUE/DL,True,0,0.0008603972
2faafa207f3e40099aa454b6d8bf67c0,GUINEA/DL,True,0,0.0009031172
2fcc989fc95f48f592b3243ed358ca5d,GUINEA/DL,True,0,0.00089237874
2fdb9a2e9cfe480a9bec8e31cfd9ae6b,EGYPT/DL,True,0,0.0012760157
2ff6ef5ccde84e688eeea9f22c356abd,BENIN/DL,True,0,0.0008944575
300b9cd15cbc466097291103f6659686,MOZAMBIQUE/DL,True,1,0.9999975
301f84e07a9a4568a090f4956a73963a,BENIN/DL,True,1,0.9999975
302ff8c0f2a64ebfa21f93934b1935c8,BENIN/DL,True,0,0.00089109916
30487248c5fb4992b95635facce3e6d1,GUINEA/DL,True,1,0.99999774
304dcaf4e2de441b9ab99f11ca30fba7,EGYPT/DL,True,0,0.0012359481
30509b139dc14b6bb6cb2305b16a6011,MAURITIUS/ID,True,0,0.0014981149
3055bbea18c946528e81a9468f7bb649,EGYPT/DL,True,1,0.99999785
3059652d38e844a5b36163b580735bcb,MOZAMBIQUE/DL,True,0,0.00087398785
3064a8ba0e8d492fa81340a245553a02,MAURITIUS/ID,True,0,0.0008718349
3082318e74074dea950729b4b439d295,MAURITIUS/ID,True,0,0.0009883322
3088205aa27a44f1bbd62cf872679e67,MAURITIUS/ID,True,0,0.00094201404
308d8e682ebc4c42b6795037896836be,MOZAMBIQUE/DL,True,0,0.00086000375
309557b0dde34782a8c4422589e195df,GUINEA/DL,True,1,0.99999774
3097318fd0b54818bc576dd417822b07,EGYPT/DL,True,0,0.0021094226
309bb39a17914ab1ba73116e5d667975,GUINEA/DL,True,0,0.0008953742
309ebe51ac4542d48cb572da75c8a8b1,EGYPT/DL,True,1,0.99999785
30a613f3a09049d7bfad72ee11f043a2,GUINEA/DL,True,0,0.00089691626
30b14c9ca81741ea919082453c24cc54,GUINEA/DL,True,1,0.99999714
30b4c599fb1b44a991efa895052a367b,GUINEA/DL,True,0,0.0008904197
30b9ea7559ae44b0821e94d7e2c056af,EGYPT/DL,True,1,0.9999969
30bdbe33af8d4ad4a73d284bd347fe24,MAURITIUS/ID,True,1,0.9999969
30bf3ddd2dd646bfa2f1b90953c773bb,GUINEA/DL,True,0,0.0008923762
30cef3864cbd46beb27d3e9c416e7eaf,GUINEA/DL,True,0,0.0008989987
30d26ce467224028bba35f2edba00fbd,GUINEA/DL,True,1,0.99999785
30d8a5a500a24245a19a2bdf92b90328,MOZAMBIQUE/DL,True,1,0.9999976
30de1d5675af4075bc83252b1bc2f61a,MOZAMBIQUE/DL,True,1,0.99999774
30de8aaf763845fd99d1c2533c044e17,EGYPT/DL,True,0,0.0009640515
30e4e6943ebb40b5b44db7284cec3245,EGYPT/DL,True,1,0.999998
30f2fe7305d448e7a6e7b65398612e28,GUINEA/DL,True,0,0.00088510884
30f425dc1a2a42b58ea52747efc9f9b1,BENIN/DL,True,1,0.9999976
30fcd918c58f473ea79bbe957adf88f3,MOZAMBIQUE/DL,True,0,0.00087135483
31081bec3eed47eb850af1ea5bdfbcb1,MAURITIUS/ID,True,0,0.0010726292
310e9b575363437d80fc919e15d3292c,GUINEA/DL,True,1,0.9999974
312252a83e204cae96c79db41e455233,MAURITIUS/ID,True,0,0.0014011908
3133079a6c9d4ff6b4a8e63f03a0c414,MOZAMBIQUE/DL,True,1,0.99999774
313b798b21d04a1cb9bc5c9203794434,EGYPT/DL,True,1,0.9999976
3143aadbb49a406bbdcea1993effee7d,MAURITIUS/ID,True,1,0.9999976
315a56c41bed4a2a8a205b960738fd47,EGYPT/DL,True,0,0.0013202557
316861108774443fabac82856d5ada33,GUINEA/DL,True,1,0.9999969
316f0ee220de44edb76f2816c5e11564,BENIN/DL,True,1,0.99999774
316fc0e5156348d0a27381696e5f2770,MAURITIUS/ID,True,1,0.99999666
3172b8abf29b456ca6248b3619936502,EGYPT/DL,True,0,0.0010283109
317935103fba4b55b0401889d5807470,GUINEA/DL,True,0,0.0009001177
3184094359644a09aa1b0f262c9c110b,BENIN/DL,True,1,0.9999976
319638caa7754749807300155712df07,MAURITIUS/ID,True,1,0.9999974
31b1b974d3df41768b5e276845aa41a9,BENIN/DL,True,0,0.0008885073
31c36d976a52458c9e1d57459b32a254,EGYPT/DL,True,1,0.99999785
31df878bc71e4e0e9b56401a4d05f04d,MOZAMBIQUE/DL,True,1,0.9999974
31e4695aa2124bd59b1f987314f71875,GUINEA/DL,True,0,0.00089955097
320726e319e54a18a35597e8bbbc997f,MAURITIUS/ID,True,0,0.001097367
3213a69540ba431e93674a06c811b5ec,BENIN/DL,True,0,0.0008902458
321cbb52a10343e7b070bb4838f1f8b7,MAURITIUS/ID,True,1,0.9999976
321f8e1149f948a2b5ca14ee2b6630b4,BENIN/DL,True,0,0.00089138624
3236a6da98064858a58de21e19aa4448,GUINEA/DL,True,0,0.00089910324
324db596115748e7ab184e8dc4e2aac1,MOZAMBIQUE/DL,True,1,0.9999976
32640469b9714f97bc367106285b12d5,GUINEA/DL,True,0,0.00088498567
32648af3d8874a10aa26fe07945e790b,EGYPT/DL,True,0,0.0012561633
327bc3c6977d408996c8a3f49d7fad7e,GUINEA/DL,True,0,0.00089328387
3285f82f6b8047bab2987d21ace45358,GUINEA/DL,True,0,0.0008913102
3287aa0f2b8644b6b88f2fc8ff1a9166,EGYPT/DL,True,1,0.9999976
32991ba6178e4e8bb0b998301fe4d8c7,EGYPT/DL,True,0,0.0010351475
32a2111c4bbd4f72b23f77ec0d1a4a02,EGYPT/DL,True,1,0.99999785
32b4b5adff2b4b82b34d0e116d467b0a,MAURITIUS/ID,True,1,0.99999785
32b7ad182c414199aa0f1c8798b6068e,BENIN/DL,True,1,0.999998
32be0d5b9b584c9391be2292652032c8,BENIN/DL,True,1,0.9999974
32c450ee4f8f4c8dbb32bc59109d7db1,EGYPT/DL,True,0,0.0011452766
32ed925c07d0454f8a97f8ca2b163a77,MOZAMBIQUE/DL,True,1,0.99999774
32ee6675fc764e8486f1b76e248ac1bc,MAURITIUS/ID,True,0,0.000887725
32f2c9cc063b404caddd7872b4c6b797,GUINEA/DL,True,1,0.99999654
331cf0a20f0e4678973ff40b1ab9123c,MAURITIUS/ID,True,0,0.0008974864
332fa406519f47d883fd6330e1d3b32c,GUINEA/DL,True,0,0.0008964587
33334847679d43e18bf0303f51875386,BENIN/DL,True,1,0.9999976
334a1f1b36fb405a8fc3ac4dbba93f14,EGYPT/DL,True,1,0.999998
336ce502384d456bb4c81ab6fc6dceff,GUINEA/DL,True,1,0.9999976
338276183ee6446dbcfcf74420d5e725,EGYPT/DL,True,1,0.99999785
338efa1667e2461c8977e28e982008bb,EGYPT/DL,True,1,0.9999976
33941ff379f34d4a9ab344b8e8799c84,BENIN/DL,True,1,0.9999975
3398b8dd6c5847fdb01b8696acc776c9,MOZAMBIQUE/DL,True,0,0.0008636581
33ac4e0566b041d884c4c44a863c493f,MOZAMBIQUE/DL,True,1,0.9999976
33b2bcabe87c49298078a50909043255,EGYPT/DL,True,1,0.9999964
33b92cf82261429982b6377461471a8d,BENIN/DL,True,0,0.0009049455
33be898f51fb4706b803e6c06e394e3a,GUINEA/DL,True,1,0.99999654
33d21bec691149be8abfc84a7597ac06,EGYPT/DL,True,1,0.99999785
33da0a3c521b445e9a1912e19f5d7cc3,MAURITIUS/ID,True,0,0.0008675155
33dba8f74bb8439295d7802ae3c8d7b7,GUINEA/DL,True,0,0.000886765
33e5c34f79e147a5b1307ea60c2ab247,EGYPT/DL,True,0,0.0012832407
33f2260a804e49e6a9d133398b04a909,EGYPT/DL,True,1,0.99999774
33f31b915b804e13a1bf99276b3c8fa1,GUINEA/DL,True,0,0.00089202926
33f6d2bdba0e4dbcb5f4bc9d18592d1c,EGYPT/DL,True,0,0.0009646005
33fe241d4d564041b1e3d34f65255670,EGYPT/DL,True,1,0.99999785
34000453df5049a7b40dd4d6a663621f,GUINEA/DL,True,0,0.00089556316
3410563574ad43b1a35294f9c2d1b6a5,BENIN/DL,True,0,0.004679452
341c0e4db60d4e63b72a00ee2d4290fc,MOZAMBIQUE/DL,True,1,0.9999976
341e3ed9930548b4a48483ecb07a888b,GUINEA/DL,True,0,0.0009012792
3420007a32e841a688aee010ecdabf39,BENIN/DL,True,0,0.00091728417
342b58a7e32c46a683512ad77201312a,MAURITIUS/ID,True,1,0.9999975
342f34b8ac5746fc9ba45cd6f9394f15,EGYPT/DL,True,1,0.9999976
3433445d8fe542088f3a1099a90a09b2,MAURITIUS/ID,True,0,0.0012426504
343e9395ac2c49718a4f1372cbbdf126,MOZAMBIQUE/DL,True,1,0.99999774
343fdb6af0494321be7f0beb57a29d3c,MAURITIUS/ID,True,0,0.00089095824
3446307d8c544fb786c64934bebfe8d3,BENIN/DL,True,1,0.99999774
345d2c098a12432eacbe74ff1eed9aed,BENIN/DL,True,1,0.9999976
34771e73cefb416f8774549714476c05,BENIN/DL,True,1,0.99999726
3477fe3bcea4477392bf6a069ecc3173,GUINEA/DL,True,0,0.00089298905
347db78857864514bb361858ae89f1d0,MAURITIUS/ID,True,0,0.0008770269
348d582fc8d844cd9b3202cabdf7b3b0,BENIN/DL,True,1,0.999997
349c9e46dcf3411da3a4c2dd2c9958c1,EGYPT/DL,True,1,0.99999774
349d70bdd4d4418ab50ef7e64ee3f87e,EGYPT/DL,True,1,0.99999774
34a2f47e97e1441dbfe3387dc6c37900,MAURITIUS/ID,True,1,0.99999666
34b68bca78cd4be19dd5049a81324cf3,GUINEA/DL,True,1,0.99999726
34bbd7a96ef14b12a970a7fc5e2bcc16,EGYPT/DL,True,0,0.0012504566
34bd2dd71990498584a15e0f0f29fd49,EGYPT/DL,True,1,0.99999654
34c6ad904a7441cf99e2bedb467994f6,MAURITIUS/ID,True,0,0.0008823108
34ce8e679bcd49d48458ae876cbc88b1,MAURITIUS/ID,True,0,0.0014740117
34d1f27782b044f287301cc3ade1859a,MOZAMBIQUE/DL,True,0,0.0008718843
34dc1b66267a4b8fa7855673f78103f7,GUINEA/DL,True,0,0.00089631736
34fd67fe2740417a8b17508c5c215d38,GUINEA/DL,True,0,0.0009026732
34ffc77befab4c248db1b86623a394cc,MOZAMBIQUE/DL,True,0,0.00087197404
3503e490ce9747789b3a84b20daf547b,MAURITIUS/ID,True,1,0.99999774
350d08e70d0441f182c2faa881b862da,MAURITIUS/ID,True,1,0.99999654
350f45f2d6a24baf9825c982df80bb79,GUINEA/DL,True,0,0.00089989475
3512048e1ac046e497b39a4f7bed15de,MAURITIUS/ID,True,1,0.9999968
351def1424b44220ba6ade930501b0d3,MAURITIUS/ID,True,0,0.002151465
351ff4c632d14eac8ba68665d6d4d3c2,MAURITIUS/ID,True,0,0.00087926135
3537738c24ef4450970000402b7d503a,GUINEA/DL,True,1,0.9999976
35413e4a3ef046e78a696961c146d7db,EGYPT/DL,True,0,0.0010040073
354ac4e348924f97b7c154fc356b62c7,EGYPT/DL,True,1,0.99999785
354deb24b3674186af9d78b469e0fe27,EGYPT/DL,True,0,0.001079157
355d095b31ff4a8da1bd7802897d1fd8,MOZAMBIQUE/DL,True,0,0.00086204003
357331c88e5945c1b5008aab50b6df44,MAURITIUS/ID,True,0,0.0008924306
3585691a456645a1a1b60ea9146f5570,BENIN/DL,True,1,0.99999714
35893689d31949b9819382be4f83abb9,MAURITIUS/ID,True,0,0.00092182617
359284e0eacb437492a9408dcd1b828d,BENIN/DL,True,0,0.0008997168
359b74b295114e00a4354ea3884ded5d,EGYPT/DL,True,1,0.99999774
35adce8b20ae4f15aea9c6f5aa0ee540,GUINEA/DL,True,0,0.0008922116
35b6e37472dc4b2a8e4d9cf7c640165b,GUINEA/DL,True,1,0.9999976
35b9caded8e24cce8615393d6e690937,GUINEA/DL,True,0,0.000897598
35ba888a281e440ea4906dbfe46b9574,GUINEA/DL,True,1,0.99999774
35ca00781155485db4a00d750bec7cb7,MAURITIUS/ID,True,0,0.0011103452
35d68c2d9c934b8293be9b94ea72148a,MOZAMBIQUE/DL,True,1,0.9999976
35e92c157f1046168c3eb2b46cf172c2,MAURITIUS/ID,True,0,0.0009254457
361274bffca44e6f9ec83532870d06fc,MOZAMBIQUE/DL,True,0,0.00088615017
361d3ad8252d48fcbc50e6840cf7acf3,MAURITIUS/ID,True,0,0.0008859281
363b5e1434fd485688b94a4137155e79,MAURITIUS/ID,True,0,0.0008820502
364772f0e94445edb4237f31d55aacf2,EGYPT/DL,True,0,0.0011760382
365490fa41034567946e6d26e52828c4,GUINEA/DL,True,0,0.0008898129
365504557f8b4dccb68cae27571fa728,MOZAMBIQUE/DL,True,1,0.99999774
3665d7a88bf44882993009e9b727e443,MAURITIUS/ID,True,0,0.0008948463
3669d0638e9d48c2804d67927290bcf9,GUINEA/DL,True,0,0.000906539
366a76c2474a43d5b3933ff7bb544e1f,EGYPT/DL,True,0,0.0009731483
3681c8ff32604e1fa58646f72e823914,BENIN/DL,True,0,0.000910547
3683641967cf4d21adb1dc0a348c5fbf,MAURITIUS/ID,True,0,0.0008815654
3683893ed16f412794b7b6d7bd6c3a78,EGYPT/DL,True,0,0.0017213057
36a18a8598374f42bee99254a98a295c,MOZAMBIQUE/DL,True,1,0.9999976
36a9a406705f4dd4904434841e82374e,MOZAMBIQUE/DL,True,1,0.99999726
36abaed58a3e486287954f5276548bd1,GUINEA/DL,True,1,0.99999654
36c3e64d825f4750bd12218f20c16498,GUINEA/DL,True,0,0.0008895394
36c85be3947c46dc8a69aa435862e930,BENIN/DL,True,0,0.00088885456
36d003a6b25e4e348033bd7b87e75a85,EGYPT/DL,True,1,0.999998
36d23c787d0e4910b2f2fe2178b39d99,GUINEA/DL,True,0,0.00088880834
36d269b2d01f4647b021bf17c32be2ac,EGYPT/DL,True,0,0.0013728621
36e3a409a80b45389f208c0ec109ff24,MAURITIUS/ID,True,1,0.99999654
370c32d1f966481a9e278a3ee894c7ee,EGYPT/DL,True,1,0.99999774
370efaf4dd0d42e3a69366238aea0a15,GUINEA/DL,True,0,0.00089263136
3718c83519524caabd31148a052f97ab,MAURITIUS/ID,True,0,0.0008829091
3723789dd1c644caaf69a4e8d62adcfd,MOZAMBIQUE/DL,True,0,0.0008773834
3727e1b356c04c38b995ee443f72b698,BENIN/DL,True,0,0.0008980668
372cfbe4806a47ef9455018c0e267629,GUINEA/DL,True,0,0.00090070796
3735b1e0c5ff44eab006fd9f4c80b485,EGYPT/DL,True,0,0.001650912
3735c5913f4a402e85dbadb77c5d7e29,GUINEA/DL,True,1,0.99999774
373d71d0d3984c769ff58c763a20721a,MAURITIUS/ID,True,0,0.0008744631
374704de827c4239a358f3a63f570e42,GUINEA/DL,True,0,0.0008939216
37526f826cc545b3b53f34bfd68a40ce,GUINEA/DL,True,0,0.00090132304
3760d3db03984f35bba19967e6d71dcf,GUINEA/DL,True,0,0.0008935477
3776c0d643b84e19a2e0dee6c795bdfa,MOZAMBIQUE/DL,True,1,0.99999714
3793251cbda54186b412fcd9e7afa4ec,MAURITIUS/ID,True,1,0.999997
37966a83d3cf4ef4ab293e292ad7a984,BENIN/DL,True,1,0.99999774
37a03a29b81e43eea12909c76320fc41,GUINEA/DL,True,0,0.00089292316
37a764bcdc1a48fbbc5cc20ec809f92c,BENIN/DL,True,0,0.00091321656
37bad5f88f3b45db81472f20def42abf,EGYPT/DL,True,1,0.9999975
37c095fcc12749b48b9a3058cbcc2d6e,GUINEA/DL,True,0,0.0008889409
37c159b89ee84873b36c7fd4d7dbd367,EGYPT/DL,True,0,0.0009945855
37ca7840f47743379c396173ab618d6f,EGYPT/DL,True,1,0.999998
37cf44fc88d943599075f5f9ccca33d2,GUINEA/DL,True,0,0.00088446477
37decac0481847cbad985c67e85f619c,GUINEA/DL,True,1,0.99999726
37ecbae94ce243db90d103b48764c087,MOZAMBIQUE/DL,True,0,0.00086652656
37f28cdc3e944a0ab78866f55bf85e0a,BENIN/DL,True,0,0.0008924153
37f394b460804939b6966ceaf43f16ec,EGYPT/DL,True,1,0.9999976
37f5decf1eac43ad8fffd7c900b70911,MAURITIUS/ID,True,0,0.00094243506
37f99abba9744543b52fa8fa60fbf78e,GUINEA/DL,True,0,0.00089216954
38017b62eeae41ca8529f82810cf8b40,EGYPT/DL,True,1,0.99999666
3805833bd9454fe3888888b646253d32,GUINEA/DL,True,1,0.99999666
3815d4fb25194755b3b83a52343ea96c,MAURITIUS/ID,True,0,0.00086757506
3817b767bb0248918b28f5f0d8bc056c,EGYPT/DL,True,0,0.0011818593
381b3ea8499a4dc29f239ab422e25844,MAURITIUS/ID,True,1,0.9999969
381f272aaabd4fcc9b047df31b20bd39,GUINEA/DL,True,1,0.9999976
3820e2c6c77d465a90ae3567fa9efa64,MAURITIUS/ID,True,0,0.0009856119
382581761b2548c29a97251a5ac48074,GUINEA/DL,True,0,0.0008953725
3834b31bc43846a193ac467c0f22d88d,BENIN/DL,True,1,0.99999714
38358a3f7ff44f29adf8ca791e48d155,MAURITIUS/ID,True,1,0.99999654
383bee31c3904537b9969ef0a522cc24,EGYPT/DL,True,0,0.0011993571
384409ae570a49aa8db0e4a3b9ed4558,MOZAMBIQUE/DL,True,0,0.0008684459
3849459ff23e4c9da38f5be000b87291,GUINEA/DL,True,0,0.0008840448
3855c58f2eb5477da2876a546e8452e3,GUINEA/DL,True,1,0.99999654
385a07e79d2c45a5ad65af14c6aaf777,BENIN/DL,True,0,0.0008965019
386b62a282804b66a9085ad392a90c8a,MAURITIUS/ID,True,0,0.00087645126
386c872d966740ce933e6f0e6d22c47b,MOZAMBIQUE/DL,True,0,0.0008713175
387129ae7b294762b5c3cb8f70cb1ec2,MAURITIUS/ID,True,1,0.9999975
387f8c47e8884218866f072e54ade7b3,EGYPT/DL,True,1,0.9999981
388ba388b3ae4af99c6b7e66d935bd59,MOZAMBIQUE/DL,True,0,0.00085995614
388cbdfdd1dd45b58b0a30ea1f4ad9f4,MAURITIUS/ID,True,0,0.0009861473
388f297a0a9848a582c713949c33cb70,BENIN/DL,True,1,0.9999974
38a36d54f8464ed9acd772dfba3f8247,EGYPT/DL,True,0,0.0013327637
38a3dcc753344a27b1915d77faf3fd40,EGYPT/DL,True,0,0.0010466708
38a6b04d2aff4d4fb91a7a4349796ed6,GUINEA/DL,True,0,0.0008999132
38a86d7ddbb143639262c699e14859e4,MOZAMBIQUE/DL,True,0,0.0008655681
38aa062b9fe44fdea16130917a04031e,GUINEA/DL,True,0,0.0027335186
38b540d1ce964d878a915a8717570653,BENIN/DL,True,0,0.000892929
38c5d798dc2e415686974f79318f5dd5,EGYPT/DL,True,1,0.9999968
38d8e99debf9455f92e83b6973916b8e,EGYPT/DL,True,1,0.99999666
38ffadab64174f07980acb1f94f9b930,EGYPT/DL,True,1,0.99999666
390a884dc78b44d4a4d14a838d63baaf,EGYPT/DL,True,0,0.001031202
390e1bc2465a4b5c92bd071c9a332d87,MAURITIUS/ID,True,1,0.9999974
390fd45add5c40c7b7371cac9803e434,MOZAMBIQUE/DL,True,1,0.9999976
391d7f24127a4455b0ee46a21826df31,BENIN/DL,True,0,0.0008929273
391f469f22ec4702a3c7e451beb39acd,BENIN/DL,True,1,0.99999726
39312e668bc5484092b1a3efffeb3c91,EGYPT/DL,True,0,0.0009373271
3935bdb7fe824ca0934a9db50cfd08a1,MAURITIUS/ID,True,1,0.99999666
3938e31bb4614ca499b7b0785f5cd40b,MAURITIUS/ID,True,0,0.00086726254
393c56ebc9004f678f86ec835681c001,MOZAMBIQUE/DL,True,0,0.00086623355
3944a1ca5d4f4e4bb8f980d9397cd6e5,BENIN/DL,True,1,0.99999774
394ce15b8c944311915f784a00bcc895,GUINEA/DL,True,0,0.0008968658
394f4af121d0416d95ca02a9b717eb65,GUINEA/DL,True,1,0.99999666
3954ce6c64974bfeb0f5f79a4f04cdca,EGYPT/DL,True,0,0.0013410597
39618708930c43c6b6c304d6c38c93a1,MOZAMBIQUE/DL,True,0,0.00086953474
3965eb67f12b4380bee95d8bd7a9c7aa,MAURITIUS/ID,True,0,0.0008785617
3965fb9837cd45f9be835d701201fce3,MAURITIUS/ID,True,0,0.000964703
3967a9bec788429b8b77a3822ef1493d,MAURITIUS/ID,True,0,0.00090510794
3978527f6f52414b9a24a1bb4b79c352,GUINEA/DL,True,1,0.99999666
3980e35a63d74c74a3406f84d4ddabf5,GUINEA/DL,True,0,0.0008879568
39a41e98867d4f5d848aa8f0da44271a,BENIN/DL,True,0,0.0008921772
39a523f2d14e48d38b034ff7ae507096,GUINEA/DL,True,0,0.0008837272
39a7f8a97b5745aba0940c19be1f35c8,MOZAMBIQUE/DL,True,0,0.00086340006
39a885680ca746bfab94187861e5ede0,MAURITIUS/ID,True,1,0.9999968
39af55fa230843bcbe8b7b524e23658b,EGYPT/DL,True,1,0.9999976
39b94ca9e69d45bb803384e480b1c5bc,GUINEA/DL,True,0,0.0008858209
39c0f1fe693743beb2e038b9666cdb53,EGYPT/DL,True,1,0.99999774
39d043004cb04dbebbc1d12ebec915cc,EGYPT/DL,True,0,0.0010344307
39d14908594a4ce69f58737f711f0156,BENIN/DL,True,1,0.99999774
39d37876d14846de824c2f59d8e2e697,MAURITIUS/ID,True,1,0.99999654
39d8647c059b42e2a089e65074987d9f,MAURITIUS/ID,True,0,0.00087393704
39db40293c82421d8919eb9a35a0b0b2,MOZAMBIQUE/DL,True,1,0.99999714
39dba3689c404d1589d01a0b09bbba8a,BENIN/DL,True,0,0.00089236646
39e795b1406440fdaaca54fd7ed0eccd,MOZAMBIQUE/DL,True,0,0.00086300937
39f525e3b0f2468e9e6f036d2c43c6a6,BENIN/DL,True,0,0.00089521555
3a00a12864d3424a91576ec8b5afbf80,MAURITIUS/ID,True,0,0.0008921577
3a10c3457e8641d19602ac4f6df917cd,EGYPT/DL,True,0,0.0009793801
3a16d7c61534450484ab52577ac7c617,MOZAMBIQUE/DL,True,0,0.0008628544
3a1a4ea34b1c45e48f44da9f378e8e36,BENIN/DL,True,0,0.0008909026
3a1bb97eeb7942d98c4d747810334db2,EGYPT/DL,True,1,0.999997
3a1de08a17b34ba696216cc249147363,GUINEA/DL,True,0,0.00089539593
3a1f5e04eabf4dcdadd7c9f662f5df36,GUINEA/DL,True,0,0.0008889337
3a24069b0af24978ae5e95f24a282637,EGYPT/DL,True,1,0.9999968
3a3bd1c20b74476e8a19a37c4c12ad0e,MOZAMBIQUE/DL,True,1,0.9999974
3a3c985086a24b7fbc26ad01bad8fe59,EGYPT/DL,True,0,0.0011125406
3a42864218884b8faa8d483fc1995349,EGYPT/DL,True,0,0.0016302702
3a48472af19f447faa0648d7b0890694,BENIN/DL,True,0,0.0008910711
3a4887573bf540168de2c8f3e00425fb,BENIN/DL,True,1,0.9999974
3a51fde97288447496a5ba0fcd11ef73,MOZAMBIQUE/DL,True,1,0.99999785
3a5d61bfa48a43268a2058e68644fe46,GUINEA/DL,True,1,0.9999976
3a6212fec37046f8ad97fed8245a400d,MAURITIUS/ID,True,1,0.9999968
3a626463cf8b4e0ab7bfd73acd9a92ec,BENIN/DL,True,0,0.0008939599
3a66625ddda34dccbff8bfe38c550e2d,MOZAMBIQUE/DL,True,1,0.99999774
3a6c77b71b8241d9ac4a134303f2a9f3,EGYPT/DL,True,1,0.99999785
3a7e331f28da4c2a96c38a412e440818,MOZAMBIQUE/DL,True,1,0.99999785
3a870878fee84e3db78fb1ca1bbd5933,GUINEA/DL,True,1,0.9999968
3a944d9315bb4ddbb0143f5dcb4da2f1,MAURITIUS/ID,True,1,0.9999976
3a9af6f666604ddb8bc79e138a1fdfea,MAURITIUS/ID,True,0,0.0022362596
3aa36789baab43c18aaa837a930f04ff,GUINEA/DL,True,0,0.0008950173
3ab4e66f87e94c708d78ef6e4a477eb2,BENIN/DL,True,1,0.99999774
3abc6d99d27a4c28a804c3126c9a5cbe,EGYPT/DL,True,1,0.9999976
3abf557546ff4f5e8cba8f8717ef074f,MOZAMBIQUE/DL,True,0,0.00086514466
3ac1335f1f6d4780b298c47c7ae3424e,MOZAMBIQUE/DL,True,0,0.000890239
3ac136e5ff32418286674ec4a2b11296,BENIN/DL,True,1,0.99999726
3ac143547c5f45ba907df8613da1b6ae,EGYPT/DL,True,0,0.0010123488
3ae4e59e476b46f0afa3fdf0d9b227df,GUINEA/DL,True,1,0.99999726
3af0bd4eb66448ef9e16694483a86d9a,GUINEA/DL,True,0,0.00088614423
3afb64ebda0e4637a3c3b08ea9c56c44,EGYPT/DL,True,0,0.0009988553
3afd26e8063347d289227e79ff301383,MAURITIUS/ID,True,0,0.0008966565
3afd7622da3f4aeb9665d18d69e03f57,MOZAMBIQUE/DL,True,1,0.99999726
3b010518632e4379a437ea8355e961ed,GUINEA/DL,True,1,0.9999975
3b1c49fe169b4c97a3add4187875a810,BENIN/DL,True,1,0.9999976
3b1e052a1c244ba6b8da79787bf00887,GUINEA/DL,True,0,0.00089321454
3b215de92ded4806aab7522b24e32abc,BENIN/DL,True,0,0.0008947703
3b28e1808df1416ebc0c1f5de21696f1,EGYPT/DL,True,0,0.0010777274
3b2d75939b7a44e2a81b62eea0a5b522,GUINEA/DL,True,1,0.99999726
3b3139216f804e0aaf6fd77f989bdef1,MAURITIUS/ID,True,0,0.0012339719
3b3381104f754cc1a1522269dc0a053a,BENIN/DL,True,0,0.00089600316
3b3399dbe5dd4fcdaecc510b9f5c3d93,MOZAMBIQUE/DL,True,0,0.00086771883
3b38726e3da742c7ac38bffe995b88e5,GUINEA/DL,True,0,0.0008923405
3b3c5296fb68437c82d4cbc9d1417c3b,GUINEA/DL,True,0,0.00089197926
3b3f8628f6324f57a4779ae9d3863bd7,EGYPT/DL,True,1,0.9999968
3b4ed665739540268c10b95b220be8f3,GUINEA/DL,True,0,0.00089315325
3b4eda4f1c30458b869f715551908985,EGYPT/DL,True,1,0.9999974
3b6c91776feb4cc28a49b53680c76a34,EGYPT/DL,True,0,0.0011090302
3b8afb4bfb974dbda5a9636d14fbbafb,EGYPT/DL,True,0,0.0010744726
3b8bf6d19b3940f492282294617f5d26,BENIN/DL,True,1,0.9999968
3b8f53059ad04ff5a9a9684bff14e422,GUINEA/DL,True,1,0.999998
3babf48771ca4fe999844b96623a38c5,EGYPT/DL,True,0,0.0011354462
3baedff634024568905045ba13dc5276,GUINEA/DL,True,0,0.0009077317
3bb481b425d94363aec2b8d25ef58aaf,MAURITIUS/ID,True,1,0.9999975
3bbca1056caf4f3ea5715e32b529826e,MAURITIUS/ID,True,0,0.0011889226
3bd1be52a91e4e63baa6c7b0b397595d,EGYPT/DL,True,1,0.9999976
3bd3ba588a434c12abd87009df3bb11f,MAURITIUS/ID,True,0,0.0008809121
3bd87dcc2e8444b79ea9268840cb5dc5,MAURITIUS/ID,True,0,0.00088310137
3beaf7630fc1458185a89ff62d784e56,MOZAMBIQUE/DL,True,0,0.0008666463
3c13f402ab9f4e2cae3d8a965de4ec8c,MAURITIUS/ID,True,1,0.9999968
3c1b3799d86a49d586f42b61364cea2d,GUINEA/DL,True,0,0.0008879209
3c211444a98c4bbea7b5c2cd94b41420,MAURITIUS/ID,True,0,0.0008743102
3c31cb7041274c50bbb06a3ca69d6d7b,MOZAMBIQUE/DL,True,1,0.9999975
3c321d07e86840db89e50fad48693f07,EGYPT/DL,True,1,0.999997
3c390dc9b93748a2a66d0fc3c2a4ff4d,GUINEA/DL,True,0,0.0008899918
3c3afa1da51f472fa4c022255d57fd0a,MAURITIUS/ID,True,1,0.9999976
3c3d6edc8a42407bb564c8c6f67e6c47,EGYPT/DL,True,0,0.0011855372
3c4ad0166bed4a76b7c0934b1b7c7698,MOZAMBIQUE/DL,True,1,0.9999976
3c5402dd20bf47e59a3303634d62c251,MAURITIUS/ID,True,1,0.9999969
3c5f3b4cef184c8a9de92fde99ce679c,GUINEA/DL,True,1,0.99999654
3c6155dad6a44e70a227e75893d6f708,GUINEA/DL,True,1,0.9999964
3c63826cd87e42beb4b11d4f0885a106,BENIN/DL,True,0,0.0008939863
3c65bfa485e64a16b09d1034fe876fc0,MOZAMBIQUE/DL,True,1,0.9999974
3c67b7282b1d4106ac7a0d2586fb389d,BENIN/DL,True,1,0.9999975
3c6c74496b7b49699017561b7dcc3e91,MOZAMBIQUE/DL,True,1,0.9999974
3c70184524d7490c902bc412d44731e2,BENIN/DL,True,1,0.99999464
3c7acd439e6f484f82ef03b201a27443,MOZAMBIQUE/DL,True,0,0.00085121265
3c7cff088d1a4d03ac60b92d7d0289db,MAURITIUS/ID,True,0,0.001160071
3c7d228ed94347b8a48fe59d8657611c,BENIN/DL,True,1,0.9999976
3c89cd0b907c4602906b6c51fa0c0d7b,MAURITIUS/ID,True,0,0.0012747615
3c9125be4161496498e81d531766d524,BENIN/DL,True,1,0.9999975
3c9970fc5d5f4181ab56e204959bda4b,GUINEA/DL,True,1,0.99999714
3c9ddfe8091d41db97f2a916d258f68d,GUINEA/DL,True,1,0.99999714
3c9edd8d9f894ac389573ac50ae1083c,GUINEA/DL,True,1,0.99999785
3cadb59176c245e88e2a2c273cff1d69,EGYPT/DL,True,0,0.0011375042
3cb7e51abb65476488fc8dc5fc31ffb2,MOZAMBIQUE/DL,True,1,0.9999976
3cbad0dd58a448138bfa74745812591a,MOZAMBIQUE/DL,True,0,0.0008642042
3cdf2ec0bc3d4f7481797df087d508d2,BENIN/DL,True,1,0.99999774
3ce01958514b48fdba6f636fc97b9489,BENIN/DL,True,0,0.0008949451
3ce6845e79934ef8a82ca7931619bad8,GUINEA/DL,True,0,0.0008908878
3ced6062426a4a4dad5b79d14b68fcf5,GUINEA/DL,True,0,0.0008919239
3cef95c7fea74f2fad0312924cec8d48,MOZAMBIQUE/DL,True,1,0.9999975
3cfd634447d74fc28d2280539a3e71cb,EGYPT/DL,True,0,0.001095275
3cff2e8571894d5097cd7ade4e9ee05e,EGYPT/DL,True,1,0.99999714
3d04755273c54907a0cba4ecbd9af4ee,BENIN/DL,True,0,0.0009074659
3d0d300269bf439ba84d8a2ec4379f4a,GUINEA/DL,True,1,0.99999726
3d140c1edf8f4e989fc80bfe8a6ba9a1,EGYPT/DL,True,1,0.99999654
3d2eba8e45444c91a7b72596879313be,BENIN/DL,True,0,0.00091038476
3d3455f17f5a4d17a5b4c31dbac27bb6,GUINEA/DL,True,0,0.00089057884
3d375c1d7c4141acab4ba87d41610446,BENIN/DL,True,0,0.00090704736
3d493d362c674fd780b5be9193737ff6,GUINEA/DL,True,0,0.00089938036
3d4d292764dc48ccbafaa2ee7de45586,MAURITIUS/ID,True,0,0.0016412444
3d55ce5ebf3b4ae0811a4c42d66198ea,MOZAMBIQUE/DL,True,0,0.0008773232
3d5cc7aaab48488584fa1767152392a6,EGYPT/DL,True,0,0.0011700769
3d7abdcaa29b47389b9be323e491e8ee,MAURITIUS/ID,True,1,0.99999785
3d7ba5fdee564d03ac1e059f80279856,MOZAMBIQUE/DL,True,0,0.00087048276
3d7d14d53487490e9ee397857ed79a51,BENIN/DL,True,1,0.99999774
3d83b4cb0c854718bdf748d76e73bbdf,BENIN/DL,True,1,0.9999968
3d8c989443db4a50848ba12c362712f4,MOZAMBIQUE/DL,True,1,0.9999974
3da8f973882841ed8e7dd3ab94610a3e,GUINEA/DL,True,1,0.99999726
3dac01dd803f4a22be84a4a57009e07c,GUINEA/DL,True,1,0.99999726
3dac5e0f79384044b3aeb784b9314603,EGYPT/DL,True,1,0.99999774
3dacb483f1404956b8a2b52e8346f7a3,GUINEA/DL,True,1,0.999997
3dafea0a930f4164b9b457fc1b4fbe0a,GUINEA/DL,True,0,0.0008916542
3db1752f2f3a40d69829890ae59011ed,GUINEA/DL,True,1,0.99999654
3db30291641e4888addd15c6714f3e7c,MAURITIUS/ID,True,1,0.99999654
3db4eecbc7104d0d80f4f21049d7ccb1,BENIN/DL,True,0,0.0009019588
3db779813dd84625a4704d3c5abd354c,MAURITIUS/ID,True,0,0.00088059733
3dba1003e71c408ea6e9304b96b7687b,EGYPT/DL,True,0,0.001030356
3dbab7c16e0f46359b343fd02f67085b,EGYPT/DL,True,0,0.0012668063
3dc45c642cf14bd5b7055c949930db79,MOZAMBIQUE/DL,True,1,0.99999774
3dd0f698f5824e59849df2e1d9a796a2,BENIN/DL,True,1,0.9999975
3dd81d1281ee4a7ca0c51d84b0bb5b7d,MAURITIUS/ID,True,1,0.99999714
3ddea237f6b64d2ead383cdd4f637ce2,EGYPT/DL,True,0,0.0012728609
3deb080e89494cceb8794721362b6fc9,GUINEA/DL,True,0,0.0008976284
3df9a4e6b282415b8c674be71df708f2,EGYPT/DL,True,1,0.9999969
3dfb94bacc5f482693b5c0dba21376fb,MOZAMBIQUE/DL,True,1,0.99999726
3e02817dbb1640b2a3a6fadc2443da94,MAURITIUS/ID,True,1,0.9999975
3e0a201ab3254f749efd44767eb721d8,MOZAMBIQUE/DL,True,0,0.00086886354
3e1bfce752664f75adedd0edb59c4f9e,MAURITIUS/ID,True,0,0.000913157
3e236570bfca4164ae70fdd45cb9a8d8,MOZAMBIQUE/DL,True,1,0.9999976
3e53e0a0a6a442e0889ef4a7433d37c6,MOZAMBIQUE/DL,True,1,0.99999774
3e59d8b4bead481dac92756a009048c1,BENIN/DL,True,0,0.00089122826
3e6cf7ae802f4b66bb0a8a347659b235,MAURITIUS/ID,True,1,0.99999726
3e7c78477b4a427d9a03b7f36b0a9220,MOZAMBIQUE/DL,True,1,0.9999975
3e90f182eda146a99182b56221ec0732,MAURITIUS/ID,True,1,0.9999976
3e97f325f20544568b3f1f94bf6862ee,GUINEA/DL,True,0,0.00089285325
3e98004ca4524fbfa375d2c083a0b247,EGYPT/DL,True,0,0.0011763384
3ea41cc95005460b95bca43030c1c162,MAURITIUS/ID,True,0,0.0008639724
3ea7ef47534e4e908fcbc0733461cc59,MAURITIUS/ID,True,0,0.00088959496
3eb2b129a876424e948fdc019b1a7d16,EGYPT/DL,True,1,0.99999774
3eb68c5fa8e849968c6c26ef06693fe6,GUINEA/DL,True,0,0.00089582003
3edd4d69e28e42ae943c3868aa54e51f,EGYPT/DL,True,0,0.0013945133
3ee5462cfce14931aa1bd7fd7c6f1bc2,BENIN/DL,True,0,0.00090060884
3ef8aa4ba7ac4203ab3df7753823835b,MOZAMBIQUE/DL,True,1,0.9999975
3f0aa87878f14837951d3f00c774ae5c,GUINEA/DL,True,0,0.00090269774
3f1971d5e3ea45b29512578100075c22,GUINEA/DL,True,0,0.0008825159
3f2385d5bfa242d1893310e0610fb206,EGYPT/DL,True,1,0.99999666
3f29c1140dde402aa524569fe2bc88a8,BENIN/DL,True,0,0.0008909005
3f2d414005f344529b2c60df253d866f,MAURITIUS/ID,True,1,0.999998
3f383e7472764cf6852206143c6f062f,MAURITIUS/ID,True,0,0.0014321745
3f4806677da4434889a958d8ec5cbc6d,BENIN/DL,True,0,0.0009014132
3f4e5de0c83343d5bf260aa4888cc9c1,MAURITIUS/ID,True,1,0.99999714
3f61caca83304fdcaa0cfbb0bb6ca3db,EGYPT/DL,True,1,0.999998
3f78ce62fa9140cd9baf78a893bc7381,MOZAMBIQUE/DL,True,0,0.00086516445
3f822b2a8ce346428ce451d7cb11c136,GUINEA/DL,True,0,0.000893856
3f8ccb4e2e6f47e88e1be0a6447e4a61,GUINEA/DL,True,1,0.9999964
3f957d18f58e4fc591fbce33b6f416be,MOZAMBIQUE/DL,True,1,0.99999774
3f9a55294e914b6ba5fa755033df00a0,EGYPT/DL,True,0,0.0012766812
3fad21bb6e054c66b35f2fb69d90e950,BENIN/DL,True,1,0.9999974
3fc3f6b0eed8409a83c10b88ec92d613,EGYPT/DL,True,1,0.999997
3fc8dadce2a44a5e952c0adbb669c774,EGYPT/DL,True,1,0.9999976
3fd08ebad8f44a26968227ad22c86721,GUINEA/DL,True,0,0.00089399825
3fd3f7b18f184299b028ca684ec32f2d,MOZAMBIQUE/DL,True,0,0.000865545
3fd5420bf1af40eea78a46daaa2e990f,BENIN/DL,True,0,0.00091085164
3fdf3b2f6c5a45feac7ff9ba60412481,MOZAMBIQUE/DL,True,0,0.00087487436
3ff96106922e44a8a33015a108cbc7d4,EGYPT/DL,True,1,0.99999774
4010e38367ee41ed997a41a432cdcf54,BENIN/DL,True,0,0.00089097314
4011799e6dc14ce4987c82a41bbb7811,EGYPT/DL,True,0,0.0012732034
40135db993d944c6990f8ef462007d0e,BENIN/DL,True,1,0.9999975
401aa8ffe7044872a383dd6b9c386c7c,EGYPT/DL,True,1,0.9999968
40264805556d42cc9ed139540051381d,BENIN/DL,True,0,0.00088865677
402dae5ac1c34269b034aee7cac23c45,MOZAMBIQUE/DL,True,1,0.9999976
4033cb16d71c42168c010f4ca709da5d,MAURITIUS/ID,True,0,0.0008745414
40400f599a98419282571081b99985be,MOZAMBIQUE/DL,True,0,0.00087899715
404c45988b7a49da932de021c97c0c8f,GUINEA/DL,True,0,0.00089326175
404d760036b3478fb620196c61308544,BENIN/DL,True,1,0.99999774
4056658cdccd4b78a1336049f0da74ee,MOZAMBIQUE/DL,True,1,0.9999976
40808064485b4458b71d8a220b6447ee,MAURITIUS/ID,True,1,0.9999968
408d22cdc789405ea826205354f1a61f,EGYPT/DL,True,1,0.99999774
409ad67df6af478d8819248571367ca5,GUINEA/DL,True,1,0.99999726
40bc286b82d1459b8fc20619eca5b5e7,MOZAMBIQUE/DL,True,0,0.0008712199
40d3d713999e4cc99fc0d15dffed0f1e,EGYPT/DL,True,1,0.99999774
40e4cb910a6a4d89830edee739393930,MAURITIUS/ID,True,1,0.99999654
40e5fc1c3dc94ba18dc83f8b7f95f6ea,MOZAMBIQUE/DL,True,1,0.99999774
40ff68e23dfc41d49af6bfa412ff02c7,EGYPT/DL,True,1,0.9999976
4104eb1a56584bacb414abd0f5395127,MOZAMBIQUE/DL,True,1,0.9999976
41093ba0cbd74f75ae40deab3077013f,MOZAMBIQUE/DL,True,0,0.0008624171
4109c967d83b400ea9200d337c6f2b3d,MOZAMBIQUE/DL,True,1,0.99999774
41137312751d4a8784e85b1d342c85c2,BENIN/DL,True,1,0.9999975
4116c03d06c7482786ed9b8ed7e182aa,GUINEA/DL,True,1,0.99999714
4116c4860a8d42c5b70aee9726f6f9eb,BENIN/DL,True,0,0.0009561354
41207505e11245b182665c629e71eee0,MOZAMBIQUE/DL,True,0,0.0008697486
4126d3bcb4b940deb394aa3f6a14a0ab,MOZAMBIQUE/DL,True,0,0.0008782181
4127c530dfc8444abcb611530c1c6089,GUINEA/DL,True,1,0.99999654
41289ed2ea714ec8a4cb2d6e04fdbe70,MOZAMBIQUE/DL,True,0,0.0008685241
4141af469b5245ce83933661d435b06e,MAURITIUS/ID,True,0,0.00086827093
414bc1b4880d4f6caa744db27d97816e,GUINEA/DL,True,0,0.00090397114
414f929930a7484e8267b0498bdd20e6,MOZAMBIQUE/DL,True,1,0.99999726
4150b87f4ed84415ac03b5b8d819be54,MAURITIUS/ID,True,0,0.001043647
4151d655e0494076bc9ced4790ac3d17,MOZAMBIQUE/DL,True,0,0.00088810537
415dfc34247947dd9500e2b0d34dc52a,MAURITIUS/ID,True,0,0.0014763463
416cd908112c449586d18b506e229e70,MAURITIUS/ID,True,1,0.9999975
41739c9b2fe84d85ac2a2ad5059314f4,BENIN/DL,True,0,0.0009105405
41849f899349470ebb97a65355800287,BENIN/DL,True,0,0.00089739496
4184e30ffce94b2e86e51dfcb10fb6a0,MAURITIUS/ID,True,1,0.99999666
41928caf848b4d65a2142c870a7840d9,MOZAMBIQUE/DL,True,0,0.0008627155
4196c21ffec8445992b8440934ddd3fc,GUINEA/DL,True,1,0.99999654
419dac2266434683ad8c2850bae6b786,EGYPT/DL,True,1,0.99999774
41a51b4638cb43cf91aa8398f5c050ea,EGYPT/DL,True,1,0.99999774
41b6948e0f794c5793f6007e2d9eaba3,MOZAMBIQUE/DL,True,1,0.99999774
41bb12308d3d45829b63bca1dbe9a4b1,MOZAMBIQUE/DL,True,1,0.9999976
41c280b70cfd43cb8bb8e68c16ad0301,EGYPT/DL,True,1,0.99999774
41cb1a0082c34dfc93b985f18d6695e5,MOZAMBIQUE/DL,True,0,0.00087010296
41ce1ce91a244bce8ccff8ae903f0296,MAURITIUS/ID,True,1,0.9999976
41dffac8030e40179f3eebc604fd73c7,BENIN/DL,True,0,0.0008943122
41ec9de9f44f4f0e856eb2c01050ab1b,GUINEA/DL,True,1,0.99999726
41ee4add8aec42bcb500877af4c620f9,MOZAMBIQUE/DL,True,0,0.0008795974
4200315715704903b1fec68a514c5a10,EGYPT/DL,True,0,0.0010355085
42273d3e223644bdb4241e3ee4d0f7d9,MAURITIUS/ID,True,0,0.0009010354
42286bdda72a45b9a416bd9cee96f1b1,MAURITIUS/ID,True,0,0.0008699574
4229742a64d147928c1fdfcf4f8d3ac1,EGYPT/DL,True,0,0.0011245603
423021e9b2b24a95a88d8494aa07b5a2,EGYPT/DL,True,0,0.0015860754
423210b369f04209adb636523e59ff7b,BENIN/DL,True,1,0.9999975
4235dbddab514eeaa17f70752f696137,MAURITIUS/ID,True,0,0.0010749061
42378946edab48e3ab2461b725bdcc50,EGYPT/DL,True,0,0.0010025701
423c8c38f9ea48429f04b64efad34ab4,MAURITIUS/ID,True,1,0.9999633
42416213be6648e7a113d6ec5552b338,MOZAMBIQUE/DL,True,1,0.99999774
42537bafbc51471db8409a9211cf572c,GUINEA/DL,True,0,0.0008846556
426bc5dae90e476ba8e8112b19fc2247,MOZAMBIQUE/DL,True,1,0.99999785
42785fd7b05f46fd94f22d8b518a5611,BENIN/DL,True,0,0.0009009646
428277484542401e8001cebee401f187,EGYPT/DL,True,0,0.0013264233
42874c42b06740dc850be52f8428f1ca,MOZAMBIQUE/DL,True,0,0.0008625893
428c6bf070cf41e8afe3ea45c2c25d44,MOZAMBIQUE/DL,True,1,0.9999975
42994c8559e94c44b73eea96937b99bd,EGYPT/DL,True,0,0.001061982
42a576c64d24494295d8c275394e59ad,BENIN/DL,True,1,0.99999774
42b07b8bc78e411d8a0ea39d3e2f29f4,MOZAMBIQUE/DL,True,0,0.00086938194
42b53f69ac4a4ddaa055a838d2bc17ec,BENIN/DL,True,1,0.99999774
42b5ae11f4fa441a99f7b1c0eb5f0a9f,EGYPT/DL,True,0,0.0013118458
42c716fb11fe4c6587b4664f5d98c7be,GUINEA/DL,True,1,0.9999974
42cbbb369c5c456d9cb7f71f2cbe12a1,EGYPT/DL,True,0,0.0016049616
42e00697d2eb49bd83eaba6495762c2c,MAURITIUS/ID,True,0,0.0008756233
42f8314f62ed47f99322e93bc8ffd34e,BENIN/DL,True,0,0.0008890396
42ffdb2bc02745069118e3ac16924c10,BENIN/DL,True,0,0.00090086285
4302a7cb3f884e2d9570cbab09abb79a,MAURITIUS/ID,True,0,0.0008824529
4305a8f269524a6d95e12fe75b24083e,MAURITIUS/ID,True,0,0.0012144141
4308151a9bcb4800836ea00423e125c5,GUINEA/DL,True,1,0.99999666
430e4fc251284a78a39a372d84f78760,GUINEA/DL,True,0,0.00088598375
431b48e94c834641b0851920dad16d4a,GUINEA/DL,True,0,0.00090913306
431ca8dd6a1342dda3687e1000604257,EGYPT/DL,True,1,0.99999774
431d4a1ef1de4aed9448361ed9667ea5,EGYPT/DL,True,1,0.9999976
431e47ffaa65419cb3828c223b0fdbcf,MOZAMBIQUE/DL,True,0,0.0012164025
43235bf3469749728163f1b450d9b31d,MOZAMBIQUE/DL,True,0,0.00086394284
4348dc3224554244ad1b540c9ad813dc,MAURITIUS/ID,True,0,0.0010931159
435ecea20c0442d6a8171ed270074a7a,EGYPT/DL,True,1,0.99999774
435efbe3ce874bc5b93c1c55cba4acad,BENIN/DL,True,0,0.0009049994
43638d3d6a6d471dafeaadbd844f94f1,GUINEA/DL,True,0,0.00089381
4369a1b860004de3926808a4a71be3e7,MAURITIUS/ID,True,1,0.99999654
43711d5544ea429ea531fb0af9d0b906,EGYPT/DL,True,1,0.9999976
4371476903f840939f749e0d6a081f3f,BENIN/DL,True,0,0.001376484
43800186154b4745978a238289878243,BENIN/DL,True,0,0.00088882196
438350dfe0d74a56823f0f6574bc2611,MAURITIUS/ID,True,1,0.99999666
4383651152e444199ec4c997242e8963,MOZAMBIQUE/DL,True,1,0.9999976
4388f491cf4444949d3f13d2923456e1,EGYPT/DL,True,1,0.99999785
43a53edf7c1340cca6c2fa024ef71a86,EGYPT/DL,True,1,0.99999785
43a6a27cef5140f3b7d7f35ff2ee5166,EGYPT/DL,True,0,0.0010368016
43b8019d5391413297db9b77e207e49b,MAURITIUS/ID,True,1,0.99999654
43b8627579bd48bc9a0b2efc01c65615,EGYPT/DL,True,1,0.9999964
43bf758a7b5c4d3eaece44827f2ca2bd,GUINEA/DL,True,1,0.9999975
43c7977ba6f843fc95025351f28237b7,GUINEA/DL,True,1,0.99999666
43caae37f1054640a47694c7c5f55a76,EGYPT/DL,True,0,0.0009813692
43e198175db3486bb9bdfec8aaada37d,MOZAMBIQUE/DL,True,1,0.99999774
43ea4a039f55403f8cea0656debf685c,EGYPT/DL,True,0,0.001117277
43eae395ed3f4d3cbca3378fe5d9272e,MAURITIUS/ID,True,0,0.00097030454
43ed2152434c4b7296cd85e4b07fce80,MOZAMBIQUE/DL,True,1,0.99999785
44041297d14d435f88a6f678159d5915,GUINEA/DL,True,0,0.00091970735
44077c9760b646119ec3ff602e80e63c,MAURITIUS/ID,True,1,0.9999974
440c86d8b1634c8b96430c37af8ca4dd,EGYPT/DL,True,1,0.99999785
441739d3991e49d196b83850fcb5fddc,EGYPT/DL,True,1,0.999997
4418095f45694e0da9f2f28aa1db4ca2,EGYPT/DL,True,1,0.99999785
44184dcf57b34c1697d80f072f9946ef,BENIN/DL,True,0,0.00088725734
441e50bd24cb4d2c811883398ded1746,MAURITIUS/ID,True,1,0.99999654
441edc878d23410d8f189071bab89a58,GUINEA/DL,True,0,0.0009013046
4422122c371846359cc58eb1b3c7940b,MAURITIUS/ID,True,0,0.001306923
442581b92bfa4525abf69cba591d0012,GUINEA/DL,True,1,0.9999975
442ccedf966c421487fb6b1c255b197f,EGYPT/DL,True,1,0.99999785
444c0409f5c0404ba45038eb605c03b6,EGYPT/DL,True,0,0.001000227
4450650498ac4ddaaab39c7f8362ea2c,EGYPT/DL,True,1,0.999998
445ee6f9e3414320be8320138d3d86f7,BENIN/DL,True,0,0.0009096465
445f5ef26b1d4cf3898d3bcbd27ff9cc,GUINEA/DL,True,1,0.99999714
4463b224bbc443d0b79145ea37a933ce,MOZAMBIQUE/DL,True,1,0.99999774
4475816660e840d7922c3bbfc2d03d4e,EGYPT/DL,True,0,0.0011437149
4475e97a2b6b4e57b96e5e54b624648f,EGYPT/DL,True,0,0.0016909263
44772de079cf43cd9cd32800bb6197d2,GUINEA/DL,True,1,0.9999976
447a6585d6d24d4ab747e4d1ce9bfb5a,MOZAMBIQUE/DL,True,1,0.99999774
447e328f62db4188b925bc9184f227b9,BENIN/DL,True,1,0.9999974
447ff4ba50ed49a48c3b02017cdb96bd,BENIN/DL,True,0,0.0008966522
4480cceaaf164267b5d8c1653e1ceed8,EGYPT/DL,True,1,0.9999976
4487b96694c448e18ef18e8e68d15161,MOZAMBIQUE/DL,True,1,0.99999785
448abc5af97143cdbe65c1bb191647b8,GUINEA/DL,True,0,0.0008835336
4491e19bec4b4fe5ad39f569f97001f7,GUINEA/DL,True,0,0.00089724833
449220c8f655495ca9be075c50f465a2,MOZAMBIQUE/DL,True,1,0.9999975
449bcc6985c1481e9ccaeec1b3411f70,MAURITIUS/ID,True,0,0.0009605162
449e325ca2384aaf817b7950d7cd74f3,MAURITIUS/ID,True,1,0.99999774
44ad5c5f3ba04267821f197a0a047233,BENIN/DL,True,1,0.9999976
44b4e11b1fec4b599ed61ff83a979c3f,EGYPT/DL,True,1,0.99999785
44b9010d832b4ac79f5ced430121a04e,MOZAMBIQUE/DL,True,0,0.00086806616
44f627a8438d4dd491ded456e4a4f707,MOZAMBIQUE/DL,True,1,0.9999975
4507fdf646094230b5ed2fe12e7c499d,GUINEA/DL,True,1,0.999998
4510451020c74baca42ba100dd3867de,BENIN/DL,True,1,0.999997
45145d1bc67348dab6aec7f23180c364,EGYPT/DL,True,0,0.0010001913
451b9fe7519b453190b682a45b110a7e,BENIN/DL,True,1,0.9999976
452022d500484340bef0f2eeeb7bd1d7,MOZAMBIQUE/DL,True,1,0.999998
452cbd9c033049cca64eac6a471fd11a,MAURITIUS/ID,True,1,0.99999785
45358746d9a045ad93dda45fd8efb1b8,EGYPT/DL,True,0,0.0010725014
453c0eaf00e74376b130bb2c3473be30,MAURITIUS/ID,True,1,0.9999968
45469e07ef3349d39dfdd48be8c8e3f7,BENIN/DL,True,1,0.9999976
4552d4e010834c91b80c96fc120dca6f,MOZAMBIQUE/DL,True,0,0.0008742727
4562b0ec08fb43d3b0e9f46c18752d98,EGYPT/DL,True,0,0.0010100092
456405f7c46a4e4ea408d39269606264,BENIN/DL,True,0,0.0008867912
456d01a47a6f464d90f44ee8944c6212,BENIN/DL,True,0,0.0009047554
457072b4564f487dafcfe21fce7c17db,EGYPT/DL,True,1,0.99999654
457291c71ca84c8fb22a6df7ee10cfeb,MOZAMBIQUE/DL,True,0,0.0008704765
458321a1404140798ca71d2811e11963,BENIN/DL,True,1,0.99999774
4585272d89b14e6b8872c9646b6542d8,EGYPT/DL,True,0,0.0015430438
4593d4d5a53444b28f75e4434aa86427,MOZAMBIQUE/DL,True,0,0.00087559415
4594b3a480244acf8d77d405df4de613,GUINEA/DL,True,0,0.0008937218
4598712957e04af9ad5f661de366c853,MOZAMBIQUE/DL,True,0,0.000860849
459bbf017fc3447f9783f7c167ad502c,BENIN/DL,True,0,0.00090159965
459d39b30b3246b9b6db4530d0a26fc1,GUINEA/DL,True,1,0.99999666
45af74611ad44327b3dae8c80d846f0a,GUINEA/DL,True,0,0.00090486783
45baea5dca2a4af294a4700353f7ce40,MOZAMBIQUE/DL,True,0,0.00085939013
45bb5e91d3f941cdb44e8e0e191ecacb,EGYPT/DL,True,0,0.0011374543
45cc09214e0445709c62226b57d798ab,GUINEA/DL,True,1,0.9999974
45d9453cd8444f94a6e1d9f67de746db,EGYPT/DL,True,0,0.0013684917
45e959f61a2942808b1810b29a7530bd,MOZAMBIQUE/DL,True,0,0.00087059004
45f0d76f0a694ac49d746a64dafc11a4,MOZAMBIQUE/DL,True,1,0.99999774
45f66c3c3e3f4e6db6aa0e73bed25967,BENIN/DL,True,0,0.0009089364
45f683fbb34841ec9a3fede5b7c47ea6,EGYPT/DL,True,0,0.0015105617
45f9cf93d185422a90aa48102fb595a2,EGYPT/DL,True,1,0.999998
460755f311fe4b98b18db27f41d47c37,MAURITIUS/ID,True,0,0.00090113457
462ee4633dd343f99fd6a4773b94b483,MOZAMBIQUE/DL,True,0,0.0008647416
46415d09623940fc811a347447291c69,BENIN/DL,True,1,0.99999714
4644310e366a4c2993dc5728cb4d14f5,GUINEA/DL,True,0,0.0009027842
464a12d0cbfe412c9323a5dc8c84c6f7,EGYPT/DL,True,0,0.0013873575
4657456a007a44de83008f98c4d548af,EGYPT/DL,True,1,0.99999774
4659598085ed41fc9c91a894dd2d0f60,MAURITIUS/ID,True,1,0.99999654
46597c75e9824a95bfb1f3e8da46b91b,MOZAMBIQUE/DL,True,1,0.9999974
466791a6a35c4c358ac10905679e886c,EGYPT/DL,True,1,0.99999774
467468d5c4de4aed9547d69773724859,MOZAMBIQUE/DL,True,1,0.9999975
467d417bad844d13ac7ca8f25f7a5ccb,BENIN/DL,True,1,0.9999968
467d835fda924b5bb2430c3056d7d769,MAURITIUS/ID,True,1,0.9999974
467e2b1bcbe343ac92c457ab8190966f,MAURITIUS/ID,True,0,0.00088628015
4681a6ae9fe44129bfa6b364a35f5f54,GUINEA/DL,True,0,0.0008900838
468296edd7be417aac95d13043189444,MOZAMBIQUE/DL,True,0,0.00086286303
4684791f29854ae9b9066677a6721c35,EGYPT/DL,True,0,0.0015251776
468928d9333f4a578584ff892bbcf7ab,GUINEA/DL,True,1,0.9999974
4692a21abe094fdda265eb29ae9ff50d,GUINEA/DL,True,1,0.9999968
469590de14ef464a83f9eba5922c58fe,MOZAMBIQUE/DL,True,0,0.0008676808
469e0f802a70498695a296f73ea4ac82,BENIN/DL,True,1,0.9999969
46a2f07700fa4c11afe2cbd479132f50,EGYPT/DL,True,0,0.0009853063
46acdc3083b643049d403a86b507f7aa,EGYPT/DL,True,0,0.0011091095
46b31e68c69345b398e5d3c49db60fc6,BENIN/DL,True,0,0.00090842
46bb5996f67d48b19860d9da6cb164d6,BENIN/DL,True,0,0.0009113151
46bb908d4ee147d4af2ed353a712426b,EGYPT/DL,True,0,0.0010995117
46c979122467492e863a1c7b1bfb611e,BENIN/DL,True,1,0.99999774
46eb2e007d58477aa25d86be0d3acf28,EGYPT/DL,True,1,0.99999666
46fef43c6996493baa6a96d1515d31f0,GUINEA/DL,True,0,0.0009002991
4702202423d94c82aa6abcd3f8873215,EGYPT/DL,True,0,0.0012739263
4704fa2ee81a4d339927befa9a6602cc,GUINEA/DL,True,1,0.9999974
47062ab5256f460cb89a4f0a3fcfe7b9,GUINEA/DL,True,0,0.0009035741
47076b5f97144246b68d5364efd87466,MAURITIUS/ID,True,1,0.9999976
470fe258527e4273b13a52e8be03c838,MAURITIUS/ID,True,1,0.99999714
4712ac3ba05047e78c9a96fd674257f8,MOZAMBIQUE/DL,True,0,0.000878396
4717bebe57ac4ae6ab5a28dd3eee8b0d,EGYPT/DL,True,1,0.9999974
4723d4117988450aa19ab978bd7a3dc7,BENIN/DL,True,0,0.00090502435
47306c703100434ab49edf79b1a2d796,GUINEA/DL,True,0,0.00089921453
473f52f54abd47bc9007c59b1d55effe,MOZAMBIQUE/DL,True,1,0.99999785
474001e4aef649d28aa97f4a98030b5a,GUINEA/DL,True,0,0.0008994777
474fdddfaf5342ad8bf0ce82f4e3de7d,EGYPT/DL,True,1,0.9999976
4760ff2f74e5499896b8d2b3ca4b7e3a,MOZAMBIQUE/DL,True,0,0.0008599423
47708bd4593c49fca66a3c7c1938e240,EGYPT/DL,True,1,0.9999968
477c3dfb48da4e7a812ae8094a2a3695,MOZAMBIQUE/DL,True,0,0.00088163593
477d5b4db7d14e38a6efdfac18f493e9,GUINEA/DL,True,0,0.00088543695
4784853b6d9f4b5c821496fad89db7d0,MOZAMBIQUE/DL,True,0,0.00087500276
479bd9c319dc4cbdb083d5f616cd7dfd,EGYPT/DL,True,1,0.9999976
47a75ae72474443ea9868c0f397e5fea,EGYPT/DL,True,0,0.0010360981
47b2cc457582448390d3b36e4da3fbed,BENIN/DL,True,0,0.00089869474
47b7a49cba0e420dae9dc2b14f9fb1c0,BENIN/DL,True,0,0.0008905656
47bb64e36a9d4406ae68a146b63384cf,GUINEA/DL,True,1,0.9999963
47c77d86267b42c5b97ac4aedaaacc27,MOZAMBIQUE/DL,True,0,0.00087069045
47cd5524212a46e39c04f503c591a2ec,MAURITIUS/ID,True,0,0.0013285037
47d074c4b60043848c80da9b7f478fba,EGYPT/DL,True,0,0.0012333831
47e7a88d9d1f4b21a7d85a447e9de149,EGYPT/DL,True,0,0.0010053158
47eb0cd8e66045b092084d246b8401b8,BENIN/DL,True,0,0.0008997614
47f0cb0c3028432289ec4834129669b9,BENIN/DL,True,0,0.0008918831
47f193a8121743b588f9d5fdbfb0b5a8,MOZAMBIQUE/DL,True,0,0.0008748703
48056b110ba04c048da9d4a2f14a341f,BENIN/DL,True,0,0.0008868208
4806e59199964a28b85c8135c52ac2c9,MAURITIUS/ID,True,0,0.0010291939
480c67c6a39a4eaf81c2c0565a19ac83,EGYPT/DL,True,0,0.0010694045
48110c09ec724cea89016da60a5d1c2a,EGYPT/DL,True,0,0.0012332
4817140f4659411da8d91a8f249bf8c8,MOZAMBIQUE/DL,True,0,0.0008573919
481d5e39216a4a84b473e01ee9202e7d,BENIN/DL,True,0,0.0008949234
481e4413796b4ae59408bcb63cd1d130,BENIN/DL,True,1,0.9999975
482bc076d51846a9865e94c9cfaa99cb,GUINEA/DL,True,1,0.9999976
483042014d934f119e6c27be9d8fe150,MAURITIUS/ID,True,1,0.9999968
48368ae79ba04203baac26836b111e5c,MAURITIUS/ID,True,0,0.001201323
483f341cc6e94c89b19c58a8af34fa95,MAURITIUS/ID,True,1,0.99999785
4847b56ba0fa41b6ae9c8f8e4bf099ee,MAURITIUS/ID,True,0,0.00095219
486e139c861f4d57a18d6b14f0cb6ecd,MAURITIUS/ID,True,0,0.0008833312
487a22dc15574f4e8991f6c51e226fd4,MOZAMBIQUE/DL,True,0,0.0008639419
4881e4d2fda844869cdff60f64fd4d75,EGYPT/DL,True,0,0.0010039496
48929a0687ab419d9b64ba80cc170979,GUINEA/DL,True,0,0.00088503625
489f19e3c42643e0bba9ee80c91ca166,MAURITIUS/ID,True,0,0.0008646676
48ac7e48ed1b4a2fae5c701ed18403d3,GUINEA/DL,True,0,0.00089999894
48b1b548db6b41c79523135fec2c25f0,MOZAMBIQUE/DL,True,1,0.99999774
48bfd88ebe604ea8bd15d6938836cbc5,EGYPT/DL,True,0,0.0014286117
48d08a0313b746cb84faf433f96a539e,BENIN/DL,True,1,0.99999774
48d727a0984f4b79b5a5aecb858ff03f,EGYPT/DL,True,0,0.0012137063
48db91772d4c4d6799a20be5cde8ee88,BENIN/DL,True,0,0.00089364103
48e5d1c5054b4b77890b43fd286cd046,GUINEA/DL,True,1,0.9999964
48e83747017a419c88451e9f9b864e21,MAURITIUS/ID,True,0,0.0014284158
48f9ddb79a5d4fe580caea9b526e8b13,GUINEA/DL,True,1,0.99999666
4902ab439acd4b2a872ed6178fe2f226,GUINEA/DL,True,1,0.999997
4920110011bb46788425ff8459578bcd,MAURITIUS/ID,True,0,0.00088173425
4925e70143b14c6e8673d91226656411,MOZAMBIQUE/DL,True,0,0.0008635371
49283c30040a4da6bd07ef3810f0e0d4,BENIN/DL,True,0,0.00090509246
492d06a6c7594c13b6d522219e3482b1,MAURITIUS/ID,True,0,0.00095698296
49335b0760ae4cbbabf6b1c90e43ac61,MOZAMBIQUE/DL,True,0,0.00088714244
49365433d93d43b2a433a864b33288e0,BENIN/DL,True,1,0.99999774
49367cb234d3430481e25b29311b8045,BENIN/DL,True,1,0.9999976
493a9a646f8540eca0e488dedc2ff637,MAURITIUS/ID,True,1,0.9999974
494c967bf6f44e37bf1b94faabe0a46e,MOZAMBIQUE/DL,True,0,0.000864958
494fc210d8a0469b9a95f990b85e3d03,GUINEA/DL,True,1,0.99999654
4961db43133b419f9b93de5bf8f7b862,GUINEA/DL,True,1,0.9999976
4979553499dd4c7390cdacf84f848616,GUINEA/DL,True,1,0.9999964
498e567c46154a2d9ffabf3586952c72,MOZAMBIQUE/DL,True,0,0.00088316156
49a2ab0e698b44399f3133d77c706183,BENIN/DL,True,1,0.99999774
49a333ed39c14e1cb4e98c5e21d31942,EGYPT/DL,True,1,0.99999714
49aede4ad6f046c5bbd2d021232541b2,GUINEA/DL,True,1,0.99999654
49cdf3e1ab974dd8b7b91db17f5205d5,BENIN/DL,True,0,0.0008979872
49d08b3dbf5a4676802520cc199b0e53,BENIN/DL,True,1,0.9999975
49d7ac5a8c524700aa47692ea2f7dc73,MOZAMBIQUE/DL,True,0,0.0009394542
49eadd64edd6473ab92808826d455c97,BENIN/DL,True,0,0.0008934677
49f1257565f6474bbc18d1f910c6b1b9,EGYPT/DL,True,1,0.99999774
49f7995002c74f839e66434438f448b2,EGYPT/DL,True,0,0.0009831435
49f9c53ddb0c40e384dbc0c6d018548a,MAURITIUS/ID,True,1,0.99999774
4a04940dc02040f99b32146e7db9c121,MAURITIUS/ID,True,0,0.0008901508
4a1005b05f3b4003a60e0b08aa37af39,GUINEA/DL,True,1,0.99999654
4a1a34928f3f4b39b5c878eafabc2f46,GUINEA/DL,True,0,0.00089503254
4a2d71e4087a4188ab23ce33ba6b756c,MOZAMBIQUE/DL,True,1,0.99999774
4a315fe3d5ee41489a32252d900fd5ae,EGYPT/DL,True,1,0.9999976
4a4f142860ce4433981015c2ab808fd8,BENIN/DL,True,1,0.99999774
4a5abacff5c94709b26e7698b89bbcab,MAURITIUS/ID,True,1,0.99999654
4a5cbaef625d4687aacd4a87ebb4f53b,GUINEA/DL,True,0,0.00089328137
4a764b5c47024ffab448e9ebcda316ea,GUINEA/DL,True,0,0.00089380745
4a7945180ef54bdbaaa02a9caa14e667,EGYPT/DL,True,1,0.9999968
4a9d234ffc5246f28f4ba79aea24abe1,MOZAMBIQUE/DL,True,0,0.00086751377
4a9dec4f6c9f4c96999b6d142c3c3c59,BENIN/DL,True,0,0.00089078763
4aa30a5ce0114dd3962ee950631c8da1,BENIN/DL,True,1,0.9999975
4aa4d0d3c595429c98b0a5906d1f2b98,BENIN/DL,True,0,0.0008907206
4aadfe1004dd4816ace0c13db5e45437,MOZAMBIQUE/DL,True,0,0.00086884026
4abab90fbc7646ada9ecff762daa7861,MAURITIUS/ID,True,1,0.9999976
4ac15866bc154ea18efedc47b0ad0ab5,MAURITIUS/ID,True,0,0.0020202228
4ad22da9381442498a2174f8e7a0d212,GUINEA/DL,True,1,0.9999976
4ad52b4cf11f4e86aa4e35d5395b9a99,MOZAMBIQUE/DL,True,1,0.9999974
4ad65b82393e48fdb024cd6b292f4960,BENIN/DL,True,0,0.0009039987
4ad787c9dfe34db59271ee3bd472a65e,GUINEA/DL,True,0,0.0008956319
4ad7b4d1b3d242a1bb53b6095db55573,MOZAMBIQUE/DL,True,1,0.99999774
4ae07adf3bb44423b57b4672966e35c0,BENIN/DL,True,0,0.0009052852
4ae4f31921dc4bac8d031e3df4d77ae9,MOZAMBIQUE/DL,True,0,0.0008591728
4af3008702494b7bb515bcca3218abc3,BENIN/DL,True,0,0.00090146996
4af4841241b4410595eeb1d1dcaa7030,MAURITIUS/ID,True,0,0.0009226337
4afc8d7fd1be41fb9609f7f2496b7e62,EGYPT/DL,True,1,0.99999774
4b0fecf3e9b44e418914d7e290d8b8d0,MAURITIUS/ID,True,0,0.0015541146
4b147d470e724137b11e9ae8cebc9fc0,MAURITIUS/ID,True,0,0.0008854412
4b16e4b55927404a91904486d7194304,GUINEA/DL,True,0,0.00088972563
4b19182e14374458a9aaf75f897446cc,MAURITIUS/ID,True,0,0.0008938105
4b240c27c7e746b6a4cc946ac088f76d,MOZAMBIQUE/DL,True,0,0.00087241665
4b24de90be0c468c8f761f1a633b64ad,MAURITIUS/ID,True,0,0.0009798043
4b33ac27406d4dd7be8d898ce98a0845,BENIN/DL,True,1,0.999997
4b35d49cb21f4e7fbcd91e12c98295af,GUINEA/DL,True,1,0.99999654
4b440ec2ebb74a9898acb555fad205fa,MOZAMBIQUE/DL,True,0,0.0008651835
4b45d5184a584443ad569ab13c7c8055,BENIN/DL,True,1,0.9999976
4b6ee0a5b52e4cb98f2a2fec2a28a99e,MAURITIUS/ID,True,0,0.0012740217
4b7a4641f63a4dc2aaf1ec22faa1dfbf,GUINEA/DL,True,0,0.00089439825
4b8cc3932f2a4e069df0779657b1bb48,BENIN/DL,True,0,0.0008873465
4b94f1ec754540f0ab8fcfd31dea74b8,BENIN/DL,True,0,0.0009024574
4b9726e3dde345dfb9a0d921cb7c596e,GUINEA/DL,True,1,0.99999666
4b98b6d7810a4ceeb5a87cf649ffa013,MOZAMBIQUE/DL,True,0,0.000884445
4ba0d8ccbca54264b37c8f3b05ba5191,MOZAMBIQUE/DL,True,0,0.00087205676
4ba58d69756e44d9b79d186a8415429a,EGYPT/DL,True,0,0.00095831056
4bbb1f95ddfd4ddea4fa1c66da073335,BENIN/DL,True,0,0.0008887462
4bbd521dda0f4e3b801266d4b9f01f42,EGYPT/DL,True,1,0.9999969
4bbebdb490d14797a78e0c86c235094e,BENIN/DL,True,1,0.99999774
4bbf056ae9654757aa7542cb5797981b,GUINEA/DL,True,1,0.9999974
4bbf61b618074a22931af458ae2a3564,BENIN/DL,True,0,0.0009054414
4bc07995fa814babb29129e65cfb67fd,EGYPT/DL,True,0,0.0009746249
4bc111760cde41b9935659ea0572654a,MOZAMBIQUE/DL,True,1,0.99999774
4bc58fc34d5a40d0bffd99818cdb99d7,EGYPT/DL,True,1,0.999998
4bc6e1dedf9e46519528e29a21126844,GUINEA/DL,True,1,0.99999666
4bcc140be2a441dea0bf184b8c8e8d44,GUINEA/DL,True,1,0.99999666
4bcc2900a1054b5ca0a8561da21f3a3b,MAURITIUS/ID,True,0,0.0008974492
4bd0d486536944aaae5bd8e8074baed8,MAURITIUS/ID,True,0,0.0018858626
4bd8912edfa341c2afbb7b603f17987e,EGYPT/DL,True,0,0.00096263766
4bd9f8bb37994d84b6e0ee493a0febf8,BENIN/DL,True,0,0.0008946357
4bde664687124de19338e57161e07973,GUINEA/DL,True,0,0.0008951183
4be1a369052c4144a0603a86d5559e04,MOZAMBIQUE/DL,True,1,0.9999976
4be638170a2a4844a8518e1c9dca31e2,MOZAMBIQUE/DL,True,1,0.99999726
4bf32c0fe9de4f3e87169fe87f316bb7,MAURITIUS/ID,True,1,0.9999969
4c107a63572e4623995e4b2592a2e070,MOZAMBIQUE/DL,True,0,0.0008703114
4c2848f1f4c946d7a71afe62f8e4d880,MOZAMBIQUE/DL,True,1,0.9999975
4c296cc519b440ccb5c13726988e8434,BENIN/DL,True,0,0.0008953311
4c2ff0af3417482aa7a9e94c4e313d44,MAURITIUS/ID,True,1,0.99999654
4c44119d1dbe41d3a87a7b2e1c697dfc,EGYPT/DL,True,0,0.0011091385
4c44c25478ff4326bb2cf9db485a098a,MAURITIUS/ID,True,0,0.0013085359
4c50585695fd4c84b40ad9f9293f6506,MOZAMBIQUE/DL,True,0,0.0008650412
4c51a80e037549219194ba69d853df81,MOZAMBIQUE/DL,True,1,0.99999774
4c5a63fa486d41b0a10cd98f98d35ecf,EGYPT/DL,True,1,0.99999726
4c5fc68183ba44d8804ca9fb3055c075,GUINEA/DL,True,0,0.0009084741
4c6af468f7c440acb17a4c899f64e293,MOZAMBIQUE/DL,True,0,0.0008701215
4c6e80cd4a13409a84fc7b1edef602f1,EGYPT/DL,True,0,0.0010624814
4c774567967445f39209f6d8a648aba5,EGYPT/DL,True,1,0.9999969
4c7c6801ae784b95b178ba9080105f7d,MOZAMBIQUE/DL,True,0,0.0008662805
4c881ab6b98d432cb5e1e705d94bb3b3,MAURITIUS/ID,True,0,0.00087649724
4c94cc2ca1ca461b94e1d8b9e0bfcecf,MOZAMBIQUE/DL,True,0,0.0008629284
4c98d30b93fb4e62bf9a80e87aed24d7,MOZAMBIQUE/DL,True,0,0.00087222084
4ca36d17039f4b43bfb7fc6dbd440fff,BENIN/DL,True,1,0.99999726
4ca79a50e6294fc7ba3c8217bfe55493,MOZAMBIQUE/DL,True,1,0.9999976
4cae6f779008452482a649d8d4934f7d,EGYPT/DL,True,0,0.0009508038
4cb62072764d4d9eb8a057e24a561db3,BENIN/DL,True,1,0.9999975
4cdddf4fc6da46bf99d2d1be6333a241,MOZAMBIQUE/DL,True,0,0.0008633137
4ce62bede18241328224d6c6e94dcf25,MOZAMBIQUE/DL,True,0,0.0008849005
4ce8cb87e88f449f844bae1136d2f0ad,EGYPT/DL,True,0,0.0010998982
4cea066e7a814187b52c289f395cb21f,MAURITIUS/ID,True,0,0.00089310855
4cec466497aa4bc087d49fcb3ec79aac,MOZAMBIQUE/DL,True,0,0.00086221984
4cfcae19e9c840ccb6ce36005abdaf48,MAURITIUS/ID,True,0,0.002026304
4d0b1f24c1b84d69b67eed6d61768913,GUINEA/DL,True,1,0.99999666
4d21b253806646e39a88a2c5d85766c2,BENIN/DL,True,1,0.9999976
4d26b4e9f74c4a739add5e6a1773cecb,MOZAMBIQUE/DL,True,0,0.00087239547
4d2c10bfdb0a4875924ae447157e37e4,BENIN/DL,True,0,0.0008949716
4d3322f9a130428c84b934e4bcf2135b,EGYPT/DL,True,0,0.0011368478
4d37c1f8ee6d409da565c548e542421b,EGYPT/DL,True,1,0.99999714
4d50df104ee74ae1af8a8fd4cc3adb06,BENIN/DL,True,1,0.9999975
4d5b9019f02145518fe0e1fcf6594761,BENIN/DL,True,1,0.99999714
4d6f1f51dffb44ae92f22c14cb463635,GUINEA/DL,True,1,0.99999654
4d806457391f4fa1ab3c710f45ec35b7,MAURITIUS/ID,True,0,0.0012116381
4d8068287ef84c429d4972de218c5b89,EGYPT/DL,True,1,0.9999964
4d8951ffaf0c4410beb1e9555c1d17b4,MAURITIUS/ID,True,0,0.00090251415
4d9b6ffbfdbd4fa29763b094a1b32c77,EGYPT/DL,True,0,0.0010826492
4da47f1f18eb465a8c331a417c222e2f,BENIN/DL,True,1,0.99999774
4db974f0acef423992b4cb302df77a11,EGYPT/DL,True,0,0.001486752
4dd07de8347446868ae367cc2853529e,EGYPT/DL,True,0,0.0013458668
4dd657d3a9d84003abb54933bc1b2cbe,MAURITIUS/ID,True,0,0.0015480489
4dd6ccdc541b497b8b2e3295fd3429a5,EGYPT/DL,True,0,0.0011102764
4ddf1e3dbb6740f49207fe40efd74aba,BENIN/DL,True,0,0.000903544
4de1f8be6ddd4429a2837329274c17aa,MOZAMBIQUE/DL,True,1,0.9999975
4de59707a3e74edfb2352fe65e4c20e1,BENIN/DL,True,0,0.00089740555
4de7b233788c46b3b20311c7a12eb3bf,BENIN/DL,True,0,0.0008902721
4de8f5e273604d88bedd4ed12ad8b56f,EGYPT/DL,True,0,0.0010879718
4dea3bb880f446e4affc51e993d3d32d,BENIN/DL,True,0,0.00088830333
4dee86996e21498187559dfe103969f6,BENIN/DL,True,1,0.99999774
4e071e817879424fad999c778b88e314,MAURITIUS/ID,True,0,0.00093638094
4e092a2340d84c04ac1d606c8540bc88,MOZAMBIQUE/DL,True,0,0.00086144835
4e10d705550145b18f13a7b6b69de2b6,EGYPT/DL,True,1,0.9999976
4e1ad78c84db49718a422f2f08aa8c24,EGYPT/DL,True,0,0.0011204456
4e21f9cbb900431aa5f5b42f27dab27e,GUINEA/DL,True,0,0.0008942977
4e23227e94144dd0bfaeaaa852ff732b,MAURITIUS/ID,True,1,0.99999785
4e254a5e5fe24bc283060ea043c8fcde,EGYPT/DL,True,0,0.0010008834
4e45b6c01e584904b3d0429ca3b2ec2a,EGYPT/DL,True,1,0.9999968
4e56d4f6604047dfbb0da5f5c05e17c7,MOZAMBIQUE/DL,True,0,0.00088051776
4e668f404c344ccc9f05167d269e01a8,GUINEA/DL,True,0,0.0008959408
4e6c4a2c0c3840798428bf3af94708f5,EGYPT/DL,True,0,0.0010326608
4e76fb964eda40629ccd6d3da3c3a32e,EGYPT/DL,True,1,0.9999976
4e8c0ccaee4d40dd9fd091a8bd3ff089,EGYPT/DL,True,1,0.99999774
4e8df68a8b7a4aa0b2c778d02e6e3558,MOZAMBIQUE/DL,True,0,0.0008808534
4ea2580104b5451cb5fe553bd3750cd5,GUINEA/DL,True,0,0.0008930179
4ea755b490cb4dd3ab0e2ebf53cbaace,MOZAMBIQUE/DL,True,0,0.00086984056
4ebc04f0ddb145b395e70b66def08a17,MOZAMBIQUE/DL,True,1,0.99999774
4ec1d20cd7df4495acae608e4780dcc2,BENIN/DL,True,0,0.0008942346
4ec62b9a2cab4250b71977c6bbd12c80,EGYPT/DL,True,0,0.0009815501
4ecc22b54e574cf58bd854bd0f9a2a3b,EGYPT/DL,True,1,0.99999774
4ecd663cf9094cd0bb184fdb2458bae2,BENIN/DL,True,0,0.00089335284
4ecf36842a8644d987ea32594211b4f3,GUINEA/DL,True,0,0.0009042606
4ef2ac8d994643799536c08aa747435d,GUINEA/DL,True,0,0.00089852855
4ef3aa7586e14a6abc3cf3d3325aee2b,MOZAMBIQUE/DL,True,1,0.9999974
4ef91b487ad942e99c1fa97723956618,BENIN/DL,True,1,0.9999976
4f09e68839164dd6b8b86dface63e0f7,GUINEA/DL,True,1,0.99999654
4f0d66ae3f3d4b82b0e487a9efa3cd54,GUINEA/DL,True,1,0.9999976
4f1a6f591b524cb29ca183146a463ce5,GUINEA/DL,True,0,0.0008930447
4f1e7cb066894c0cae7fb385f216956b,GUINEA/DL,True,0,0.00088302145
4f2040e418e9484ba2b65e1d9d26141a,GUINEA/DL,True,0,0.0008956938
4f277506971745fbab2cd9161b4f9324,GUINEA/DL,True,0,0.00089990284
4f2df7fa59904be983d22ac708694d28,BENIN/DL,True,0,0.00089962594
4f330179a1234a57b2fb6f5eeaa964d5,GUINEA/DL,True,0,0.0008943314
4f38b4912b48478687aa8e869a32831e,GUINEA/DL,True,0,0.00089113734
4f39707fb6f64a76971769c594e5ecae,BENIN/DL,True,0,0.0008972898
4f3c3d7424c044b994f131b92c862471,EGYPT/DL,True,1,0.99999714
4f4a301490ab455ebd4ac89e8062f9f6,GUINEA/DL,True,1,0.9999975
4f5153041dc24ab792eb575ccb76a0b2,EGYPT/DL,True,0,0.00094466633
4f54d7b7dbef439fa062d270ff7b44c5,GUINEA/DL,True,0,0.0009001117
4f572681b2d848058ae8b6f5664e802a,BENIN/DL,True,1,0.99999726
4f6335286c0940a8b2b409705e6616a9,EGYPT/DL,True,0,0.0010372255
4f6d5633e50d4c3b8bfefec1bbc8739c,EGYPT/DL,True,1,0.99999785
4f6d9256de65421eba7f6c3d8cafb029,MOZAMBIQUE/DL,True,0,0.0008732737
4f7e9735427b4e67af0682b78dafdf61,GUINEA/DL,True,0,0.001597076
4f8204231ed64d269c61db90645c60ad,MOZAMBIQUE/DL,True,1,0.9999974
4fa24e161f294be6acf0236487f19ae2,EGYPT/DL,True,1,0.9999969
4fa279c5da4b4b24951725252bfc7c6f,MOZAMBIQUE/DL,True,0,0.0008648587
4fa281455d44473f96277fa66d20b142,BENIN/DL,True,0,0.0008928435
4fa4cddcd7b24954b35266d0eb02861b,EGYPT/DL,True,0,0.0011265068
4fae3cf3e83b4732a9ae25bb1378564e,EGYPT/DL,True,0,0.0009517528
4fc074b381cf45df90d307804e19648c,EGYPT/DL,True,0,0.0010256486
4fc66c82d13b4390baad5f9af06f4aa4,GUINEA/DL,True,0,0.0008966185
4fd0ca9aa3c34ddb9598088cab3b5534,MOZAMBIQUE/DL,True,0,0.00086606474
4fd6538dc61b4ac7b2f49922d90597ac,GUINEA/DL,True,1,0.99999785
4fe3db3318064c419e67dd950b2f00ba,BENIN/DL,True,1,0.9999976
4fe5a9719c4643538e9265be61d2b651,MOZAMBIQUE/DL,True,0,0.0008599037
4ff90734aa134dd5a0490b9457dd7a77,EGYPT/DL,True,0,0.0012298363
4ffc6bd501b24b049765dabca795ef3c,MOZAMBIQUE/DL,True,0,0.0008643867
50073e1d7b7d494d8406a201cd53a06c,MOZAMBIQUE/DL,True,0,0.00086692016
500b115cacbb4f8aab3936cd36387070,BENIN/DL,True,0,0.00090392807
501fd29b2c374e329f99483ab4da79e9,EGYPT/DL,True,1,0.99999774
502226adbec3422fa6678983a35d2edd,BENIN/DL,True,0,0.0009074503
5037ef3ea4984aeab8671b61c7761bf4,BENIN/DL,True,1,0.99999774
504e59bedc5e4c0db0f43087b1b95d4d,MAURITIUS/ID,True,0,0.001115061
5057ec60f7b04018b3a1dedde5f5e8bf,MAURITIUS/ID,True,0,0.00090480875
505d23d770d044b0a6dff3b4051dd38b,MOZAMBIQUE/DL,True,0,0.00086829736
505eae8a76df4a91b389faf9eac00192,GUINEA/DL,True,0,0.00088847644
5066a3219d174a62817408c115b32594,MAURITIUS/ID,True,0,0.0008816309
506adcef7adf439fb82795d0d480c7a4,BENIN/DL,True,1,0.99999774
5089ff0c544148b5ac0578f1edeb3090,EGYPT/DL,True,1,0.9999974
508a337c6fa147319df537d457106070,GUINEA/DL,True,1,0.9999975
508add3d42f746378369660afdea02b9,EGYPT/DL,True,0,0.001213889
5094a49c5d9849cf9e03d18ac7f3478e,MOZAMBIQUE/DL,True,1,0.99999774
5094c1557bb24cee909597f1bb95e955,BENIN/DL,True,0,0.00089546724
509fa5873d5d41b7acf783b001c44938,GUINEA/DL,True,0,0.0008918135
50ba5d0cc9804abebc348b58e70798c3,MAURITIUS/ID,True,0,0.0012713815
50bdf55d87f0459b80ef3eee87ea3d58,BENIN/DL,True,0,0.0008968505
50bf90d42c9343e583696022eef870f4,MAURITIUS/ID,True,1,0.99999666
50c4f8b5dfbb4f419c99f960418ff814,GUINEA/DL,True,1,0.9999968
50cf9c295d6e4d5d834a2ca3a41ac865,MAURITIUS/ID,True,0,0.00088397315
50d49e4dffcd45bf8f67b7d87011456c,GUINEA/DL,True,0,0.00089739065
50e9f87fc7d5496383ac62618bfd7ef2,GUINEA/DL,True,1,0.9999974
50f0705520ef459284948fc0862c4aa8,EGYPT/DL,True,0,0.0011881205
50ff7e9ea80547ccb1f46c41c6ea7622,EGYPT/DL,True,1,0.99999774
510630e2a73b4773b7e5085504b069d4,GUINEA/DL,True,1,0.99999714
510d4d56a999465294cc56cce01d1b67,BENIN/DL,True,1,0.99999785
5112da303aed452f9649f5a6b7b53962,MAURITIUS/ID,True,1,0.9999976
5113f8d725bc48489f101db255864fac,BENIN/DL,True,0,0.0008877377
51174cc9b75b4f72a1f8f275f3691ce6,GUINEA/DL,True,0,0.0008998265
5120f1b51acd480291b9a18bc32c0c45,MOZAMBIQUE/DL,True,0,0.00087987445
512d75dc98a342b5a6148a1d92b40540,MOZAMBIQUE/DL,True,1,0.99999726
513b427883144616a2c7ca7b7b74a70a,MAURITIUS/ID,True,0,0.0017759537
51533ea84ef240788209c7a20f1f1998,GUINEA/DL,True,0,0.000892605
51536dca4d3c40439daae34b4d6b998d,MOZAMBIQUE/DL,True,0,0.0008659199
5154eed80af343168eb23cea9f5e623b,MOZAMBIQUE/DL,True,1,0.99999774
515a283a0dfc449993dfc05549617647,MOZAMBIQUE/DL,True,0,0.0008676439
516a832686a8451b99e74e68855818c0,MAURITIUS/ID,True,0,0.0012143066
517009193571406ab10b361592c9ab40,EGYPT/DL,True,1,0.999997
5172ab6436264d5a88ca58afd74c669f,EGYPT/DL,True,0,0.0010881501
5179dff4b6d449739b4a0ade90fc71e3,EGYPT/DL,True,1,0.9999968
5183990caf104b84bcbc71ad9447e1a0,MOZAMBIQUE/DL,True,0,0.00088092266
5184a8e0a7224d2c84fab6a41f898536,EGYPT/DL,True,0,0.0010783504
518cd3a8c83b493fa3cb68373976e3c6,EGYPT/DL,True,0,0.0010518187
51926ccfeef24fadbe831d8206afe8de,MOZAMBIQUE/DL,True,0,0.0008652073
51a3b69fc15e4a1e826eea0fdcbf67cd,GUINEA/DL,True,1,0.999997
51a695f5eb7c4221ab937d8917ec63a0,EGYPT/DL,True,1,0.9999969
51a6c70a7e17474a8d5efe1dd8e515fb,BENIN/DL,True,0,0.0008983206
51c7af5965d642ddb6db701d446feea5,EGYPT/DL,True,0,0.0012469069
51d4162ef2a94912a91108cd72e71b6e,GUINEA/DL,True,0,0.0009184604
51d4d21b7baf46cea906f66c615b888e,EGYPT/DL,True,1,0.999997
51dc8a855f7f4fda8732711867b6ce23,BENIN/DL,True,0,0.00088975264
51dd29bde4164e6ea70c4f678ffdbd87,GUINEA/DL,True,1,0.9999976
51deea6d0ef142a789a8280fc965e98b,BENIN/DL,True,0,0.0008822326
51e0c4893af342d4b9363607550795e1,MOZAMBIQUE/DL,True,1,0.99999726
51ea6e9133af41cbb6877770342f4a7f,MOZAMBIQUE/DL,True,0,0.0008613762
51ed630792e941e6a3ee306bb81d1ead,EGYPT/DL,True,1,0.99999774
51f5befd6b3f499e93b5db52eda08ac2,MOZAMBIQUE/DL,True,1,0.9999976
51fadcdbce704f6e9264a014da47844c,GUINEA/DL,True,0,0.0008913335
5206691aeadb40079de6b15be084d5f7,EGYPT/DL,True,1,0.99999774
520ac03debe746248859ae3b1b75f2f0,MOZAMBIQUE/DL,True,1,0.99999726
520de5c42e924fcb80d2062a8a17f801,MOZAMBIQUE/DL,True,0,0.00086743815
52127f649d2a491598af58a01ead279a,MOZAMBIQUE/DL,True,0,0.00086841156
521394a57ec443bc849d55eb2ed9d583,EGYPT/DL,True,1,0.99999714
522ecb5af43c4d3092f5527f369dab00,GUINEA/DL,True,0,0.0009082058
5231cc20f7fb4eecbfb3dc530129f54c,BENIN/DL,True,0,0.00089935947
52358946e790488fb007388a8b5fe378,BENIN/DL,True,1,0.99999785
523b0d04aca24239823d087eb490673b,EGYPT/DL,True,0,0.0010338199
523e8f7ff2fa4e5e98d2a8d5099d0584,MAURITIUS/ID,True,0,0.0008714056
52537ba23dbb4f43b2197ca02f4f7a1d,GUINEA/DL,True,0,0.00089322776
525781efdcf647eb9af7131873ac1513,GUINEA/DL,True,1,0.99999666
5264ac3b856e4f81ad493fc9cdabd0c7,MAURITIUS/ID,True,0,0.000885469
5266763d505e44bf8eec1f3b97b01001,MAURITIUS/ID,True,0,0.000902779
526e5660b6a643c79d6ee900cad89926,MAURITIUS/ID,True,1,0.9999976
526f635593fc4946823349b73592d5c1,EGYPT/DL,True,0,0.0010965044
5274195f58804759aa37aaa6a361823d,GUINEA/DL,True,1,0.9999975
527c5630a0f448eaa4c03b2a5570fe03,MOZAMBIQUE/DL,True,0,0.00086456456
527c72d7963d46a89162e4c4bb910a69,GUINEA/DL,True,1,0.99999774
52847ca292394a459c5952c562416bd2,BENIN/DL,True,0,0.00088550284
528f8681cdf24e1d93be4ac88405e2fc,MAURITIUS/ID,True,1,0.99999654
529a6d6330254bca9f52d6f9fb74e848,MAURITIUS/ID,True,0,0.0011003845
529b1bcb668d424497fbc08dda6d305d,EGYPT/DL,True,0,0.0010318422
52a39f4bd74e4f51bf0d7e42d0ddccef,MAURITIUS/ID,True,0,0.001565432
52a6d09a5f6e496d8d9b1d54f7119253,EGYPT/DL,True,0,0.0010894223
52a773b5a4d94697bf921895e9abb892,MOZAMBIQUE/DL,True,0,0.0008721793
52ad6eea2ef841a0b157f07c04662d38,MAURITIUS/ID,True,0,0.0010129445
52ae3fabbf8f4661bb22adefb54bbccc,EGYPT/DL,True,0,0.001357656
52b23f26e2dc4dcf8a77a08f2b8915de,MAURITIUS/ID,True,1,0.99999654
52cae9b369b1497d966621cf5416ec6a,GUINEA/DL,True,0,0.0008793849
52dcd767bc774f27b21bd3261997587d,BENIN/DL,True,1,0.99999714
52e9683e287d41089559780bad9925dc,EGYPT/DL,True,0,0.0013434906
52f307fe2748402897f5877cf4694f72,EGYPT/DL,True,1,0.99999774
52fdb405632649b2bb0111eec2b68eee,EGYPT/DL,True,1,0.99999774
52fe4aba0d6b48a8a3d155fcfe217f30,GUINEA/DL,True,0,0.0008838544
53078cd8b0e34209adcf210361dbc1dc,MAURITIUS/ID,True,1,0.99999774
531236eb8eab4f7a9cebcb8d75c8b582,GUINEA/DL,True,1,0.9999964
531ddfcca8674e13bd83a0070da35254,MAURITIUS/ID,True,1,0.99999666
5325ce40dac748e0bee0634f827942c5,GUINEA/DL,True,0,0.00088618475
532ab1f7888849a89c81151b90380201,GUINEA/DL,True,0,0.00089265173
532bdbe699df4578a353f178cf9966ff,MOZAMBIQUE/DL,True,0,0.0008764075
533b2d8770cc40d2b8b5b3e760e662d1,GUINEA/DL,True,0,0.00091912446
533caeb4f77f45a9a8332ea0eb746cfc,EGYPT/DL,True,1,0.99999774
534d72d7ffa1446dbb27954d89e322b2,BENIN/DL,True,1,0.9999975
534f507d70aa4f9185b7805ff72b7a67,GUINEA/DL,True,1,0.9999974
535bd1bdddc541c8ad1c716876a5c470,MAURITIUS/ID,True,1,0.99999666
53915c888d5a410ea6bbc53dc7353caf,MOZAMBIQUE/DL,True,0,0.00087025797
539d763aedca4f538c495a21c6756197,MAURITIUS/ID,True,0,0.0012064162
53a174d1ed504b488fb8aa180f1b8f7d,GUINEA/DL,True,1,0.99999654
53a390b6663a48bbb0a8c706c58fd812,EGYPT/DL,True,1,0.99999774
53b0ae3c27364737afa9689341fc2081,GUINEA/DL,True,1,0.9999974
53b3fc43cd9a4bbca5517ff12961990a,EGYPT/DL,True,1,0.99999785
53c242a40d2e4df0a3759bdb3ec425be,EGYPT/DL,True,1,0.9999969
53e7e839b9f4484bbbb5ba68a92142d4,MAURITIUS/ID,True,0,0.0008748827
53f70eb5fbf946cf99c4ccbf533929af,MOZAMBIQUE/DL,True,0,0.00087105227
53f9685a40a34137918cedb840621d33,EGYPT/DL,True,0,0.0012795859
54076f5c5f7346429967bd349e11b9f3,MOZAMBIQUE/DL,True,0,0.000872518
540fc98b310a4283874bcea1ad4f7899,BENIN/DL,True,0,0.00089144096
54118fc4f3c94de69094090887d9a355,BENIN/DL,True,1,0.99999774
54129580e74f44adbc0c02adafd8eac8,GUINEA/DL,True,1,0.9999106
541af5fe6c4445999bed4541010b78de,EGYPT/DL,True,0,0.0010951202
541f45190754482ebafa6230fe434d3f,EGYPT/DL,True,1,0.99999774
5434003adb994ba0ada0ac33c032c3a8,MOZAMBIQUE/DL,True,0,0.00086574873
543e6d85ff734672a45164d7fff74a8b,MOZAMBIQUE/DL,True,0,0.0008728244
5441620c525741609affa64d75067ef2,GUINEA/DL,True,1,0.99999654
54602c25226f42d280856b7ea5808b5f,GUINEA/DL,True,1,0.9999974
5460f4d105b54343af5904fb0c3ae2c7,MOZAMBIQUE/DL,True,1,0.9999975
5461f4dc9a8546838b981e1296ad26ac,GUINEA/DL,True,0,0.000891929
54635b41b3fb4854b9bc6c8120334149,EGYPT/DL,True,0,0.0010293508
5464bade1b164719a261422dd3f1b164,BENIN/DL,True,0,0.0008826513
54724f604c6b4810b4d1ecbb4e19934b,MOZAMBIQUE/DL,True,0,0.000868714
54742a0d869c4ee1b75a02f0e7f79ae7,EGYPT/DL,True,1,0.99999774
54862c16aa894750988d8cd07d9595e4,BENIN/DL,True,0,0.0008986579
548c60d10ba6442f80864a60105fde34,GUINEA/DL,True,0,0.00088078243
54905adac3eb45fcae16617868c39a9a,GUINEA/DL,True,1,0.9999976
54b8356d445a4b14948d1140839a0230,BENIN/DL,True,1,0.99999726
54ba984ec2ff42cb8e5e7fd5acf98dc6,MAURITIUS/ID,True,1,0.99999726
54c17a757c5342b9b7da4889b4a1143e,GUINEA/DL,True,1,0.9999975
54dd59dbf29d423fa1475466276b03c8,EGYPT/DL,True,1,0.99999774
54e66a87d3c546a4bc5d353d75dd4629,MAURITIUS/ID,True,0,0.0009044761
54e78f798807458f82d3b40608c2d7ec,MOZAMBIQUE/DL,True,1,0.9999976
54f10d5b21cb4cc6b095320f84e6092c,MOZAMBIQUE/DL,True,0,0.00087160146
54fa5e6d3a68409abef579d5fcbfb951,GUINEA/DL,True,0,0.0008956433
5506f563cbe845fca28cb7ce8baed932,EGYPT/DL,True,1,0.99999774
550e62e9bd1b4732b5b0f0e6f7ca241a,EGYPT/DL,True,0,0.0015923628
551465e925494ff0873d5da6a9f7078f,MAURITIUS/ID,True,0,0.00088206236
551aa699b9964178abc38d28ae32016d,BENIN/DL,True,0,0.0008907807
55202b25121245c98ea3ccee4e964d27,MOZAMBIQUE/DL,True,0,0.002148712
552e6346163048879ffd43606e7c86f4,GUINEA/DL,True,0,0.00090813707
553d530c1fbd4b709c952ed5b97cae0a,MOZAMBIQUE/DL,True,0,0.0008681241
553fd9a2f0ae40f2bb275c83d4a89360,MAURITIUS/ID,True,0,0.0012147791
5544bd5f213846d8880f8583f417ebdf,EGYPT/DL,True,0,0.0009691594
5549875509f8446e8b88404d1b46b09e,EGYPT/DL,True,1,0.99999774
556008b1f6da4ccd93a15dbbe6a9904b,MOZAMBIQUE/DL,True,1,0.9999974
55629a18dc84488b8f1f1ae500bedc5c,BENIN/DL,True,1,0.9999976
556fcf9bbbb145469768446a8b2057a8,EGYPT/DL,True,0,0.0014192713
5580b4b85e8649bd886ba7e511af5211,BENIN/DL,True,0,0.0008901037
5583990be96a4a59a38134cf245be33f,MAURITIUS/ID,True,0,0.00090273994
558775485a7b466d8d1cbb91f9b9fea9,MOZAMBIQUE/DL,True,1,0.9999976
55903163596e476693273e0d755285c5,MOZAMBIQUE/DL,True,1,0.9999974
55912c8aa9e64f1485706df39bdbc898,MOZAMBIQUE/DL,True,0,0.00086636894
55949469cab749dc92600dae7d3c4401,BENIN/DL,True,0,0.0009039264
5594f269720b4cc2b308719b8f0c1339,GUINEA/DL,True,0,0.0008965728
55969b50eb51407c8ea7b7eb4f045270,GUINEA/DL,True,1,0.9999963
559f86f07ae2422fb0a70d825fac74fc,MAURITIUS/ID,True,0,0.0014979537
55a6fd512cde4021a92fc62d2d46c019,GUINEA/DL,True,1,0.99999654
55e34855860a4d188edeb4135ce32b8d,MOZAMBIQUE/DL,True,0,0.0008734027
55f8a4dabe824462be4f924944aa268f,BENIN/DL,True,1,0.9999974
55fde5782c9048669db7a143d6eacf3f,EGYPT/DL,True,1,0.9999969
560a832eb48b4948838f2fc487633c1d,BENIN/DL,True,0,0.0009143645
5611a2501d7f43eda2fb27a560cb0985,MAURITIUS/ID,True,1,0.99999666
56178229bcab410bb93fcfe418805652,BENIN/DL,True,1,0.99999785
5617bc089c1b4290bde174715db19b57,MOZAMBIQUE/DL,True,1,0.9999975
56237754a8f341e3a02d9df953b0fe98,MAURITIUS/ID,True,0,0.00088073
564f3716368141f5b3238ec2bd2c9b88,GUINEA/DL,True,0,0.00088634825
5650dcf5cacb42fc9365056312dfb92d,MAURITIUS/ID,True,1,0.99999774
5656c5d5f22b48a58a9204116c3cb9f3,MAURITIUS/ID,True,0,0.0013304125
56586b9b203c42a6b6c1d71a35d5edcc,BENIN/DL,True,1,0.9999975
565f5eb5c4b242b690bb123d303b075d,BENIN/DL,True,0,0.0008991136
566eab2f84ca4698a1515017fb4d0850,BENIN/DL,True,1,0.99999714
567713bbd29046c9ab295688da3034a1,MAURITIUS/ID,True,1,0.9999964
567c351dae894a228a4e6743cc2faf8c,MAURITIUS/ID,True,0,0.0014773709
568a3606099a47eca4b70782012fdd6c,EGYPT/DL,True,1,0.9999968
56992f46ba444a50a5c1ea2488ec422a,MOZAMBIQUE/DL,True,0,0.0008677899
56be01c8713f401a94aa3b476de4564e,BENIN/DL,True,1,0.9999976
56c35a07cbad4107a405c5067d9344da,MOZAMBIQUE/DL,True,0,0.000867563
56c85ec9de1b4578aa9404a2578cbd16,EGYPT/DL,True,1,0.99999785
56cec94e13954c539b85a53ccc7e96b0,EGYPT/DL,True,1,0.9999974
56d00c64c5c14966a298f74750da11b0,GUINEA/DL,True,1,0.9999975
56d8ac919386411a8b483ad8a4d313f5,BENIN/DL,True,0,0.00088637305
56dbe152b8a6428fa95878bc6d3d99ec,MAURITIUS/ID,True,1,0.999997
56dbfe3b5a3d482bbd37b283ba9b9648,MAURITIUS/ID,True,0,0.0018806217
56ed43f3253f467abbbfc18d3ac68da3,MAURITIUS/ID,True,0,0.00089614745
56f3169bbb31420a871a4ffe372dcbd5,MAURITIUS/ID,True,1,0.9999976
56f8ac60cd144d2ab5342f2475d87880,MAURITIUS/ID,True,0,0.00117577
570e3164dd2843b7aa5571775c04437e,MOZAMBIQUE/DL,True,0,0.0008729284
5719a0d8305544c0a69801f6d0dea042,MOZAMBIQUE/DL,True,1,0.9999975
571cb135708e4104b4be8c3445940595,GUINEA/DL,True,1,0.99999714
5723c138e430487c890ab64e6688f25c,MAURITIUS/ID,True,0,0.0008910916
573361cd06fa4128acfcd43cdb6fe333,GUINEA/DL,True,0,0.00088927767
573587a88b5741b5b802dc89e8f24b7f,MOZAMBIQUE/DL,True,1,0.9999976
5738475289fd4097ad596be76adcf4b5,EGYPT/DL,True,0,0.0010207595
573e400d54f44e839190f83940508942,EGYPT/DL,True,1,0.99999666
574cee38647d4174af3d06e48276ec33,EGYPT/DL,True,1,0.999998
574f0d2bd4724d749e4cc36ce80efa44,MAURITIUS/ID,True,0,0.0012168225
57594993d12342a3b9376d6113ec4d57,GUINEA/DL,True,1,0.99999666
575ecb71c04c4715a7e311cf4b79f1b6,MAURITIUS/ID,True,1,0.99999666
5763ae83ca8a426e842ef641a749a17c,EGYPT/DL,True,1,0.9999969
57668a040bb144d4bae4fbf18f0bf2d4,MAURITIUS/ID,True,0,0.00088047574
576731225bba4dc89368446b73479645,GUINEA/DL,True,0,0.00089008216
5768ced1955346e4aa1a6f3e2133529e,EGYPT/DL,True,0,0.0013058635
578fb8a58cee4c95924989136b86892b,MAURITIUS/ID,True,0,0.0013724641
57963b24ad4540c09f8bc1d56ddace83,GUINEA/DL,True,1,0.99999726
579714f3d9d2438f876ec906a81ae3db,EGYPT/DL,True,0,0.00097086263
579f25cb6e324befbfbebbc7dac643ab,MAURITIUS/ID,True,1,0.99999774
579f52bc0baf4bc48cfc5a2f0d5077e6,GUINEA/DL,True,0,0.0008805991
57a447d2832d40a98d63487f4c0f4eb8,MAURITIUS/ID,True,0,0.0008964583
57b8a875d216482a9d74edb890e9941f,MOZAMBIQUE/DL,True,1,0.9999975
57bc4bab5ec34182b1c85a72a4988108,EGYPT/DL,True,0,0.0014246386
57c71aea45c74aad8964225cd7cc3f6b,MOZAMBIQUE/DL,True,1,0.9999969
57e7eb214dc0467c9a7d4780433ca43b,MOZAMBIQUE/DL,True,1,0.9999974
57eae7eb9edd46169deefbb1e454bca9,GUINEA/DL,True,1,0.9999976
57eeb9789b044b93a5043f934b21a7f2,EGYPT/DL,True,0,0.0015340602
57f309f4023b4e6f85d21e2130565b10,EGYPT/DL,True,1,0.9999969
57f3d956286041e9a4d34212509e601e,MOZAMBIQUE/DL,True,0,0.0008818813
5815b4fc05784d029b89cafb4b757f05,MAURITIUS/ID,True,1,0.9999974
581d0e94b594496e978707136f20955e,MAURITIUS/ID,True,0,0.0010507816
582133c91a224004969321a588d3ed94,MOZAMBIQUE/DL,True,1,0.9999975
582b38cebb1b40e1a02b3dad218a2f8e,GUINEA/DL,True,1,0.9999964
5834352bc4f24713a7b7f5c64015ccb9,MOZAMBIQUE/DL,True,0,0.0019972774
58381d4cf7a242739af27b685ea36db5,GUINEA/DL,True,1,0.99999774
583fc9412b0a4d358271a22023705951,MOZAMBIQUE/DL,True,0,0.00087140175
58589ad6ee414fdcaea1daad34e6c9ab,BENIN/DL,True,0,0.0009084586
586c4d78533f4f02a4dee1763c616b9f,MOZAMBIQUE/DL,True,0,0.00086505275
586f64a0d3714ea59548e59f8a001931,MAURITIUS/ID,True,1,0.99999774
587309fc15d248ebb032723709763da6,EGYPT/DL,True,0,0.0010080439
589389d2990c49c98c9cd43ba6e650f0,GUINEA/DL,True,1,0.9999975
5893937de68f422aac512b673b912053,BENIN/DL,True,1,0.99999785
5895bfbec5a94f149d5edda66a08ac66,EGYPT/DL,True,1,0.999998
58a3a89de2e44401a315ca7562a9bac1,GUINEA/DL,True,0,0.00089168263
58afb85a898e43f59b21f057f2b90faa,EGYPT/DL,True,0,0.0010274295
58b323cc7f8344f09914097813079897,EGYPT/DL,True,0,0.0013162068
58c2e590979a47f1a986b1a2e27a8a70,EGYPT/DL,True,0,0.0009893511
58c9fc57e2b446d69fede3e72f6d78c1,MOZAMBIQUE/DL,True,1,0.9999976
58ed60e8a35e44b1849911f7d8067cde,GUINEA/DL,True,0,0.0008979047
58f2f12da6d34fcca76454ce0cd299ca,GUINEA/DL,True,0,0.00399847
58f58bc18a234d918dc2fa921c0a8de5,MAURITIUS/ID,True,0,0.0009787915
58fa8e3d7a91449a8e4c6b6b74351de1,MOZAMBIQUE/DL,True,1,0.9999976
58ffa6add27b43ecb45065a0e33811eb,MAURITIUS/ID,True,1,0.999997
59103f81298440c79778f5af0b77438d,MOZAMBIQUE/DL,True,1,0.99999785
591baa57139f4b3fac4c34b54c6db222,MOZAMBIQUE/DL,True,1,0.9999976
591cb3bed0df45ea96b981e12b788794,MAURITIUS/ID,True,0,0.001246926
59308f5f287c44a4826fcba3f9766e5a,BENIN/DL,True,1,0.99999785
5946985fd371486a9d3265c003b0c00c,MOZAMBIQUE/DL,True,1,0.99999785
596064ad43e34a78999a0025905ac0c1,BENIN/DL,True,0,0.0008900427
596408bb8108486280f294cc26141dad,EGYPT/DL,True,0,0.0009818269
596488c817c141a39c285622adbcd522,MAURITIUS/ID,True,1,0.9999976
596f9635827e4c01b150d384f1f9189c,BENIN/DL,True,0,0.00091537734
5971266a140e4699af72f78adbb9f6d0,MAURITIUS/ID,True,1,0.99999774
598277639c564c23a764154ea8498e38,MAURITIUS/ID,True,1,0.999998
5986d503a16349fc839ed9a0a1e524c8,EGYPT/DL,True,0,0.0010610891
599797214764403a85a14a6b7d26ceec,GUINEA/DL,True,0,0.0008891027
59bb24b851c94b129f4d8217599b67d4,GUINEA/DL,True,1,0.99999654
59c41c8bc71e4287aa593382bdcbff22,MAURITIUS/ID,True,0,0.0016663928
59c79bf5fc9f45f48a5e40cafbc34980,GUINEA/DL,True,1,0.99999774
5a0161df8b64453a9796e90d21ec7b7e,BENIN/DL,True,1,0.99999726
5a113526d5e74e4097fa8e12d180a958,BENIN/DL,True,0,0.00088695984
5a2732f9100245a291acc056ffb11cc3,EGYPT/DL,True,1,0.99999666
5a29047e0db34763ba4f3433fd2d4c28,MOZAMBIQUE/DL,True,0,0.00087283854
5a2a5cc217364638b0f7ed0d0841495d,MOZAMBIQUE/DL,True,0,0.00086067436
5a2ce1a3ebd349f285c0c71af655f809,GUINEA/DL,True,0,0.00089204387
5a2ea34ae1bd4656b6614c30af60f54d,EGYPT/DL,True,0,0.0010365907
5a388750214649a8a4ce88f043a7901d,EGYPT/DL,True,1,0.99999774
5a411446652a477e9761432ec60e72fe,EGYPT/DL,True,1,0.9999969
5a5a624d0d6f4e3b9aa42a8e88617e93,MAURITIUS/ID,True,0,0.0009072384
5a60dbc28e2f4921bc2bcf8bbd3ac799,BENIN/DL,True,0,0.0008950296
5a642ababb23455fbcf2c305f67eb23a,MAURITIUS/ID,True,1,0.99999654
5a745c87db7c468b874634dd4ad08057,BENIN/DL,True,0,0.00089850463
5a74bc8c828543a68d02f7a60f5d78c8,MAURITIUS/ID,True,1,0.99999654
5a7614e45c1f45e488bc9d640efc60c3,MOZAMBIQUE/DL,True,0,0.00086232176
5a980cebbb7b4e0d8354d9b30d764720,EGYPT/DL,True,0,0.0013375315
5aa2eae85514470486a2e0802a3f7d76,GUINEA/DL,True,1,0.9999968
5aafa0c59cdd4723b402fc6b8bc52018,MOZAMBIQUE/DL,True,0,0.0008669693
5ab1b63dd79c4378a8a585616fbc71dc,GUINEA/DL,True,0,0.0008900228
5abbb2e8eafd4ff488493faeca3fe131,MOZAMBIQUE/DL,True,1,0.999998
5ad8d06bd920467b8ea5382b97beb0eb,EGYPT/DL,True,1,0.999998
5ae3fb1eda774a8fb2ea2a6f07a30180,EGYPT/DL,True,0,0.0010951316
5af7fb75a4a14d848968d6f932c7e96d,EGYPT/DL,True,0,0.0013592279
5afa7683a5f940edb38581686b4cb004,EGYPT/DL,True,0,0.0009984715
5b0e56e59ae74934adc1545541d9f889,EGYPT/DL,True,1,0.99999785
5b513877136942209e3b42e60117c93a,MAURITIUS/ID,True,0,0.0008757275
5b687588035247a8bb2b873865b98f86,GUINEA/DL,True,0,0.00088135415
5b70f51bd72e430a922d8b72edb27ac7,BENIN/DL,True,0,0.00089194946
5b8e5ad26c004bf19136481b7056b923,BENIN/DL,True,0,0.0008892704
5baaa33c7712488991bd9b9a70a430c4,BENIN/DL,True,1,0.99999785
5bb29438002d46a5a2a231dd7ac40820,BENIN/DL,True,0,0.0009103761
5bb446daa579437ca311277c08d89315,MAURITIUS/ID,True,0,0.0008764392
5bbe2c6366f3484b9b15de2ebc18f0ba,MAURITIUS/ID,True,0,0.0011707742
5bbee9d241ac4079b90ff138beaf51a5,MAURITIUS/ID,True,1,0.99999774
5bc199d93f20456291aeb76929bfb969,MAURITIUS/ID,True,0,0.0010803177
5bc23ae49b27426182ba3050c3ba5ca9,MAURITIUS/ID,True,1,0.99999726
5bd56010eae84ee08a5f39e1817db3cb,GUINEA/DL,True,0,0.0008923975
5bd83df554be428baab357932f8715bb,BENIN/DL,True,0,0.0008980719
5bedff874ad7486d89b60c613e235852,GUINEA/DL,True,1,0.999997
5bf1585766124121828c9fbd5ab446cb,EGYPT/DL,True,0,0.0011323387
5c071351b51843068278267430655d86,MAURITIUS/ID,True,1,0.99999785
5c1a7545d5eb488dbc370cec57c4d964,GUINEA/DL,True,0,0.0008953788
5c20c0f0b07549f2847dfd72d01d6784,EGYPT/DL,True,0,0.0010598666
5c23ff6bceb14cfab804c70d7fdf4b3c,EGYPT/DL,True,0,0.0009993574
5c4d693adf07428dbb5739581be91e4e,MAURITIUS/ID,True,0,0.001113069
5c5bbc9b0bfb4164951750fb48a738f4,BENIN/DL,True,0,0.0008916907
5c5cccf5f75c4aaabd8be85e6b8a680c,GUINEA/DL,True,0,0.0009010959
5c5ebdd33874407ab0c7fba0a7339a87,MOZAMBIQUE/DL,True,1,0.99999785
5c5f3c6dfd4c4f59b94edd78fb0c5b2f,GUINEA/DL,True,0,0.00089576887
5c67e67efea0424f94c58c08b588dbeb,GUINEA/DL,True,0,0.0023230687
5c74c0f1704246da967d7bad847f0f00,MAURITIUS/ID,True,1,0.9999976
5c87288bbd3046109bae02e9e59130ec,GUINEA/DL,True,0,0.0008970756
5c90b55a23fb4fb69f3e5b0c5049afa6,BENIN/DL,True,1,0.9999976
5ca0867cfb0745058222019d5eede383,BENIN/DL,True,0,0.00089118065
5ca6623e954644e4ae5020fb332fa2cb,MAURITIUS/ID,True,1,0.9999969
5ca71ef06b194646b3826106645623ec,EGYPT/DL,True,1,0.9999969
5cabfaa7c020448aa0ec723f956c5dd8,MAURITIUS/ID,True,1,0.9999974
5cac5a1f13db4124a725057c13afcfe3,GUINEA/DL,True,0,0.00088475295
5cb4a7536f4a4cf6abf06c3047910cfc,BENIN/DL,True,0,0.000886173
5cc1155c43b14647bfca5f38f7122da0,EGYPT/DL,True,0,0.0011318194
5ccdbc3acb3a4137bbca9407eabd5540,MAURITIUS/ID,True,0,0.0011692139
5cd215b1d5624b459982d5f68b359a23,GUINEA/DL,True,0,0.00089353113
5cea27b735e2442995e86553dd35698c,EGYPT/DL,True,1,0.99999785
5d01b750c2a549528624e8113ca058ef,EGYPT/DL,True,1,0.9999968
5d2bbfb1c20648dbb1547d995bf38b04,MOZAMBIQUE/DL,True,0,0.00086604286
5d405446a81c415a81699a61da3ae345,GUINEA/DL,True,1,0.9999975
5d43fa151d79404995feb71431d06ae0,GUINEA/DL,True,0,0.0010673013
5d6f4ae287964f369d7417345e58cedc,MAURITIUS/ID,True,0,0.00088493427
5d6f6fb0d89f4aaab4c014111420e9d0,EGYPT/DL,True,1,0.99999774
5d6f7c10d45249c68cd17f29ba4ae638,MAURITIUS/ID,True,0,0.0014437936
5d72566403fa4b03895890b28ebd30a7,MOZAMBIQUE/DL,True,1,0.99999774
5d72ffeff31244c38fd56a7b928315bd,GUINEA/DL,True,1,0.99999726
5d9ce290e2354a9fb62c329983b5699c,MAURITIUS/ID,True,1,0.99999726
5d9d6ac222474de79b25e0074119a56d,GUINEA/DL,True,1,0.9999976
5db865155c5b47b4bdc9dc5fbc9f630a,MAURITIUS/ID,True,0,0.001135011
5dc0373d3fd243bd947c4b41e3ff3226,EGYPT/DL,True,0,0.0011753461
5dc434cc48d647ec83bd413a3de86e6b,GUINEA/DL,True,1,0.99999785
5dd089a4174c482c959b84505378122d,GUINEA/DL,True,0,0.0008894039
5dd0ee4bf2da4df681fb42427d1d8464,MAURITIUS/ID,True,0,0.00096076936
5dda4e0db5da450ca3491bcd26aa112c,EGYPT/DL,True,1,0.9999976
5ddb004703654674b86aac3fd1fc05f8,MAURITIUS/ID,True,0,0.00091688696
5dec42bf700a44ca93b8554e678ecf58,GUINEA/DL,True,1,0.9999976
5e00ffca865343d1a67d49199df7af75,MAURITIUS/ID,True,0,0.0025615138
5e0486cb2b2245f3895cc22c489b45b7,BENIN/DL,True,1,0.9999975
5e12b69b0a1d441cb7f8cdec35c59fe3,MAURITIUS/ID,True,1,0.9999975
5e133a9660954a8f90ac049a3baca8b0,MOZAMBIQUE/DL,True,0,0.00086482905
5e137c68235044238409b850e8bde40c,GUINEA/DL,True,0,0.00090419344
5e19d453bfb549f080ffaa3217737236,MOZAMBIQUE/DL,True,1,0.9999974
5e1a0aeffe304c53bcbc119e301eb65e,BENIN/DL,True,1,0.9999974
5e1b8f2245cd434d934a4927ebeea35d,GUINEA/DL,True,1,0.9999975
5e1ce234319241a092aa442ec47ab24a,BENIN/DL,True,1,0.99999666
5e2f892d13684d05976e5f9f61dbad74,GUINEA/DL,True,0,0.00089152757
5e36d9957a7741cea3b0624824e528bc,EGYPT/DL,True,1,0.9999969
5e46404bcb2d47ce9ebb103e25a79fe3,GUINEA/DL,True,0,0.0008844993
5e5567200f8043dba6547c7a9da1c992,EGYPT/DL,True,0,0.0010090249
5e646a10d59e40c7879fae963820eeb4,EGYPT/DL,True,1,0.99999654
5e66953f739d4273b81b3ee9400cbdf4,EGYPT/DL,True,1,0.999998
5e699a339b9c46dba92042b57c6d10f8,BENIN/DL,True,1,0.9999976
5e7987131d004effa9481f1f194eac15,MAURITIUS/ID,True,0,0.0008924519
5e7ec5e7a4c64dd39cc69951445350af,MAURITIUS/ID,True,0,0.0008825689
5e957ae4345b463d9783aba168c0d2d8,MOZAMBIQUE/DL,True,1,0.99999774
5ea111325cc7435b9c1eefdc59865dd0,GUINEA/DL,True,1,0.9999976
5ea63262f32a4acf936d0e46c1ebc26d,GUINEA/DL,True,0,0.0008905186
5ebad48e01e6455d869d289271b16e6a,MAURITIUS/ID,True,0,0.0010219452
5ecdb5b6f15a43aeb168bd6d359aa6bd,GUINEA/DL,True,0,0.000912836
5ee42e011e934040a11f5f8743dc8e39,EGYPT/DL,True,0,0.0010300026
5eebdd9c91334e198fa77b80e38c45c3,BENIN/DL,True,1,0.99999714
5f1bc17ffd6f43e884223fcd6c909a03,EGYPT/DL,True,0,0.0013912825
5f20219cc2a3431187e2d92d568b83d5,BENIN/DL,True,0,0.00089428027
5f234150b05f41e58e1992409aff37e9,MAURITIUS/ID,True,0,0.0011009868
5f302a8575bf4a98a685cdea787f7152,MAURITIUS/ID,True,0,0.0014988148
5f3b8955e25d4c6da3191097c773286c,EGYPT/DL,True,0,0.0014361652
5f50ddf299984f4ab7ee7a1165b44d3d,MOZAMBIQUE/DL,True,0,0.00087798137
5f55906828a3414cafd91e4426898303,GUINEA/DL,True,0,0.0008999655
5f5c8465b45143b88f181ca455e5b8d6,BENIN/DL,True,0,0.00089273846
5f69a04ddb524b97b8dcc62c091319ac,EGYPT/DL,True,1,0.99999785
5f822d9ff4444f3783c22d72d866c6e8,MAURITIUS/ID,True,0,0.0009937088
5f84aa04bbfb4d5983730fb50fb00b87,BENIN/DL,True,0,0.00089555973
5f976156209b408c877f18e0c18a2f74,MOZAMBIQUE/DL,True,1,0.9999974
5fa80a50851b4fa8a20910dfb7a6691b,MAURITIUS/ID,True,1,0.99999714
5fb90cf45ad14315be97435530f4053f,MAURITIUS/ID,True,0,0.0015066284
5fc0aaef0ecf4f17bc75fd1989b5ce3b,GUINEA/DL,True,0,0.00089089747
5fc5663f49804bd0b387bc3cad07600e,BENIN/DL,True,1,0.99999726
5fd4e8015d4f417ab7d8811b505b270a,EGYPT/DL,True,0,0.0010412952
5fde94fcfa584a10b0469eb94c7ca2b0,MAURITIUS/ID,True,0,0.0010404196
5fe4f381de4e42b8858d25edbfe26b29,BENIN/DL,True,0,0.00090577017
5fe5cfc4f8da4d0c996bf4fbee0b8f1e,BENIN/DL,True,1,0.99999774
5fe6685fe547450ca0e6d38d9cc1e7ad,MAURITIUS/ID,True,0,0.0011630423
5fe969a946f6478e970ac7dde66345fa,EGYPT/DL,True,0,0.0015475715
5febfe3b996e42d3bc3a1bb9915b851d,GUINEA/DL,True,1,0.99999654
5feda2e16e824038a73aeb1dba6bd455,BENIN/DL,True,0,0.00089692953
5fef941289514b1689318782fee34218,EGYPT/DL,True,0,0.0013586553
5ff26f2ed32e49b6811fbeac417eaaeb,EGYPT/DL,True,0,0.0015901756
5ff96c85919d45bd810d4026451b4ae1,GUINEA/DL,True,0,0.00088429573
60051d0a7fc342d390b378d18bc317dc,EGYPT/DL,True,1,0.9999976
6011918c068142238e9c17555a04263a,EGYPT/DL,True,0,0.001234792
602769be70814c84a794e301f08c3914,GUINEA/DL,True,0,0.0008851995
603c5861ba07408ba66097790d97e800,BENIN/DL,True,0,0.0010221266
603e2964ab8149b49acc594abf29fb2b,BENIN/DL,True,1,0.99999785
60453f5b7d054351a9d92dc91a2be5d5,GUINEA/DL,True,0,0.0008953558
604e7ae322db474db76918c6df583b15,BENIN/DL,True,0,0.0008860205
60557e5406544665a6fd5e9f0b683c45,MOZAMBIQUE/DL,True,0,0.00086679164
605b14228d434d0091a645b32c122924,EGYPT/DL,True,1,0.99999774
6074fe20890e4a28b5b54dd0797ca39c,MAURITIUS/ID,True,1,0.99999666
60a8cbc92ddd48f184d7a5d771b17894,MOZAMBIQUE/DL,True,1,0.9999974
60be3039ebef44098f96e6459e0b9bd0,EGYPT/DL,True,0,0.0009927773
60c22de38093437e9c46e38d96cef054,MAURITIUS/ID,True,1,0.99999785
60c95b8d29af4240b210a69406200b76,MOZAMBIQUE/DL,True,1,0.99999785
60ca451141604dc180a4c2f598a404d4,EGYPT/DL,True,0,0.0012871235
60d067a8412244528e525981f629cb3b,MAURITIUS/ID,True,0,0.00089357846
60d5f343e3474d7db2bf5f04aedeb6f3,MAURITIUS/ID,True,1,0.9999968
60d604acfb094e51a0a963b9df3bb473,MOZAMBIQUE/DL,True,0,0.0008687869
60e03a6a5fec45529ec83612815ba995,EGYPT/DL,True,0,0.0009830415
60e05bf351ba4947a72bbcae85f01322,MOZAMBIQUE/DL,True,0,0.00087086426
6103cadf753d49b89c88d59939533ad0,EGYPT/DL,True,1,0.9999968
6108a33cf9344d80bcd14cae78f01821,MAURITIUS/ID,True,0,0.001328293
61125e180ccd4d78a9822ed40dcca25e,GUINEA/DL,True,0,0.00089181855
612ed38cf92d4bc2a644106d110f95fc,EGYPT/DL,True,1,0.999998
6141c7314db2479fbac18d9b8e28d023,BENIN/DL,True,0,0.00089891435
6147950b797746d3b67e2c3bfa9f5ab4,MAURITIUS/ID,True,1,0.99999726
614ad2631c8f4011b5f9ffff7d5adbb4,BENIN/DL,True,1,0.99999774
61525ab3b043429bac1945e750c015fa,MOZAMBIQUE/DL,True,0,0.00087611395
6156acc835e74ef99acebcdb8355a337,EGYPT/DL,True,1,0.9999976
6158f2db8ca542cda50b26806f9bbd90,EGYPT/DL,True,1,0.99999666
6159019141524287b9e0ed5019b8a5ac,BENIN/DL,True,1,0.9999976
615af0868cbf4562a0638cd5a586f9ff,GUINEA/DL,True,1,0.99999654
615ff59ed6fa4a0e893ad2c8c3ce82b8,MOZAMBIQUE/DL,True,1,0.99999774
6164ce2b09bc4a4495044447d413c57c,MOZAMBIQUE/DL,True,0,0.00087517797
61758a4bc1704ddfb5b1a880b6448bde,GUINEA/DL,True,0,0.0009008517
617ea45985264c76ad9d3d7277b17520,GUINEA/DL,True,1,0.99999785
6186cbe45ae94eec943a3abc1ce7f1f7,GUINEA/DL,True,0,0.0008942155
619259a97ef949dfb9c75370221dede2,GUINEA/DL,True,0,0.000884426
6195096414614f0695564cebbaafe4bf,BENIN/DL,True,0,0.0009236659
61a45c0b411343e6a6597c8c467cfc7b,MOZAMBIQUE/DL,True,0,0.001047198
61a46e19789d41588db8824776cf5705,BENIN/DL,True,0,0.0008911777
61ababbc85734176a26cc2705ce2352b,MOZAMBIQUE/DL,True,0,0.0008681745
61b2b15b607e47e0ac9b15c43f253034,BENIN/DL,True,1,0.99999774
61c7f0b00fc744e29a81cf6bae73ce41,EGYPT/DL,True,1,0.99999774
61e6dfd232744083ac2c76f4d14ed364,EGYPT/DL,True,0,0.0010921037
61ea2cf8cfe248d6a1f3d171a96f6fd8,EGYPT/DL,True,1,0.9999975
61ec6720972c4c188f4615294120492b,EGYPT/DL,True,0,0.0014945868
61ed8031ad154531b7ca8789bb7611d4,MAURITIUS/ID,True,0,0.0008631245
61f2f2b2a2f243699b583a5c7895de3c,BENIN/DL,True,1,0.9999975
61f3105bbe124e18a679243397886bda,GUINEA/DL,True,0,0.00089048373
61f6cdfc9d5d4aa8a3a93b3d958e70f4,MOZAMBIQUE/DL,True,0,0.0008792932
61f88296d48f45a5be7e0fb1b8cb4807,EGYPT/DL,True,0,0.0009779615
62106719f55d495cb7da9557ad4ae3db,GUINEA/DL,True,0,0.00088500004
6211fada0c0a464eb2eab7fd7ed5cede,MAURITIUS/ID,True,1,0.99999774
621ade4041204e509d288313b759430c,GUINEA/DL,True,0,0.00089850463
621f5eae6cbc4fcfb52a845e9c3eb2ba,EGYPT/DL,True,1,0.99999714
6220ffac1f704bc4a3257ba11a8b49de,EGYPT/DL,True,0,0.0009648059
622537f43b3546f8bbb0af072fbd1090,MAURITIUS/ID,True,0,0.0009866538
6226a3202cf24266b4a159638fcb3b22,EGYPT/DL,True,0,0.0019586354
622b5b85563148d185e0316814baca63,MOZAMBIQUE/DL,True,0,0.0008667058
6235ba0974e9429da59261940d527fd6,EGYPT/DL,True,1,0.9999969
6247ed5b9eb54a2790c2a79643ce93eb,GUINEA/DL,True,0,0.00089952693
625179ad00aa4bad9e6fe2b55762860d,BENIN/DL,True,1,0.9999975
6259043fc1eb4d98ac11202016be1feb,MOZAMBIQUE/DL,True,1,0.9999976
62699b55126c4a1897cf20b3177cbcc2,GUINEA/DL,True,0,0.00090694847
626da118a7794c8f8508e672640af58d,MOZAMBIQUE/DL,True,1,0.9999974
626f6bf377a048e199b6a25d2be12eea,EGYPT/DL,True,1,0.99999774
627a8c6bc17446929243a12845771a68,EGYPT/DL,True,1,0.9999969
628013fadf3e4e4c8397a290008ee62b,MOZAMBIQUE/DL,True,1,0.9999976
6283bb70b181491a9270f36bcd39dcac,GUINEA/DL,True,1,0.9999976
62890685bfc0404ea5bd8fba7513f929,BENIN/DL,True,1,0.99999785
628977c51c4b435ea22a1331b0fa137e,EGYPT/DL,True,0,0.0010199979
628b70be414e4144a80aeeb986cf171a,EGYPT/DL,True,1,0.999997
629d28f3e55a45deb1070c8ecea92636,BENIN/DL,True,0,0.0009038885
629f47e89a01459aae5430d0c4b6bafa,MAURITIUS/ID,True,0,0.0012327231
62acaa4f40b04f8691a8d1283c6bf00b,GUINEA/DL,True,1,0.9999976
62b20510b26248519565a7116dc4945b,EGYPT/DL,True,0,0.0016250692
62ba567ed0924713add7b53bbe4565ef,EGYPT/DL,True,1,0.99999774
62cbfec902c942ef9b7b3fb57c7658ad,MOZAMBIQUE/DL,True,1,0.9999976
62db1a378dcc44e3adc8eaa7eedbdb87,BENIN/DL,True,1,0.999997
63001c837cff4d8698fc90832b346eb2,EGYPT/DL,True,0,0.0012527967
6326921db55040cd85b7e6a05653b231,BENIN/DL,True,1,0.999997
632836941e564464ae34c0c5e3835946,EGYPT/DL,True,0,0.0013342077
6338b2243b9c4edc909a4b7051609376,BENIN/DL,True,0,0.00089061743
633ba9fc2e8a4977925c750dfbcfa195,EGYPT/DL,True,0,0.0012318059
633c39ef26d84c7babef57d9b0d8c829,EGYPT/DL,True,0,0.0010820146
6341d81e5ce24b299d4ff7f69ffd56ca,GUINEA/DL,True,0,0.00088541285
634d71977c934f798709a8f08343227e,MOZAMBIQUE/DL,True,0,0.000877429
635a7168b87445c380eb46cfdd004c5d,MOZAMBIQUE/DL,True,0,0.00087404536
6372d96af6334e6ba65c483176c2f6ad,EGYPT/DL,True,1,0.99999774
63775000416843378320c0f4ca1728ac,BENIN/DL,True,0,0.0009093436
6385616e0e68438b814b7fbea0798a6d,EGYPT/DL,True,1,0.9999969
638a8566214b484b8fcd995ad22993fb,MAURITIUS/ID,True,1,0.9999964
6390ca2d1f824602be35b77b075dcc0c,GUINEA/DL,True,0,0.00091110496
6393f10ce2374d73ac05f3878dd4cd25,GUINEA/DL,True,1,0.9999976
639fa3260e4a4b3c81d94b1fbabd944b,GUINEA/DL,True,0,0.0008946121
63a3c2fae6a8482eac87bcb84a601421,EGYPT/DL,True,0,0.0010109517
63a8a131e86144a8986d52e51af247b7,MAURITIUS/ID,True,0,0.0011651369
63aa4dcd004644458cb9b5ef591e7c44,GUINEA/DL,True,0,0.0008967069
63bd366821a84ea9a2e08751b699c8e7,MOZAMBIQUE/DL,True,0,0.00087045203
63c87510b70a4eeb977c704751ce4c5c,MAURITIUS/ID,True,1,0.9999976
63defbcd767041439e7698740b34d32f,MOZAMBIQUE/DL,True,0,0.0008593394
63e72d50c6134dcfa4ba54e45a03be46,BENIN/DL,True,0,0.000897805
63f3e14a8d104757bdb5730f8c50f161,BENIN/DL,True,1,0.9999974
63fa1889c0634d88909a60c058513bb5,EGYPT/DL,True,1,0.9999968
64016d3a35c143e39c8cd52ce16caff0,EGYPT/DL,True,0,0.0010448517
64081f91ceb04de9a71690b450dafa2c,BENIN/DL,True,0,0.0009022304
641147c431ae4af9b26dbfd7316ad077,GUINEA/DL,True,0,0.0009010972
64135ed24cd54c1b9207f4678b242376,MAURITIUS/ID,True,0,0.0008726352
64166b5059cd4af4870567e2eaf423d0,MAURITIUS/ID,True,1,0.9999969
6426e3272e974d68b2e09b875364529b,GUINEA/DL,True,1,0.99999666
643d017de0d242e58efb3308c2114167,EGYPT/DL,True,1,0.9999968
6444f9903ec54bbeaafd85586b2d6b7f,MOZAMBIQUE/DL,True,1,0.9999974
64451298c28b4bb3b574fb92ac838053,EGYPT/DL,True,1,0.9999968
644c695693de463fbe5096067d932b5a,GUINEA/DL,True,1,0.99999714
6459c554259243199d0e3604f0038e5e,EGYPT/DL,True,1,0.99999666
6464b6ab1b7e481eb41ad58ae0c4e4a3,EGYPT/DL,True,1,0.9999964
64699b3a3a5b4da3b2e031c8e24761b1,GUINEA/DL,True,0,0.0008937896
646bce55c7c441e1bae5aa26c74127a0,EGYPT/DL,True,0,0.0013119883
646fcfa08c0647a5b84816059737193e,BENIN/DL,True,1,0.999997
6473e1710cbd4dbbb459587d3a392333,MAURITIUS/ID,True,0,0.00088200433
647ae31e71124d2dbc67c03689c31210,GUINEA/DL,True,1,0.99999714
648806e0c02c465b8d532c35864f1c76,MOZAMBIQUE/DL,True,1,0.99999774
6490dfe0c6154a949edb941a02a5393b,BENIN/DL,True,1,0.9999974
649681d3ccf945248edd96ab62e01a73,MAURITIUS/ID,True,0,0.0015404013
64a1b549c76c4d3bb8fe1c5faf45f5dc,MAURITIUS/ID,True,0,0.0013373735
64a8daa155174fa49fc80885c3fb1820,GUINEA/DL,True,0,0.000894299
64c6424bc6f84dd5ab8cfcf408f7904b,BENIN/DL,True,0,0.00089443574
64cce6a3fec648d59b98b6d7cd18bc74,BENIN/DL,True,1,0.99999774
64defcbd456a47f58fcfe76b23dcb3fb,MOZAMBIQUE/DL,True,0,0.0008719695
64ee06ad33974c5d948e659aa279bbba,MAURITIUS/ID,True,1,0.99999654
6505ac8c1e7b4864ae4ce45f5120f6cc,MOZAMBIQUE/DL,True,0,0.000864525
651ec5f44bd44f74805936c8247ead23,EGYPT/DL,True,1,0.99999774
6520ccde2fef4df19c381bc5564b6d74,MOZAMBIQUE/DL,True,1,0.99999714
652396c0b5ec4bb49df2c373b8e444b0,EGYPT/DL,True,0,0.0010285234
65320969a39d4776860b1542ee3c2b78,MOZAMBIQUE/DL,True,0,0.0008639193
654c900ec5cb46abaf2485ea42d030d5,EGYPT/DL,True,1,0.99999785
6557f0824cc8412bb52f39c54abb763d,BENIN/DL,True,0,0.0009008984
657ce8f685fb40e784e9043b8203c5dc,MAURITIUS/ID,True,0,0.001367499
657e31eb5cff4c31be7b19bcdfb70c84,BENIN/DL,True,1,0.9999976
65942fdc262a470fbd7f155fc3e0db72,MAURITIUS/ID,True,0,0.0008666538
65a7251543f44cc39ec4eb47289c97ae,EGYPT/DL,True,1,0.9999968
65b2621794e841f793259497cb5daf18,BENIN/DL,True,0,0.00090925995
65b750cb8c064d53bacae1b6df67df7b,EGYPT/DL,True,1,0.999998
65c226f455a147c39e867ffa97c00226,BENIN/DL,True,0,0.00089684577
65d1b3c0e1e44c62a5eb777967ccffc3,BENIN/DL,True,1,0.9999976
65da8a0820f14b368015acbeb93f82a3,BENIN/DL,True,0,0.00090297346
65dcae4b74ae4cc2949d6de402a02351,MOZAMBIQUE/DL,True,0,0.0008671039
65e87c0a9b644628a1e1d9744c895b7d,BENIN/DL,True,0,0.0009155762
65eb174a1cd742ffb803b1162b6bff90,MAURITIUS/ID,True,0,0.0008798065
65f816aa2a47464ea175cadb46ab83ad,GUINEA/DL,True,1,0.99999726
660aac8968e7446ab015c49ccab2ef48,EGYPT/DL,True,0,0.0009902781
66306a469ce944ca8474e29d7fcc38c3,EGYPT/DL,True,1,0.9999968
66497344e0ec418fb773ad098ca15ed9,BENIN/DL,True,0,0.0013058697
664c4a82e19d4519b814a1a8f72467e8,MAURITIUS/ID,True,1,0.9999974
6652873498214728a9efd2bfaf91bf19,GUINEA/DL,True,0,0.00089676626
66537452e7a64a988c72a88773b73501,EGYPT/DL,True,1,0.9999974
66689c566e784aba94997b718fe64f4e,EGYPT/DL,True,1,0.99999774
667501135c4f4fab82e03ba8ca8369de,BENIN/DL,True,1,0.9999975
667b6773d704413a82362c65d4b05322,EGYPT/DL,True,1,0.9999969
668302903a13427e86acb3b6e2675081,EGYPT/DL,True,1,0.99999714
66868f99c2bd44bb827e8495e87f514d,BENIN/DL,True,1,0.9999976
669f2d7ea290490a9fbf6396dde3bd03,MAURITIUS/ID,True,0,0.0011842061
66ad2a8bb74247dfa2d129a43ae5e904,MAURITIUS/ID,True,0,0.00088686973
66b7ef3c596b4d79bf75e9e25f08adda,EGYPT/DL,True,0,0.0009791184
66c03989f69c440c900ece12593970fb,BENIN/DL,True,0,0.0009057132
66c4166bdd634704866e5c84980c5c25,EGYPT/DL,True,1,0.99999654
66cfba5d54334d8ab1aabc3782c70c55,BENIN/DL,True,0,0.00088652427
66dbc9c0116a4713ab89da9ca8054451,EGYPT/DL,True,1,0.9999981
66dd199261eb4a74a367e5d150fb7085,BENIN/DL,True,0,0.0008973676
66e7e7e3b7e54e28853fa5e4f379c1f4,BENIN/DL,True,0,0.0009026931
66ed54d008d44f61a1ce6ff7adaac3a7,EGYPT/DL,True,1,0.99999774
66f31a761a7f4eaba99a86c39f6fe350,GUINEA/DL,True,1,0.9999976
66f920c230054f61a74fb7e8d0a66c91,MOZAMBIQUE/DL,True,0,0.0008736673
66fce84d69464e3ab6dcfe4d8f5028aa,GUINEA/DL,True,0,0.0008992531
670924c3f96047418f10af791c4ef71b,BENIN/DL,True,0,0.0009073396
670ab76c340e4dbdaa933b91e4ca7687,EGYPT/DL,True,1,0.99999666
6720856c879c402ca66e77cd1d0d2967,GUINEA/DL,True,0,0.0008911264
6727d55db75f4845aaf7a7a8cee8fbb3,EGYPT/DL,True,1,0.99999785
672a6e9fd6fa42a6b7ccbb2008990ff5,BENIN/DL,True,0,0.0008866603
672fb0f620334644b7c6f95dac57fd58,MOZAMBIQUE/DL,True,1,0.99999714
673f24f48c1e43ebb35834bd444a4286,MAURITIUS/ID,True,0,0.0012977788
6742a27fec4e4ab8b0dfb4a0f6e02bfe,MAURITIUS/ID,True,1,0.99999654
674471b2732742e4bdc78888bafa3d30,MOZAMBIQUE/DL,True,1,0.99999785
6748f933275e44228ac894abed77c8b8,GUINEA/DL,True,1,0.9999974
6749355998474278b3bbd5a5149066db,EGYPT/DL,True,0,0.0014990054
675375b1663c47828ea3fe322b9d0a1c,MOZAMBIQUE/DL,True,1,0.99999726
67540ebd15b14d45a027905046b4a6a7,MOZAMBIQUE/DL,True,0,0.000874666
6771cc08e1c240d5a4e3ef5517291ba8,EGYPT/DL,True,1,0.99999654
6785b3d2620e4256a0f6d1fa68d96af9,BENIN/DL,True,1,0.9999974
678bedb75dc547c3a3b7aedf726ac5da,MOZAMBIQUE/DL,True,1,0.9999976
67a723f611fe41d99aeb0acf8ae65cc6,BENIN/DL,True,0,0.00089711626
67b7aeee9f4d46c3bd21269294130926,EGYPT/DL,True,1,0.9999975
67bdd42d29044d06aa2c84baad1779de,MOZAMBIQUE/DL,True,0,0.00088230456
67d14e53f11c46eea62b2bd6c4a55ff7,BENIN/DL,True,0,0.0008918305
67e52128283945138853cf0e47897d59,MOZAMBIQUE/DL,True,0,0.0008643199
67e7487e55d84894aaeeb85d369395ff,BENIN/DL,True,1,0.9999974
67f0085afca44c258157ff18a68b8c37,MOZAMBIQUE/DL,True,0,0.0008632133
67f312d8d995492fbaab5f1326a08730,GUINEA/DL,True,0,0.0008956596
67f91f0ea72743cb9f8533fac8349f7c,EGYPT/DL,True,0,0.0011744609
6805d3709a014d5f9d26f7f99bfca0b6,EGYPT/DL,True,1,0.99999785
6808497cd7294e4293d36c12618ce182,GUINEA/DL,True,1,0.99999726
680c802a984a4d669a8a7ebbf61dc191,BENIN/DL,True,1,0.99999785
681a74bb25bf437cb832c224581c7d95,MOZAMBIQUE/DL,True,0,0.00087423855
681ad112c4f34c5baa2254723e768abd,EGYPT/DL,True,1,0.99999785
681d1a8b25b543ef9e111b35177cb479,MOZAMBIQUE/DL,True,1,0.99999774
682020e254c048ef9b1351d62a50a5bb,EGYPT/DL,True,1,0.99999785
6823a58ff1984d07a8ad300a4956b7eb,EGYPT/DL,True,0,0.0013897059
6829d393f5ec482a9d658b8e741e183c,GUINEA/DL,True,1,0.9999976
6833e59de87d46ccaf77e98ce41beb75,BENIN/DL,True,1,0.99999714
6836e9c5295c4dcd95f819bb5bb876a2,MAURITIUS/ID,True,0,0.00087404705
684b009e1d004d7c9d7174f291966d6b,BENIN/DL,True,1,0.9999968
68575d16ce0e45c6bbd3fdb7c626c5e2,BENIN/DL,True,1,0.99999785
686f0b542983454690d2261fed67ab2e,BENIN/DL,True,0,0.00088424823
6872e25a9a5b4747bfd9064a1e008f50,EGYPT/DL,True,0,0.0010852189
6874b53625f64e57ad2b31fbc3d8c593,MAURITIUS/ID,True,0,0.0008852387
6875358611ea4ea79dfd15218483e327,BENIN/DL,True,1,0.99999774
6878c5afc46a4c708888642dece4f3ae,MAURITIUS/ID,True,1,0.99999654
688e0faa799c4853a79bee666a5ba7af,GUINEA/DL,True,0,0.00088713696
6890900e1531404fbbe63fec009d932a,MAURITIUS/ID,True,0,0.00089089747
6892b28072224e1e8f554a06bab5d0f0,EGYPT/DL,True,1,0.9999968
689be11d91764ea599bb7ec496722610,BENIN/DL,True,0,0.0008907723
68b08475f9c84e248cc79bf4201f3c85,GUINEA/DL,True,0,0.0008967628
68b291998a0047f78f5646fa289910a1,GUINEA/DL,True,0,0.00088664255
68be07b53d9049c198e226a009829863,EGYPT/DL,True,0,0.0011529137
68bf100707bc4248ae7f95b82c3b9ed7,GUINEA/DL,True,0,0.0008880845
68c7b1ad86194f63a78af3e1874de04e,BENIN/DL,True,1,0.99999774
68cd19ad78724638bb248a195ff31413,GUINEA/DL,True,0,0.0008936214
68ce5de27f8d4f1e8b56e56f9490f0d8,MOZAMBIQUE/DL,True,0,0.0008722491
68cf333182e34572b006428f50fdd8f8,MOZAMBIQUE/DL,True,0,0.0008618297
68d1aa12c01741a59e8acd4cdb5654d7,BENIN/DL,True,0,0.000906387
68eeeefb30ba4a47989750a6c3e991e3,EGYPT/DL,True,1,0.99999785
68ef6bf0b1554c389cd97927b16b9a8a,EGYPT/DL,True,0,0.0009811522
68fb02d21d6f4b0e8b2d5ec066c9530e,MOZAMBIQUE/DL,True,0,0.00087251177
6909a10f40a6462bb8326bc9a77fea3d,MAURITIUS/ID,True,1,0.99999654
69147dff9eae489b908b5bccef64ad14,MOZAMBIQUE/DL,True,0,0.0008701866
6925c4973a8146b69f795ca581d389ee,MAURITIUS/ID,True,1,0.9999976
692f2a26a8634a1a95d3d8f20580efd7,BENIN/DL,True,1,0.999997
693fe4c9494c44c99ec885281941d723,MOZAMBIQUE/DL,True,1,0.9999975
694db554324546db9a43b77a8f704ab6,EGYPT/DL,True,0,0.0011448872
694f1ee6f3664d29a48d7bb15eae1bdd,EGYPT/DL,True,0,0.0010273649
6962bce9b8b1433390f03c1eb1523ad7,GUINEA/DL,True,1,0.99999774
69702100f9dc4155aa42eab7f9c03bf3,GUINEA/DL,True,1,0.99999666
6987bf5977a2477a80442a86e9c7ab15,BENIN/DL,True,0,0.00089685764
69b1c3d3aa5d44fc89f005b5c6c1e206,MOZAMBIQUE/DL,True,0,0.0008801478
69b39133ae234997976d65e5211d6f35,BENIN/DL,True,0,0.0009060537
69b92781bfbc445593221865eb5cf772,MAURITIUS/ID,True,0,0.0008756729
69c6544a85c84fa3b185ded8f150058c,MAURITIUS/ID,True,1,0.9999975
69d5021eff44456d9ae8d9ba4e33880b,BENIN/DL,True,1,0.9999974
69d6aaaa0ce544a69cb275b110a061b9,GUINEA/DL,True,0,0.0009015262
69e37c4618b44ef09533ab5c8ba8fdd6,BENIN/DL,True,0,0.0009035121
69eb0841c4164b0b8fbfc1f81975d4e5,MOZAMBIQUE/DL,True,1,0.9999975
69ee43fc600045abbb72f3a2ddf8006d,GUINEA/DL,True,1,0.99999666
69f92dd6c20d4d60a7759939cfceefb8,EGYPT/DL,True,1,0.9999976
69faad4c0ad746b6ae006779df573cbf,BENIN/DL,True,0,0.0009326609
69fd14f5d7d44d9fa4743a81252d5956,EGYPT/DL,True,1,0.99999774
6a0aa52bc7a74b1cbdd626daa9fa04dd,MOZAMBIQUE/DL,True,1,0.9999976
6a1bca196efd49f09d070aec7a4e6b3e,MOZAMBIQUE/DL,True,0,0.0008690158
6a25e6701226441c9154510817f4c61a,EGYPT/DL,True,0,0.0010970498
6a27c3463a9e47a5a2e4a94d36239866,BENIN/DL,True,0,0.0008848701
6a28bbdca79f46178bbd3d1e259f34cd,MOZAMBIQUE/DL,True,1,0.99999785
6a2f57856be64c108b968a511c833e06,EGYPT/DL,True,0,0.0010599364
6a36acc74a944a7dac7e0c1013be6e80,GUINEA/DL,True,1,0.9999975
6a38d3727d424960829b0050ab4201e7,BENIN/DL,True,0,0.0008868669
6a55209e0c0640209c905881de339bb2,GUINEA/DL,True,0,0.000893816
6a60af76d4c8456d93228dfa271bfe98,BENIN/DL,True,1,0.9999976
6a6b504fd678447c89c4d61c58a9d4e0,GUINEA/DL,True,0,0.0009056114
6a83c515fdc2437a966928cc81d96599,MOZAMBIQUE/DL,True,1,0.99999774
6a84cafbdbe1482fa4d56bcf2c7bfff4,MAURITIUS/ID,True,0,0.00086866354
6a88c688dd7144889d4a75194685937e,EGYPT/DL,True,1,0.9999969
6a903efb96ee40e0a2ba4abb8352966c,EGYPT/DL,True,1,0.99999774
6a914b5cb0224a4794075c0c5e5bce2c,MOZAMBIQUE/DL,True,1,0.9999976
6a9603f523634de096dd3347237ecdf8,EGYPT/DL,True,1,0.99999785
6a9804a763e244d1a37edeb398e66fa1,BENIN/DL,True,0,0.00089550903
6aa34c8000454964ae4a5f77ac0f3496,GUINEA/DL,True,0,0.00089741976
6aa5858377de4ba4899cd5c6e831ed6d,GUINEA/DL,True,0,0.0008933264
6aa6a4ec3212427e9285a1bc9ece3a7e,MAURITIUS/ID,True,1,0.9999976
6aae0faed8854779a9c3135a6dac47b0,BENIN/DL,True,1,0.99999714
6ab247a40397452b872534a9c6bd5974,GUINEA/DL,True,1,0.999997
6ab4edcf21a44edcb971297147399bb3,EGYPT/DL,True,0,0.0012422026
6ab84820c0da4a3383473ebf9dce9f6b,BENIN/DL,True,0,0.0008944898
6ab9f9a316084dc59fd8bd1216069d97,BENIN/DL,True,0,0.0008970923
6ac049b8515844f2b4bcafee1af1af16,BENIN/DL,True,1,0.99999774
6acf196a470643518d7cd64971169700,GUINEA/DL,True,1,0.9999975
6ae713b99f14449291c9a3f48d4b7c5a,BENIN/DL,True,0,0.0008964215
6aedd573ec95485f959592eeaacf680a,MAURITIUS/ID,True,0,0.0010077634
6aee05178c4c4233a6213cf78eb27fc8,GUINEA/DL,True,0,0.0008980266
6af126fa1e7241838fd605abc2b1249a,MOZAMBIQUE/DL,True,0,0.0008711187
6af43c05735b4e6f9405a618c5b10067,EGYPT/DL,True,0,0.0014854944
6b03e641d90a4148a88c951b8ce7bd85,GUINEA/DL,True,0,0.00088492286
6b04a9bcdc9f4b0ba861abeadb0c0513,EGYPT/DL,True,0,0.0010689594
6b0be42e312349f6925fb4ac344a9faf,EGYPT/DL,True,1,0.99999654
6b0f20376c5b4af3849cf3426fe27ae5,BENIN/DL,True,0,0.0008843779
6b19c38d44174298bc99414e0c31f3ba,EGYPT/DL,True,1,0.9999968
6b287aadff9743c3a17b577b79858517,GUINEA/DL,True,0,0.0008894645
6b2f9b1bbd05431faea58b8fdfcb7750,EGYPT/DL,True,0,0.0012398155
6b35783649914d658f45cc8cd5cf8b20,BENIN/DL,True,0,0.0008999929
6b36cf2c8cb84ea0aac871c811ed0eb4,EGYPT/DL,True,1,0.99999785
6b414ebcb79b442d9c64ad95e6ce1d9e,BENIN/DL,True,1,0.9999976
6b424cc5f4814026a833c858c6b28eff,GUINEA/DL,True,1,0.99999726
6b4900f95946499aae5bbadc177f0378,BENIN/DL,True,0,0.00088658807
6b4bea48c15a40329ed5c392a3149ff9,EGYPT/DL,True,0,0.0009659334
6b5bc74993c448c3a047fd61ae86eab3,MOZAMBIQUE/DL,True,1,0.9999974
6b63434f6f7b448a8813412026edf3a6,EGYPT/DL,True,1,0.99999785
6b74e50150c44282b8517c55000eb7a8,BENIN/DL,True,1,0.99999726
6b7a0c2fcb124a6fbb80c6940b9c8888,EGYPT/DL,True,0,0.0010473193
6b7bc5bff0c949ca99e74a6548334f53,MAURITIUS/ID,True,1,0.9999974
6b928657face49b18d751a196872b32d,GUINEA/DL,True,0,0.0008968406
6b98946d3cbc49508eea064a168cc1b6,MAURITIUS/ID,True,0,0.00086876046
6b9ff46b099247048aa8385a84818edf,EGYPT/DL,True,1,0.9999975
6baaf11cf4d44feb9b11cfeae0a623aa,MAURITIUS/ID,True,0,0.0011893163
6baf1f374a8b4008a2b667503882757a,EGYPT/DL,True,1,0.9999963
6bb401a17bfe4480a905e51a4378c822,MOZAMBIQUE/DL,True,0,0.0008675989
6bbae7aa9a55458e8ccd9253ba88d6a6,EGYPT/DL,True,0,0.0014972955
6bc83280f06047918bab9cbc0310756b,MAURITIUS/ID,True,0,0.0011104748
6bcca48ea2284147aa90e5b408e65b26,EGYPT/DL,True,1,0.9999975
6bd79826465244df9ab4e12c8890ddc3,MOZAMBIQUE/DL,True,0,0.00086998474
6be18445382b42319137714900ac1680,MOZAMBIQUE/DL,True,0,0.00086702703
6be20c4366bd481286a575739beac0ee,EGYPT/DL,True,1,0.9999969
6be210629bda4821a55575dc3dcd190e,EGYPT/DL,True,1,0.9999968
6be5d253081c4603b821a1489b2a5c9f,EGYPT/DL,True,1,0.9999976
6beca0e504bf476da4575bfb512d24cd,BENIN/DL,True,1,0.99999785
6bf40a3d01de45de8ffa4d6cad6f972d,MOZAMBIQUE/DL,True,0,0.000871807
6c06a788fd1e489e8b37b6d9e22ddfad,EGYPT/DL,True,1,0.9999976
6c15464c11bf4cb8bc3ce1981c5b1f8b,GUINEA/DL,True,0,0.0008972958
6c267903b31745f0ad523e9534653998,EGYPT/DL,True,0,0.0010375209
6c293ae170c543a89a4b16264b95d5ea,GUINEA/DL,True,1,0.999998
6c2b4a8ecfc847118284a4126ab1e203,BENIN/DL,True,0,0.0009006303
6c3a750b728749b2b2f5df53167a5940,MAURITIUS/ID,True,0,0.0008729871
6c4135bb1f2f4fc6963475c2ebe07196,EGYPT/DL,True,1,0.99999774
6c440291bbab45bd8ecef5e1d8ac8f16,GUINEA/DL,True,0,0.0008916521
6c6915b0abc9478e9112b1748a6bcf32,MAURITIUS/ID,True,0,0.000903125
6c6de7f865f844aead811dec9b419b01,MOZAMBIQUE/DL,True,1,0.9999976
6c769c0eeeab40c3a6c514ce3d5b60ad,MAURITIUS/ID,True,1,0.9999975
6c7960e712f74704b19ca642da3aaea3,GUINEA/DL,True,0,0.0008989011
6c86ed29de10481f9448b3e4cbd68381,BENIN/DL,True,1,0.9999969
6c8c026c49fd448c80d23321aebefd7b,MAURITIUS/ID,True,0,0.001228975
6c8db25dbb284179a95172d105fb628f,BENIN/DL,True,1,0.9999974
6c98d5471eff40b9bf37030d0852bf52,GUINEA/DL,True,1,0.99999666
6ca9815ba06742e5a810543fe1a0d78b,EGYPT/DL,True,1,0.99999666
6caf99869c254fb080472ff1c8a0f6ac,MOZAMBIQUE/DL,True,0,0.00088369224
6cb1c711cd45427da91c0780fd98b050,BENIN/DL,True,0,0.00090207957
6cb5e1b8fedb4e0b942a109ea76bb4c9,EGYPT/DL,True,0,0.001216407
6cb96e929f8449eb91ff92a7512dd625,MOZAMBIQUE/DL,True,0,0.0008617123
6cc9993d86164c878fa0159f2f166deb,MAURITIUS/ID,True,1,0.99999666
6cc999e526d0407681d86c3cbca57429,MOZAMBIQUE/DL,True,0,0.00086991553
6cceaba06209446ebeb6f7c150eaa0f6,MAURITIUS/ID,True,1,0.9999974
6cd1b2648a6d4cd2b1cadd9d3cd3301a,MOZAMBIQUE/DL,True,0,0.00086540764
6cd9d756730348738636f7468fe55e1d,EGYPT/DL,True,0,0.0010169524
6cdb29867fef41ceb242f32bfc0b850f,EGYPT/DL,True,1,0.99999774
6cde47f38bbd45699709e53fb1d1625d,GUINEA/DL,True,1,0.99999666
6ce6f48a85164cb6b78404b3a129df80,MOZAMBIQUE/DL,True,1,0.99999774
6ce87a22321440d78c29924bb3f284a7,MOZAMBIQUE/DL,True,1,0.9999974
6ce9c9525e7f4cc3807711b96897f354,MOZAMBIQUE/DL,True,0,0.00087225536
6ce9ce8c79e34eb18cacb0bd8b6987a2,MAURITIUS/ID,True,1,0.9999975
6d04ea37b24b409e982ee5596f7e0e89,EGYPT/DL,True,1,0.9999976
6d216ce6644d42b0a5213487f8c663c5,MAURITIUS/ID,True,0,0.0016237267
6d2782339971488c9f1b5823e891307f,EGYPT/DL,True,1,0.99999774
6d3124043af54e098abb78fa5d16ae6f,EGYPT/DL,True,0,0.001047005
6d3685bb2f324578a1a0ca87f40ae9fc,GUINEA/DL,True,0,0.00089037896
6d39c07217f94818ae3203a72e4127e7,GUINEA/DL,True,1,0.99999654
6d490a2fe3c0433884c3955fc61e8b60,MOZAMBIQUE/DL,True,1,0.9999976
6d4f419535714095970de827c1782fd8,BENIN/DL,True,0,0.0009143574
6d5245db55f0430a824d294109a0b0d1,EGYPT/DL,True,1,0.9999968
6d605c7cf6c44ef6a708cbab116ac86b,EGYPT/DL,True,0,0.0010001881
6d60755ff30f42c18c7185d47d12d404,BENIN/DL,True,0,0.0008956532
6d688d09d6a547c0b3bd92aa62bbb54a,MAURITIUS/ID,True,1,0.9999976
6d740f7b80c045dcafe49605fc88e20d,BENIN/DL,True,0,0.00091022433
6d78c616950746d096e48f794dbe376e,BENIN/DL,True,0,0.0009051356
6d79798c4ba746498e53673f227d0956,MOZAMBIQUE/DL,True,0,0.0008749177
6d81067952764a67b2824df2445c2da2,MOZAMBIQUE/DL,True,0,0.0008684798
6d83332a50bf4aa7a78e47079f9f4c69,GUINEA/DL,True,1,0.9999975
6d92d309775243819952996f4e07b4c5,BENIN/DL,True,0,0.0008967962
6d941a0e70cf4586b180b6001d59d158,MOZAMBIQUE/DL,True,1,0.9999974
6d95c78692c84386a1b1f0ed38ebd924,MAURITIUS/ID,True,1,0.99999785
6d9e584b43594c1fa28cbff334442d3f,MAURITIUS/ID,True,0,0.0008895217
6daa914cacb346cf85a3b322a652ff5d,GUINEA/DL,True,0,0.0008895976
6dae6a5d1743459f9bde94751bbba9e7,EGYPT/DL,True,1,0.9999969
6db49983dd9442d08f166a4de968fd5d,MAURITIUS/ID,True,0,0.00097579334
6db5412b341d4f9bbf6e3557ed38597a,EGYPT/DL,True,0,0.0011710743
6dbadf29c2424ba498ccefe90930eba9,MOZAMBIQUE/DL,True,1,0.9999974
6dc7c7ea3b8248d6a227aa38ce1b2d4a,BENIN/DL,True,0,0.000885291
6dd0ebbce891427abd504705971b5765,MAURITIUS/ID,True,0,0.00087371183
6dd1aaa0b162465fadd0f30c20885daf,MOZAMBIQUE/DL,True,0,0.0008699226
6dd2ffed389041dda54514a72990fc6a,EGYPT/DL,True,0,0.0073147584
6dd8f12f49c2498f9e45cfc5de4fd7f1,MOZAMBIQUE/DL,True,1,0.9999975
6de7a00f14804b63988c8aa697409eb5,MOZAMBIQUE/DL,True,1,0.9999976
6ded4b93bc7344ca87bcff569582d061,MAURITIUS/ID,True,1,0.9999975
6dfb71bd521a49b1a4f67b8aee9f733d,EGYPT/DL,True,1,0.9999976
6dfe3238ccc94e4d93438c7858060b70,BENIN/DL,True,0,0.0008974915
6e04ac91f936409599d33713f3263994,MOZAMBIQUE/DL,True,0,0.00086241093
6e053c2cc1c54bbeaca7d8453af4442a,GUINEA/DL,True,0,0.0010875501
6e0d69c45121461cbca65cfb846d43fc,GUINEA/DL,True,0,0.000895608
6e1542570b814718bfb455f3ae77497b,BENIN/DL,True,0,0.00089034
6e2622adf4a04100be074cfee99cf871,EGYPT/DL,True,1,0.99999785
6e31eb55580c46a5a8e19f57198fec20,MAURITIUS/ID,True,0,0.0010031717
6e34763790ec421f86471630babf06d7,EGYPT/DL,True,1,0.999998
6e34b5cf51ba4b84800774a56fa03875,GUINEA/DL,True,0,0.0008821671
6e3f3b91d7ee43ccafdcbfb7279c53e1,MAURITIUS/ID,True,1,0.99999714
6e45f0ba25144278a587ae229d42dbbe,MAURITIUS/ID,True,1,0.99999654
6e4b3f28755f49e9af3a0f8408fc4b3d,MOZAMBIQUE/DL,True,0,0.0008687736
6e57a7068d914957874eefc666b755b6,MOZAMBIQUE/DL,True,0,0.0008716583
6e60c7173aba42cab3faafc0ca264f77,EGYPT/DL,True,1,0.99999774
6e71f935669a4b75823acebceceee38e,EGYPT/DL,True,1,0.9999975
6e7f3df465ef45a7a890f628006a6a79,MOZAMBIQUE/DL,True,1,0.9999974
6e8213215a364a4f816ef7c4173f4c89,EGYPT/DL,True,0,0.0010236076
6e973b7a05a54fa29d43628d536498e2,GUINEA/DL,True,1,0.99999654
6ea0b61552dd44eab6584c9988ed7f64,MOZAMBIQUE/DL,True,1,0.99999774
6eb00954f3a44ef8ab4b6a94e4eea9a1,GUINEA/DL,True,1,0.9999976
6eb2a08fc7884da6b9231bf35977d889,GUINEA/DL,True,0,0.00088953396
6eb2d816bf4b444588add75eb91b693c,MAURITIUS/ID,True,1,0.99999654
6ebabcd19e9f42f18d4513341bb907fa,EGYPT/DL,True,1,0.99999774
6ebca2744c204c14a42b7e68e5901838,BENIN/DL,True,0,0.00088870723
6ebe0fb7443741e7a9ef1eb832e1da1c,EGYPT/DL,True,0,0.0009848333
6ec3c405b1e44150aea9b4cbd9e6b195,MOZAMBIQUE/DL,True,1,0.99999726
6ecaa3de286244d9914518feddb2576a,GUINEA/DL,True,0,0.000884394
6ed691c6e7ae4066b136486d8f1ce412,MOZAMBIQUE/DL,True,1,0.99999774
6ed915ad1ba94566bcb2d282097fd5df,MOZAMBIQUE/DL,True,0,0.0008724586
6ededade2c734270b36319ea50f79185,GUINEA/DL,True,0,0.0008911038
6edf05f2d7ff4322aa0d9c9384cd2e7f,BENIN/DL,True,0,0.00088305684
6ee113b365f840248f83b43d4c5778de,BENIN/DL,True,0,0.0008935155
6ee6282aa2ee49138cf615643dfced21,GUINEA/DL,True,0,0.0008910872
6eec45823f0d4cf3b92301916a4e1a31,BENIN/DL,True,0,0.00091511843
6eef7f5395954f4aadcec126fc280991,MAURITIUS/ID,True,0,0.0009385183
6f328461a5434c6a9b812f6301f13c5d,EGYPT/DL,True,1,0.999998
6f4fc382ed6842309cffdf6813da9ecf,MOZAMBIQUE/DL,True,0,0.00087340386
6f55a01d75844942b4e5fe0d28df06dd,BENIN/DL,True,0,0.00089699315
6f58b566ffaf45d083908c5f15c20a16,MOZAMBIQUE/DL,True,1,0.9999974
6f6eed6fc9f04320b0bcbc6fd6357040,EGYPT/DL,True,0,0.00094513356
6f6fee728e3e406494fcd93278b5882f,EGYPT/DL,True,0,0.0013123957
6f9228346d504649bfbc42fc1f31c71a,BENIN/DL,True,0,0.00088772626
6f937ea1bbf741c58ae989e49777e6b4,MOZAMBIQUE/DL,True,0,0.00087433815
6f9731c85b6146c2a1fe61fb367b69c8,MOZAMBIQUE/DL,True,1,0.99999774
6f9f383a95c6410ba5ed2072f4957bbd,MAURITIUS/ID,True,0,0.0012291687
6f9f4ab537164008b4daf876fec6a01a,MAURITIUS/ID,True,1,0.9999976
6fa98e94ab574740bc27fa54c15195da,MOZAMBIQUE/DL,True,0,0.00087466306
6fb0d38de02d432fb2afeae50c59d92b,GUINEA/DL,True,1,0.9999976
6fb5a5fab9d845d184d80ef064a450fc,GUINEA/DL,True,1,0.99999774
6fc2f9edaf0e4241a0b08bd544fab480,EGYPT/DL,True,0,0.0014098764
6fc6566bd9fd4b6992fd3b8893384f67,MAURITIUS/ID,True,1,0.99999654
6fcfe721afea4df1b906e6b9cb0dfe27,GUINEA/DL,True,0,0.0008935984
6fd25b86678a4acf9f493e09d8fbf7ba,MOZAMBIQUE/DL,True,1,0.99999774
6ff1ecb2dd9c4e6bb2702b0880c18938,GUINEA/DL,True,1,0.999998
70018fe5b80e4cb5a17d82080586f8d4,MOZAMBIQUE/DL,True,0,0.0008816973
7002da394ebc4c149d9ed4e9eb8a59a3,BENIN/DL,True,0,0.00090868364
7016bd5cfe3442139c8c9457103bf283,EGYPT/DL,True,0,0.0009565778
7019f54b25324b7aa6e4101783f88d25,EGYPT/DL,True,1,0.99999726
701a78be269542239d69f076de20b0ca,BENIN/DL,True,1,0.9999974
704050b1a42c40ad8ab4c9560612feec,EGYPT/DL,True,1,0.999997
704232f722e84ea294c2cd587f7f68c5,MAURITIUS/ID,True,1,0.9999976
704294dcb7304703ac0f6b0f4d051572,BENIN/DL,True,1,0.999997
704460ad198d4ef3b85120f8e6a5b817,EGYPT/DL,True,1,0.9999968
704c70069674452494e00bf44fd3c236,MOZAMBIQUE/DL,True,1,0.99999785
704d464c7bc645c9a396ade74b342f44,MOZAMBIQUE/DL,True,1,0.9999976
70527992783947198543685acef2640f,MAURITIUS/ID,True,0,0.0008839618
70542392fa244def85f05713ce4f490e,BENIN/DL,True,0,0.0009159514
705cad391035416b9e7004ea393b9314,MOZAMBIQUE/DL,True,0,0.00087091373
70708b3131d047c99681afa9d8881037,GUINEA/DL,True,0,0.00088796054
707be168470c4efeb75b8c97a66d23f0,BENIN/DL,True,0,0.00090570585
707cbb27760d473cbac8b25a2e5071d4,EGYPT/DL,True,1,0.99999774
70800da9403f46f2ad4b6d0408671b27,GUINEA/DL,True,0,0.0008918831
7080df87021c4c4c8ed10388bd0be4fb,EGYPT/DL,True,0,0.0012235938
7082d4f87e874242881c818baf125dbd,GUINEA/DL,True,0,0.0009021582
708b6642217a4dee8f64ec3bd0fa542c,EGYPT/DL,True,1,0.9999976
709d6c04052f421687f5a34956f74a8d,EGYPT/DL,True,1,0.9999976
709e8815adea43369c4057c8d0372f8f,EGYPT/DL,True,0,0.0010293258
709fdfaf6c83417b8b2161f20a2525c5,EGYPT/DL,True,0,0.0011035037
70ad134639614f00846592e0eb685e9f,GUINEA/DL,True,0,0.0009012063
70ad323f887e4430a8d078eb2271d6a8,MAURITIUS/ID,True,0,0.0010585049
70b56adbcfe447139fc34e9f3cf9df74,EGYPT/DL,True,0,0.000970391
70ba3c3ddefc45aaade16e2f9a67b8a4,EGYPT/DL,True,0,0.0009937235
70bdcd072682414b9d2d2accd0daf0e3,MAURITIUS/ID,True,0,0.00087707833
70cda8722e8b41d8bf0d7dc58b62e499,EGYPT/DL,True,1,0.99999774
70d892fd8b54480db7cc73936c66fd5b,GUINEA/DL,True,1,0.99999654
70d99abcf169412a9632dfc446eba366,BENIN/DL,True,1,0.9999975
70db35b88e1f45b3b3979f62dbc5cd92,MAURITIUS/ID,True,1,0.99999774
710013f444cd49d1a7afebf6cff20467,MAURITIUS/ID,True,0,0.00088220485
71072811147c46288fd5fe15371ae756,MOZAMBIQUE/DL,True,1,0.9999976
71162d8a0d4e4daa92ef15f5e4ff560f,EGYPT/DL,True,1,0.99999774
7118cc09017042579a2407064cd912ba,BENIN/DL,True,0,0.0009063204
7121c00d4df043dc925ca3404abf2b5e,BENIN/DL,True,1,0.99999774
71229145265441e4a63e8439fe7d11f0,MOZAMBIQUE/DL,True,0,0.0016655815
7128bc3dd7424ac0baed4589cf8003fb,EGYPT/DL,True,0,0.0013656749
7132b77e964647f2865c37276e0f2fe2,EGYPT/DL,True,0,0.001282896
71400479836a4700a471222887f52d47,MAURITIUS/ID,True,1,0.9999974
714d36596b534c2699b53c2202d0a089,MOZAMBIQUE/DL,True,0,0.00087006844
715554fd75db468babcd322adb2690fa,MAURITIUS/ID,True,1,0.9999975
715da2b5c2624f8d925aa44d62f8c12e,GUINEA/DL,True,0,0.00088661164
716799960ae846c49104e9af41429c88,MOZAMBIQUE/DL,True,0,0.0008721598
7189e41664ab412badc25af9276a2099,GUINEA/DL,True,0,0.0008883249
7193d03e8aac40cfb8dc5036a539b9a8,EGYPT/DL,True,1,0.9999969
719765eef5ed4588a32e151c302ffe9f,MOZAMBIQUE/DL,True,0,0.00087433524
719888278a3b4300a58b0570e8c2a3ad,MOZAMBIQUE/DL,True,0,0.0008863524
719bc1066a6048689e7bcf9ced9f9ead,BENIN/DL,True,1,0.99999714
71b1d1dd5bc5475f8b55c914be2e9b7e,EGYPT/DL,True,1,0.999998
71b2cc21d38d4e438ae1abe294ec7e89,EGYPT/DL,True,0,0.0010468878
71be4907b5da40f2b3ee5347f48a2f3a,EGYPT/DL,True,1,0.999998
71c4bd8c7f73498491081ab2859b046e,BENIN/DL,True,0,0.000884541
71cba240a1db46cfbeb48e867d6533a9,MAURITIUS/ID,True,1,0.9999962
71cce05649c84e38b5405053516283d4,MOZAMBIQUE/DL,True,1,0.9999975
71d5fd0710674b90b4d6e4212ba073c3,MAURITIUS/ID,True,0,0.00087732356
71e20061cd6746469e17a3ccaf82296d,BENIN/DL,True,1,0.9999975
71ea918555fe40fa911aa809923335cd,EGYPT/DL,True,1,0.99999774
71f5cf32a3bf44dc8ea21852b5cbf35e,GUINEA/DL,True,1,0.9999976
71f651d2fbb047909b1abc50ad971ca7,GUINEA/DL,True,0,0.00089210924
71f94b21815749ff88bfbc478e412d05,BENIN/DL,True,1,0.99999714
71fa4958e449489a8edecd13a6d2d327,MOZAMBIQUE/DL,True,1,0.99999714
72020e576fac4740b87dc8f847e34bb8,MOZAMBIQUE/DL,True,0,0.00087049184
7202ddfc95c4402094a64039c3d7dd06,BENIN/DL,True,0,0.000894767
7204e294c6614a02985024f3536e3340,EGYPT/DL,True,1,0.99999785
7207d496ac164bf98de4dbcd26e11cad,MAURITIUS/ID,True,0,0.00092374336
7215413c660f40de9d31c4ed742f58b6,MOZAMBIQUE/DL,True,1,0.9999976
7215702ef98f41b7886a2f3e037bc783,GUINEA/DL,True,0,0.0008896747
721e69e452dd402c837a295459795b2a,EGYPT/DL,True,0,0.0011034086
7221329894f844ccbb3b00ac29a76ebd,MAURITIUS/ID,True,1,0.9999964
72303faa51064e36aff11250cc6b856c,MAURITIUS/ID,True,0,0.0014238708
7242dd061b2e437ca3858da909044a49,MOZAMBIQUE/DL,True,0,0.0008735654
72443df7000b4f7bb50fa6338f3c9f55,BENIN/DL,True,0,0.0008895548
7259dcf9b3df48208e0b352d54eb7191,BENIN/DL,True,1,0.9999976
72608374b5bb4551bdc8510830f44df4,MAURITIUS/ID,True,0,0.0008890717
7267050c39c640a48712706feafb1713,MOZAMBIQUE/DL,True,0,0.0008618888
726ebda3351c4cf3a32c0a8bea7d27d7,BENIN/DL,True,0,0.000886281
727f8074af44476eb10e9abf09831002,EGYPT/DL,True,0,0.001482126
72860039a6ef417e8fac548e858b86a4,BENIN/DL,True,1,0.9999976
7289bbaa561949569d268061f2cadf2c,GUINEA/DL,True,0,0.0008978602
728a7d32d26f4bfcac0bc2f4abfcc46f,GUINEA/DL,True,1,0.9999968
729290b134484bec99a1108248d07285,EGYPT/DL,True,1,0.99999666
72942a4c9a054e9a8589a75918690815,BENIN/DL,True,0,0.0014345024
729885072d8a4fa49de1af8c94508dcd,EGYPT/DL,True,0,0.0013165452
72c2dfdd373349afad65f4543d61ef7a,MAURITIUS/ID,True,0,0.00088753976
72e8c5524ff54e9da49748b2b4098100,MOZAMBIQUE/DL,True,0,0.00087627093
73016093aca642f3a2e9ad1d2de1964a,MAURITIUS/ID,True,0,0.0010609112
7307b08b9c164782a272efccc0a91662,MOZAMBIQUE/DL,True,0,0.001962856
7311e387ff894664a5ab33d773222da5,BENIN/DL,True,1,0.9999976
731f1241809441529557f5bf149571d0,EGYPT/DL,True,1,0.9999976
732685e2d3954b5e96ace57948116981,EGYPT/DL,True,1,0.99999774
732878feaebd4821b5f9ae13e2a28e6a,EGYPT/DL,True,1,0.99999774
732fd6083ef24ab19354900faadb76ae,MAURITIUS/ID,True,1,0.9999976
7338841801524b63919d5aac8c8bf493,GUINEA/DL,True,0,0.00089437986
733bb309c720426e912c2688176ec5ff,MOZAMBIQUE/DL,True,0,0.00087628106
733dada4abd747ac97e978111847ce9f,MAURITIUS/ID,True,1,0.99999774
734b5bb35cfa411086235b586342bade,GUINEA/DL,True,1,0.9999964
7365b266091f411dad00587a0c01db9d,EGYPT/DL,True,0,0.0013470986
736e6ab9592341e5af5195e926ee5e0e,EGYPT/DL,True,0,0.00096687314
737e7587229f4557b4f54ab0480f297f,GUINEA/DL,True,1,0.9999976
7386e160532048edb21e9526fb033191,EGYPT/DL,True,1,0.99999785
73898559c5884caa9ba9255f55afa47e,MOZAMBIQUE/DL,True,1,0.9999976
739c05005fef48a8b4c4900a3cb186ba,BENIN/DL,True,0,0.00090904
73a285cd78ac42a3904cd199773cbaac,MOZAMBIQUE/DL,True,0,0.0008634601
73a7be371bee460fb78c2264c0a43ece,BENIN/DL,True,1,0.999997
73b10265125249259391fa2e3c7f73a7,MOZAMBIQUE/DL,True,1,0.99999774
73b21e6e5a674058bb47279d78ecf7c9,MAURITIUS/ID,True,1,0.99999774
73b37ce8b94b4d15a66c4d278f774584,MOZAMBIQUE/DL,True,1,0.99999726
73c95a8080a5459c8d68015f30322c64,MAURITIUS/ID,True,1,0.99999714
73d45d4162d74101a05e2dc4b3b248a2,BENIN/DL,True,1,0.99999785
73dbf8e7d5c54748918af7cd2748c1cb,MOZAMBIQUE/DL,True,1,0.99999774
73dddb842bf74361b45ede74bc3a4a6e,EGYPT/DL,True,1,0.99999785
73e695d3796243e89965b4ca66fa2034,EGYPT/DL,True,1,0.9999976
73e72b24dc5244fb8c527803678c6ad0,MAURITIUS/ID,True,1,0.99999774
73ebda9fc3e54f759d0877f327d0da43,MAURITIUS/ID,True,0,0.00087225414
73fc70e02a1d4b20aefef378bdafc94e,GUINEA/DL,True,1,0.9999975
741bae8afdc24be38bfa25d493bc7db2,EGYPT/DL,True,1,0.99999785
742cf7bbddd54b36b1ae98d4b54b21eb,GUINEA/DL,True,1,0.99999774
742e8f9bb19342809a84384c1ce43b3a,MOZAMBIQUE/DL,True,0,0.0008797387
7431b68f68d6474e9262337b6a3a7745,BENIN/DL,True,0,0.00089358183
7432c6cf94f442af8c33b38408acd8e0,EGYPT/DL,True,1,0.9999976
7440dd6e604b4c42adba8c52ec867848,MOZAMBIQUE/DL,True,0,0.0008728086
74419fbf2fae4db2b70669e0d7b3d89d,MAURITIUS/ID,True,0,0.0011705613
7447683ac81c43649f6fe60028b831c2,EGYPT/DL,True,1,0.9999976
744a49220f5346819781662030d56375,BENIN/DL,True,0,0.0008971637
744e2e74f73341028ff9cf30f48845b4,EGYPT/DL,True,0,0.0013872994
74772b15e2024e7886546ca4b4504675,MOZAMBIQUE/DL,True,0,0.00087883207
747770f9d01941999b7abf9479202b24,BENIN/DL,True,0,0.0009093653
747d473f31e145269a3ac585ffd33624,MAURITIUS/ID,True,0,0.0011167093
747d97ef2eb14659a2b7d6e2d6a1ac1c,GUINEA/DL,True,1,0.99999785
74867857a00e4041a55f57f2abf7cdeb,MOZAMBIQUE/DL,True,0,0.0008691781
7486de32bb4a482e9a366c3fba7525a1,MAURITIUS/ID,True,1,0.99999714
74882873e1594370865c5a791782d315,EGYPT/DL,True,0,0.0010478141
748a11e3d1e84866b03f4e471fd6d95b,BENIN/DL,True,0,0.0010944615
748e0e025caa447c9819d5c5b229702a,MOZAMBIQUE/DL,True,0,0.0008583287
7495379af41542f6b2ef23415aa1c957,EGYPT/DL,True,1,0.99999774
74af6104c0e24d6c92b01379c364c633,MAURITIUS/ID,True,0,0.0012490727
74b824220f994995906969e6a601a7b9,GUINEA/DL,True,1,0.9999964
74bdfc0482d34ba0911cbb87c7bc5ed7,BENIN/DL,True,1,0.99999774
74c9904a4aa14695a9d1a39ef8edcd4b,MOZAMBIQUE/DL,True,1,0.99999774
74e4509636cd424db5867cef9fccf964,BENIN/DL,True,1,0.99999714
74f4ad2b02ae449e894fa4224b2e4347,MOZAMBIQUE/DL,True,0,0.0010772414
75141d05a62e4de999fb09aa2288c68b,BENIN/DL,True,0,0.0008970077
7517736548ac4f1791b903591e2821af,MOZAMBIQUE/DL,True,0,0.0008639173
75178024ce074408a3bb5078720dfd2b,MAURITIUS/ID,True,0,0.0009336241
751a6620f6b04b4ab6e6ef0fa5ab8492,MOZAMBIQUE/DL,True,0,0.00087242696
751ff4925d0d4292a97985879cdb67b3,EGYPT/DL,True,1,0.99999774
75308df126ea461b97847f0902c38e53,BENIN/DL,True,1,0.999997
754802f5819949209bac415dbb487409,BENIN/DL,True,1,0.9999976
75498107682e4e00a50e1e5edc6a8575,MOZAMBIQUE/DL,True,0,0.0008686122
754a9376853640fd8adbb449868aea3e,MOZAMBIQUE/DL,True,0,0.0008790591
7553ad0a778940619c60d6943099af75,EGYPT/DL,True,0,0.0013373048
75647557fa8f4ce39f8adf72b1387c1a,EGYPT/DL,True,0,0.0011331101
756fae68e2c0460ea45874ee3b307212,MOZAMBIQUE/DL,True,0,0.00085872796
757b1c488de24b4f8f671eb5d29dc2ce,MOZAMBIQUE/DL,True,1,0.99999774
7587701c21284900997632f2cfe40589,BENIN/DL,True,0,0.00089293753
75976907f50a44ada56c992586764759,EGYPT/DL,True,0,0.0013563449
75989d4215924d95bba609253f8f952f,MAURITIUS/ID,True,0,0.00089408254
75c3c1f0a58249038d24473bff9716a2,BENIN/DL,True,1,0.9999976
75c457381f2748da97a83c645a1ae3df,MAURITIUS/ID,True,0,0.0008785442
75c69c7a554145c9b84571eb68402278,MOZAMBIQUE/DL,True,0,0.00086230127
75d207c1ab20413683b04ad36ca93d06,MAURITIUS/ID,True,1,0.9999968
75f57ef0626941a0874e53e10e3e4799,EGYPT/DL,True,1,0.99999774
76036110f0df42518d50437eaefff804,BENIN/DL,True,0,0.000897029
7605bc4ca15d4e9d87e4ede486314606,BENIN/DL,True,1,0.9999975
76099c7abfcb492294814dd53a02ac64,MOZAMBIQUE/DL,True,0,0.00085801387
760edab39fdb4370ad261866c6f4b8fa,EGYPT/DL,True,1,0.9999976
760f5dfec44d4f2f96984b593ce500d9,MAURITIUS/ID,True,0,0.0009720682
761250fff9cf4f3e9567324870805f74,MAURITIUS/ID,True,1,0.9999975
761286e715ae416a98bb9eb8a60e6cdc,EGYPT/DL,True,1,0.9999969
76188b7429ff4dc49c6070ad65ac57cb,BENIN/DL,True,0,0.0008893394
761ae203b63444c296ad5154c48eee8a,MOZAMBIQUE/DL,True,1,0.9999976
761bec5f9de54b5b83a06c32f4b1bfed,BENIN/DL,True,0,0.00091178936
761ff35876ac475493bd2a5bd0ae84bb,BENIN/DL,True,0,0.00091609283
7626d4be8fe042ad9346e38e82fefae0,BENIN/DL,True,0,0.00088911667
762aed72d737476192b2f129940a9eb5,GUINEA/DL,True,1,0.9999976
762ddff97ae74924a9e937e79371c847,GUINEA/DL,True,0,0.003658235
7632f3ac72024ba09133e7f41c425600,EGYPT/DL,True,1,0.999997
763450c12a364cea872f2eb8486f9324,EGYPT/DL,True,0,0.0013301243
7638ac521b2b4914a71b9f72a7419fac,BENIN/DL,True,0,0.00091851427
7646107730864e058610e5c626050e40,MAURITIUS/ID,True,0,0.00086967065
7647dc871e5e4a56a7cd62edf8c5186f,GUINEA/DL,True,0,0.00088349817
7649b6887d944756802b03b2beeee794,GUINEA/DL,True,0,0.000876798
765a3c9aff984e058c6322dd574ae78c,BENIN/DL,True,1,0.99999726
7662ce7a13e44c00873fcb4421588955,BENIN/DL,True,1,0.9999976
766f0251319648b6a99131a9624ecbb5,MOZAMBIQUE/DL,True,1,0.99999774
766f53522c5842c4b56be181295302bc,MAURITIUS/ID,True,0,0.001417427
767e0d1723954dba863fb315151c87ef,MOZAMBIQUE/DL,True,1,0.99999774
7685b81d156b4075aa8820fd0035ad4b,EGYPT/DL,True,1,0.999997
7688f1baa9b94f349c25bbdb8ffd7c07,BENIN/DL,True,0,0.0009049485
769383a4165b434698a5bac1be9d729b,MOZAMBIQUE/DL,True,0,0.0008580482
7695f95a3c0c436b9a745ae5db0c3256,MAURITIUS/ID,True,0,0.0008812488
7696643f23c24022b6b9a7ad82f10e8b,EGYPT/DL,True,1,0.99999774
76a282e9f9764ffd86e4fc96e560519f,GUINEA/DL,True,1,0.99999666
76c079cbeea745c9b911254d842ef6e2,BENIN/DL,True,0,0.00089480454
76c26f214e85493698a53498ca70f56f,GUINEA/DL,True,0,0.00088848406
76d1c88707584f49925b6347fef7b6ff,GUINEA/DL,True,1,0.9999969
76ec0aca194646f6899b99403a3cc041,EGYPT/DL,True,0,0.0009419188
76ee98fe79914c71a5ff952b001404d6,MAURITIUS/ID,True,0,0.0013563798
76f405bb50e644678a57496e52dac63a,GUINEA/DL,True,1,0.9999969
770fc187f21d4b16b7d91d7119dbfd3e,EGYPT/DL,True,0,0.00093227933
771b1d38347e4586ab7d5896f695fa83,MAURITIUS/ID,True,0,0.0012490513
772027365ffe495197fcebe3c0809573,BENIN/DL,True,1,0.999997
7727ed4bb4b9412e913f6a608049e399,MAURITIUS/ID,True,1,0.99999714
7729eece267a40a0a5f3a2a721c7e870,BENIN/DL,True,1,0.9999976
7739dbacebb94d5d97862da65404a130,MAURITIUS/ID,True,0,0.0008743302
773f9f77532f4142b06953b62a6da17a,MAURITIUS/ID,True,0,0.0013323633
77485954676c4d19b7421d9a41e53566,BENIN/DL,True,0,0.0008983266
774c3ceb27054b81bd2d582aa88f4825,BENIN/DL,True,0,0.0008957172
7758564e62e5455081ac37c26cd022aa,EGYPT/DL,True,0,0.0011172002
775a3586cdc844148845ad9408aed2c5,GUINEA/DL,True,0,0.00089082867
775bd6b342004e029070ce7efac1d6a0,GUINEA/DL,True,0,0.0008913263
775ef81f0a9742188fd94476fb50c7c6,MAURITIUS/ID,True,1,0.9999968
77664232ce374db6888689b0f5d67f6e,GUINEA/DL,True,1,0.99999774
7790f81ddf654eb79fcceb78c52dbd0e,BENIN/DL,True,0,0.0008928163
77964fae81c046909cd2a675b86a0bc4,GUINEA/DL,True,1,0.99999774
779e445a6cc0438ab89806845b910728,EGYPT/DL,True,1,0.9999968
77bb829c18a14ca7b6bc4d0995fada67,BENIN/DL,True,1,0.99999774
77ce8debdc0d42b094173b3a0f4645d9,EGYPT/DL,True,1,0.99999785
77d745ed14c9432ba4aa715e89c3c0d2,GUINEA/DL,True,0,0.0009034089
77dbcb72f5ba4106976e363a726118f5,MOZAMBIQUE/DL,True,0,0.0008713428
77e40f2cb80f4e0a8d11d869cd991c91,MOZAMBIQUE/DL,True,0,0.00086932344
77f06ee65bc3467fb82afbb1ecfbc82a,BENIN/DL,True,1,0.9999975
77f4baa29d614563bb59c5fd2f33d1f2,GUINEA/DL,True,0,0.00089083007
77f5fc4ff52d4a09a0e5a0b837a9d840,BENIN/DL,True,0,0.000893249
77f6dd3cc83b4de8870459a6055b8075,MOZAMBIQUE/DL,True,0,0.0008693223
780a9c40e8fe4e80aacb5dd985a5c26e,EGYPT/DL,True,1,0.99999774
781d1dc16f9948f9a9c1ded63b81c777,MAURITIUS/ID,True,0,0.00091266504
7828c658065249a7b9565cfa45858969,GUINEA/DL,True,0,0.00089676544
78294b5ae1e245ed9b2b455f1340add2,EGYPT/DL,True,1,0.9999981
7839cd6079354d84ac2eb56842cd087d,GUINEA/DL,True,0,0.000881707
784a36fafba1495c9a7105507b3795c7,MAURITIUS/ID,True,1,0.99999726
7851a4d1acff4ad780b452cb09973a2e,MOZAMBIQUE/DL,True,0,0.0008637502
7857c6b7c7204b3bace5a4f8be9de264,GUINEA/DL,True,0,0.0008971538
78583e20acc343e48d3dd4ad0f6be74e,EGYPT/DL,True,0,0.0009782177
785d2c03f4e94dbba0564aa58039025e,MOZAMBIQUE/DL,True,0,0.0008578308
7865f711ed664992b09de5cb35bfb2fc,EGYPT/DL,True,0,0.0012328558
7867b80a7f1246999bf22d7b47a679c0,BENIN/DL,True,1,0.9999976
786ff5e437cf4a498fcd84dce9c8db8d,EGYPT/DL,True,0,0.0011847515
78819675144e4219824eac5a6b90299c,EGYPT/DL,True,0,0.0009453952
7883b6c1da444aa5ada236569af5b2ae,BENIN/DL,True,0,0.00089484453
78979e4b8c7548778ba6e0ceaa7eea5c,BENIN/DL,True,0,0.0008881527
78b31dbe78284d98beecf8c789bf181c,EGYPT/DL,True,0,0.0010534965
78b60d6c050d499e82736f1c72da8b4a,MAURITIUS/ID,True,0,0.0008760614
78b76e4d6c5c4129b3bd0d55de70ed31,MAURITIUS/ID,True,0,0.0009815645
78bace345feb46039c2b05834cd8da34,MOZAMBIQUE/DL,True,0,0.0008702575
78c72fffeadb4671b31e110054f91506,MAURITIUS/ID,True,0,0.0012929635
78c78690cb74471593992b0fbab1723b,GUINEA/DL,True,1,0.9999976
78c90d4238fa4e159449e0bfe3b87b85,EGYPT/DL,True,1,0.9999976
78d779cdf31344f4b485dafe14d009b9,MAURITIUS/ID,True,0,0.00089113053
78d94bb1117f432092fe9f6fb8a14833,EGYPT/DL,True,1,0.99999774
78def409b52a42f997f8a81703aa7ade,GUINEA/DL,True,0,0.0008926611
78ede4a81b9744a3b8bff1af770c5db2,MAURITIUS/ID,True,0,0.0010610482
7902ff7619aa43c999e229bad8b0e346,GUINEA/DL,True,0,0.0009003103
79103eab310e46939a090696fb690345,GUINEA/DL,True,1,0.99999714
79138f12607b4dfdae6e8d678d005044,EGYPT/DL,True,1,0.9999975
7914ba994411476f901255feee07dd04,MOZAMBIQUE/DL,True,0,0.00088864454
79178663baa648988ce778be290523c0,MAURITIUS/ID,True,1,0.99999654
7918f3849db5405fa60c8ea8e8b751bc,MOZAMBIQUE/DL,True,0,0.0008708141
791f808ec881432e99a616dc51cf8b5b,MOZAMBIQUE/DL,True,1,0.9999975
7929ad52ff38457aa77cb78943fe8c8d,EGYPT/DL,True,1,0.9999968
793b10a8ea15440188a2dd93d3710940,BENIN/DL,True,1,0.9999974
7941bf0af035476383f4638e2b29c16e,BENIN/DL,True,1,0.99999714
79459016e7c5401b8f21c5f1c75d0b37,GUINEA/DL,True,1,0.99999774
7947daaad92242e6b59fa314a0975b21,EGYPT/DL,True,0,0.0010659255
795b17b15a494f5496f55cb90afcde3f,GUINEA/DL,True,0,0.00089223887
79622c926a7240e79d56bb8c9d0be2c6,MOZAMBIQUE/DL,True,0,0.0008730553
79675bd60dc8491584658014c8deda7e,MOZAMBIQUE/DL,True,1,0.9999974
79689f98999940069791c9955fc4a4a5,MAURITIUS/ID,True,1,0.99999774
79716885bea84206976c0e3213dcc977,MOZAMBIQUE/DL,True,0,0.0008641342
7974009ea90543bf9154ddd59546ab81,MOZAMBIQUE/DL,True,0,0.0008783123
7976e26844794257999f6acc8ccbaff7,GUINEA/DL,True,0,0.0008988128
7978b749b6ef4c6996bd7b689600ebb8,MAURITIUS/ID,True,0,0.0010490647
79790d6cf6d64bbdaf9f227c6d976982,MAURITIUS/ID,True,0,0.000875368
797af569ffc24f82bb4cb1a51b2f3c57,BENIN/DL,True,0,0.0008965667
798b27c434a841869c1eb7e34de847f7,MAURITIUS/ID,True,0,0.0015925022
79910dc84008485ca9af335f22c36397,BENIN/DL,True,1,0.9999976
7991acc5a0de4524bb67dc4fa02b24dc,BENIN/DL,True,1,0.9999974
79920d305e37452dafb5a7d8c9417ffd,MOZAMBIQUE/DL,True,0,0.0008643076
79ae76b4640e4403bbd0362c5190dc9e,MOZAMBIQUE/DL,True,0,0.0008924421
79aef468a6974b97a025b8dc42799aac,GUINEA/DL,True,0,0.00089266995
79b2bc59ffc445e5b98fb471a825efbe,MAURITIUS/ID,True,1,0.9999969
79b3083fc194402f8b7abb42a3eec934,MAURITIUS/ID,True,1,0.999998
79b69b236d194666b6ffdac378f9e4c5,BENIN/DL,True,0,0.0008940847
79c7ac62dd2849edb9a852dcdb79c8f7,BENIN/DL,True,1,0.99999774
79cb4d75c04249ceaea0872d696234e9,MAURITIUS/ID,True,0,0.00089222775
79ecd21b014a4a9c87697325f89f6688,GUINEA/DL,True,0,0.0008848027
79f4430b46104f79a39fa7ffb9fba83c,GUINEA/DL,True,0,0.00088396634
79f57effdaa8425bb6d4f86eb9fe04b7,MOZAMBIQUE/DL,True,0,0.00087813317
79fd044fe9924afda0afff165de500a1,EGYPT/DL,True,1,0.999998
7a0362519d884f349f698fcc0d8ecf98,MOZAMBIQUE/DL,True,0,0.0008683118
7a14f213774a4ed79e3b684f7e95d747,BENIN/DL,True,1,0.9999974
7a39ef6bf41c4aafa037879de12f8e18,MOZAMBIQUE/DL,True,0,0.0008752463
7a488d990489486a8a89fe7917a8cbbb,MAURITIUS/ID,True,1,0.999998
7a52643751474e678a5d1bb9e0b2f4fa,MAURITIUS/ID,True,1,0.99999785
7a5655bc9a0a45708d009217ff4b50e6,MOZAMBIQUE/DL,True,1,0.9999976
7a5c1249ed5b478aaa79197a172b5120,GUINEA/DL,True,1,0.99999666
7a67a6ccadad4521825945e0af70eb09,EGYPT/DL,True,0,0.001107645
7a6c2e62982b4408a6a1489129f0b257,GUINEA/DL,True,0,0.00089082663
7a7a981968cb4402a2ce7cc31d2a75af,MAURITIUS/ID,True,1,0.9999968
7a829ed1453e47baa5c1403c80be1feb,BENIN/DL,True,0,0.00089282345
7a893425613b444abb05d3155a816667,BENIN/DL,True,0,0.0009042684
7a95fbf2918e46a98224b2bbfcc96cd7,MOZAMBIQUE/DL,True,0,0.0008782382
7aaea9dd161a473385f78babb0728fd4,MOZAMBIQUE/DL,True,0,0.00086417294
7ab19a22e57548c88acb9ca64e04c796,MAURITIUS/ID,True,0,0.0012342081
7ab3eb5a714e45f5a03eb40952629cb3,EGYPT/DL,True,1,0.9999974
7abbbeb63d7e489c9f977ec3ed0f5b44,EGYPT/DL,True,0,0.0011225946
7ac14918cab44960b0ab7c92720a4328,MOZAMBIQUE/DL,True,1,0.99999774
7ad50710c19348d380bccc90f8c73050,EGYPT/DL,True,1,0.9999976
7ad7d6625ee14731b8e23b6efdf37fbe,MAURITIUS/ID,True,0,0.001370377
7ad958c4aa58495db1755b12c8cb4a61,GUINEA/DL,True,0,0.0008808534
7ada9f6174804be38b9f5f3e3a7c3b33,EGYPT/DL,True,0,0.0009985389
7ade894225d4414ab096444848a32529,MAURITIUS/ID,True,0,0.0013029329
7ae010d794334e5eaf0bc5ae28cb7347,EGYPT/DL,True,0,0.000962943
7ae0423f3ca84ea696608a967c8e926e,MOZAMBIQUE/DL,True,1,0.9999975
7aec9a7ac9984fe68d053b67e7440834,GUINEA/DL,True,0,0.0009101662
7aed2fffc6a04584894d5bf885a389f4,BENIN/DL,True,0,0.0008917799
7b0991fe68d74089b33e7cdcd2ac9a2b,EGYPT/DL,True,0,0.0013505683
7b2489c8af5942a384de721238bab660,BENIN/DL,True,0,0.0008953891
7b30252d960c409d88fa8644dea0204a,BENIN/DL,True,1,0.99999774
7b359eb83ca140c4b21b95e207bdee87,BENIN/DL,True,0,0.00093691825
7b3923bcbf414214ba90dbdc125ed208,MOZAMBIQUE/DL,True,0,0.0008650108
7b467c45be1c4356bf19a3e0b43c1245,BENIN/DL,True,1,0.99999714
7b51405c9bec469ab7db8c9b0c71e0db,MAURITIUS/ID,True,0,0.00091083854
7b53325149c84da1ac62e60f50f647c5,BENIN/DL,True,0,0.0009702348
7b559761e80545cabee8ad98c78574f6,EGYPT/DL,True,1,0.99999774
7b61dfb0abc3459f9327078e826fe23b,MOZAMBIQUE/DL,True,1,0.99999785
7b633abf709c4b8086e67df9af599e24,EGYPT/DL,True,0,0.0009533501
7b779c485bea417583423b00d1134ab0,MOZAMBIQUE/DL,True,0,0.0008874548
7b7f6d34eae64cfe9c0d34b82157be1b,BENIN/DL,True,1,0.99999785
7b87a10593064672875ab49e853d0abd,EGYPT/DL,True,0,0.0015605913
7b927f7633cd4bcc901fb233fa871df7,MAURITIUS/ID,True,0,0.0009358569
7b9350ebe1ef497d873ce9f6bc864037,EGYPT/DL,True,0,0.0012043753
7b9383c80b7a4a47816b9aa16bab9a3b,MAURITIUS/ID,True,0,0.00088412187
7b95c4bfa3dc42ffae9402ed626bbbc0,GUINEA/DL,True,1,0.99999774
7ba4b9ac8cf44ad7a6ba65b87db45b06,MOZAMBIQUE/DL,True,0,0.00087945495
7ba8c2ac7c6d4c1a8cebf74b3c25cc46,GUINEA/DL,True,0,0.0008862768
7bbbe72a6d2b44a29e1bacbae12787d0,BENIN/DL,True,1,0.99999774
7bbea338f9b24669a84232cedb3aec56,BENIN/DL,True,0,0.0008896509
7bd756fcafdb47dfaacfc78b80899263,MOZAMBIQUE/DL,True,0,0.001774669
7bf48d65c18a4c499063594d6254f05c,EGYPT/DL,True,1,0.999997
7bf95231105148448f5c0366069f8c51,GUINEA/DL,True,0,0.0008899804
7c10a1b629314e07804ad93e122e58bb,MOZAMBIQUE/DL,True,0,0.0008721598
7c28e68bc73243b9ba363f503be83abb,MOZAMBIQUE/DL,True,1,0.9999975
7c2dbcf49c82488a911403add05a88e3,MAURITIUS/ID,True,0,0.0013360357
7c3a40357e784ec799f95da3601d8e2a,GUINEA/DL,True,0,0.00089542364
7c40ac43ba7d4514b62843ec75012ce3,MOZAMBIQUE/DL,True,1,0.9999976
7c42f425e83647cc8f48f0506f249b91,MOZAMBIQUE/DL,True,1,0.99999726
7c469781bcfe4a1291c23f3c985f513c,MAURITIUS/ID,True,1,0.9999964
7c512d6662da48fbad6e736a31016b7a,EGYPT/DL,True,0,0.001009434
7c6768b0788f4a2cad5a0d72c8b11480,GUINEA/DL,True,0,0.0009063938
7c67961b557d4a7bb82cc8a774494bf2,BENIN/DL,True,0,0.00089451973
7c6b34ff5844426d87ae6395b19cd5e7,MAURITIUS/ID,True,0,0.0015130753
7c72570200d84cadb3aa0cbb629a9881,EGYPT/DL,True,1,0.99999774
7c8228a1b6c146c797665cff58ab84fd,MAURITIUS/ID,True,1,0.9999975
7c8ad4951676455884c2ad9e981c030c,MAURITIUS/ID,True,0,0.0009601301
7c968bf63c684b6f8249eb419788cd7e,MAURITIUS/ID,True,1,0.9999976
7c975b26aa72451fba5a41d5052a4a61,EGYPT/DL,True,1,0.99999774
7ca1f9c7a54f436e887b87aeaf755f02,MOZAMBIQUE/DL,True,0,0.00086813525
7cb0e856b37f47be85a95b9a4301b352,MOZAMBIQUE/DL,True,0,0.00086597144
7cb2d6d923e840948d38b5dbfc3e871f,MOZAMBIQUE/DL,True,0,0.0008657421
7cc90c994fa641ce9d3ced6a0a228df4,BENIN/DL,True,0,0.00088864245
7cdbdd20dc1343c5a38256fbb2950e11,BENIN/DL,True,1,0.9999976
7cedad4f322a4c44ba0cf88ce2c37b60,MOZAMBIQUE/DL,True,1,0.99999785
7d03274ccb0340c29a6169412f53e273,BENIN/DL,True,1,0.9999975
7d0fef7354c24a79b02e046cf1c4bef5,MOZAMBIQUE/DL,True,0,0.0008672452
7d2cadf2cfde4fec9573c22e22c56c20,GUINEA/DL,True,1,0.98530155
7d304568c14c42d9a3116a5a584a703a,GUINEA/DL,True,1,0.9999975
7d3ee891325741db9730ec4c8cdf1c90,MAURITIUS/ID,True,0,0.0008724619
7d43ff4c5cf04b33b37274797d7b387f,MAURITIUS/ID,True,0,0.0011372897
7d4434edfc28497ca6267d5498f9563a,MAURITIUS/ID,True,1,0.99999774
7d456333b3b0453aa90baa01dc0fd548,BENIN/DL,True,0,0.0008954156
7d468c4eed9143ee979703a7696f675e,BENIN/DL,True,1,0.99999774
7d4b2d65febc412199d1ab8482f881a3,BENIN/DL,True,0,0.00088963826
7d4c2b51d1b540b6971118eb395deda8,MOZAMBIQUE/DL,True,0,0.00086482696
7d59e931de48438e9afb398013a9d8c8,MOZAMBIQUE/DL,True,1,0.9999974
7d5d2ff09eb84c9fa7c9e31b0dd2a236,MOZAMBIQUE/DL,True,0,0.00087455264
7d5d495fea3442849137bc736f9d7bbf,MAURITIUS/ID,True,1,0.9999963
7d66df318ee1431daf197b43eea2e34c,MOZAMBIQUE/DL,True,0,0.0008755307
7d7e211240294a62945d89fa23bacdc9,MAURITIUS/ID,True,1,0.99999714
7d8eccf22a124ff7bf18e413d210b767,MOZAMBIQUE/DL,True,0,0.00087183865
7d97addb5b5d4fababda06a8264baec5,BENIN/DL,True,1,0.9999975
7d98bdb75e994619822b04b18a1c61b4,BENIN/DL,True,0,0.00088818563
7da370d5d6f9484fa8d943a0b0300202,MOZAMBIQUE/DL,True,1,0.99999714
7dbf4a62f284497cbef463da5150268b,MOZAMBIQUE/DL,True,1,0.9999975
7dc3f2e222f144da993792284ea17b3e,MAURITIUS/ID,True,0,0.0010379134
7dc5d032c7ed4827b8325006433bbbe0,GUINEA/DL,True,0,0.00089416734
7dc70b39a4204332a434cc60ca424db2,EGYPT/DL,True,0,0.0016254662
7dcb7d20d0304e40b1a9e86200b76aaf,BENIN/DL,True,0,0.0025359676
7dcda30b0a1145d7aee6756e0f6e3469,MAURITIUS/ID,True,0,0.0012876488
7dda080e339a4e65921c0c18f738fbcd,EGYPT/DL,True,0,0.0011185138
7ddef95152634cc1a8165dc8ff07ca23,BENIN/DL,True,1,0.9999976
7de8614e43fd4f79b3132abca175b085,MAURITIUS/ID,True,1,0.99999774
7deaf630661f46f1be44b3d9d23b858a,MOZAMBIQUE/DL,True,1,0.9999974
7dec1478311440dc8a8cff5abbacf09e,MAURITIUS/ID,True,0,0.001140808
7dec6ef89db449e6bff78373a6ed573d,MOZAMBIQUE/DL,True,0,0.00087758276
7df2a5c5c6384d55867390961c5c26eb,GUINEA/DL,True,0,0.0008968325
7df6f9e3f7a44ae2bc26298ffdb3185e,EGYPT/DL,True,0,0.0012512719
7dfa6da164e2486a95c5e52aac597ce9,MOZAMBIQUE/DL,True,0,0.00086300564
7e04f1427e2e460a8154836b6809ed39,MOZAMBIQUE/DL,True,1,0.99999785
7e059bc6b9fa4a5d980f6386ab267d3c,MOZAMBIQUE/DL,True,0,0.00086393126
7e05d948a93740fd820b67c3766fad85,MAURITIUS/ID,True,0,0.0010284343
7e2b906aed5c47b694acd3144d218c12,GUINEA/DL,True,0,0.00090397976
7e2bc2002478467db0dfd1836bc30984,BENIN/DL,True,0,0.0008938616
7e31b58c85944381a75a333a7a598f56,BENIN/DL,True,1,0.9999976
7e4841893f924b03871f6745b00480b4,EGYPT/DL,True,1,0.99999785
7e6120c1d0d94f05a80a5c53dc12b801,MAURITIUS/ID,True,0,0.0008884785
7e63d954e9484db8bd2a28fa6788050b,GUINEA/DL,True,0,0.00088968745
7e6ba034a09647e98fdf96f2f04060c7,GUINEA/DL,True,0,0.0008985706
7e6dabcb64f44f2babb8c3ee6342c8a5,EGYPT/DL,True,0,0.0009877736
7e6f9c85eb1440dcb6f2ae1f60a7d835,MOZAMBIQUE/DL,True,1,0.99999774
7e755e40653d43b7908ed9d05a581a62,BENIN/DL,True,1,0.99999774
7e78394357f240649380baa55134c0a9,EGYPT/DL,True,1,0.99999654
7e889153a8ed4098b31fcef839ce8378,BENIN/DL,True,0,0.00088595686
7e8e04ad3c91411fb9b8cc0cb03b8bfe,MOZAMBIQUE/DL,True,0,0.0008676932
7e92dbbafdcd44d485a8ff7bb450023a,EGYPT/DL,True,0,0.0010523499
7e9ba2a90ad74d6c9f81e2f2c7d5ba2d,GUINEA/DL,True,1,0.99999726
7e9eab582df044fdad34a2f03bac54cf,MAURITIUS/ID,True,1,0.99999654
7ea1ed0c6c1e4443928bd3ff6bac6dd8,BENIN/DL,True,1,0.999997
7ea47af6d8c245a9afe07fa3d66dfa26,EGYPT/DL,True,1,0.99999774
7ea530c227584b43aa5b6351ef54a1d0,GUINEA/DL,True,0,0.0009212603
7ea9a181fca1414ea3d30aac9a939d4b,GUINEA/DL,True,0,0.0008847842
7ec27a6bf1bf45908ec5972e7731fe62,EGYPT/DL,True,0,0.0010007346
7ecad70ce15841c789019ef5abf3bc02,MOZAMBIQUE/DL,True,1,0.99999726
7ece5e62b5944095b33a4d40d3cc3fe4,EGYPT/DL,True,1,0.99999654
7ede24cbb6a34f54953e193be5bccb0f,BENIN/DL,True,1,0.9999975
7edee9cf5bd1453c846fffa4a28b81c2,EGYPT/DL,True,0,0.001470189
7ee4264b162a4fd58a79e008491769d3,EGYPT/DL,True,0,0.0012452068
7ee79ffecf3245aca9be03f348bce9c2,MOZAMBIQUE/DL,True,0,0.0008699197
7ef254103bdf468bbe3f566f9f1c6437,EGYPT/DL,True,1,0.99999666
7efa48d9e9eb4f34bd38f052d306d5e0,MAURITIUS/ID,True,1,0.99999726
7f0517219c574e5cb990a8b4e8b9ddcc,EGYPT/DL,True,0,0.0013267308
7f0ad9d358b3419a96568cc444464f60,EGYPT/DL,True,0,0.0011950852
7f0c7c81e5da4194816dac56f84e63bc,BENIN/DL,True,0,0.00090510753
7f0f0064f9c94d74865e183b951eb980,EGYPT/DL,True,0,0.0011583042
7f1b68268f034855ac1d4a97831ee837,MOZAMBIQUE/DL,True,0,0.00086096796
7f1cdcc3655141429ef798c3ec722aa5,GUINEA/DL,True,1,0.99999654
7f3459e8a068409a8f1b0ff9ff5d436d,MOZAMBIQUE/DL,True,0,0.00086667645
7f35377cc6084b90ad340363f01b86ee,GUINEA/DL,True,0,0.0008910784
7f36592210014eceba33c96932097453,MOZAMBIQUE/DL,True,0,0.0008646544
7f3c38385f624fbf8297fe3633415411,GUINEA/DL,True,0,0.00089211605
7f491cf21bbf428f9840a51dfcb6e90a,MAURITIUS/ID,True,1,0.9999976
7f4c5360013e4db8b35b2fc1e819be3f,BENIN/DL,True,0,0.00089537376
7f540e8bffa04c7ebcf1672cc22bb8a6,EGYPT/DL,True,1,0.9999976
7f55e0fbc51545a1b3dcc6cdad067678,GUINEA/DL,True,0,0.0010243059
7f5d0be15be649dcb57d9b4259e02de1,GUINEA/DL,True,0,0.00089888053
7f60a9f009f24141a69d6812a99f0330,MOZAMBIQUE/DL,True,1,0.99999774
7f627d3ec617439c9993151c03bba8ba,MAURITIUS/ID,True,0,0.0013453286
7f68dddac79a4650ad1f91438c61a91a,EGYPT/DL,True,0,0.00095302355
7f7739f9e6944b608f624841b12218c3,BENIN/DL,True,0,0.0008924459
7f7fa12885564cdb9d14ef9f83b39563,MOZAMBIQUE/DL,True,0,0.00087185897
7f8031372c344b158d26cf0bd85d9581,GUINEA/DL,True,0,0.0008875258
7f86e81fd83043cca80e1d4c63c03ee3,MAURITIUS/ID,True,1,0.9999975
7faaa346c3d84cdc885bdd58d55f7203,MAURITIUS/ID,True,1,0.99999774
7fab4c8586ba47b89d685a5eb70b72b7,EGYPT/DL,True,0,0.0013532707
7fb789cbe7544b399c57d17b44c61470,MAURITIUS/ID,True,0,0.00087985396
7fb94aa075284c679feb06ff7c98dbf3,BENIN/DL,True,0,0.00090060197
7fd5c854250c47b2a7c444bf0c747f41,EGYPT/DL,True,0,0.0011577735
7fe186bad39b49bb94c14de4719df7dc,MAURITIUS/ID,True,0,0.0015593242
7fe2f3522bf041118011ab82299a763e,MAURITIUS/ID,True,1,0.999997
7ffcd60974a14def88134319c12576be,MAURITIUS/ID,True,1,0.99999726
800fe9d303334364b7990e6cae297378,GUINEA/DL,True,1,0.9999976
801ceeae713e4e1c9505f3f353208522,MAURITIUS/ID,True,0,0.00090752245
80236210ac70489694aa00a378adbb3d,EGYPT/DL,True,1,0.9999976
80280dcc69144592bf1fd4f594f37d05,BENIN/DL,True,0,0.00089039135
803177e9636b4bf480bf9d3e8a042ce3,MOZAMBIQUE/DL,True,0,0.00086207694
803262c9b2844927896234194dce8ea2,BENIN/DL,True,1,0.9999974
8043a02af589432a99f03d512d27a20c,EGYPT/DL,True,0,0.0010164706
804c238b5dc04499a0f04e94a33ffeac,EGYPT/DL,True,1,0.99999726
80554c00ad26425cb43e1522c45f2c2e,MAURITIUS/ID,True,0,0.0009158624
8064ecfdfae5441bb6f142cbb58045e5,BENIN/DL,True,0,0.0008941371
8067d7238636478aa3e6fd9e95e0c091,EGYPT/DL,True,1,0.9999976
806fb6b1304b42a4ba7967e57ac1485f,GUINEA/DL,True,1,0.99999774
8079f2fb00994fd2926d3102090db464,MAURITIUS/ID,True,0,0.00089544675
8083c22da17d4bb68b5f314cf36413d5,BENIN/DL,True,1,0.99999774
80883937d5b84346bc56762ec4390d49,EGYPT/DL,True,0,0.00095175544
8089d705383845448d72a10341a1cc83,EGYPT/DL,True,1,0.99999785
8092df75ffbc49e78d5cafa855a55f9f,MAURITIUS/ID,True,0,0.00093251164
8097f88be7d5424f81b33124ece610a2,BENIN/DL,True,0,0.0008947021
80a5ec43fabf400ab0a36258482157a8,MOZAMBIQUE/DL,True,0,0.0008662005
80acc8b6981243ad8ce4f4cc6fa6d2ed,BENIN/DL,True,0,0.00089425215
80d48603f4ee4d3eb6526034ea06069a,GUINEA/DL,True,0,0.0008905126
80d64369aa3143e08fd2040610efc957,GUINEA/DL,True,0,0.0008871724
80dba02806fa4e29a8b32aa726239630,BENIN/DL,True,1,0.99999726
80dc7f3021ff4ba99cd28cdd2213d279,MOZAMBIQUE/DL,True,1,0.99999726
80deacc66ef54cc6b2f85f642bf0c876,MOZAMBIQUE/DL,True,0,0.0008785893
810c91cd2ffd4f748a225272bfe28fe4,MAURITIUS/ID,True,1,0.9999963
810ed409d946415e8ec705982df807dd,EGYPT/DL,True,1,0.99999726
8124d59d446941f9bfefae32bbe61738,BENIN/DL,True,0,0.00089229416
8126b6295551432cbdb4c1ee25809481,MOZAMBIQUE/DL,True,0,0.0008563057
813b6a52b38e4e2abc877f4b9ac0c3ac,EGYPT/DL,True,1,0.9999976
815100119eef49abbef50772fff8b143,BENIN/DL,True,1,0.999997
81546c8a538c49968bc8a4750db2b63a,MOZAMBIQUE/DL,True,0,0.0008830089
815660793a3a42368cf3060887969159,GUINEA/DL,True,0,0.0008845086
816940d6c9894ee98f4bcc8f657fc5f0,GUINEA/DL,True,0,0.0008885844
816f4df97a3b4a7bb46c7e18d1306081,EGYPT/DL,True,1,0.99999785
8179e8dd85d04cdc8b0b04f506c382c6,MAURITIUS/ID,True,1,0.99999666
818f214e23f94cf3bf344b3fd3bb7d89,MOZAMBIQUE/DL,True,0,0.0008767428
8193e9eaac8f4ade8bf32e6580ca6e85,GUINEA/DL,True,0,0.00088487315
8193fbc620a345e2ac2ec495e2111092,MOZAMBIQUE/DL,True,0,0.000868323
819bd70bf9e24792974122426e4d2590,MOZAMBIQUE/DL,True,0,0.00088330376
819ecd787ec94ef6b4edb9002e0f70e5,MAURITIUS/ID,True,0,0.0012850477
81b3ab4f9e754469a7c91b09757b84a3,GUINEA/DL,True,0,0.0008943705
81b6766fbaca45a4b71ced5310dcc1f6,MOZAMBIQUE/DL,True,0,0.0008686677
81bfbb6d22e74764b2faae07bea90e2b,MAURITIUS/ID,True,0,0.0012146698
81ce6faf38534d4baa8577acb599b2a5,MAURITIUS/ID,True,0,0.0008730057
81e651f6c3024646b4f8c27a2ed22113,MAURITIUS/ID,True,1,0.9999969
81edcd4b05a442af970f4313843f675a,MAURITIUS/ID,True,0,0.001375631
81f1bea503164e6f8bcdff039e881638,BENIN/DL,True,1,0.99999774
81f3f03e5865414cbbce08f38f85b240,EGYPT/DL,True,1,0.99999785
81f615113a8f4234b1273f23888c0090,EGYPT/DL,True,1,0.9999974
81fa32c137fa4440b302bd0ae5447a50,BENIN/DL,True,1,0.99999774
8206196e0936446bbf4717a44837321c,MOZAMBIQUE/DL,True,0,0.00086960517
8209df1cae6a417c9072a51848d712cb,BENIN/DL,True,1,0.9999976
822b5ef2ffd0424b99ffb9e333f8df42,BENIN/DL,True,0,0.00089791755
82346c51e0d44194a2a8b2cea42d6a36,BENIN/DL,True,1,0.9999968
8234a6c3620547008f681cc10f2aee05,GUINEA/DL,True,1,0.99999785
823a148cebb946ec8a728df38853cbab,MOZAMBIQUE/DL,True,0,0.00087717816
82494ef048d44ef1b689b1250ce38353,BENIN/DL,True,0,0.0009167341
824a730323474200ada5153ac85a34f8,EGYPT/DL,True,0,0.0010620276
824b85a11e7b4c30b0607d647405296d,BENIN/DL,True,0,0.00089304557
824ba78377584f39bffd81a08a3329cc,BENIN/DL,True,0,0.00089876755
824bc7862f5d4f018504c8dea8f77de0,EGYPT/DL,True,1,0.999998
8250778bd72d4e66a903ac6f2afebe28,MAURITIUS/ID,True,0,0.0010385836
82590892d5f54c589846604a7b5ceee7,MOZAMBIQUE/DL,True,0,0.00086415105
825a7c8c90684c0aa232cf9caaa4a033,EGYPT/DL,True,1,0.9999969
825d71c7f4fd4951b3ca926262357c55,MOZAMBIQUE/DL,True,1,0.9999975
825f7d9de2d84d02bd27d1c45f42258e,GUINEA/DL,True,0,0.0018889721
8261fb51c65147c2bcd360b54de56323,MOZAMBIQUE/DL,True,1,0.99999774
826e8aef479446d780c5cc397a68eda5,MOZAMBIQUE/DL,True,1,0.99999774
827bbbc69294405d8fa8f0ddeae61465,EGYPT/DL,True,1,0.9999976
827f2f746da34eea8e24c250efa6994b,BENIN/DL,True,0,0.0009019833
8280e084beba46229af74ed1ec8acbd2,GUINEA/DL,True,1,0.9999976
828464f7bcf14a81a7e2028e16c557c1,EGYPT/DL,True,0,0.0010953168
828abe89a2834157a8a67207cec4a485,MAURITIUS/ID,True,0,0.0008829104
828bff5c1f024bc7948e47ac6631d59f,BENIN/DL,True,1,0.99999785
828f3725458f462cae7b43bd8968f7e9,MAURITIUS/ID,True,0,0.0008807292
8292b6b7f0d14f39a0cb96808d66241c,MOZAMBIQUE/DL,True,1,0.9999976
82980457b67b4453b689cb481ca07c63,EGYPT/DL,True,1,0.9999976
82ada51f9fe4499bbb5274171e1eb5d8,MAURITIUS/ID,True,0,0.000908781
82af6b48c7164a5b928d627b36f717ad,BENIN/DL,True,1,0.9999969
82b00f22fd824d28998c444127010d7e,MOZAMBIQUE/DL,True,0,0.0008826211
82c7f72e96c24da792bb06f6b073ef4f,BENIN/DL,True,0,0.00090359186
82ce534effd2436f87b6c321e901080f,MAURITIUS/ID,True,0,0.0008956609
82ced087292e4d919ca6dcb83110153e,MAURITIUS/ID,True,0,0.0014219392
82d7d06a62b545beb608605d1333f492,MOZAMBIQUE/DL,True,1,0.99999726
82dba79993b6478eb9e19ca22247305d,MOZAMBIQUE/DL,True,0,0.0008649931
82ddcd0afba540b88d1a5e3f989c408a,MAURITIUS/ID,True,1,0.99999654
82e0fd6c55d44a5d92d0e8316136f199,MAURITIUS/ID,True,0,0.0008986648
82e4ce3609bc4563a3524ff213ef533d,EGYPT/DL,True,1,0.99999774
82f3cdaf1600426596a7604b90ac3980,EGYPT/DL,True,0,0.0009808157
82f8ba54dc0946058a2416bb16d93dce,MOZAMBIQUE/DL,True,0,0.00088153605
82faefcab7284c89b508fe1434b55730,BENIN/DL,True,0,0.0009002055
8307bfc256ab4ee5b264a29132787198,MOZAMBIQUE/DL,True,0,0.00086382515
8308f4d9e41848ca9c0ba88a542775ac,MOZAMBIQUE/DL,True,0,0.0008787508
83217054fbe5424ca25ef71eacb08d2d,MOZAMBIQUE/DL,True,0,0.000874659
832a44fef78d450db174c7b37342d8a8,GUINEA/DL,True,0,0.0008926645
832a6cca84af4dbfb61034c88846310b,MAURITIUS/ID,True,1,0.9999969
832ec2482c1e431facf8efd4e564897c,EGYPT/DL,True,1,0.99999714
83368e45c3d3477bb9a8ac053affa56b,GUINEA/DL,True,0,0.00089691026
8339faf959404a1898f083773fde4e28,MOZAMBIQUE/DL,True,0,0.0008654799
833b696a61574330a5ef050555cd6ff9,MAURITIUS/ID,True,1,0.9999968
833ddeabfc7740e797bfc8f983f66496,GUINEA/DL,True,0,0.00089111447
83448d44195d40ef9aeef0131fd97c42,GUINEA/DL,True,0,0.0009045368
834595e0aec74b82b4b1ea13aa3f2dde,GUINEA/DL,True,0,0.000887552
834f4d1d97c34af29849e2914659d1b1,BENIN/DL,True,0,0.00088824786
835357aabf9b4b0fb7646e80974fbc3b,EGYPT/DL,True,1,0.99999654
835dfad1347e42f6b8e83209802b2fe7,MAURITIUS/ID,True,1,0.99999654
8366fd1792fc48e9baa14cb262ee2534,GUINEA/DL,True,0,0.0008907121
836a92e431364b5399b68297729a806b,BENIN/DL,True,0,0.0008965416
837919bf4aba455faa4e78890491781f,BENIN/DL,True,0,0.0008927879
8385bee2464241f4bdcf99a4029d55fa,GUINEA/DL,True,0,0.0008992511
838eaad597c3492b81be221b5ad40143,MAURITIUS/ID,True,1,0.9999975
839ac85e15d440c19200d812e56bbca1,BENIN/DL,True,0,0.0009003043
83afbbb70dde4a6a999fc2fe33f83621,MOZAMBIQUE/DL,True,0,0.0008678768
83afec8236034c6b9a1676223baed290,BENIN/DL,True,0,0.0009027059
83bdc010debf40f4a16a645e4224853f,MAURITIUS/ID,True,0,0.001775411
83c02b0a98b04076ba36e3703f4d36b6,BENIN/DL,True,0,0.000884038
83cfb65ac3144d89ae186d323776b9a8,BENIN/DL,True,1,0.9999976
83d633596b4f4af1a6ce4a8868e91470,MOZAMBIQUE/DL,True,0,0.0008832183
83d6ca767ca649a7af6559a9ccd3b9d2,MAURITIUS/ID,True,0,0.0015545691
83de2bcc68cd4e1dacd1a19189357eb7,BENIN/DL,True,0,0.0008969547
8411a9b4c35646c086a1f629880e62cc,BENIN/DL,True,1,0.9999975
84124fd44fe442918689eea012e26d1d,EGYPT/DL,True,0,0.0009635318
841ae4ec3a874e2aa7d6964cc74f034a,MAURITIUS/ID,True,0,0.0010951364
841b661cb05e4edcb339a614cc253a99,MOZAMBIQUE/DL,True,0,0.0008654605
841c95289a264d8b946f2cd3427fc3e6,MAURITIUS/ID,True,1,0.99999654
842afdecee3b4eab9b979310a57a1680,EGYPT/DL,True,0,0.001143583
8431d9965f314930ab41331559ec3267,MAURITIUS/ID,True,0,0.0323004
843bc6006ba5454ebacc1d3f1adb15fb,BENIN/DL,True,1,0.99999774
843ff9471b764cd68246a45322fd2af6,BENIN/DL,True,0,0.0008860395
844850ff764d4ea893ede91518b68e81,GUINEA/DL,True,0,0.00089277717
8456793faae34365991c63af45999d77,MAURITIUS/ID,True,1,0.9999974
845912d268394bc2b0083a0c33fa80eb,MAURITIUS/ID,True,1,0.9999968
845af00560a541348e390e6a0cd6ff38,EGYPT/DL,True,0,0.0010164973
845fd7327d5440e19ad1e8707b361ca4,GUINEA/DL,True,0,0.0009000667
84629a45fe594c8faa8cf6d69bc63803,MAURITIUS/ID,True,1,0.99999666
8464cde66c3d49fb81d21ae76091386b,MAURITIUS/ID,True,1,0.99999785
8466a1b984bc403ba636f046e5b2be83,EGYPT/DL,True,1,0.9999969
846821aac6e5417fb7d6224774c86752,MAURITIUS/ID,True,1,0.99999726
846b316daed345459ed8c26746b48571,MAURITIUS/ID,True,0,0.0009419588
846b369ccbfa488588705279cddce155,BENIN/DL,True,0,0.00089391484
8471ac3f205848b986e1b604a3a21d2a,MAURITIUS/ID,True,1,0.9999964
8474375b2e2949b7b5679e2c1f41084b,MAURITIUS/ID,True,1,0.99999774
8476daa8cee3461d98a2cac97b121c32,MOZAMBIQUE/DL,True,1,0.9999974
8477818687bf4d18aeaeaa64eca7341b,EGYPT/DL,True,0,0.0010129783
847938e823654f56bc7168ac5d666991,MAURITIUS/ID,True,1,0.9999968
8481dfc512d34d97acd3c004dea8003c,EGYPT/DL,True,0,0.0010080818
84864755df21437a800491425f074694,BENIN/DL,True,0,0.00089792954
848795bc151d4642a140d3f4ee6644f6,GUINEA/DL,True,0,0.00088173046
848dc7faf7a745eb8d2c5a4668dc6799,MOZAMBIQUE/DL,True,0,0.0008665918
848e3890672f4b9fa599a58f58412bae,GUINEA/DL,True,1,0.9999969
84914ba0f4794c59abf68fe1b76f35ad,GUINEA/DL,True,0,0.00088981877
84a180e8d88b4c8f93094d9548591701,GUINEA/DL,True,0,0.00088752795
84d33ae540d64cd184e9d6cc3f9ba1ec,MAURITIUS/ID,True,0,0.00089174975
84d715919f504d65980fa43ad226415a,BENIN/DL,True,1,0.99999785
84ec2e0cdaa34407b750d71802dde055,MAURITIUS/ID,True,0,0.00088760484
84fce83d09e94da5a61942fa178c7b7a,EGYPT/DL,True,0,0.0009683666
850bfa1aaa104fa9ab69e99a356d59bb,GUINEA/DL,True,0,0.00089105923
850d31e7facf45cda221a1d6b874f428,EGYPT/DL,True,1,0.99999774
8517d7a0a59e416fb83068e47f354dc5,BENIN/DL,True,0,0.0008976122
8519531ff0464cd89eeefe1b14230118,BENIN/DL,True,0,0.0008970521
851b9242a1c44783bd3420f08263d871,MOZAMBIQUE/DL,True,0,0.0008750836
851dbfae00c342fba1b014bb278e1c85,BENIN/DL,True,0,0.00089722226
853b7faabc784cabb7aaca8982c0f1b4,EGYPT/DL,True,0,0.0009857946
853d213a40af47a5af4a2e0361cf2929,BENIN/DL,True,1,0.99999785
8555a10d665845e797ba8a8eb7df386d,GUINEA/DL,True,0,0.00089459337
8555b738a1bc42e497cc151e0e030929,EGYPT/DL,True,1,0.99999774
8561cce674f04ac1812bc5da9b7cb5cb,GUINEA/DL,True,1,0.99999726
8563423531d9412880b59c72ba3222d8,EGYPT/DL,True,0,0.0010048939
8565595801724cd4a9529a753cad48a9,EGYPT/DL,True,0,0.0014426783
858621df0c4b47fcad13b0b180b4e37b,MAURITIUS/ID,True,1,0.9999963
858af876134849de8580a9bc00c5f5b8,MOZAMBIQUE/DL,True,1,0.9999976
858e115f8c6345c1abc7806cf051afd5,BENIN/DL,True,0,0.0008943919
859434a3cfa647268e4127e3997c165c,MAURITIUS/ID,True,0,0.00092495565
859f9c3b0768431ebefeb72035fb4860,EGYPT/DL,True,0,0.0011941572
85a12fccd29a4e079d4b9db426e042a5,EGYPT/DL,True,0,0.0013237301
85a31a5eda5a4c7a88d374e37e0be6d8,BENIN/DL,True,0,0.0014233731
85a7d59049794991b54b5a4aec20dcde,GUINEA/DL,True,0,0.0008893179
85aadca386e341c686b08cccd10ed150,EGYPT/DL,True,1,0.99999654
85b9e97d03be4cf1b945f86effe64357,BENIN/DL,True,0,0.0008954186
85be5a37d3a747b89a4593b24dcd552e,BENIN/DL,True,1,0.9999974
85c2508d597f4f8986987894bfda6ef5,EGYPT/DL,True,0,0.0011993902
85c43ad08177407a9c564783e4597a6f,MOZAMBIQUE/DL,True,1,0.99999785
85c5df7b46cc48b6954bd1148d70b327,MAURITIUS/ID,True,0,0.0008714907
85c81e28f87b459c9da91f092501b01e,MAURITIUS/ID,True,0,0.00087741896
85d11f1e06604cb38bfd2ce98d59466f,MAURITIUS/ID,True,1,0.99999774
85d54ab2b0864815927664a1cd0ceb73,MOZAMBIQUE/DL,True,1,0.9999976
86097878bb9d4e4f98f81e029fcadb24,MOZAMBIQUE/DL,True,0,0.0008809138
861492b8bc39483babc5c92de65ce9ea,MAURITIUS/ID,True,0,0.0008794616
86164508555a414caf37c7d0ae14adf3,MAURITIUS/ID,True,0,0.0010941093
861ec6f42aea4f669051ce854d092c7f,MAURITIUS/ID,True,0,0.0009991151
86234eb294d547d3a339b0b089d82e3e,EGYPT/DL,True,1,0.99999654
862ffbf80bbb4fb2a2297bafb2e11400,BENIN/DL,True,0,0.0009052249
86347756ecff485fb35730bdd3bb84b4,MOZAMBIQUE/DL,True,0,0.00086470006
86367a881af0408e984a907aa28e51c9,GUINEA/DL,True,0,0.00088928704
8636c85115d94a2b9cba32cc550b05b8,MOZAMBIQUE/DL,True,0,0.000874351
863baab928ce4b318d79b2e1e6513d0d,EGYPT/DL,True,0,0.0021861484
864dd12242754238b32743f882aff5fa,EGYPT/DL,True,1,0.999997
8695fbb0544c416e815cdb3dbce34e06,BENIN/DL,True,0,0.00088745315
86a6507f5d3141e59dba17ddc5ed9fac,EGYPT/DL,True,0,0.0011862551
86a9228421c247b9806524c73aaa314d,GUINEA/DL,True,0,0.00089519675
86ac6333f0cb4a099cd10f55bba4047c,MAURITIUS/ID,True,1,0.9999974
86ae71b118974cbbad9d75dc341daf6f,MAURITIUS/ID,True,1,0.9999968
86c7e187142a4b69a8665cc352f54d1b,GUINEA/DL,True,0,0.0009063369
86dddbfdfa444f3a90d5a4f5119e9814,GUINEA/DL,True,1,0.99999774
86e2a613c1564f92983e5dcb9f1f122f,MAURITIUS/ID,True,1,0.9999968
86f85480d3e14f3c90d2899ad841ff34,MAURITIUS/ID,True,0,0.00089079177
86fc10ea9d61424e92f2d108771c2032,GUINEA/DL,True,0,0.0008903515
86fd38b5ddfe497abb1bd389457b7dfe,MOZAMBIQUE/DL,True,0,0.00087248307
86ff17bd1cee403ba67e04e25711c7a9,MOZAMBIQUE/DL,True,0,0.0008731102
870510fd03c9464cb2d35d652037c9c9,BENIN/DL,True,0,0.0008848896
87052ff01bde4d36a6250435484daa12,MOZAMBIQUE/DL,True,0,0.00086945936
8729e0cf13124becb12d88c2a045b633,MAURITIUS/ID,True,0,0.0015897275
873a15e7c071490c8ae3bf9470905de8,MOZAMBIQUE/DL,True,1,0.9999974
8742a448b6004f5a87a31d094844ae59,EGYPT/DL,True,1,0.999998
8746dd0d5ec44dd18a9db773bad6857c,MOZAMBIQUE/DL,True,0,0.0008663054
8751be48d1f540309d95db2ec55fda1a,EGYPT/DL,True,1,0.9999974
8756762a4b5e438195e7f7fe1b54b66b,MAURITIUS/ID,True,0,0.0008853762
87569ef112b14c7a936b5a1dcf6f33d8,MOZAMBIQUE/DL,True,0,0.0008808496
8760ee1a6be94d00a92334bb2742f609,MAURITIUS/ID,True,0,0.0010124823
87640089b3e64c0188ba95b78b7dde8a,BENIN/DL,True,1,0.99999785
876a748083044dd0a244e7de1d581c75,MOZAMBIQUE/DL,True,0,0.0008672444
878f9010b63b42eca1993da1b0237e25,MOZAMBIQUE/DL,True,0,0.0009521228
87a62ca3ed924481ad8f2e482fb2b358,EGYPT/DL,True,0,0.0011046513
87a8b2e52df243af83d228cdc2461d16,EGYPT/DL,True,0,0.0010624734
87b6efe8f3494690ab05e6f9adced4fc,EGYPT/DL,True,0,0.001062192
87c380720e2d43159c3c3c7497832543,EGYPT/DL,True,0,0.0009583831
87c8d24ecaad430794ffff789bbf58bc,MOZAMBIQUE/DL,True,0,0.0011827068
87dbb0a77394455a9b894b205465d7c6,BENIN/DL,True,0,0.0009009149
87fd10e4f9f4457ea6ebec6dc76b34eb,BENIN/DL,True,1,0.9999975
880203797042421698bf296433c9201c,MOZAMBIQUE/DL,True,0,0.00086078176
8808bff30cf24576befb16d956b59c4d,MAURITIUS/ID,True,0,0.00090965995
8809daaee65e415b9192755b046f193d,MAURITIUS/ID,True,1,0.99999654
881f4a7536334ecdba12e303ccc762e2,MOZAMBIQUE/DL,True,0,0.00086901704
882729b03fbc494fa6cf25bf87600a67,MOZAMBIQUE/DL,True,1,0.9999976
882fe7e9dcdd4d8a952ef60be9d3d9c8,MOZAMBIQUE/DL,True,0,0.0008701887
88302fe7b23941d1abb2df010aaf94c1,BENIN/DL,True,1,0.999997
883b7e94874a4cdc9596885976733270,GUINEA/DL,True,0,0.00088974077
884e4848070c40729eb5052024636a04,EGYPT/DL,True,1,0.99999774
884e9574a98a4f618dfe742a28e78b42,MAURITIUS/ID,True,1,0.9999974
88656733f3dd47199fbaddf22a55768f,MAURITIUS/ID,True,1,0.9999974
8868dca430904ef1add02812b1d085d6,GUINEA/DL,True,1,0.99999666
886d1b43446d4daaace3b6b7e3be57c6,MOZAMBIQUE/DL,True,0,0.00086929614
887967197df845ceb73d39de81892de3,MAURITIUS/ID,True,1,0.99999666
888322f025fe4c65aa2662b120300eb7,EGYPT/DL,True,0,0.00096809206
88843c2afd89453da018f32054803a96,EGYPT/DL,True,0,0.0012263219
888572e37e5c48009b1d002bbb1e1edf,EGYPT/DL,True,1,0.99999714
88859d0ba23340fca611344c1ea7e93d,EGYPT/DL,True,1,0.9999969
888890f016764239918a734e879cb03b,EGYPT/DL,True,0,0.0012213205
8894d2d825b64134b3746d50d81f490b,GUINEA/DL,True,0,0.0008936031
88b30642875545ee86270034b343e006,BENIN/DL,True,0,0.0008911837
88b3f1864a374380bfa1982fddc4396d,MAURITIUS/ID,True,1,0.99999666
88b417b35ee046eba96d960acc237178,GUINEA/DL,True,1,0.9999968
88b699b3047b4ac893a4a4f8fc0a8d43,EGYPT/DL,True,1,0.99999666
88ba9440e9494f619fa5e87d4ea21b41,MOZAMBIQUE/DL,True,0,0.0008827144
88c97d3d77634a0999b424cb2e2f71b9,BENIN/DL,True,1,0.99999774
88d139e486df4da785dc39558da69ff8,MAURITIUS/ID,True,1,0.9999964
88d7151d793940f8a770b8819febb468,MOZAMBIQUE/DL,True,1,0.9999975
88da87be19e14762a7402fad7d74b6b3,EGYPT/DL,True,0,0.0010872663
88e1456e8c8e4423a77a1552d558f21e,GUINEA/DL,True,0,0.00090042996
88e7774672664d5e86faa8d84c180402,EGYPT/DL,True,0,0.0011191827
88f1db4d015643e98173b2865f72ff00,GUINEA/DL,True,1,0.99999774
88f2b093db314167a05b7c2eba904f33,EGYPT/DL,True,1,0.9999964
88f9b7c3e7e944ec913b0565043f3e22,MAURITIUS/ID,True,0,0.0010349922
88ff857aae8f47ebbfcd5ef5ba3e889b,MAURITIUS/ID,True,0,0.00087620795
8907338e592e4cefad9c02af48de6ae7,GUINEA/DL,True,0,0.00089577906
890eb0648dd645ef8c283ec83074d4b7,MAURITIUS/ID,True,0,0.0009105878
8938ff57c06d48aeb4070cc3ea22285e,EGYPT/DL,True,1,0.9999975
8949fa0eb53f4c03af02a965602ccd12,MAURITIUS/ID,True,1,0.99999726
894a2cddf4894555a263eac100743a3f,MAURITIUS/ID,True,0,0.0011827564
894df790aeea4d1ba06e0f76d8e394af,MAURITIUS/ID,True,0,0.0008732254
894eab7302e94d11a4dd73322fe64bd2,MOZAMBIQUE/DL,True,1,0.99999774
895416031e7e494aa28926dc6ebe9f95,BENIN/DL,True,0,0.000927275
8955b0c11aed4307a55462be10fc16d3,BENIN/DL,True,1,0.9999975
896104a5639045fc8a5d5ca7cb4ebe62,EGYPT/DL,True,1,0.99999785
896dfca039fd4d539ed5fed55e8ece9e,MOZAMBIQUE/DL,True,0,0.00087625673
89775e4c3b234e9bbae10165efa655f4,EGYPT/DL,True,0,0.0011885581
897c6ddc468c458e942f1bdf4dd20e7d,GUINEA/DL,True,1,0.99999666
89807baf03ca478bb2591877ea9af1b7,GUINEA/DL,True,0,0.0008866936
8985ec534e66483c84a37be1768b9c75,MOZAMBIQUE/DL,True,0,0.0008895518
898631373004489fb81c9f4043b28189,MAURITIUS/ID,True,0,0.0021797358
898d088da13047daa11516190aaa2a32,MOZAMBIQUE/DL,True,0,0.0008695836
898e62fe71274db79cdf3fab2baf51d6,EGYPT/DL,True,0,0.001014542
89961e483a154f7ebaec4a88a7d1de59,MAURITIUS/ID,True,0,0.0010209238
8999783ac0884b069b547552ec9eca8c,MAURITIUS/ID,True,0,0.00088570185
89ab724de0f445ba9baac41e6b77b161,MAURITIUS/ID,True,0,0.001446557
89c20e89fb6f4da6b3b73d43820e55e4,EGYPT/DL,True,1,0.9999968
89c2fde1979b4b95b8ca3bcc74422ddc,MAURITIUS/ID,True,1,0.99999654
89c7bf02b43949fe9d9a76f0131b91bf,GUINEA/DL,True,1,0.9999969
89d886f8b89e47ed8d8d62a28a64a5c6,GUINEA/DL,True,1,0.99999774
89d8cc0571a54129a9968f619e5b49e8,BENIN/DL,True,1,0.9999969
89e389521f704f2eb83a2ddc392597af,GUINEA/DL,True,1,0.99999774
89f39d954c7444d8a813a1361bd50bbd,MOZAMBIQUE/DL,True,0,0.00086029625
89ff5d55863b4ff4aec3376d10cdeb13,MAURITIUS/ID,True,0,0.000878388
8a00d65beab240f0b106d0813b88deca,GUINEA/DL,True,0,0.00089037896
8a15b7d616a647c5b0c4e796a8732943,GUINEA/DL,True,1,0.9999969
8a2369ec8fc5425e85aaab47c3f03281,GUINEA/DL,True,0,0.0008847058
8a504612168145f0ad83864c6b7b353e,BENIN/DL,True,0,0.0009080699
8a646db7d463416e94abbc9158aec587,EGYPT/DL,True,0,0.0016319187
8a6eaff91ed0426ab84441af0cb7d15a,GUINEA/DL,True,0,0.0008786693
8a7b6e2165ea4046aaf3d6362c98d87a,MAURITIUS/ID,True,0,0.0009498364
8a824143195d4f0b9804621904ee95c2,BENIN/DL,True,1,0.9999976
8aac88a6744248fd8402536d87b10274,BENIN/DL,True,0,0.0008964792
8aaeca56bcd9430c80a58db2b705b008,GUINEA/DL,True,1,0.99999654
8ab4189660884a5fb8947650c20be1a4,GUINEA/DL,True,0,0.00089868606
8ab460b3600e4b3dbefefead5ddb387b,BENIN/DL,True,1,0.9999975
8ac5e87c349a4bc2a57a0fe5f9e729c6,GUINEA/DL,True,0,0.0008885699
8ac9444e123147028a323221f91f6a4f,GUINEA/DL,True,0,0.0008951387
8acb5437c0614f019664a499c04f8bdc,BENIN/DL,True,1,0.99999774
8adc82f40fa34937ae422b96898f58be,EGYPT/DL,True,0,0.0011348844
8ae16765566f4739a38cfaf516254f50,MOZAMBIQUE/DL,True,1,0.99999774
8aec14473b0f420fbbbefa05bb06df5a,BENIN/DL,True,0,0.0009035462
8aee5ba6a832400c8ba68135f2573887,BENIN/DL,True,1,0.9999975
8af0cf8da142487481acaa9f80034094,MAURITIUS/ID,True,1,0.9999964
8af623060f784b6eaf33b703a0aa15d2,BENIN/DL,True,0,0.0011642476
8b02c5b9d5c44893b2e689f2019ae940,MOZAMBIQUE/DL,True,1,0.99999726
8b06ea68a32e42c9a8a247ddea551a88,BENIN/DL,True,0,0.00089391903
8b0e0f8c4bae4f689cc84aab51e270d8,MOZAMBIQUE/DL,True,1,0.9999974
8b0f578b75614f19acea73f5b5d6a50c,MOZAMBIQUE/DL,True,0,0.00087496196
8b0fc03df3264e179f4cddfa17393a94,EGYPT/DL,True,1,0.99999714
8b1fd6f8b92c4f70aeb2254c8f45c373,MAURITIUS/ID,True,1,0.9999964
8b27c94be9c54c9c85ec1fc02983d733,EGYPT/DL,True,1,0.99999666
8b300278efcd4eb8aa133871710aeb53,MAURITIUS/ID,True,1,0.9999976
8b3ef1b6641747ce8975a831b174b700,MAURITIUS/ID,True,1,0.99999774
8b44647e5c0f4d59a864870436d84dc3,MAURITIUS/ID,True,0,0.0008896069
8b457cf4f3fe4708b8bab057d78dce03,MOZAMBIQUE/DL,True,0,0.0008644978
8b4597e660cd4783a50d7c489cbca9fa,MOZAMBIQUE/DL,True,0,0.0008656353
8b4bbbc997c146628ef8e491872af453,GUINEA/DL,True,0,0.0008942488
8b517aaf32914fcfa0c629d6393f715e,GUINEA/DL,True,1,0.9999975
8b528863bdc140c588f69c4c09a47b5f,EGYPT/DL,True,0,0.0010488778
8b631a58df0e4423b654e88b03f60608,GUINEA/DL,True,0,0.0008915149
8b729e96cb20488888e17b142fff6f52,EGYPT/DL,True,1,0.9999976
8b78bf6c5f0f4618a0425e9c65d57f23,GUINEA/DL,True,0,0.0008997275
8b7f9b157a794d9a86f5179677f85e33,MOZAMBIQUE/DL,True,0,0.00086405064
8b928077b156418aba0229c61d522275,MAURITIUS/ID,True,1,0.9999974
8b95be56e4a746c79d7b382dc5a23fc2,MOZAMBIQUE/DL,True,1,0.9999976
8bb295885eb5498ab3c3b03cdc58a6f7,MAURITIUS/ID,True,0,0.0011250564
8be6521b5b6447ddb6657e158759dd6c,MAURITIUS/ID,True,0,0.0012019096
8bf91699ded74081978b442c71c0d033,BENIN/DL,True,0,0.0008908329
8c0937dad3c64446bbbb696c59ab409c,BENIN/DL,True,1,0.9999976
8c1ed95e58c84c5ab81db041ff2bdbbf,GUINEA/DL,True,0,0.00088815356
8c3c0d1c02794fada4fba6f826461f3a,GUINEA/DL,True,0,0.00090717885
8c3df1b15f3a4836924cd86e82b153a1,MOZAMBIQUE/DL,True,1,0.99999726
8c3f8516aadf4f9cb69585673b0c4b8c,MOZAMBIQUE/DL,True,0,0.0008660668
8c421f94c0874d6fa2232c839084faec,MOZAMBIQUE/DL,True,1,0.9999976
8c423f46736e48c0a1963fc7b6add7c9,MOZAMBIQUE/DL,True,1,0.9999975
8c4a07b1f0cd4fb8bf754436bfae7b34,GUINEA/DL,True,1,0.99999726
8c52a1a8755f4213bf45384f4f0bb7bd,MAURITIUS/ID,True,1,0.9999976
8c54672863a542ffa36b015679b526f3,MAURITIUS/ID,True,1,0.9999976
8c6823766850489ab12016324d9e36fc,MAURITIUS/ID,True,0,0.0008736819
8c7956d433384a1089986aa901ee2f85,MAURITIUS/ID,True,1,0.9999976
8c86a106caf84840bd4b7db81d8db5eb,GUINEA/DL,True,1,0.9999974
8c8c012e3ade40f2838ddf81580ef60a,MAURITIUS/ID,True,0,0.0008713544
8c95a77c37794b8d9d45f78944a62536,MOZAMBIQUE/DL,True,1,0.9999976
8c98ff3433ad4af99ee2c51e4bf848b9,GUINEA/DL,True,0,0.00089096377
8ca8fcece2de498ea754609c713e4d17,GUINEA/DL,True,0,0.0008933651
8cb59ce790ed4ab1a1ced61e50809428,MAURITIUS/ID,True,1,0.99999785
8cb965709bb8450eb68feb3957c85d71,MAURITIUS/ID,True,0,0.00087924505
8cbc15aa9689439c8a1957ba11998b99,GUINEA/DL,True,1,0.9999974
8cbc9518111b4c2799afe431e1ba65d7,GUINEA/DL,True,0,0.0008900953
8cceff5ba7a4491eabbbdf4f0e5ff063,EGYPT/DL,True,0,0.0010287003
8cd0d02a798644d6909fa392379840f7,MOZAMBIQUE/DL,True,1,0.9999975
8cd23220686648ee942c48063853974a,MOZAMBIQUE/DL,True,0,0.00086388644
8cd283cf44f44c47935f8570c79de985,BENIN/DL,True,0,0.00089447584
8cd54c63de944fe7a8fcab5fa4fda873,EGYPT/DL,True,0,0.0015880513
8ce0f1f42e284d989fcc4cd694e8c683,MOZAMBIQUE/DL,True,0,0.00087655406
8d0e23749fb441558e6f931c695cb303,MOZAMBIQUE/DL,True,1,0.9999974
8d3988b2a1724c3881accbac0997f928,MAURITIUS/ID,True,1,0.99999774
8d3ac69f90b54c179f3e357c19a7a0e0,GUINEA/DL,True,1,0.9999974
8d3c1470e41748dea5ed6c470ce4e02f,MOZAMBIQUE/DL,True,0,0.00086071325
8d433681e3364ec491c558c56116f643,EGYPT/DL,True,1,0.999997
8d4a40b2f3884eb9b6bdf4f258aa4132,BENIN/DL,True,0,0.00091009156
8d4e7011dbcb444c9fc7a893668c8cde,BENIN/DL,True,0,0.0009055704
8d66cdd63ec04163b456533963a131c2,EGYPT/DL,True,0,0.00097238785
8d6e511e342f4ff2be52bb29987488f7,MAURITIUS/ID,True,0,0.0008654316
8d82d49ccab04f0692db43fbf2af368e,BENIN/DL,True,1,0.9999974
8d8df9d10d8a4190b3f75d44d7a64b02,BENIN/DL,True,0,0.00089372613
8d8fff831f344f2c88b1414c4a851898,BENIN/DL,True,1,0.9999968
8d94fe7f40b146b0ab098df05963694e,GUINEA/DL,True,0,0.0008906187
8d9827c2ea1a4205ba324a771774031f,EGYPT/DL,True,0,0.06354378
8da10d020c3a4666811073719ff177f3,BENIN/DL,True,1,0.9999969
8da7627d45e84e5da3aa713642e04d68,MOZAMBIQUE/DL,True,0,0.0008664618
8daf6ca3a62a4712b2fb7a6f5c162040,GUINEA/DL,True,0,0.0009077814
8dc2e3a0e2d04568b3f0b67437c5e6a8,MAURITIUS/ID,True,1,0.99999726
8dcd20d5ab7e452d867c2585b188ed9b,MOZAMBIQUE/DL,True,0,0.00087605306
8dd2114af4b24b078f09e2e3af0c92ce,MAURITIUS/ID,True,1,0.99999666
8dd685e83c964e88a6b4dde05d8d55d7,BENIN/DL,True,0,0.0008955564
8df9313ff72e41d0b935243917465017,MAURITIUS/ID,True,1,0.99999714
8e0dbb098e744f5884407054968d0d5d,MAURITIUS/ID,True,0,0.001166533
8e0f7fb98fab47d291a5fb72f49d062b,EGYPT/DL,True,1,0.99999774
8e107de3403d4639a602ff04b5c0f8ef,BENIN/DL,True,0,0.00090173626
8e1105387a5a44008ef9751a5c1c1685,EGYPT/DL,True,0,0.0010581798
8e20b56eaf9b442fbb2564df417a8c85,MOZAMBIQUE/DL,True,1,0.99999785
8e2380c1aa734c56b4b1956f042fedde,MAURITIUS/ID,True,0,0.0009744838
8e24d3e2f75947c3a1cb5fe8583bbeb3,MAURITIUS/ID,True,0,0.0012093962
8e2e9805ce3c4681bab53f873b95b24f,MAURITIUS/ID,True,1,0.9999974
8e338ca265414daab41d73726e4af8eb,MAURITIUS/ID,True,1,0.99999654
8e3b637723d54d31b3d5dc3ab7bf70bb,MOZAMBIQUE/DL,True,1,0.99999774
8e70f01b25114c939fdd880b9a530b06,EGYPT/DL,True,1,0.99999666
8e88d718082c420a8a262ca9c97fde6e,BENIN/DL,True,1,0.99999785
8e8d8e597f9842cb9955118d7450e0da,MOZAMBIQUE/DL,True,0,0.0008658229
8e924a211c8644c1b64f204cdc388741,EGYPT/DL,True,0,0.0013163683
8e999dd64a494e9a9ae3242caa04e6b9,MOZAMBIQUE/DL,True,1,0.99999774
8eb565788dfa45df859e82d892d1f919,BENIN/DL,True,1,0.99999714
8ebb8f04a47144c58a377185017953c7,EGYPT/DL,True,0,0.0010243669
8ebd9c007b424b498dd9900a84ee5103,MAURITIUS/ID,True,0,0.00088919466
8ec49165517c4aaba36a93f4e7eee132,EGYPT/DL,True,1,0.999997
8ec63a3c10cc40d5b75c40436637203b,EGYPT/DL,True,0,0.0010931226
8ed2b8ca95d846baaaa952bd832e50ac,MAURITIUS/ID,True,0,0.0011449183
8ed8a4a32ba84b7ca8408dc358a1933b,GUINEA/DL,True,0,0.0009006844
8ee338a6562444d8921654f9632a4cf7,EGYPT/DL,True,0,0.0012567329
8ee54d20c18c4b8dbb5c20835bdcdc4b,GUINEA/DL,True,1,0.99999714
8eff6c9dc7cc44eca197cdb3b59f085b,GUINEA/DL,True,1,0.99999774
8f17b4224137485ebd82bf81c52cef29,GUINEA/DL,True,0,0.0009057429
8f2d4ed86c934fd78a8a0972e15db31b,BENIN/DL,True,0,0.00089877215
8f31de794b7a4054a2d3ce32bace3acb,EGYPT/DL,True,0,0.0013415541
8f33a6c304e3484fbe148c1ab75dd765,BENIN/DL,True,0,0.0008910058
8f3463cfe4014f2cb4af02599699411d,BENIN/DL,True,1,0.9999975
8f34a1c85d7047b49257a793a26e95ca,BENIN/DL,True,1,0.9999975
8f35108af0b6409090fc1fb88509ef37,MAURITIUS/ID,True,0,0.0008899358
8f3a0cdcb6644d98b5103e651dd9070d,MAURITIUS/ID,True,0,0.0012769775
8f43363ee6d847dcbbfdd02354de4081,MOZAMBIQUE/DL,True,0,0.0008634186
8f485a2a9a0d488aac214e76a30fbe49,EGYPT/DL,True,1,0.99999785
8f539a8d730d4f84837163a9b1c5df06,MOZAMBIQUE/DL,True,0,0.0008700536
8f5d6fa05cf64024b348f2d50a853d30,EGYPT/DL,True,0,0.0015760357
8f6a0dcad662422b8fc31ffa2e461772,EGYPT/DL,True,0,0.000980429
8f6c8212274744fbb2528c5a4039e63a,GUINEA/DL,True,0,0.000899075
8f79b932492246a6af9ac1d9da61ba7f,MOZAMBIQUE/DL,True,1,0.99999785
8f7b66f0a1c342c1ac41b0dd8b4ab56e,GUINEA/DL,True,1,0.9999975
8f7f068655954346b20156d66fc15efa,MAURITIUS/ID,True,0,0.00089144724
8f818c6cf4cf4948a64f4b7bdc6ce1e0,GUINEA/DL,True,1,0.9999964
8fa0509334a243bc80df12ce1bbd0127,MOZAMBIQUE/DL,True,1,0.9999975
8fba1f3e9e4541318c3b1241cd62582c,BENIN/DL,True,1,0.999997
8fc4ed3e388341359b6f2ec2b56cf23f,MAURITIUS/ID,True,0,0.0008680703
8fd0bdf48029408097f610349d0217f2,BENIN/DL,True,0,0.00089859375
8fe2f9e56088422587426dfa09c76dbd,MOZAMBIQUE/DL,True,0,0.001857822
900d8dd5b2bf46b48b2747920baf7de8,EGYPT/DL,True,1,0.99999774
903337ff5b1647cfa9d98d448c60b59a,GUINEA/DL,True,0,0.0008952223
9037507cb2e848bb9fb8e5e716bfecd4,GUINEA/DL,True,1,0.9999968
903ac6144f5247ca8beb7e56f2237c11,GUINEA/DL,True,1,0.9999976
9043245b92994f0e89de797726d6ba8d,EGYPT/DL,True,1,0.99999785
904400fb18264998be8b00be2a91d530,BENIN/DL,True,1,0.99999774
904fc05fe7d8428dad57c08e9ca63d45,MAURITIUS/ID,True,0,0.0011222904
90560c30d0f84d81baac432e55ecba97,BENIN/DL,True,1,0.9999976
905ba20349a640a387082a75a423225e,GUINEA/DL,True,0,0.0008857053
9077eeda570a48bd950713a46533c9d6,BENIN/DL,True,1,0.9999976
9083e80482c64183ba3d7939600910f0,GUINEA/DL,True,1,0.99999785
90861f3a02664ad685eece406ccf53d0,GUINEA/DL,True,0,0.00089034846
909db064fb6a4c08b3a7f3ef9f531a36,MOZAMBIQUE/DL,True,0,0.00086285605
909e92e020a743e4b3a58fb2c5f18e93,MAURITIUS/ID,True,0,0.00087994064
90a0bf393f1b4bcbb93a26d809e78618,BENIN/DL,True,0,0.00090177916
90a2093037dd48a989756950e6c51551,MAURITIUS/ID,True,1,0.9999976
90bd79f5412941298cea25cd11d8e7d7,EGYPT/DL,True,0,0.0011261888
90bfd34fbc6c436294a2f4a2acfbab93,GUINEA/DL,True,0,0.00089955993
90c3c78663ae464183b1b239c682198e,GUINEA/DL,True,0,0.00089640025
90db32b1ae4e438baf2624ce3e233dd3,BENIN/DL,True,1,0.9999976
90df2294450d482083b2897cadd32fdc,EGYPT/DL,True,0,0.0013509947
90e12f8869574e09b48c86c69d0aecfe,MOZAMBIQUE/DL,True,0,0.00088009285
90e44b98a5f84895b65a09f2c173b649,BENIN/DL,True,0,0.00088750676
90f9c3ddc111411bb394aed1a11ff31b,GUINEA/DL,True,1,0.9999964
910698420e654c6bb45c7a38f52d24f7,MAURITIUS/ID,True,0,0.00087137934
910921a5bb024566895bb124bc929cda,MOZAMBIQUE/DL,True,1,0.9999976
910c3f75a6314716813ad255c4a53df5,EGYPT/DL,True,1,0.99999785
910cc14283dc465d832ac4773be8a162,GUINEA/DL,True,0,0.0008932217
9122eaec181d4029af0f48e5b51ce700,EGYPT/DL,True,1,0.99999774
9128d4d72be549d4a7e3bc0807b67cce,EGYPT/DL,True,0,0.0011855599
913e764447644f64aeb789067f31fa2b,MOZAMBIQUE/DL,True,1,0.9999975
914ea75a0fb6474bba9cb08c0b88a3e4,GUINEA/DL,True,1,0.9999974
915a9ba0c3af4721a6aab0b63bef934e,GUINEA/DL,True,1,0.9999968
918d34a55db141008753e1a9273e5be8,GUINEA/DL,True,0,0.00089728803
918ee0c12a404460bb6d75fb18d67acb,BENIN/DL,True,0,0.0008935282
919905da89cf46168401f80300008050,MOZAMBIQUE/DL,True,1,0.99999774
919bc9a3857f4440a80c80876cf3c243,GUINEA/DL,True,0,0.0009111871
91a0946266774b1e9a3ad4a905b3ba23,GUINEA/DL,True,0,0.00089874567
91a48cedf55940aa9f725d1f5158f245,MAURITIUS/ID,True,0,0.00086375925
91c70e08d71647b8bb6cdb4399d6f385,EGYPT/DL,True,1,0.9999968
91d3bd2c84864d2891e53249d5362aeb,GUINEA/DL,True,0,0.0010819992
91e479b03f61427aa46574b1b3a99957,EGYPT/DL,True,0,0.0012196283
91e81a4bf3574dd19680be7d92721447,EGYPT/DL,True,0,0.00095408433
91ef24836d6844a8b91867c45a361813,EGYPT/DL,True,1,0.999998
91f1d539d2234e89b1e4d6ff3c03eeda,BENIN/DL,True,1,0.999997
921850a59d25410cb88e1941e76cef42,MAURITIUS/ID,True,1,0.99999774
921bad3adb5146c39d3f347565c9e02e,GUINEA/DL,True,0,0.0008963012
92220840f2b042608792a7ff8bf02b5b,MAURITIUS/ID,True,0,0.0009614959
922e351c8f22482e8896a590118e6080,MOZAMBIQUE/DL,True,1,0.99999774
922ef001598a49c6bb346efae05c0d1e,EGYPT/DL,True,1,0.99999666
923492bb85d2426688016df515d4fac2,BENIN/DL,True,0,0.0008970581
92417cdd18794e9cbc019886f1f79d1e,BENIN/DL,True,0,0.0008981512
9242a4b6580744818f57196e3dd36b42,BENIN/DL,True,0,0.0008976284
92509730de884dadb0a357cd85d33735,BENIN/DL,True,0,0.000893063
92547a58bf3b4e1ba03ba9858a6b06cb,EGYPT/DL,True,1,0.99999774
926b6db79c8f49b096787c8fdb3f04b4,EGYPT/DL,True,1,0.99999785
926d52b1de9d490580178252b0232655,MOZAMBIQUE/DL,True,0,0.0008603394
926f1c4ada4949638ad2829159554967,BENIN/DL,True,0,0.0008883728
926fc65f65fa47f68240c6c917d180bb,EGYPT/DL,True,1,0.9999981
927013f849d14da3b441cdb02669fde9,MOZAMBIQUE/DL,True,1,0.9999975
9286b03504f14f7cb117d3c3783a8aa9,EGYPT/DL,True,0,0.0012567999
928ddf134cdf45b2a9dc4d32bc0a9609,MAURITIUS/ID,True,0,0.00087555905
928ee824adaf4ef5a02e3ad8404feb96,MAURITIUS/ID,True,0,0.0012941202
929ef585fa3f43ae8a86894f70a9aef3,GUINEA/DL,True,0,0.0008864196
92a15c6f9da444ccaa351eb081cd2f4f,EGYPT/DL,True,0,0.001294235
92a49a2d63984a88a932926102c7455d,BENIN/DL,True,0,0.000886078
92abcd3962da4c7a96edee9ba4432579,MOZAMBIQUE/DL,True,0,0.00087075774
92ad915a63f44ed2a15b6090d1d842ce,MOZAMBIQUE/DL,True,0,0.0008657318
92b052831801405798f6935fa488ad0c,MOZAMBIQUE/DL,True,0,0.0008852105
92b1125df88146cea0b69eca3a5e5dbe,MAURITIUS/ID,True,1,0.99999654
92b9fbca192c4ac4b9a966d388c4dfba,MOZAMBIQUE/DL,True,0,0.00085879833
92c2dbe4369e4daea9f752f02c4eb68f,GUINEA/DL,True,1,0.9996598
92c39084ba77483ab089a10305d84417,BENIN/DL,True,0,0.0008877926
92e0ebd4f4474ab7b8f0a08de4be5080,MAURITIUS/ID,True,0,0.000945546
92e28e5ca31d478eb36d83bc366dd970,GUINEA/DL,True,0,0.0008976271
92e3d8f0da6a4a3d8151e4c1d232c205,MAURITIUS/ID,True,0,0.0009176321
92e79d87dedf4b25965768b2281719dc,EGYPT/DL,True,1,0.999998
92f2c2198ce94a7092c9486913d14039,EGYPT/DL,True,1,0.9999976
93053f86ff504520a70f1217639da388,EGYPT/DL,True,1,0.9999976
9306fbfa24d8434884b22e77f0c46ab7,EGYPT/DL,True,0,0.0013828895
9310f0f73f1344bca27df5c1c4acee81,MAURITIUS/ID,True,0,0.0011512367
931cd7a3bb384681899bcee2c0085687,EGYPT/DL,True,0,0.0014466473
935238207f9342dc9f0740e66f586264,MAURITIUS/ID,True,1,0.99999714
93608927d4ea464f942ba32ff1ba431d,EGYPT/DL,True,1,0.99999666
93b477e21f0e4bcaaabb62323c33bed4,GUINEA/DL,True,1,0.9999968
93b9b36a1c4745798922da5d0d5d6e66,MAURITIUS/ID,True,0,0.0009000812
93cacff8cafb45faacc65183b7e50a53,MAURITIUS/ID,True,0,0.001111502
9406b563b35443b393e5885ea919f520,MOZAMBIQUE/DL,True,0,0.00086614443
9407b111bc43491fb871c44accb75a67,GUINEA/DL,True,0,0.0009047523
9412f572caee4f8a8fa7b74f4ec436fb,BENIN/DL,True,0,0.0008947972
941f2bdb05734bb9817dc9365b6ce061,MOZAMBIQUE/DL,True,1,0.99999714
9422d97e342d424c8fac6ad8666cb062,BENIN/DL,True,0,0.00090297865
9423631126724ae294049834166e992b,MOZAMBIQUE/DL,True,1,0.99999726
9426546aba204a24ad1c2b3b9e6cd818,MAURITIUS/ID,True,0,0.0010047862
942966a5e1df4a75abda6dcfe6dbe9c6,MOZAMBIQUE/DL,True,1,0.99999774
9445a461f6804f809b5954e34cca834a,MAURITIUS/ID,True,1,0.9999964
944d3e6942e84c88bc290da37ffe52fe,MAURITIUS/ID,True,1,0.99999785
94510ba66ba34b6686d545982e1339c3,EGYPT/DL,True,1,0.9999976
946e16abe67d44bb9c6503a5a95dfb7d,MAURITIUS/ID,True,0,0.0011395384
94712db7c6f046a4984d94e495abf52c,EGYPT/DL,True,1,0.99999774
9474e68e231046a1b2a6ec619052161b,EGYPT/DL,True,0,0.001557218
9481740f55e349c78f40d49bf2e0cb96,GUINEA/DL,True,0,0.0008974275
9488c0d72bac476088db6bd936a7c1fa,BENIN/DL,True,0,0.00090567255
948926a3e399468fb0f77f1edf76f242,GUINEA/DL,True,1,0.99999714
948c3489ef9042f69d5f92d80d052a5e,MOZAMBIQUE/DL,True,1,0.9999976
948d5eb8cbe74ee99c34ab75234b4e21,MAURITIUS/ID,True,1,0.99999654
94babcd42fc5429a806734ff6713ada6,MOZAMBIQUE/DL,True,1,0.99999774
94c42be624014949a68c3311b0f58c79,MOZAMBIQUE/DL,True,0,0.00086705026
94c4d4ad49b1485880159c6ecffcb4d9,MOZAMBIQUE/DL,True,1,0.99999774
94c7da65f56647c9bfbd87642fced153,BENIN/DL,True,0,0.0008987606
94cb7ad5b78a4c6293180beb1e0f64e4,MAURITIUS/ID,True,0,0.001425361
94d0254ea6574e9e930394c91b79e340,EGYPT/DL,True,1,0.9999975
94dedce40cf74ae7a6f8c98ed6bef5a6,BENIN/DL,True,0,0.0009005084
94df690ee8fd4339b41ae315c8bfe7d6,MOZAMBIQUE/DL,True,1,0.9999976
94ead6a334b6433d93efab9efd49a72c,MAURITIUS/ID,True,1,0.99999785
94ec24c2a7c341f791f68539de426b27,MAURITIUS/ID,True,0,0.0008748161
94f10047a1b6496aa8107b3f27418999,BENIN/DL,True,1,0.99999785
94f1ce9872664a5088e21093dfb2fa0f,EGYPT/DL,True,0,0.001238168
94f59149f46942d781ea8bd82cc10326,GUINEA/DL,True,0,0.00090034236
950b115c23a144a0bd77687cd90e8abe,MAURITIUS/ID,True,0,0.0014077766
950d6b2c7a93455397f3062ff1ab0695,BENIN/DL,True,0,0.0008997808
950e513eb8fd4c23b19f73a20fb29fd4,BENIN/DL,True,0,0.0008912911
9510918d42f340a1bedf8d06e63f3842,BENIN/DL,True,0,0.0009120135
951810d0a3074b768da5f1d4c94ed68a,GUINEA/DL,True,0,0.0009034477
951ed2eacc2e474a949b2312b573bda9,GUINEA/DL,True,0,0.00089033705
952c21c5b6a94c7080a8ac22cd3df9f4,BENIN/DL,True,0,0.0008821906
95320b833d894f588b6486c73172de29,GUINEA/DL,True,1,0.9999975
953668ea7f364c3d8c229a8bc5068839,EGYPT/DL,True,1,0.999998
953c08730f1a4b999b930a7892338076,BENIN/DL,True,1,0.99999726
955b9de4dfb242ae8f36e94da56d3644,MAURITIUS/ID,True,0,0.0013873918
95648c9059354151aec46345fce06a17,MAURITIUS/ID,True,0,0.00089945545
956f775cab71440fae093f7de20b6625,EGYPT/DL,True,1,0.999997
9576480343754517ac5a0a0990cb06e4,EGYPT/DL,True,1,0.99999774
958006426002420fa83058115a44e2b5,GUINEA/DL,True,1,0.99999714
95825017926b448eb924b95f1c9a80ef,BENIN/DL,True,0,0.0008968919
95919a71cc2a4421bd585fb8bc9eff09,BENIN/DL,True,0,0.0009045437
9594907a8ddc43c3b5ff7d9f035e9513,MAURITIUS/ID,True,0,0.0014269154
95bc839e3d8740909e4982aa9d34fb16,MOZAMBIQUE/DL,True,1,0.9999975
95bcdbdcab184d39ae23e4da9733e32d,BENIN/DL,True,1,0.99999774
95c2206f77214760ab4ba57f323047fc,BENIN/DL,True,0,0.0008895539
95c2c446c31b40059bb1d935bfaff777,MOZAMBIQUE/DL,True,0,0.00087235717
95c7fdd64ccf49a78d0caa212cebb76e,EGYPT/DL,True,1,0.9999981
95cdd65cd3784ab398524a4b29e62ba0,MAURITIUS/ID,True,1,0.99999714
95d49e8d142e4028a81ca972f5c5c0b6,GUINEA/DL,True,0,0.0009118588
95eb1457b6ca486f9b4454e9bc623a5f,MAURITIUS/ID,True,0,0.0018026463
95f767eb709d493684cee781973b3019,EGYPT/DL,True,1,0.99999666
960a695bd679461e92e2d83940ccee21,EGYPT/DL,True,0,0.0009980405
960aa4ff564a44ae84fa96bf2254bec2,EGYPT/DL,True,1,0.99999774
960b84e629b94ea3b8c7df885ef7099d,BENIN/DL,True,0,0.00090296875
960c377a45d94498949a43f641191ed7,BENIN/DL,True,0,0.00089191383
9610217abe82457ca27a38590833f528,MOZAMBIQUE/DL,True,0,0.00087825116
9613f52b3cc34cb9a075db79e5d2b8df,EGYPT/DL,True,0,0.0009868466
9617ac84316f479fa4da4898f4f43245,EGYPT/DL,True,1,0.99999785
9619fea02b104de28ccf6bacd37e7856,BENIN/DL,True,1,0.99999774
961b99fed7b64a9d849252c77dc01c89,MOZAMBIQUE/DL,True,0,0.0008755665
9630d01349e74bf595f392ef6a86865f,EGYPT/DL,True,0,0.0013842275
963fa29a803e42dbb297000b51a82515,MOZAMBIQUE/DL,True,0,0.00087127805
9652f008d34d430895866628d2ceb723,GUINEA/DL,True,1,0.99999785
9655710b753c42958c3525d4cbc25bbf,EGYPT/DL,True,0,0.0015071227
966816f4aad647c69e61a017da8ab4ae,MAURITIUS/ID,True,1,0.9999964
966f2c4896c042a1ba1b923d839559cf,GUINEA/DL,True,0,0.000891853
9676c75736494ae0bd35423e2e8730bc,GUINEA/DL,True,1,0.99999666
968526d3cf04492f9aa968b541fbd3c0,MAURITIUS/ID,True,0,0.00089371385
9687679701b941b08dcd3c5f8aa0b661,BENIN/DL,True,0,0.00089209137
968e3f699b28470eac0c99948474c2a1,EGYPT/DL,True,0,0.0010747592
969ce232de3d4467be6cddf0be30d292,MOZAMBIQUE/DL,True,0,0.00087192457
96a8adce78064b6a918e11fdfc2cfced,EGYPT/DL,True,1,0.99999774
96abadbdbad84387b61f16971683e6b2,GUINEA/DL,True,1,0.9999976
96abc4193ff94a3c9b0f0eb6d7282cac,MAURITIUS/ID,True,1,0.99999666
96b209b6b1f646299da40cafcc996073,GUINEA/DL,True,1,0.99999714
96b2cdde836f4237b30127800670bb68,MAURITIUS/ID,True,1,0.99999654
96bb04e89b0a43459d0343214c575fd9,MOZAMBIQUE/DL,True,1,0.99999774
96c853c13b0642b09be31797b080b6c0,GUINEA/DL,True,1,0.99995625
96cddf6b6c494b6abae2a4e07331af97,MOZAMBIQUE/DL,True,0,0.00086082274
96cfdefdaac64ef8843cce16cf0d6654,BENIN/DL,True,1,0.99999785
96db789e9fdb4ce6a2f0abd6413dc28d,GUINEA/DL,True,1,0.99999785
96e77986bc664aa09e95ca642f86d12e,MOZAMBIQUE/DL,True,0,0.0008710365
96efb9bbc0204e1b9eed3c35679e180d,GUINEA/DL,True,0,0.0008875892
96f21cace2054a54968ec04f8883e2e3,GUINEA/DL,True,0,0.0008939084
96f54992dd794f03969ba89481ceedcc,MOZAMBIQUE/DL,True,0,0.0008793641
96f6bdd0e21b41dd9c794602d967def5,BENIN/DL,True,1,0.99999726
96f6e7b9aba0448eb9cdd32808104b31,GUINEA/DL,True,0,0.0008871525
96fd3f227a3546eaab562aed34d42a8b,BENIN/DL,True,0,0.0008892984
970531a47b5344fe85328ffaeedf1633,MOZAMBIQUE/DL,True,0,0.0008652906
9709ca2422b946bebfcd4fc7e829100d,MOZAMBIQUE/DL,True,0,0.00086356094
971b0e2e30b74ef0a0b88983ae7951bf,BENIN/DL,True,1,0.9999974
9739f61800224c498d988aa56a1f8539,MOZAMBIQUE/DL,True,1,0.99999774
977226689c7f480a94ea69ab644cb6f6,MAURITIUS/ID,True,0,0.0019357712
9791aa341e0c41d9ba6d884361dfe46a,MOZAMBIQUE/DL,True,1,0.9999974
9792e8026f7c48e1bfee985a6dff97ba,MAURITIUS/ID,True,0,0.0008943582
9796b8c1791d43c9b52677ab28441d72,MOZAMBIQUE/DL,True,0,0.00087729434
979b23197dc6423892874c9a07aabdac,GUINEA/DL,True,0,0.00089445827
97a937dd316948e18394ee5ba50fb640,BENIN/DL,True,0,0.00089749496
97b449fb361a4778bff24c13d98832dd,EGYPT/DL,True,1,0.999998
97ca8405dd11451cab287b46fbad2fff,MOZAMBIQUE/DL,True,1,0.99999785
97d1c34c1fc141069340aec87035b6d8,BENIN/DL,True,1,0.9999976
97db4ace4eac465c84f25d9b01ea5630,GUINEA/DL,True,1,0.9999976
97e578ba5bca477b83685176402d73a0,GUINEA/DL,True,0,0.0008936141
97ea09d73c794182808b7efdee81eaa4,GUINEA/DL,True,0,0.0008971321
97f16efdae114a66bc53bfbc2c63d75e,MAURITIUS/ID,True,0,0.00127174
97f823ca6c9345dbb559ba516c11ad4e,EGYPT/DL,True,1,0.99999774
980840a83dd340f295b08dd6aad86eea,MAURITIUS/ID,True,0,0.00088543526
980bdfd811af48769a77c5f388599807,MOZAMBIQUE/DL,True,0,0.00086123333
9817fe62a6b44b54917803df3b9be8ee,MOZAMBIQUE/DL,True,1,0.99999774
981e94002f0c417c9e543a2ae83c0efa,MAURITIUS/ID,True,1,0.999997
9826de00620142ac88f524851e332266,GUINEA/DL,True,1,0.99999726
98352932401f49df97519010d4099e71,EGYPT/DL,True,1,0.9999969
9836143c155b4d0ca4151e0e9f28503b,GUINEA/DL,True,0,0.00088369905
9843919a8664463289530341d7d346df,GUINEA/DL,True,0,0.0008857876
985916af285a4b40be37275ac1b4218e,MOZAMBIQUE/DL,True,0,0.0008752363
986450c4a58b49e19516fec2aea722ce,EGYPT/DL,True,1,0.99999774
98674837fbc3406c82039e8842986792,GUINEA/DL,True,0,0.000892301
987c990cddee45e598c2275570d8b4ef,MAURITIUS/ID,True,1,0.9999969
98811af5f1b54d4bbe33f4dac217e0cd,EGYPT/DL,True,1,0.999998
988258f752ec4dc69d17d22b446918ba,BENIN/DL,True,1,0.9999975
98862758b88b4878a8e3b50b9ca0e50d,MAURITIUS/ID,True,1,0.99999666
9888a64a4e0b4ecf92a3b383d54f2c64,EGYPT/DL,True,1,0.99999774
9888cae57faa4b1eb164bfed1d6c1c59,MAURITIUS/ID,True,0,0.000869969
9898bc369cfc4881a68956c57cbcd054,EGYPT/DL,True,1,0.999998
989c60a9c8f94a3b9d029640fa5e0ffe,GUINEA/DL,True,0,0.00089406857
989ea6c1df6d4d47811ddb452683ef84,MOZAMBIQUE/DL,True,0,0.0008698239
98a744849f5947318f286373d0da1688,EGYPT/DL,True,0,0.0009347074
98b70772c6f646e9a78887c96f75d96b,MOZAMBIQUE/DL,True,0,0.00086580234
98c8684d15504831b977e16e60bb7bad,MOZAMBIQUE/DL,True,1,0.9999974
98ced4ddefc1454197406336b96d7dad,BENIN/DL,True,0,0.00088767346
98d85a22675046f19115958216c307e5,GUINEA/DL,True,0,0.000885658
98d8def31e9e47409eb11684ea2352c1,MOZAMBIQUE/DL,True,0,0.0008642359
98e91835b67a496899407571da9de521,MAURITIUS/ID,True,0,0.0010983004
98ef5bb098984e2a976757b65200b6c0,GUINEA/DL,True,1,0.9999968
98f3f78b4bcc4c6d82f9531c67e712f2,MOZAMBIQUE/DL,True,0,0.0008756558
98f914131bd84bbca989c5244bcd26b8,BENIN/DL,True,0,0.0008981746
98fb35560024450bb8daf10a530ff446,MOZAMBIQUE/DL,True,0,0.0008838468
9906926c933b4de2a8a3616ace0517d1,MAURITIUS/ID,True,0,0.00088065915
990fcdd8de95450b90b087480ec14f42,GUINEA/DL,True,0,0.00090144854
991379ca0b2749b98cbf40c9a2bfbb44,GUINEA/DL,True,0,0.0008990759
99218c7fa1b44252b25fb06fee08f2fe,MAURITIUS/ID,True,1,0.9999968
99264a9ae29e420a88f5ca35d92e59af,EGYPT/DL,True,0,0.0012857954
9927c6174af34780b5d1acf1ca30cc00,MOZAMBIQUE/DL,True,0,0.00087373814
9927c813d23c48fda855bef3298612e6,GUINEA/DL,True,1,0.99999666
9929d01ac2af4eeb8383953da070cda7,MOZAMBIQUE/DL,True,0,0.00087208033
993bdb487c514160b4b8eccee4615448,MOZAMBIQUE/DL,True,0,0.00088011555
9960ac98a9524cbd806afd593663e812,BENIN/DL,True,0,0.0008976677
9963f187511947f6b8706d071e3c88d2,MOZAMBIQUE/DL,True,1,0.9999976
9966ae0d764e46e7914f45f30a4e39bd,EGYPT/DL,True,1,0.99999666
9984bb8d69e745cea4fc15112cbf614b,EGYPT/DL,True,0,0.0009754016
998cad0adbaa450ab33b4698eb5caf82,BENIN/DL,True,1,0.99999774
998d818efab7481c96c0c55d09613d0d,MOZAMBIQUE/DL,True,0,0.0008646626
9998432f251b41ecb439bc320da84f58,EGYPT/DL,True,0,0.0009650247
999fd18295af4744a16792a1eb8bf636,BENIN/DL,True,1,0.9999976
99b276dcf5154a35a19a911641959c41,GUINEA/DL,True,1,0.9999964
99bda7959f4f49b283eff0c9d2b1d993,GUINEA/DL,True,1,0.99999666
99c97260cee944aeb0b13003448a51f6,MOZAMBIQUE/DL,True,1,0.9999976
99cac5f19846413284f1713da11e201c,MAURITIUS/ID,True,1,0.9999968
99cf482218d44c07a69ae3f5941f522e,EGYPT/DL,True,1,0.9999974
99d1e256c48d428fbce5d5f43645b6f9,GUINEA/DL,True,1,0.99999666
99df2053048948f7b9aacacad1c4dfb5,MAURITIUS/ID,True,0,0.00087646383
99e312faa711436ebc8bf5ef2eec35d7,MAURITIUS/ID,True,0,0.0011840865
99e6fe350ca6438ca3cce8e00ab56f2f,MAURITIUS/ID,True,0,0.0013281088
99e768242d0547c889a5be3031b63d47,BENIN/DL,True,1,0.9999969
9a00d2af4a834b9dbabd5229145e0a5c,GUINEA/DL,True,1,0.99999726
9a0d5354347f4935aeab4506f346b143,EGYPT/DL,True,1,0.99999774
9a13abb7b3734a2bb5651c4e18012b1c,EGYPT/DL,True,0,0.0009396323
9a19eb5073b241469727849cd0280e5e,GUINEA/DL,True,1,0.9999974
9a1bcc12cb2d4109967abfe8503d32c8,EGYPT/DL,True,0,0.0010865508
9a20688d70bb4b828362116f86055af6,EGYPT/DL,True,0,0.0011162976
9a4135be4dd2417297c9f49c447996f4,MOZAMBIQUE/DL,True,1,0.9999975
9a41e703ca6148dba143ee1ed190c59c,EGYPT/DL,True,1,0.9999976
9a4b512c2faa49659eb196d9230d6cc1,BENIN/DL,True,1,0.9999975
9a4c0385c9fb4ba58017d62754f44d3e,BENIN/DL,True,0,0.000894694
9a4e0242f98842669131686044393005,GUINEA/DL,True,1,0.99999666
9a4e96e6cd544c01be8c0430ee3de24a,BENIN/DL,True,0,0.0008907969
9a519324f86d4f06b448c6c5800f39cf,MAURITIUS/ID,True,1,0.99999785
9a5a9d24da334fe99374f715cc3b69e7,BENIN/DL,True,1,0.99999714
9a621cd829854d0e9b0c277ca3e41d1d,MAURITIUS/ID,True,1,0.99999774
9a788bc683dd45de974bfa0e963218b4,EGYPT/DL,True,0,0.0009786577
9a85249e20284deb85d538712dd30b2b,EGYPT/DL,True,1,0.99999774
9a882591b2d54ac496d030489ee9b3cb,MOZAMBIQUE/DL,True,1,0.9999975
9a934615585e4b4a8819376fd6a18652,GUINEA/DL,True,1,0.9999974
9aac9817ed2548cdada0d552a9b3f1b8,EGYPT/DL,True,0,0.00094600924
9ab32917159d407dbd1b6cdf1c63a6ca,BENIN/DL,True,0,0.0008870575
9ac4f7ce4e4243f099db4212dd899214,BENIN/DL,True,1,0.9999976
9ac91e88734040e88107a1b6acb53840,BENIN/DL,True,0,0.0008887419
9aced05ac4dd4528953c79264c2d0618,MAURITIUS/ID,True,0,0.0010490213
9ad6bc68c922403e9cb0c718e1c84cbf,GUINEA/DL,True,0,0.0008938509
9ae3507c40594409a173e8e226c2e818,MOZAMBIQUE/DL,True,1,0.9999974
9af0310497ba4e25a3abb1cc5a9c6d30,MOZAMBIQUE/DL,True,1,0.9999976
9b042eaf86ca43f1b63a826e6d886562,GUINEA/DL,True,0,0.0009052339
9b0bbf4681d84dde89d50984866a44ae,MAURITIUS/ID,True,1,0.99999785
9b12a0f6fdd943938d772a7216cbcd3d,MAURITIUS/ID,True,1,0.9999976
9b139320ba1e404796129b7547e7e181,GUINEA/DL,True,1,0.99999774
9b17a5478f594a2692472d08a6da5571,BENIN/DL,True,0,0.0009062263
9b17fdf832a349fc8cea994f7cc3a894,BENIN/DL,True,0,0.0008897612
9b366fd601974ed4b4c94c91ccb5e81e,EGYPT/DL,True,0,0.001188583
9b470158ecf44758b99dc88ee8e95264,MAURITIUS/ID,True,1,0.99999666
9b571caf54194530864cafdd7a707fc9,GUINEA/DL,True,1,0.999998
9b5ccebf7bac42438ee20cfafb753a32,EGYPT/DL,True,1,0.9999975
9b671b8857dd4ccfb69b42998c361a0d,BENIN/DL,True,0,0.00093048625
9b828275d83445c1b8b58265f5ae1899,MAURITIUS/ID,True,0,0.0008860961
9b82863e699a416fbd201ae91955206c,BENIN/DL,True,0,0.0008890866
9b84c314c12245d9b984bd36bd20f66e,GUINEA/DL,True,0,0.0009071174
9b88edd4ad87410583364d3619aa15c4,MAURITIUS/ID,True,0,0.0013601078
9b90376b72c64cd0a09cf2510f5b5166,GUINEA/DL,True,0,0.0009011856
9ba1ea63dd764ba482401ab739ce8e09,GUINEA/DL,True,1,0.99999774
9bc023877895432b82c3f5bbf8663d22,MOZAMBIQUE/DL,True,1,0.9999976
9bcd1da39afc4b0997fdfd5f922dee74,GUINEA/DL,True,1,0.999997
9bd0c5373a7f4788b11607ba33c6a007,GUINEA/DL,True,1,0.99999666
9bdaa7ceeef644339b2cc80cd3078ee2,EGYPT/DL,True,1,0.9999969
9bde606720f94002b65991c58e09931e,BENIN/DL,True,0,0.000888401
9c0fca2271b84df2a9b448c94c1ed39e,MOZAMBIQUE/DL,True,0,0.00088344567
9c1f8cb12d9d484a93e97429e93dea8b,BENIN/DL,True,0,0.0008944157
9c24d2713fcb454e9f1db8b973057c1c,BENIN/DL,True,1,0.9999976
9c2b256aab8247fabd598007e491d6ee,BENIN/DL,True,0,0.00089645013
9c2c8fe3a1a048d98da33cc57e10f789,BENIN/DL,True,0,0.00089565874
9c3b99e7ab6d43e0b9030f7ba9731e53,EGYPT/DL,True,1,0.99999785
9c4048e24b18452693dcd944fe90e4a7,GUINEA/DL,True,1,0.99999666
9c4e7c4a19b14b3188c648869a90b403,BENIN/DL,True,1,0.9999964
9c657f2065524a52b701377f09ee9653,GUINEA/DL,True,1,0.9999974
9c704954b6094b339185a8948b602011,MOZAMBIQUE/DL,True,0,0.00087129965
9c75d0ce8f8b4215bdb56fbf8783c54c,GUINEA/DL,True,1,0.9999968
9c79e30cd35a4209b0c5b10d51bcddb5,EGYPT/DL,True,0,0.001405531
9c8e46a97c1e4079b3830d10139a310e,BENIN/DL,True,0,0.00089397357
9c9a341c822d46ce93813300e314cded,EGYPT/DL,True,1,0.9999968
9c9e824aa0554e1eab59e0d7e66d23d2,EGYPT/DL,True,1,0.99999785
9cc518eb2377443cbbd6fcde7c91ea7e,EGYPT/DL,True,1,0.99999774
9cd0c0a8299c4ee9a311de7014af75ae,EGYPT/DL,True,1,0.99999666
9cd264d2c4ea4b9db576874e24e0c1dc,EGYPT/DL,True,1,0.9999975
9cdb5a44b9144c2bbec1b609ae8d9c39,GUINEA/DL,True,0,0.00088747556
9ce120d3129e4e02ade22fa08b3c99e6,BENIN/DL,True,0,0.00090769975
9ce33431b26c4241a2356700c99828e7,MAURITIUS/ID,True,0,0.0008678594
9cee8cf48a754bad8fcbe16caac757c4,EGYPT/DL,True,1,0.99999774
9cf552114da24a7ea2b464dcad6020e3,MOZAMBIQUE/DL,True,1,0.9999976
9cfe03252f6f4bd9ace64cb9e7b67be7,GUINEA/DL,True,0,0.000893627
9cfe8b1836234598a4992aec9fa6b83c,MOZAMBIQUE/DL,True,0,0.00086770597
9d04a578e46348d68a9b839a27b82b30,EGYPT/DL,True,0,0.0014911068
9d075273e473494f8a9f658e52e371bc,EGYPT/DL,True,1,0.9999976
9d153afbf82c4a609fa9b172339650f3,MAURITIUS/ID,True,1,0.9999968
9d1e15e132a54e918f51430040c2b92e,MOZAMBIQUE/DL,True,0,0.000868666
9d26a8ee20164999bed447036e67e990,GUINEA/DL,True,1,0.99999666
9d2c54930af249b1a91d6ae07e12d104,BENIN/DL,True,1,0.99999726
9d3171478ac4410fa3690ab2a601db5e,BENIN/DL,True,0,0.00089635106
9d35ff2521cd444aa0cdf5d5af5fcdfa,MOZAMBIQUE/DL,True,1,0.9999976
9d38ff9596dc4eaca31260a6c06a53ee,MAURITIUS/ID,True,0,0.0008882961
9d3af3a3d6384b07a553f0a425db2907,EGYPT/DL,True,0,0.00096567493
9d3ec88728f54bcc969fcb6e10607b76,EGYPT/DL,True,0,0.0009926978
9d3f6435ab5e46c4925e48a9ee28708b,MAURITIUS/ID,True,1,0.9999964
9d422489cd6b449c95e8ff28a7e4a239,EGYPT/DL,True,0,0.0010140964
9d4e2a0f84384229a33fc22f2e88d8ef,BENIN/DL,True,1,0.9999976
9d5b270c5c1b41fab7181abf9814e4d6,MAURITIUS/ID,True,1,0.99999726
9d5b3c412e9d4dfabac0022a6357aa52,EGYPT/DL,True,1,0.99999774
9d6ec8ca11ec446eaf7bc054ff9d7ab7,MAURITIUS/ID,True,1,0.9999975
9d8a2dab354f4b1ba2ad3f05a0aacf86,BENIN/DL,True,1,0.99999785
9d8ef5c8b475425ca952a6b4c22a24de,EGYPT/DL,True,1,0.99999774
9db5f9606d644c548e561b5b6890ba2e,GUINEA/DL,True,0,0.0008952253
9db720ecd58c40fe80b81f0edadafe62,GUINEA/DL,True,0,0.0009089906
9dbae7581d124d4a9a3f96cc5a717e62,BENIN/DL,True,1,0.9999969
9dbc32a2acec47289297a4a1a918d5fb,MOZAMBIQUE/DL,True,0,0.0008691521
9dc626d46de64405bb20a99bd8881816,GUINEA/DL,True,1,0.99999726
9dc6d5da810b4788ae099f2c19449591,EGYPT/DL,True,1,0.9999968
9dd34ec32d0441988e186fc9dead5c31,EGYPT/DL,True,0,0.0009983801
9dde2029bd3a4712b3baf1e5615530b5,BENIN/DL,True,0,0.0008898964
9de3b4f560b8413f8f9888f4dbe67fcd,MAURITIUS/ID,True,0,0.0014555716
9dfa024231cd4f69883a6b62b6aae779,GUINEA/DL,True,0,0.00089198
9dffa4a430ed42bfb330f4a3787ffc16,MOZAMBIQUE/DL,True,1,0.9999975
9e07a942cc1f464892ad8f6cd57ea305,GUINEA/DL,True,0,0.0008955005
9e09db8364ad46db8a293e37fbf91f2f,BENIN/DL,True,1,0.99999774
9e12f5b8163e4b72bc37aa1e372c76a4,EGYPT/DL,True,0,0.0015262404
9e152a669421475c88193e2d501090af,MOZAMBIQUE/DL,True,0,0.00088263286
9e187d036c9748368fb6e26213ad6cad,BENIN/DL,True,0,0.0009112179
9e1bad8aa3fb441382871d6954f3dd41,GUINEA/DL,True,0,0.00088478555
9e22f8ceafb84ecc9537085c9160b3fc,GUINEA/DL,True,0,0.00088616787
9e3b615106ed47918af00e0b620b0793,BENIN/DL,True,1,0.9999975
9e3e83a4a4094920959fc3e4164afade,MOZAMBIQUE/DL,True,0,0.00087314926
9e4b8e2c169f44cbae8665991517c0e3,MOZAMBIQUE/DL,True,0,0.0008597788
9e4f90e8ce004eada9f95dabf77a35a4,GUINEA/DL,True,1,0.9999975
9e5910a4b6964ceb92e6afab743075f8,MOZAMBIQUE/DL,True,0,0.00086835853
9e66e5388ab64e2abc8ff65967a26065,MAURITIUS/ID,True,1,0.9999964
9e6f434709134d1fae6dd576aca626e9,MAURITIUS/ID,True,1,0.99999726
9e78823eac41459fb6282f4d336043d9,MOZAMBIQUE/DL,True,0,0.0008680806
9e818c61b55345fdaa983319eab5227b,GUINEA/DL,True,0,0.00089530845
9e87b8e5f94c43068ab3d38ea1e0f32f,MAURITIUS/ID,True,0,0.0013600055
9e8b1aec79534d4280bf6ed11a6faca3,BENIN/DL,True,1,0.99999785
9e975712037c472b9e54af1ac31428de,EGYPT/DL,True,0,0.0010755069
9e9ca46b5f764d9fb15dd5e5ec5fd969,MAURITIUS/ID,True,1,0.99999654
9e9d8e3f00d24e3196a605ee6b8c59d7,EGYPT/DL,True,0,0.0011616993
9e9df602e31a434f8b612d14e02caa7e,MOZAMBIQUE/DL,True,1,0.99999774
9ea22b35c6174d458417ca15f4bd5df1,BENIN/DL,True,0,0.0009054815
9ea22dbe7bb44c93807770253e3aef46,EGYPT/DL,True,0,0.0010246076
9ead98cea21d4ae4876a22dda0b9cdd3,MOZAMBIQUE/DL,True,1,0.9999975
9ec1c27a37734f37b869b66e036881ed,MOZAMBIQUE/DL,True,1,0.99999726
9ec75e44f43e4014a5d3fc477f3d5efe,EGYPT/DL,True,1,0.99999785
9ed84d2d89404fd5a68e8d0df5a64943,BENIN/DL,True,0,0.00089604076
9edad05e70f74c34a04370a1baa67d21,MAURITIUS/ID,True,0,0.0008822671
9efa9181ec1f441585e89bad329199aa,EGYPT/DL,True,0,0.0012203233
9f1ac9a8a098413cb15699a97621ef3e,MAURITIUS/ID,True,0,0.0013980471
9f1b775deaa8488baf59ae78a328b04c,BENIN/DL,True,0,0.00090081186
9f1cedcd4d1443a68f411e37c71bd79d,GUINEA/DL,True,0,0.00089627254
9f2363a6a4e54ac48bbab848f50c48c0,EGYPT/DL,True,0,0.0014250163
9f26fbc2b89248b387c10d5207d9c112,EGYPT/DL,True,0,0.0010209574
9f283a9d7bb046f6908f94c450c6dcb8,GUINEA/DL,True,0,0.00089450134
9f2876eff4d541e184326db8593711a2,BENIN/DL,True,0,0.00090801716
9f36aa13417b4375bb6ba9e0a9fba02a,GUINEA/DL,True,0,0.0008904346
9f37fba9470c4f6cbfb802270a20f83a,GUINEA/DL,True,0,0.0008897946
9f43b096930146c6836a4c829a828374,GUINEA/DL,True,0,0.0008920667
9f5b8359aead47fa9977dbf62ef7f8c2,GUINEA/DL,True,0,0.0008926678
9f645db66c3b464f9acdcc944aac8500,BENIN/DL,True,0,0.0009144198
9f666dc708844840acdef6b20e778819,EGYPT/DL,True,1,0.9999976
9f6ac4bc28fb45d5acae333fbef10f9b,BENIN/DL,True,0,0.0008900553
9f7c11ab983d4cd2994e7022fa87bd06,GUINEA/DL,True,0,0.0008884845
9f7ee956f4a84d7f8083d980330a25d1,BENIN/DL,True,0,0.00090017595
9f7ff86a67574760aeea475dc5309c4b,BENIN/DL,True,0,0.0008837525
9f874a2d76cd4c14b351414ac84babb5,BENIN/DL,True,0,0.0009064876
9f87c5ef912040b8b5b0f3450e94be1e,EGYPT/DL,True,1,0.99999774
9f89cd3d7f424c0f8bacdcd70fe96198,EGYPT/DL,True,0,0.0013645197
9f94307b2ac24fbfafeac7188bd34997,MOZAMBIQUE/DL,True,0,0.0008700357
9fa79735df054c49857ed019ab053eb4,EGYPT/DL,True,1,0.9999976
9fad01bb5f804926abb8a074ae41369f,BENIN/DL,True,1,0.9999974
9fbe39e1e79c4a918c6b1592dda6ee9a,MOZAMBIQUE/DL,True,0,0.0008973821
9fcf250f86e4469784b3a8c65ef41d27,GUINEA/DL,True,0,0.00089689577
9fd3d45e0c5449269d03ca8f67ad917e,GUINEA/DL,True,0,0.0008891789
9fd5025c888d491ca9e32d78055cefc9,GUINEA/DL,True,1,0.99999714
9fdfd72c8859418295d0e51c43c231a0,MAURITIUS/ID,True,0,0.00087399036
9ff310aa273e48ccb6707a582f4a66b6,BENIN/DL,True,1,0.99999774
9ffa8010002b448f969a74d0c1a327ee,MOZAMBIQUE/DL,True,0,0.0008735916
9ffab2211df44c51ad88770bf431fa77,MOZAMBIQUE/DL,True,1,0.9999976
a0085a3e2fd74c54aedb516ad37a3dc0,BENIN/DL,True,0,0.00088958145
a00f236c194149b3a452a32ab6487731,GUINEA/DL,True,1,0.9999964
a01c6829bdad43d1b3d7429c13fb9532,BENIN/DL,True,0,0.0009015516
a02c41a8a53c4b049a6352f18873f269,MAURITIUS/ID,True,1,0.99999774
a0306334991946479b57bddb13ebb2c2,EGYPT/DL,True,1,0.999998
a0356ddea7394809b905758b883e9c80,GUINEA/DL,True,0,0.00088916405
a03c78baabc74f63bf7394ef959dde6e,MAURITIUS/ID,True,0,0.0009652936
a03ffa1b87774c29b6c934498eea797d,BENIN/DL,True,0,0.000887662
a041e7618c444648b88b71f1637a5bc5,EGYPT/DL,True,0,0.0009623652
a042d69a87674cfba207d18f51428c89,GUINEA/DL,True,1,0.9999976
a042fec2e2284f23a3e3258c7dde67c3,BENIN/DL,True,1,0.9999976
a04e39498f4543aaa609d6701b38e8ad,BENIN/DL,True,1,0.9999969
a053d4d1d58d41d1add0b5c91da460a9,EGYPT/DL,True,0,0.0015248487
a066e43b186946c38dce7ea4681aff8f,BENIN/DL,True,1,0.99999666
a073ea9f2ac84d258fb6e69eed398880,MOZAMBIQUE/DL,True,1,0.99999774
a0782512df0c4951aa00da0f18ec7694,MAURITIUS/ID,True,0,0.0008895976
a07f4e941f8945c0b2c79f9b76d7e49e,EGYPT/DL,True,0,0.0010474236
a0827c0dfaaa45969a288613a5e8c49c,MAURITIUS/ID,True,1,0.99999774
a087ca6fbc2e4ec384db6d4510cc5d98,EGYPT/DL,True,1,0.99999774
a09e2cae00ed47a98c7669cc47ecbe52,BENIN/DL,True,0,0.00089821446
a0a7e90da6684fcdbcabcd63a8958bad,EGYPT/DL,True,0,0.0010148745
a0bcca60621f4bacba4ee848af9036cd,MOZAMBIQUE/DL,True,1,0.99999774
a0beaf483e0a48ca948871293a4cfede,MAURITIUS/ID,True,0,0.0012781809
a0ce0f2314344c818763388d5638e111,MOZAMBIQUE/DL,True,1,0.99999774
a0cece8f18634360ad3085f1e186c1bf,MOZAMBIQUE/DL,True,0,0.0008699599
a0d1319dd9cd4fb7aad67b78b5d42d89,BENIN/DL,True,0,0.0008913369
a0da010146e64cc989630ce54dec7242,GUINEA/DL,True,1,0.9999968
a0da251c6b6f4fd2b41ffe4dcda613fd,EGYPT/DL,True,1,0.999998
a0da6aa8821f4e66a6252a2cc6c667fd,EGYPT/DL,True,1,0.99999774
a0e411730efb4bdcada293f430a71726,BENIN/DL,True,1,0.99999726
a10316c64d4f42c6989bf455ec529483,BENIN/DL,True,1,0.99999785
a10d229cd41e450c86e76750bf207d3c,GUINEA/DL,True,1,0.9999969
a10ec8c761d5422eb744fca811ebe4d7,EGYPT/DL,True,1,0.99999654
a112324319ba460583a57221d6a4c949,MOZAMBIQUE/DL,True,0,0.0008769997
a118ef35d4a54f8da9d83f48e5930b6e,BENIN/DL,True,0,0.00088719267
a135b77d58f24fc8b07e7926c4ef57b2,BENIN/DL,True,0,0.000892536
a13b22087aec404e8662fddc6670bf08,EGYPT/DL,True,0,0.0011547953
a1485814ecb64d3694390385b3836fac,EGYPT/DL,True,1,0.99999774
a14909252c0948488f5f8a01a5146a52,EGYPT/DL,True,1,0.999998
a14eed63eab5422caf4e25eb371b2093,MAURITIUS/ID,True,1,0.99999774
a150ecaa04f64c6c840183bb90042bf3,MAURITIUS/ID,True,0,0.0012420636
a15cbd1aa78641d8a9a84d09d3dcd356,EGYPT/DL,True,0,0.0010382235
a17c481b64dd45dbaaf482836586112a,MAURITIUS/ID,True,0,0.00091853045
a17de7e4fdf14aa4a3ef11014da39cca,MOZAMBIQUE/DL,True,1,0.99999714
a18047f0403945ac81bd98a5ff9210c9,GUINEA/DL,True,0,0.0008892306
a195fd51a09340de9950554cb6b688f5,GUINEA/DL,True,1,0.999997
a1a40b52cbb9404ab989b03cff19b688,MAURITIUS/ID,True,0,0.00095998374
a1a97258d95c425e91356833bd3fe108,MOZAMBIQUE/DL,True,0,0.0008645736
a1a9caa8ace8428182af8d2216a0c9a6,MOZAMBIQUE/DL,True,0,0.0008701742
a1ac8707e38a45da94bf1966508b1d67,GUINEA/DL,True,0,0.0009488292
a1acc3a41c504c6e881d347e00f696c8,BENIN/DL,True,0,0.00088950054
a1b3ee1f2b14486eae0e0b90488ae93d,MOZAMBIQUE/DL,True,0,0.00086120015
a1c8737977814c43a7ca51cbd2ca8b49,MOZAMBIQUE/DL,True,0,0.0008629572
a1cdca61ad2d4b44949ae837cccf36c4,MAURITIUS/ID,True,0,0.0015220781
a1cfe78448cb4ff4a0a6f5d72a2c100c,GUINEA/DL,True,1,0.9999975
a1d0ee5bf7a549808055dbd86c185c5c,MAURITIUS/ID,True,0,0.0013111476
a1db503546d8441f861425fe65dd046c,BENIN/DL,True,0,0.0009159305
a1dca39f74db4a4da95401997032f3a5,EGYPT/DL,True,1,0.999998
a1ddcf47fa914ca38109c7d5ffbd150a,MOZAMBIQUE/DL,True,1,0.9999975
a1e54ff151f14a98892e66b4b5340e97,MOZAMBIQUE/DL,True,0,0.0008725608
a1e792c59c6549ccaf95f09883c01464,MAURITIUS/ID,True,0,0.001998905
a1f3b73dbcc54cf3b96d90ebe3865d1e,MAURITIUS/ID,True,0,0.0008716505
a2181196f4024c16a093962b22fab663,EGYPT/DL,True,1,0.99999785
a21b715f480e4a8e97463c36c7f5484e,MAURITIUS/ID,True,1,0.9999968
a226ac12e1644eb6b1d55dc423d7630f,MAURITIUS/ID,True,1,0.9999968
a226b21baff64c6a97fdeea15c7aef01,MAURITIUS/ID,True,1,0.9999968
a2365500dd3d4f9d8d3e9632fffe48d2,EGYPT/DL,True,1,0.99999774
a2383a50de514a8e9deaaf956a7bb2aa,BENIN/DL,True,0,0.00089681457
a2546412bb9f420596a8fd4a8de48022,MOZAMBIQUE/DL,True,1,0.9999975
a25f3ef1daeb4a928d4956f845364e35,MAURITIUS/ID,True,0,0.0008741186
a2653804d5ad46ef8d0e9bc0569d6af9,EGYPT/DL,True,0,0.0009896961
a268dfcc87944cacb3c41034b4d1f16f,EGYPT/DL,True,1,0.99999774
a27462ead08a4b78882993a0f22d0ca1,EGYPT/DL,True,0,0.0011137605
a2847173906c4bda9f91b5e2e44f1427,EGYPT/DL,True,1,0.9999981
a28dadf1f5f04028b51dd310cd9c208d,EGYPT/DL,True,1,0.99999666
a29b658272854b10966ccd473c753078,EGYPT/DL,True,1,0.99999774
a29cca7490fc40bcb1830270726c0a3e,MOZAMBIQUE/DL,True,0,0.0012340941
a2a014b06c674802a23e7611c259bf41,MAURITIUS/ID,True,0,0.00089091953
a2bc71da6466488ebfff2f49eef2a25e,MAURITIUS/ID,True,1,0.99999654
a2c18fda58174e968d0df6c9310faba4,BENIN/DL,True,0,0.00090434507
a2c4c11e745040769b6be97bf7171cce,GUINEA/DL,True,0,0.0009423376
a2cd0f385e7f4f77bf562572b057acc1,MOZAMBIQUE/DL,True,0,0.00086716417
a2dd10d0ed0248cc9c5925b0660d8ed7,BENIN/DL,True,1,0.99999774
a2e0903cf7a942b99572296cf9e08b70,GUINEA/DL,True,0,0.00088262017
a2e1656455a445e7bdd7ea8b67fe549c,BENIN/DL,True,0,0.00087912945
a2f942b8a0134d139ab57df8893cb778,MOZAMBIQUE/DL,True,1,0.9532521
a2fb39740cba4ddd8efe5ef351c53078,GUINEA/DL,True,1,0.9999968
a313a7a5d75245c188bd8c5f8075557b,EGYPT/DL,True,1,0.99999654
a3194cd113d249f386e96ec16a78d4a2,GUINEA/DL,True,0,0.00091610587
a3240f03e08145cea17e569bc755f9d0,EGYPT/DL,True,1,0.999997
a3268cba64984b438e56038e291f3e00,EGYPT/DL,True,1,0.999997
a3343ac31cb64c8f8c9e17641284b2bd,MOZAMBIQUE/DL,True,1,0.9999976
a335c7b9218049e5becd432abc5dd722,MAURITIUS/ID,True,0,0.0011645306
a33f7e2473db43d8959ae139702afaf4,EGYPT/DL,True,0,0.0013211117
a34b67a11bf14fb1b87c74fdef2a505e,MOZAMBIQUE/DL,True,1,0.99999714
a352d07bd45f40549c29cdbdd0ac31df,EGYPT/DL,True,0,0.002379407
a356d1f965d44d69a1d5a697750bda3a,MOZAMBIQUE/DL,True,1,0.99999774
a35bcbd4bf934c3bac4967892da8216d,EGYPT/DL,True,0,0.0015671246
a38065253c4b4e80b9e4b24f87999b66,BENIN/DL,True,1,0.99999774
a384d00474f44a0ab4a87ae738945d4d,MAURITIUS/ID,True,0,0.001454285
a387bbc1933b4283a21119e1dea06259,MOZAMBIQUE/DL,True,0,0.00086667197
a388692ff7dc41dc9c81a4a6499a53fc,MOZAMBIQUE/DL,True,0,0.0008732886
a3988fb44c594bd7819563f8517f3b74,MOZAMBIQUE/DL,True,1,0.9999975
a39f6d856b4e4c0f882b42565859420d,BENIN/DL,True,0,0.00090375764
a3a05692101340f4b85ca7366a49ca81,GUINEA/DL,True,1,0.9999969
a3a779cf3b6d4d428214f0e2ce315cfb,EGYPT/DL,True,0,0.0010998044
a3b7f9f6dfae46dba8a298a3b26f4bbf,MAURITIUS/ID,True,1,0.99999785
a3bf104e8bfd4d188f974c0ea832aae3,MAURITIUS/ID,True,1,0.99999654
a3d20fb1bb594bb5b28653fd0c094289,MOZAMBIQUE/DL,True,0,0.0008608256
a3e5119c12f64217b74000456e0269f9,GUINEA/DL,True,1,0.9999974
a3f1d22e01324769833605bd3f3c83c6,MOZAMBIQUE/DL,True,1,0.99999785
a41f2bf6bd6144ab8cbe02237c71e00a,BENIN/DL,True,1,0.99999774
a41f86a9bfa5404dbb44ed786203572c,GUINEA/DL,True,1,0.9999974
a43123c9fb7b492c8b7b76278a5a4b71,BENIN/DL,True,1,0.999997
a452a3471609417a81c5b78698e811fb,EGYPT/DL,True,0,0.0012778565
a45dfeeb2712489895e015e72b95004f,BENIN/DL,True,0,0.0009023396
a46485bc77974a81ac900c50146231c2,GUINEA/DL,True,1,0.99999654
a47386dbc62c4abb9cedd9cfb5c8423a,BENIN/DL,True,0,0.00088384293
a4752d0fff5a4b4f91565b38e7c73e50,MOZAMBIQUE/DL,True,1,0.99999774
a4762ef4b5f148dfba92f7e0a7bfe525,GUINEA/DL,True,0,0.0008989995
a47cfa1dcda34a079f030f2fe45f0f9d,EGYPT/DL,True,0,0.0009850027
a481336b509d472abde4f9c8fd5d2433,MAURITIUS/ID,True,0,0.0008856944
a4a2f9b24ba14cfb935277e742c70f4b,EGYPT/DL,True,1,0.99999726
a4a907d3f55f46e59d0bb29cb257b0d1,BENIN/DL,True,1,0.99999726
a4b03d3600f14ff89de7f71756551f37,MAURITIUS/ID,True,0,0.00088138186
a4b171bd5fcd4e4798c1a446eea2aa81,EGYPT/DL,True,1,0.99999666
a4b44c4e6e4646bab94cd4f224b56029,GUINEA/DL,True,0,0.0009011445
a4c41beb3c214df69aa32c003fb30690,EGYPT/DL,True,0,0.0011880345
a4cbb57304cd40d5bf32c8b0fb21aa58,BENIN/DL,True,0,0.00089608
a4e47e33baa747a7969b7f570cf621e4,BENIN/DL,True,1,0.99999774
a4edfbe9ec984e94a20a665dfd602299,GUINEA/DL,True,0,0.0008827102
a4eee90c3b624844a747a55053692272,EGYPT/DL,True,1,0.9999976
a4f5798fef8643a097e4ba0e11899414,EGYPT/DL,True,1,0.99999726
a4fad13e18104d958b32197cbae52652,MAURITIUS/ID,True,0,0.0015161631
a5044905a880495ca18605b499cdecba,BENIN/DL,True,0,0.0009091175
a523f1ea50224628951aab41d0b16ccf,MAURITIUS/ID,True,0,0.0015939326
a52ef1c536f34a4d9b8c4a0f78b93959,GUINEA/DL,True,1,0.99999774
a53e2255f3e444438c5a9402bafe0f73,MOZAMBIQUE/DL,True,1,0.99999714
a54283b21cb043fea9ca5fa125585ae6,MOZAMBIQUE/DL,True,1,0.9999976
a5442b4d0e3e49caaad6798c128eb49c,MOZAMBIQUE/DL,True,1,0.9999974
a54746e2db5148998348829265b609fe,MOZAMBIQUE/DL,True,0,0.000879294
a557c50391354d77901edcab41cfd6f5,MAURITIUS/ID,True,1,0.99999654
a55d3331f5ee41a4a516d0691f5a60e8,GUINEA/DL,True,0,0.0008965122
a5673b8c3996492c8e032ba400d06cf9,BENIN/DL,True,0,0.0008858851
a5676257eccf46809c7e2767408afb50,GUINEA/DL,True,0,0.0008914851
a56b2721521f4395addd7db947b148e3,BENIN/DL,True,1,0.99999726
a57b6f99ff8e4923858dcd638e1331de,MAURITIUS/ID,True,1,0.9999963
a585cca554d341efb811405eb0920870,BENIN/DL,True,0,0.0009021084
a5ad4918710843a0bfd70f774ae2a909,BENIN/DL,True,1,0.9999975
a5adb2ac1f654221b24ef99b664847c4,EGYPT/DL,True,1,0.99999785
a5b59d3e25c7460fa550804bd8e8abce,EGYPT/DL,True,1,0.99999666
a5bdf6ef1f5244099eb8c52c7752c37b,EGYPT/DL,True,0,0.0009945285
a5c24740993341fb895b83548d1b281c,MOZAMBIQUE/DL,True,0,0.00087613653
a5c3ca14fdc44dfb8ea1ad2b767c08e1,MAURITIUS/ID,True,1,0.9999969
a5c8023162144a13afe07728c874332e,EGYPT/DL,True,0,0.0011128379
a5d369b3443e4fb2b4b5f5d91efe26f8,MAURITIUS/ID,True,1,0.9999974
a5e7e8650e2c4d93984db2ed101b5127,MAURITIUS/ID,True,1,0.9999974
a60846e7726e423da017680bcfa2d731,BENIN/DL,True,0,0.0008922164
a619fc3fd1fd4471a1318e15fb8e4bdf,MAURITIUS/ID,True,1,0.99999774
a6269a843c2a4c57b8ae93ae02beb77b,MAURITIUS/ID,True,0,0.0009609881
a63ab4d7eb3c417c910bcd8860433c4b,MAURITIUS/ID,True,1,0.9999974
a64f571e23a240e69179bf6d7db47b55,MOZAMBIQUE/DL,True,0,0.0014286769
a651064f6d2149c1a35c4c771754f1a5,EGYPT/DL,True,0,0.0011393451
a666c16e754f49d48a02ef98527581ab,MOZAMBIQUE/DL,True,0,0.0008626374
a667b0fe5fb9407abedb45dc5c3e56d9,MOZAMBIQUE/DL,True,0,0.0008640244
a66c760224cc4c18b2715e38690365f0,GUINEA/DL,True,1,0.9999964
a675f8b31d40448585944de8b3e1b574,MAURITIUS/ID,True,0,0.00091383717
a67e50a1c4f24fe4b23675ffe1487b73,MAURITIUS/ID,True,1,0.9999976
a67e63a2bf95484083fb2df0758105dc,MAURITIUS/ID,True,1,0.99999774
a67ed1a1e6ad4f4da06e20b33c615983,MOZAMBIQUE/DL,True,0,0.0008704305
a680b6837fa84c0c9c0bf07f1d63c473,MOZAMBIQUE/DL,True,1,0.99999774
a6841317da2c43488c0737b6d9cc8401,MAURITIUS/ID,True,0,0.00096961984
a68aff28b6c04851b8434b17c4587158,MAURITIUS/ID,True,0,0.0013766498
a69451489ada4ca089ff3232508d235e,EGYPT/DL,True,0,0.0012858257
a6962832f7fd4edca5e75f48be0a1de7,GUINEA/DL,True,1,0.9999968
a69d91e6e0e44ea38ebcbb0a1ec1b094,MAURITIUS/ID,True,0,0.00092727627
a6a41fbeb84d49ffaeafa5d2e48b2ef8,GUINEA/DL,True,0,0.0008940119
a6aab077287d4214b56828d49c94e592,GUINEA/DL,True,1,0.99999666
a6ab4dbbae0e4ff6aacab5f433168fe8,EGYPT/DL,True,0,0.0011944553
a6bc5d7c56b546d586c0c2b051c08f17,MAURITIUS/ID,True,1,0.99999774
a6d06834737c49239bb2210ec6a7bf61,BENIN/DL,True,0,0.00089248846
a6d1a719a1e543369e8ae85810f9ee85,MAURITIUS/ID,True,1,0.99999666
a6d7caa3e54c4d5caaab19bab2a4b1f9,GUINEA/DL,True,1,0.99999726
a6def87a8fb24c85b7ec4b914b2cde5d,GUINEA/DL,True,1,0.9999969
a6ec2515ea0b47b997bc30cd9b52eb00,MAURITIUS/ID,True,1,0.99999785
a6eeead1c53e456eb6197bc2c84beec3,MOZAMBIQUE/DL,True,1,0.9999976
a71a5e345c624765bfd08fba6e727349,MAURITIUS/ID,True,0,0.0014062043
a71b43241551469c9421fdbd810c56e9,EGYPT/DL,True,1,0.9999976
a71cc565e63349eb91965b99be6b9f0a,GUINEA/DL,True,1,0.9999975
a730cd81f5a54ddc8168b66aabc562df,EGYPT/DL,True,1,0.9999976
a735f7c28dc34141a61ad3d63cc337d6,EGYPT/DL,True,1,0.99999666
a740e60f23c545088f3830da485caaa7,EGYPT/DL,True,0,0.0011562841
a7460d0e4e394617899b9d2960305234,MAURITIUS/ID,True,1,0.999997
a74f0be175f54740a1fd6ccf43092bd9,MOZAMBIQUE/DL,True,0,0.0008770641
a75068c9a6954b6a9c6be95bc8ea1f0c,EGYPT/DL,True,1,0.99999774
a75255f7641a4e49a090cb9599fcf5a3,GUINEA/DL,True,0,0.00089722866
a752bc77d8884f16a4797e6a633f9d11,EGYPT/DL,True,1,0.99999774
a754812f3f8740f38e9c6dbe85db5ba5,GUINEA/DL,True,0,0.0008944208
a756ec96e4914970bc9b5a6a5904137d,BENIN/DL,True,0,0.00090209115
a75a28fae08a4b45b49c85ebd739a8ad,BENIN/DL,True,1,0.99999774
a75bc22be3564ee8add7f172cc5ba231,BENIN/DL,True,1,0.9999976
a76c703e55154cd8b157678bc96bdf33,GUINEA/DL,True,1,0.99999785
a76f7771ee15403791816551e4bc0b55,MOZAMBIQUE/DL,True,0,0.00086520694
a76fd6391afa4ecebbaa8c07d9d8191f,MAURITIUS/ID,True,0,0.00087027997
a778eadb6e00450aa44ab11a9ae7ca12,GUINEA/DL,True,1,0.99999726
a78339a44b3048319a12155732c7cb3b,MOZAMBIQUE/DL,True,0,0.0008749677
a7a36c6d745b4636a6c454147149a4ab,MAURITIUS/ID,True,0,0.00089438085
a7ae5f4e882a4bfda9697329b800352e,GUINEA/DL,True,1,0.9999975
a7b46b5b67374e90bd9be98143e1b3f3,BENIN/DL,True,1,0.9999976
a7befa21385e4d3e8e1c1a1b79a1f0bb,MAURITIUS/ID,True,1,0.99999785
a7cb5a2a9385422881027086ea7a46fb,MOZAMBIQUE/DL,True,0,0.0008728182
a7cbbb53b5a94a9385009968e28bd0bf,MAURITIUS/ID,True,0,0.000902499
a7cbdeefc421478186e1b10f6bb7c979,EGYPT/DL,True,1,0.9999976
a7d75426fb884fba80eccaf942f862ee,MOZAMBIQUE/DL,True,1,0.9999976
a7d971f31bc24f00be1cd66453dbb70d,MOZAMBIQUE/DL,True,0,0.0008633154
a7fc17a36b464b0b9c00a213fdad0072,GUINEA/DL,True,0,0.00088833255
a801ed487fbe4e6689c2593b4bfa564e,EGYPT/DL,True,1,0.99999785
a81fda4eb68f4a9b8e5d8a0947aa7054,GUINEA/DL,True,1,0.99999785
a820e6a937ee45bd8306c46e43b1870b,BENIN/DL,True,1,0.9999974
a83489a767cb4e3dbc58ce2c9343e536,EGYPT/DL,True,0,0.00096705783
a840e7b80df84fd8a9c4ef107ffc7b31,EGYPT/DL,True,1,0.99999774
a849cea37b9c4d7a8d8620d0b09bbf97,EGYPT/DL,True,1,0.9999964
a851c11346864d3caaf740dc188026c2,EGYPT/DL,True,1,0.9999975
a85b359f64304f26b2f996e6c05298a0,GUINEA/DL,True,0,0.0008844955
a85d2dc9a1f2462f971a409e1b322d02,MAURITIUS/ID,True,1,0.99999774
a867874a61624560a587327b8e03947e,GUINEA/DL,True,0,0.00088957045
a88063c2a77142d4932ce967c4e7cb6f,EGYPT/DL,True,0,0.0012406778
a8827f592e254b74a9bdd4ce765c4e20,MOZAMBIQUE/DL,True,0,0.00086404814
a88d390b558544e3b3b6b0adf6b2d8b8,MOZAMBIQUE/DL,True,0,0.0008650635
a8abee32c6774004aef48f8acbf0a68a,GUINEA/DL,True,1,0.99999654
a8c9cfa3e4f545228d2d01488dae0602,BENIN/DL,True,0,0.0008868664
a8cb828d9f504c3a99932cff6627a087,EGYPT/DL,True,0,0.0010580881
a8cffd4f79d249b3bd224cc4f5a7f09d,GUINEA/DL,True,1,0.9999975
a8dddddc7cc645768b88b6691a1f6752,BENIN/DL,True,1,0.9999974
a8f7fe9b8825455688b63c3b4e373959,EGYPT/DL,True,1,0.99999774
a906c9a009784b19a3eb674aee5896e7,EGYPT/DL,True,0,0.0010265891
a90b1ad7ffc34078a8b7c8fcca7c299e,MOZAMBIQUE/DL,True,0,0.00087325164
a92cce0415ae44cdb4a71134abe36c20,MOZAMBIQUE/DL,True,1,0.9999975
a933e97fb066417c8df8d10f06f190fd,BENIN/DL,True,1,0.9999975
a938016ccd07480da4512632e926d215,MOZAMBIQUE/DL,True,1,0.9999976
a941c271c66d4a53893858e3a7096e6d,GUINEA/DL,True,0,0.00088748906
a954cafeef3648acbb1b6910bbdf4214,BENIN/DL,True,0,0.0009002837
a961a2edfc694ae9a36d7526709bac19,EGYPT/DL,True,0,0.0009900555
a9831f70eb764e0eaaf3ac150fc11cb3,EGYPT/DL,True,0,0.0009774165
a98e2dc02a724680a06963f55a1b555d,MAURITIUS/ID,True,0,0.0013210367
a98ea5b7155748a6add742bf5f5290e4,EGYPT/DL,True,1,0.99999774
a9a63f583c0c4c45b88efd1c197412fd,GUINEA/DL,True,0,0.0012842714
a9a694fac7c248a5a587ffd67f2f9a9b,MOZAMBIQUE/DL,True,1,0.999997
a9a7f9d3422645c99a43a94fd4b158f0,BENIN/DL,True,1,0.9999969
a9c095a965b949e781692730081688c0,GUINEA/DL,True,0,0.00089680677
a9c0fa7b0b5a4af5993ddd4382f3c6f9,EGYPT/DL,True,1,0.99999774
a9d4c87b28784044b5e82981db875131,GUINEA/DL,True,0,0.000889723
a9d8f2948af148a19b1bb4cb249fdb32,MAURITIUS/ID,True,0,0.0011867875
a9df35af64d141d6bda41bf1b2bd7e80,BENIN/DL,True,0,0.00088342244
a9e293ebd9bd448093239e8ffc6cab00,BENIN/DL,True,0,0.0008981746
aa01f6fce3b746e08b23f7d8bbb465df,GUINEA/DL,True,0,0.0008881755
aa0ac26d1f824cb5b8628effe8906795,MOZAMBIQUE/DL,True,1,0.9999975
aa1ef8748d304323945683f2611abcba,MAURITIUS/ID,True,0,0.00089042017
aa1ff4adc957403a92ea8d5a17f61f63,MOZAMBIQUE/DL,True,0,0.0008764317
aa24f55e92384218a7fd150f51a02a22,EGYPT/DL,True,0,0.0010877055
aa3b6577d633425e9d22783783575a41,MAURITIUS/ID,True,1,0.999998
aa3d24f0a4e54ae3b83c1f617cf93cef,GUINEA/DL,True,0,0.000885883
aa4556604a94480992ff3bc1f8d2a520,EGYPT/DL,True,1,0.99999666
aa554b1bcf5444b1839231f7e7fb3651,MOZAMBIQUE/DL,True,1,0.999997
aa67fadb609d462f8b3345e06c5f0399,BENIN/DL,True,0,0.0009020533
aa6f159f705f4aba9a143d36661368d7,MAURITIUS/ID,True,0,0.00088454306
aa7327c2fd274dc38af5e2d9324c1c6c,MAURITIUS/ID,True,1,0.9999976
aa7d2178657a43659acd47697cce56a5,EGYPT/DL,True,0,0.0010228095
aa94f864edec4a609db5f243a90f1fb4,BENIN/DL,True,1,0.999997
aa9f81020254446180357650e777cae7,EGYPT/DL,True,0,0.0014444407
aaa61b78e89f475f99b758f06fe80123,GUINEA/DL,True,0,0.0008864318
aab18cc1d686446a8343fca38f2eb87a,BENIN/DL,True,0,0.00091890246
aab82ef88324441dac1234adcd1cf805,EGYPT/DL,True,0,0.0009956576
aac5667a59904e288cdb7c9e73e4a9c4,MOZAMBIQUE/DL,True,0,0.0008828507
aacd9cedf679437f989c7f30c742228c,EGYPT/DL,True,0,0.0010440069
aad0c5204d1f42cc97cfd4aaf21e7d37,BENIN/DL,True,1,0.99999774
aae8e344b4da45e9b0fee7b9a272ce42,GUINEA/DL,True,0,0.00089777214
aaf3b6c4a66a46439c4dafea83d0755f,MOZAMBIQUE/DL,True,0,0.00086995825
aafe33aa226745328dc782cf2c738813,MOZAMBIQUE/DL,True,0,0.00085996435
ab0222031dc0472993d7dbe4810a8e4e,GUINEA/DL,True,0,0.0009006226
ab0581fd65104636bbf3289074a38cc2,BENIN/DL,True,0,0.00090414647
ab12bfa19cc24d288b799476f3eb887a,EGYPT/DL,True,1,0.99999785
ab19e04aee11470e9b03e8d2d2cc79a0,MOZAMBIQUE/DL,True,0,0.0008750436
ab1bec1b49c9489fa11f25c21a49c250,MAURITIUS/ID,True,1,0.99999774
ab1f8881fde84d71a031c4a0a9b6f2fe,GUINEA/DL,True,0,0.0008915153
ab2df0c775ce4558a2769d992f8d2613,MOZAMBIQUE/DL,True,1,0.99999785
ab393a4a25334a2f8a034e5ae3e6a86c,BENIN/DL,True,1,0.99999774
ab3b4ca9501d46cebccb750b1792aff0,MOZAMBIQUE/DL,True,0,0.0008777952
ab3cb96986684b29a2f81e85a41ae6d4,MAURITIUS/ID,True,0,0.0008814797
ab493e84fd7a4fa3b4c4935dd7ef084f,MAURITIUS/ID,True,0,0.0008835176
ab5112761eac4f9592b50638732e1ca9,GUINEA/DL,True,1,0.999998
ab5c5355e00a460fb50354666855fb18,EGYPT/DL,True,0,0.0009240161
ab65c7dfcb6045c580e720339ba8ebc0,MOZAMBIQUE/DL,True,0,0.0008696863
ab7cecbc6f2a46d8a9bfdc834d7c7918,GUINEA/DL,True,0,0.0009103158
ab8d8bf0814545d295202e83915efc00,EGYPT/DL,True,1,0.99999774
ab9122e764f443aabe25c5814d6d2706,MAURITIUS/ID,True,0,0.000924471
ab928160310b422b9e5f8910fd383e87,MOZAMBIQUE/DL,True,0,0.0008681299
ab9b9faf60eb40e4ba5ebaff243d8918,GUINEA/DL,True,0,0.00089195964
aba51391c6f24b1ba973ad523bcd5c11,EGYPT/DL,True,1,0.99999774
aba74eae4d0f47c4ad2e659f2a8cabba,MAURITIUS/ID,True,0,0.0010871751
aba7e28dfa04429c808671842360c826,EGYPT/DL,True,0,0.0010125336
aba929d6cddd42b7983b4bbc9bfbba74,GUINEA/DL,True,0,0.0008939089
abbb40ecb21b4f6a8befdf0562a024e7,BENIN/DL,True,1,0.9999976
abc1ca9582c1452f8a9bc860307b56c0,BENIN/DL,True,1,0.99999785
abce1c078f324ca6a22ec634924270ee,BENIN/DL,True,0,0.0008935558
abd3b21ac4ba4ef9900ed038f01c11b1,MOZAMBIQUE/DL,True,1,0.99999774
abf26f0a47ec4c86bfcb8ef961e53436,GUINEA/DL,True,1,0.9999975
abf4dc43271c49a9bb78a672f7cb12a1,MAURITIUS/ID,True,0,0.0014923875
abf854673c014fde9175ea3e4f8fa3bb,GUINEA/DL,True,0,0.00089044526
abff8ac24ea5469993cc154ed4338216,GUINEA/DL,True,0,0.0008975647
ac0c3aa989cd4be3868492e0f59255c8,GUINEA/DL,True,0,0.0008982727
ac127da33db94dfeaaf1057c91fbe249,EGYPT/DL,True,0,0.0011677387
ac185ae637f44542befd07f90361cb70,EGYPT/DL,True,1,0.99999774
ac1e79f6b6404de1aac80604bbf33d86,BENIN/DL,True,0,0.0009118119
ac21d1a715a745c898d2c6b22d75eb58,MAURITIUS/ID,True,0,0.0011123101
ac3fd907e72e415f95764afd21e43006,BENIN/DL,True,0,0.00089425215
ac44c014a10f40acb4ae6cdef4492c02,MAURITIUS/ID,True,0,0.0009596797
ac4f1b3a03974b3d9d1921512351e8ab,GUINEA/DL,True,0,0.0008920808
ac582873b1684643a2cbb4f9e9747fb0,BENIN/DL,True,0,0.0009036116
ac5a250e094e457baa274cd730b99509,EGYPT/DL,True,1,0.99999774
ac6b4be81bea43c3bb5e04abbb6168ac,EGYPT/DL,True,1,0.99999774
ac6e30e1ddf14724a65dd6e3193f719d,MOZAMBIQUE/DL,True,1,0.9999975
ac88be7c50dc4132aa1c1b7b8a2a30a2,MOZAMBIQUE/DL,True,0,0.00086975726
ac8f546531fd49a8af8c3b1620bd5424,MOZAMBIQUE/DL,True,0,0.000864733
ac948cc07ff74bb99bfde6fc4ebf8ef6,EGYPT/DL,True,0,0.001184122
ac9cd41ee0d8477798a658ec697236bf,BENIN/DL,True,0,0.0008917188
ac9fca2f2bfe4c8986f9c897586a05d2,BENIN/DL,True,1,0.9999976
acc3a0d855384cf19a4acd1e852ab930,EGYPT/DL,True,0,0.0010327302
acdbcd3b34754d66bae442b40bd775e7,GUINEA/DL,True,0,0.0008974154
ace09c8fcde24e9886049dfa78116999,GUINEA/DL,True,0,0.000901604
ace2a85c411440c1914b70003efd9496,EGYPT/DL,True,0,0.00094874826
ace5554ba624481ab4120b036eac584e,MOZAMBIQUE/DL,True,1,0.9999975
acee58fcc6574f59a35dd19b7318c8f6,BENIN/DL,True,1,0.99999714
acfba3b251e34145ba97901d60fa1ac4,MAURITIUS/ID,True,1,0.9999974
ad0e089b9b404ef6b524be131c3fb694,BENIN/DL,True,1,0.9999969
ad16644dba6043e5bc72e5d3d411df18,EGYPT/DL,True,1,0.99999774
ad1c7a13f5ff4f849b118a1a6cf11d29,GUINEA/DL,True,1,0.99999654
ad26c321b8c148d0abb25cfd58c84717,MAURITIUS/ID,True,0,0.001413087
ad2fa6aae7c34552970a3e5dfb9e2d59,BENIN/DL,True,0,0.0008987487
ad32db4e8cc843f0b968f9e3249441e9,EGYPT/DL,True,1,0.9999974
ad49bfcab43c4321873ea8a7e1caa1b3,MOZAMBIQUE/DL,True,1,0.9999976
ad50dd0ff4a54690a2f2e308e8c5ae20,EGYPT/DL,True,0,0.0014099696
ad6fc170af1e45a5b0fd9ecf73c20e6e,MOZAMBIQUE/DL,True,0,0.000867099
ad725599fb6e4c4980170da61ce72d57,EGYPT/DL,True,1,0.99999666
ad8cba589e314c2bb80d061eada4e8d9,GUINEA/DL,True,1,0.99999666
ad8d86579f4446ed8eb8f4fa20dffc7d,MAURITIUS/ID,True,1,0.99999774
ad8eca40aec24bea971815f5cf508cbf,MOZAMBIQUE/DL,True,1,0.9999975
ad9047402a0a4f5bb78d25bccb436efa,MAURITIUS/ID,True,0,0.0008839841
adbaecce47964e22873bbf75e5b9a02e,MAURITIUS/ID,True,1,0.999997
adc0f70f76de4852a8507183aff8de41,MAURITIUS/ID,True,1,0.9999975
adc16bed9512432b8e58259596a77d77,MAURITIUS/ID,True,1,0.99999666
adc38a3ad4a94051ad0fb0e0dc14bfec,GUINEA/DL,True,1,0.9999976
adcd04b4254a43e3b37984af042fd148,BENIN/DL,True,0,0.00090484973
add0271d23504776a3151d288e5b59f4,EGYPT/DL,True,0,0.0011270784
add27356370b44ea9062d4632a0b8191,MOZAMBIQUE/DL,True,1,0.99999785
add91a13a51446238685ba3e59be4a19,EGYPT/DL,True,0,0.0010842811
adda52341bcc42d0ad73eafa0347d3d8,EGYPT/DL,True,0,0.000969898
adec85e1c47641a2ace50351daee9d10,MAURITIUS/ID,True,1,0.99999714
adecddc4c0b14623b9d0e4e8eca12cac,EGYPT/DL,True,0,0.001148477
adf664eba67645d983fc4010398fa457,EGYPT/DL,True,1,0.9999976
adf96dbd75eb49cca98053c94d492da9,EGYPT/DL,True,0,0.00097020203
ae02d99d68af45e1aee3bcbe3ef96419,GUINEA/DL,True,1,0.9999975
ae04622c9f8d40b7bd3af817e538f343,BENIN/DL,True,1,0.9998252
ae123d6927a64706901d0d0c231021b2,MAURITIUS/ID,True,0,0.0009117906
ae1359834ae34e9c890fbc6e404d2a02,MAURITIUS/ID,True,0,0.0017500244
ae15c6cea3694dc496e4abf74d4cdcaa,GUINEA/DL,True,1,0.9999969
ae21a068fd7a43d4a6dd1a7e8e2a32fe,GUINEA/DL,True,0,0.00088609953
ae2927c7307c4977a9130de537d0369e,MAURITIUS/ID,True,0,0.0009039453
ae377eb6bdad4d72a775ad88d010926c,MOZAMBIQUE/DL,True,0,0.0008751928
ae39a51a5b384140bc2878c02beab912,EGYPT/DL,True,1,0.9999976
ae3a8c36c75c4d399f96466673e62cf9,EGYPT/DL,True,1,0.9999976
ae4c4324985e42cc90f60ea7fa90d120,MAURITIUS/ID,True,0,0.0011192018
ae4c875e46e44d51b8d0e79407050508,MAURITIUS/ID,True,0,0.00089528726
ae4e67f73d704192ad11c5f09dabcb7e,EGYPT/DL,True,1,0.99999774
ae56b0306b6248c6ba2db4b1ea659f48,EGYPT/DL,True,0,0.0012233346
ae5b3029d79048f4840fbc16689bbf48,EGYPT/DL,True,0,0.0009872237
ae5c487a9b304aa685603227e70858d1,EGYPT/DL,True,1,0.9999974
ae63a9f665dc433cbc8d9a32c0d35b5d,EGYPT/DL,True,1,0.99999774
ae72f2fda1da450e9df9c224af404f84,MOZAMBIQUE/DL,True,1,0.9999975
ae73a18055fc4908a85b2734facfce4d,EGYPT/DL,True,1,0.99999785
ae95b8494cd84a31a5c302fc3bc16e54,MOZAMBIQUE/DL,True,1,0.99999774
aebe987b512249328ae1d0ab549796ca,GUINEA/DL,True,1,0.99999666
aed67f6244f44a39942c1c9d9be62b78,EGYPT/DL,True,1,0.999997
aeeee1d7872b4548bdb41f65cdb214a6,MAURITIUS/ID,True,0,0.00088090036
aeefef3b6f194cc4a0f78f9439b685b2,MOZAMBIQUE/DL,True,0,0.0008634737
af007e99ffab428ca0a209473d32f1d5,BENIN/DL,True,1,0.999997
af0f3dcf760641e08cadfdd92c8a25c6,MAURITIUS/ID,True,0,0.0013805992
af1d3beff8064ad49421b02cee099ef4,GUINEA/DL,True,1,0.99999654
af1f893cfac5444c969f5194748406af,GUINEA/DL,True,0,0.00089253095
af39d739a5d148ab82b2a9a6abaf9bac,BENIN/DL,True,0,0.0008936887
af3b9d23db844488be48a3fc5c3f0970,GUINEA/DL,True,0,0.00089162705
af52cf45e43a457cb5463be7c22fd465,BENIN/DL,True,1,0.9999976
af5b397c70df4e7e8a4a8a590fdbcdf4,BENIN/DL,True,0,0.0009215724
af5c998556334f549a5a97df76255fee,BENIN/DL,True,0,0.0008934026
af600d3a645b4ca79c1837790dcf188d,MOZAMBIQUE/DL,True,0,0.00086861063
af69471c96b04abd85bf3981c593d24c,BENIN/DL,True,0,0.0009028784
af6cc4f99df144d1af7ad830890a1156,BENIN/DL,True,0,0.0008995711
af75b9755d23468480db857e43ebac63,MOZAMBIQUE/DL,True,0,0.0008953051
af7afe0b4fee4ec1bae39157f08b29c4,MAURITIUS/ID,True,0,0.0008717223
af85b3d9d3f74282b10d152237bcc951,MOZAMBIQUE/DL,True,0,0.0008680686
af85ee937da4463980c5cd92a50c2411,EGYPT/DL,True,0,0.0015132964
af911e64dfd44c028300ea420f3e67f7,MOZAMBIQUE/DL,True,1,0.99999785
af9454d6cb8d4547ad7115908f299950,EGYPT/DL,True,0,0.0010147168
af9f6456593e4679bf5c3db0e05e2fdf,MAURITIUS/ID,True,0,0.0010425106
afa0f89025f445a9ba4ca6a49053460e,MAURITIUS/ID,True,0,0.001026768
afb47990191e41949bab2e6cf6c7e811,MOZAMBIQUE/DL,True,0,0.0008624298
afb49c4f4359435d91a359188f797aa1,MAURITIUS/ID,True,0,0.0012255091
afbd806ea570437b9bbc073a2175eebf,EGYPT/DL,True,1,0.99999774
afc262179ea2420ab26f7883a93c3ef0,GUINEA/DL,True,1,0.9999974
b009339b705b47cdb60cc5462b79bb7e,BENIN/DL,True,0,0.000888708
b01541891c8d48229066ce6da7a04910,MOZAMBIQUE/DL,True,1,0.99999774
b0238ee6f4b9450781ca13ccb84135d3,GUINEA/DL,True,0,0.00090267457
b02d19b029c14d15911e05d6954209c0,EGYPT/DL,True,0,0.0012973882
b03f1a677e5e473697e5977089e53d80,MAURITIUS/ID,True,0,0.0014558267
b042e5433daa4f318535d027602241d3,MOZAMBIQUE/DL,True,1,0.99999726
b04513562a3349beac702dc870c5ccd7,BENIN/DL,True,1,0.99999785
b0599d15c1b548418d872188dd8689ad,MOZAMBIQUE/DL,True,0,0.00086039584
b05d94cfeccf46ce8a8f6fdb532847cc,EGYPT/DL,True,1,0.9999974
b0683522758d412bbfc71b6a98c476d3,BENIN/DL,True,0,0.0008917531
b06c2a8ebade47b98dff636503ad4df6,BENIN/DL,True,0,0.0008931758
b06ced9fd26f4c089995d1fa89ebb1ad,BENIN/DL,True,0,0.00089249393
b07005bb717b4e289b93dff708a6a696,MAURITIUS/ID,True,0,0.0012434789
b071f1ddab0d453398cdfd4acaa34aaa,GUINEA/DL,True,1,0.9999964
b0762788da924d5795196f2996a6c9f4,MOZAMBIQUE/DL,True,0,0.00087799557
b07dcd3386ea4d87a96e2e81dbfb851b,GUINEA/DL,True,0,0.00089155097
b08be346d04d4782b20b63fdc7fdc0bb,MOZAMBIQUE/DL,True,1,0.99999726
b0a12258648b4a4da041a31dae5832f1,EGYPT/DL,True,1,0.9999976
b0a8b40f570545dab331b08a2e9eab63,MOZAMBIQUE/DL,True,1,0.99999726
b0b5d10cb78849749fb100bad57fb104,MOZAMBIQUE/DL,True,1,0.99999774
b0c3e6853e894af7b8fe0c12bf4ccf9b,GUINEA/DL,True,0,0.000892866
b0d38498b43749a89337f89b65bf16c9,MAURITIUS/ID,True,1,0.99999666
b0d7f36eeede40ebbd5b04e554642c55,EGYPT/DL,True,1,0.9999976
b0db25945149485e83177b5ad1294dcd,BENIN/DL,True,1,0.9999976
b0e366b2b2dd4709bec3b22ed7f15afe,EGYPT/DL,True,0,0.001108795
b0e850e3e5a24f299e93b5c94bd62927,EGYPT/DL,True,0,0.001141892
b0e8ea2f59174053ba0e5f3d2ee99fbe,GUINEA/DL,True,0,0.0008824096
b0ec380a127140269ea2c93f4614284d,MAURITIUS/ID,True,0,0.0010831975
b0ef4ad27a5e4a7998ee9ecbf0af7f83,MAURITIUS/ID,True,0,0.0015324112
b0fb1f4998e94e00b919150d25f8c875,MAURITIUS/ID,True,0,0.0009879316
b102b18bb3e34f2ab80a2375c5afad5c,MOZAMBIQUE/DL,True,1,0.99999774
b10eda096de740a1852017163ee75159,MOZAMBIQUE/DL,True,0,0.0008636518
b11df23cccee4da9b801e5e21bd27b69,GUINEA/DL,True,1,0.99999774
b12770ff8f4a4657aaf690c6f1940f5d,EGYPT/DL,True,0,0.0010315723
b1367aff4fe24a019547c65b21ead7c8,MOZAMBIQUE/DL,True,1,0.9999976
b136fa197b9d409a8cd4a9836e246930,BENIN/DL,True,1,0.99999774
b15df13b323747edb2de7990f36a439b,MAURITIUS/ID,True,1,0.9999968
b163220e26ea42d3ad3af4e6a7f65552,BENIN/DL,True,1,0.99999774
b16cc2a85768403ebffa3cfeb09bebc5,MOZAMBIQUE/DL,True,0,0.0008731929
b18c16af34784f3f8f32c0223b7a0840,BENIN/DL,True,1,0.9999969
b18dfe99d025445fa732f5a656796eda,BENIN/DL,True,0,0.0009287167
b19c303b59df4e14bf2a1efc98623dfd,MOZAMBIQUE/DL,True,0,0.0008676113
b19f1315b5bd43b6add49536b7aff03b,BENIN/DL,True,1,0.99999785
b1ab5d0fc1884fbe8d8517e817f24530,EGYPT/DL,True,1,0.99999774
b1ad28eaf496438da270b153b1f011a7,EGYPT/DL,True,0,0.0010540165
b1b2e367e5d34239843af26d14d47cb6,GUINEA/DL,True,0,0.0008963409
b1b653e73a80467d98ede7ef3d691272,MOZAMBIQUE/DL,True,0,0.00086188485
b1b8e64ab5c1429bbe647b3421e4311b,EGYPT/DL,True,1,0.9999968
b1bcf58d203448a79041d3991ba0d398,MOZAMBIQUE/DL,True,1,0.99999726
b1ce5ae4d47f4079823b75537a9be70a,EGYPT/DL,True,0,0.0014485607
b1d434b6d2b94d7d8c8347ca9e57dfeb,EGYPT/DL,True,0,0.0012355697
b1de23bbbdf14db8a577123b64519ae3,GUINEA/DL,True,1,0.99999714
b1dfbf9c98764236af705336ffbfa7e6,GUINEA/DL,True,1,0.9999976
b1e1c52940dd42aca070d30cb22f2991,MAURITIUS/ID,True,1,0.99999666
b1fa3f684e72465fa207fb75ddda9e29,GUINEA/DL,True,0,0.0008874121
b2025584fdfd47c3a65e0643f3d0eba2,BENIN/DL,True,1,0.99999523
b219a42cf4ee45a38184c0a705edd5a8,GUINEA/DL,True,1,0.9999975
b2232a01c40a48968fca0bd85d064ca5,BENIN/DL,True,1,0.99999774
b229503afda846ffa610980a84bee0c5,BENIN/DL,True,1,0.9999976
b22a7ab030164631bbfe6799fe54141f,EGYPT/DL,True,1,0.99999785
b2343d7afd2648b9b3672d89b7260968,MOZAMBIQUE/DL,True,1,0.9999976
b23bf9d9b26847ecbe88626efb9cf090,GUINEA/DL,True,0,0.00088679296
b24c3f1714224c4ab25577a6dd8a2030,MAURITIUS/ID,True,0,0.0008862021
b24ea798081545b7a9fde3240bcc3a78,MOZAMBIQUE/DL,True,1,0.9999976
b24f8320acfe44e8bbb26eec72ea9b4a,BENIN/DL,True,1,0.99999774
b252f25fc5e04c62b1a55a064c813559,MAURITIUS/ID,True,1,0.99999726
b2595cda0117436a82051e0271910a54,MOZAMBIQUE/DL,True,1,0.99999774
b25ad75a231948ff9f93f09271c9672f,GUINEA/DL,True,1,0.9999976
b2631b1880e649a09d9fc3b18a4cf7f3,MOZAMBIQUE/DL,True,1,0.9999974
b2656678c02f49a6a08ec0b840a41c6c,BENIN/DL,True,0,0.0008930771
b273c1f6aa3e40c99003acbf0420548c,MOZAMBIQUE/DL,True,0,0.00086134946
b28ed7621a41462ba0a60a755ceb30df,GUINEA/DL,True,1,0.9999974
b296488ca8ad4a8ba36438b15553cc29,GUINEA/DL,True,0,0.00089217344
b29b3216b67f448c9d3708b336af7011,EGYPT/DL,True,0,0.0015580292
b2a0df47ba694e4aa647fdaac2ba7908,MAURITIUS/ID,True,0,0.0011621475
b2af4efed89a4fc89b24e3d631acef31,BENIN/DL,True,1,0.9999974
b2b77eb52bd24be0b90f596b48d0b5d8,GUINEA/DL,True,1,0.99999774
b2bc7671822746bfaf11ef2a7e9677b6,EGYPT/DL,True,1,0.99999785
b2bdd9649021490b9198b1ae7cce110b,EGYPT/DL,True,0,0.0011251636
b2cb36f1ce5744a2a98aeb11443b5007,MAURITIUS/ID,True,1,0.99999654
b2df27d8af4b4e5fbd1114b7047a8758,MOZAMBIQUE/DL,True,0,0.00087527756
b2ec705f325b4b729012600a5ef051e3,BENIN/DL,True,0,0.000910115
b2f1697ef7f84e4c951ff98a28811325,MOZAMBIQUE/DL,True,0,0.0008739608
b3061a1def1b47ebb559d8c7d92aa8d3,BENIN/DL,True,1,0.99999774
b30fc586440c4b25a51d2ff6df4ba992,EGYPT/DL,True,0,0.0014460359
b319835a5cf7407a8be4bae45167feee,MAURITIUS/ID,True,1,0.99999666
b31c0b8b56c84554b0ebf49273335937,BENIN/DL,True,0,0.000893698
b3267160c8d54ce7934e075d27551092,MOZAMBIQUE/DL,True,1,0.999998
b328bccbabe74d8dbc6667229d4bfc66,EGYPT/DL,True,1,0.9999969
b33eb9ca91364b9b9bdecb471f16c5bb,MOZAMBIQUE/DL,True,0,0.0008671411
b360515f34c849f796798d9fa749be18,GUINEA/DL,True,0,0.0008983266
b363b618cbf14af8af0c1561069d68a0,BENIN/DL,True,1,0.99999774
b3980c11952d44d998cda5e0d03e4567,GUINEA/DL,True,1,0.9999964
b39b497d7227473cbf12cafbd565e9a3,MOZAMBIQUE/DL,True,0,0.0008613511
b39ed1f9e7e54738acb96388eefd302f,GUINEA/DL,True,0,0.00089281413
b39f4d660efa40f0a79d0e6f78c8747a,GUINEA/DL,True,0,0.00090244197
b39f8af966e148499d5c30bc663027d9,GUINEA/DL,True,0,0.0008901809
b3a7d1cbe9d54efeba854d50d965a737,GUINEA/DL,True,0,0.0009040935
b3ac46a521f049f98768a958ce684ca9,MOZAMBIQUE/DL,True,0,0.0008691595
b3af1ba8f3c54407938fb482f02dc9a0,EGYPT/DL,True,0,0.0012068753
b3b753103c514360ae0b87e334bf1ad4,BENIN/DL,True,0,0.00089504913
b3b812b4e9a148a897db6697672ea63d,GUINEA/DL,True,0,0.0008888507
b3b826b7654f48d3a614d231f035d17c,BENIN/DL,True,1,0.9999976
b3c7657305334adf99c9578ea59520e1,GUINEA/DL,True,0,0.00090059766
b3ccddf9fa864d9d9b0377bf5981f409,MOZAMBIQUE/DL,True,0,0.00087226566
b3d82d96da6b4a4bb7eddbce39a060e2,EGYPT/DL,True,0,0.0010583391
b3e081383e754e61834f981a7993e1ea,BENIN/DL,True,1,0.9999974
b3e30bed975c4e0db917270388953dcc,GUINEA/DL,True,0,0.0009058051
b3e841e61c75470796912e7685ffa718,EGYPT/DL,True,0,0.0009793129
b3eebe805b804ec2b548725454881f3d,BENIN/DL,True,0,0.0008910465
b40adf83cb2547018a5a424431489eb6,MAURITIUS/ID,True,0,0.0010440229
b4182dddd55b4bcd8c3337db337529fe,EGYPT/DL,True,1,0.99999785
b41a75206b5b40b8b4e29a49dbea6db6,EGYPT/DL,True,0,0.0013241027
b41fc70a290844159e8e638f832d655b,GUINEA/DL,True,1,0.9999974
b42223eaf3004e14ad1b4751b67aaf3b,MAURITIUS/ID,True,0,0.0010716051
b42da98da15b45038a0557a37e05e89d,GUINEA/DL,True,0,0.00090560794
b430dadeed41404385be4213818b0ad3,GUINEA/DL,True,0,0.00089345925
b43c2e92e4dc418094a446b7de74f86e,GUINEA/DL,True,1,0.9999975
b447266c8fbb428fb7ad532622a72a4d,GUINEA/DL,True,0,0.000895526
b45dbca69c894b48ad4fce7380c4bf50,GUINEA/DL,True,0,0.0008948778
b45f3389605f4a74b2097e0a7b91d15c,MOZAMBIQUE/DL,True,1,0.99999774
b464a48ca1674f8ca6964423dd2850f3,MOZAMBIQUE/DL,True,0,0.0008922605
b46de723be2b467dbb08642c71fbc36a,MAURITIUS/ID,True,1,0.99999774
b47cdba2111e4122b3fc76bab5b5f5f6,EGYPT/DL,True,1,0.99999654
b47f6bece2bb4a82b9e3068776bf5b8a,GUINEA/DL,True,0,0.0008902034
b483e01206784ac5902e9f8516098e69,EGYPT/DL,True,1,0.99999785
b498d079ffaf48fbbd390686d6b7407d,EGYPT/DL,True,1,0.9999969
b4b04edd3138484d8093c5cffcfb7d11,MOZAMBIQUE/DL,True,0,0.0008729247
b4c81eb18a224eb29fbc399a72838562,MOZAMBIQUE/DL,True,1,0.9999975
b4cebaf276de4d4ea2603bb45d05e3e6,MAURITIUS/ID,True,0,0.0009560734
b4d7f4c187f7445383dbff4d8af67b7f,EGYPT/DL,True,1,0.99999654
b4dd43cb17bd4ea8bf8c13f6192dd957,BENIN/DL,True,1,0.99999726
b4df9f99c9c74d3c85fcc9f89365f61a,MAURITIUS/ID,True,0,0.0010889102
b4e6d791cbaf4b6a9be783d5003576e2,BENIN/DL,True,0,0.00089027424
b4e85cdd3e624bdb843a62100d01ae7f,EGYPT/DL,True,0,0.0013192093
b4f89edb73ca468b9ee69e4c568f2b0d,BENIN/DL,True,0,0.00089956855
b5076eafd3904be5b2582902608c0292,BENIN/DL,True,0,0.00089741335
b50a15aade5e48f0808e768550fd0b1c,EGYPT/DL,True,1,0.9999975
b511dfd095634af98de790291b3616be,MOZAMBIQUE/DL,True,1,0.9999976
b521722ed1fd4ab886937848a5817d74,GUINEA/DL,True,0,0.0008870702
b526d535f69b43849771e50659b4104f,MAURITIUS/ID,True,0,0.0008843072
b52737ae9ca546ca9b5dc57b711ee636,BENIN/DL,True,1,0.99999714
b52ea94846d24f0b9dff444fb9dd3b8f,BENIN/DL,True,0,0.0008911734
b5360a6b071f46bf84d50825194b893d,MAURITIUS/ID,True,0,0.0008831864
b5575a712af14b42a1ab8a3a36504c3b,EGYPT/DL,True,0,0.0009926703
b55dc2ebae0f4ace9e977d1779ae2189,BENIN/DL,True,0,0.0008953759
b56b09de3bd243bab9cd2742da2218ca,BENIN/DL,True,1,0.9999975
b571397810cd4950957f091a218ec486,GUINEA/DL,True,1,0.9999974
b57401a448944a0d9f8b46d4e8e0e603,GUINEA/DL,True,0,0.0008933741
b5892210879443999e0fc049ee88a628,EGYPT/DL,True,0,0.0011805377
b58db427f79d4c6fae6253448d054272,EGYPT/DL,True,0,0.0011916505
b59f97e344a949e998ae617b8d7f8ed3,EGYPT/DL,True,0,0.0010576487
b5a3668c877e408b85aa8843814daf74,MAURITIUS/ID,True,0,0.0010480478
b5ac8b1ae4104eb1b4dab1f4a5315e74,GUINEA/DL,True,0,0.0008992643
b5b379d9dcf540798ef8412a4168ce48,GUINEA/DL,True,1,0.99999654
b5bad1e959214eadace121a53253c1d5,MAURITIUS/ID,True,0,0.0012644081
b5bd58f5a3aa40709aa09968e8f7d850,GUINEA/DL,True,1,0.9999976
b5c56c4cd51e4905a110536c0e45167f,MOZAMBIQUE/DL,True,1,0.99999785
b5d0b51d7b3d41639036f067f0dcf05e,MAURITIUS/ID,True,1,0.99999654
b5d4f42492c04e1b9372a87be0a5c6c3,EGYPT/DL,True,1,0.99999774
b5e4ffe05af641228a9a8772ab587b84,MAURITIUS/ID,True,1,0.99999666
b5f1169dfb074ae4b67008e94fa5a067,MAURITIUS/ID,True,0,0.0009563887
b5f53e26b5b945b5a5832646eca26578,GUINEA/DL,True,0,0.00089271297
b5fd043efdf84416a139fef88529b86e,BENIN/DL,True,1,0.99999785
b6099d71bbeb41f69a4895419c5c1a26,BENIN/DL,True,0,0.0008838299
b610c02cab2a4e4c9980db9abe167ad0,BENIN/DL,True,0,0.0008989717
b618c02ce8b842a4ba1065c93c515ce2,BENIN/DL,True,0,0.00089769164
b627b54d019a4e929e8ef6e40bc2d8a3,BENIN/DL,True,0,0.00090359873
b629924dbf604337a79e1113b686d35c,MAURITIUS/ID,True,0,0.0012954392
b62b87e9bd6a4f45b0f29200061cafb4,MAURITIUS/ID,True,0,0.0012541051
b62c1eafe5ff4189b7a58b73c2b8f696,EGYPT/DL,True,0,0.0013290731
b64c535cb9d64ddab946adf21ca1fef6,BENIN/DL,True,0,0.0008989854
b64d7050704b4c49b4717ce3b370ce96,GUINEA/DL,True,1,0.99999774
b6527b57565e4a02abff518563513f6d,EGYPT/DL,True,0,0.0014476617
b660303cc5984895bebf17a9875d33a4,MAURITIUS/ID,True,0,0.0008739346
b660a81bbf22421a94ae5bc5f34796f7,EGYPT/DL,True,0,0.0024168256
b662b1690dcb4e98b389d743e4026bb7,BENIN/DL,True,0,0.0008895612
b66d58971ee0408e94afe92114768623,GUINEA/DL,True,0,0.00089641946
b67617bdd0d04663a35c613bfcc11ddd,MOZAMBIQUE/DL,True,0,0.0008573793
b69a99e6f3974a539241b3ed3f8b74bf,MAURITIUS/ID,True,0,0.00088064524
b69ece16c31345d3a5ae9b884cf0d61d,MOZAMBIQUE/DL,True,0,0.00086248247
b6a535a9cb2a4fdd85dc32b21af3f15a,MOZAMBIQUE/DL,True,1,0.9999975
b6bfc75694134aa4a79331a49ab7f2f1,GUINEA/DL,True,1,0.99999714
b6c1e91b71824c9fa46116dadde731f9,EGYPT/DL,True,0,0.001040313
b6cba48451024ad5af909040c83fc1eb,GUINEA/DL,True,1,0.99999774
b6d16622443a4657adb3e673451c4e93,MOZAMBIQUE/DL,True,1,0.99999785
b6d89ecedf87498d94bd53c79df8d102,BENIN/DL,True,1,0.99999774
b6db4e59c11640a6a097f8390bbadee8,BENIN/DL,True,0,0.0008921547
b6e13789eba84dd294c135b04964c34f,MAURITIUS/ID,True,1,0.9999976
b6e3c541bdb74d06bb215a7b7ae94eb6,MOZAMBIQUE/DL,True,1,0.9999976
b6e6729b51504a1897a2cd32cda936b0,EGYPT/DL,True,1,0.9999976
b6e7aa07fbbe4b2cb2b62dc5aa1f1b7f,EGYPT/DL,True,0,0.0009769654
b6eda9c8ee09470c812e2a0155bad540,MAURITIUS/ID,True,0,0.0012449898
b6f69cc2801b4620b5e7238725292fc4,GUINEA/DL,True,0,0.00089451374
b6fd0f2ae3e24a7790e911523dc816f2,MAURITIUS/ID,True,0,0.0015251313
b6fd31c531774a759875fb173ff66e07,EGYPT/DL,True,0,0.0012339602
b7037d05a1204261a2edc5ea33a339b7,MOZAMBIQUE/DL,True,1,0.9999976
b719f72a4f9747cfb3503cb5f73ec48a,MOZAMBIQUE/DL,True,0,0.0008731234
b71b1b88ca364e9b9dec424ccd3b54ad,BENIN/DL,True,1,0.99999404
b71f5473e17541e282e4a7e5fd74323b,GUINEA/DL,True,1,0.9999975
b72956b5251c4da7a950d608b2739db8,GUINEA/DL,True,1,0.99999666
b73af6d5716f483b80039a99baf934fb,EGYPT/DL,True,0,0.0012867814
b73d8d161494431da66c86e1b0191ffd,MAURITIUS/ID,True,0,0.0013280305
b746d011bfc7464a8b039dd476751816,BENIN/DL,True,0,0.0008996251
b750227b2a8340e9aeae7523c20ec05e,EGYPT/DL,True,1,0.99999666
b751d5c496e545c78bef0f88388c2905,BENIN/DL,True,0,0.0009109999
b762899c1ac94febbd50bcb1cb840a15,BENIN/DL,True,1,0.9999976
b768ec4964e04f2c828e38f7484ceb03,GUINEA/DL,True,1,0.9999968
b7725fc02de749fdb7af6722fba0e293,EGYPT/DL,True,1,0.9999975
b773aaefdac3401db11df6828e2446bb,MOZAMBIQUE/DL,True,1,0.99999785
b77570544e7c44f6846a2b5f76db7d8b,EGYPT/DL,True,0,0.0013531309
b776c7d388264b5f823a59280bb0dbcd,EGYPT/DL,True,0,0.0011945508
b77ae5312ed541db8d66aa8809ac8afa,BENIN/DL,True,0,0.0009167215
b791a1b985324b1aaea4d2964eeda147,BENIN/DL,True,0,0.0009113915
b797ad10bb144b79ba06f698a3c06bd9,MOZAMBIQUE/DL,True,1,0.99999774
b798e95be92e40e986105cbb1936b1a6,BENIN/DL,True,1,0.99999726
b79f8130744143daaa6e4aa47237d498,BENIN/DL,True,0,0.0009025477
b7b6c8bf66344ba4a8a9a470f9136421,MAURITIUS/ID,True,0,0.00087889534
b7b790af03324c1c92f8fe09da098259,EGYPT/DL,True,1,0.99999785
b7bcf7f30f3f4f8eb54a96bbe4c3f942,MOZAMBIQUE/DL,True,1,0.9999974
b7bf2d3fc4914f4e891d0dab36a4ca91,MOZAMBIQUE/DL,True,1,0.9999975
b7bf550310274daaa534c6a0638c5fd7,BENIN/DL,True,0,0.00089254713
b7c0d7c986164d5d827353ea21728190,GUINEA/DL,True,1,0.9999969
b7c792b1ba1a42f2a05129c6c5b756dc,EGYPT/DL,True,0,0.0010101964
b7da62cc41c74eafafce73060c240104,MAURITIUS/ID,True,0,0.0010168488
b7dbb61629fe4bc9a4ea2d34fd3dfcbe,MOZAMBIQUE/DL,True,0,0.00086538214
b7dbd19d3b954a49af168450752f0243,MOZAMBIQUE/DL,True,1,0.9999976
b7dcc89bcf234f229a738839408a2541,GUINEA/DL,True,1,0.99999654
b7e0e3fce2374d3ba0f3f2ef3d7f2507,GUINEA/DL,True,1,0.99999654
b8018e250db64cb4954e24785579ce86,MOZAMBIQUE/DL,True,1,0.99999774
b80418102e7b417fbb2614f8cc4cf69f,GUINEA/DL,True,0,0.0009002806
b80b54ac5c1348fea2bd97481f825248,MAURITIUS/ID,True,0,0.0013492075
b81bef17575f4c3c8d0afe0f7a09171f,EGYPT/DL,True,0,0.0015563457
b81c7c4e70924336961946e20e0fd671,BENIN/DL,True,0,0.000889793
b8219fa0ebf1421ea4456d3a651f192e,MAURITIUS/ID,True,1,0.99999785
b823e6ebc9e9483d957edb69ae05491f,EGYPT/DL,True,1,0.99999774
b827f0f469414e569927268fe6c63a89,MAURITIUS/ID,True,1,0.99999654
b8329a46b51941959eb8940531fdd593,MAURITIUS/ID,True,1,0.99999666
b836efbd8d6648849de127c491eebef9,EGYPT/DL,True,1,0.99999785
b8425bdaa2c048ae8d35b96a1cfb7bf7,MAURITIUS/ID,True,0,0.0010485352
b8453e7d697d47c8bbfb604f71975941,GUINEA/DL,True,0,0.00088159356
b875f0de383848f194c866bdb1f991c2,EGYPT/DL,True,0,0.0010479895
b8780dd4e6ba43a6b6ac59d24af8c8c3,GUINEA/DL,True,0,0.00089654286
b8791252283542409ed980286f9c5e92,GUINEA/DL,True,0,0.00089061784
b87f31931ed34ef996438a8981824ff4,EGYPT/DL,True,1,0.99999654
b8890eb8b918469390287c5ef691da09,GUINEA/DL,True,0,0.0008884201
b88cc6f4a2ae4ca58afea3d29dc247d7,BENIN/DL,True,0,0.000896759
b896d1091e6d402badd9816c12dc2288,BENIN/DL,True,0,0.0008928563
b896eb2e13da41e7bfd740e3cb8a1ba1,GUINEA/DL,True,1,0.99999654
b8abad5f792443638136eff2ead2f813,GUINEA/DL,True,0,0.000913291
b8b249d98bee43c5980d63231e9143e1,GUINEA/DL,True,0,0.00091345503
b8b36cf547904a4dba82bdb80df85f04,MOZAMBIQUE/DL,True,0,0.00090814265
b8b40c8040f443f0b1d2b46c15abc935,GUINEA/DL,True,0,0.00089049607
b8b75a829a48496cb5ae27809d44b6e6,BENIN/DL,True,0,0.0008927117
b8cbcde767e34b91ac18b0e1f23220e6,MAURITIUS/ID,True,1,0.9999975
b8d2de02fc7f45b2a142873e78fa9104,GUINEA/DL,True,1,0.9999976
b8f13a9c28d3489aa18d5b9f26b171a7,EGYPT/DL,True,1,0.99999726
b8f26255120c4a91979589f4ab3a76b1,BENIN/DL,True,0,0.00090066675
b8fda1557fb94895b538f1a6814e6688,EGYPT/DL,True,0,0.0009788017
b901b8dc5a05421caabf6e76665f9170,MOZAMBIQUE/DL,True,1,0.9999975
b903b4c012934a7c836366306a5e500f,MAURITIUS/ID,True,1,0.9999974
b90ca3520ec94e74bf52f44a99ecf089,BENIN/DL,True,0,0.0008963101
b90f7160d05a4894be47e7c389d7e5f1,MAURITIUS/ID,True,1,0.9999975
b9173e09f15c4e039b7a029615b97f19,BENIN/DL,True,0,0.000901002
b91d97e062dd41259fb3363b69a3c184,EGYPT/DL,True,1,0.99999774
b91ff2fad9bd4aa6b99f5f0e04cf2110,MAURITIUS/ID,True,0,0.0012532849
b920df205fa34f99b837e82c1897dc9c,MAURITIUS/ID,True,1,0.999997
b9307a0d13cf48be847043252af7aa39,MAURITIUS/ID,True,1,0.9999975
b93c46d8535c4b4281216636074773dc,BENIN/DL,True,0,0.0009026319
b944bb0b543445ab8d3545bb7c93e865,EGYPT/DL,True,0,0.0010529476
b94c1404879843f9bdff926e7483b778,EGYPT/DL,True,1,0.99999785
b94caef37fc3468eb5acb9e7f4de838e,BENIN/DL,True,0,0.00090803666
b952591c41a5411a972c367ecc13bf2c,BENIN/DL,True,0,0.00089327665
b957967e29d24f1f9a272d472c2cca4a,GUINEA/DL,True,0,0.0009031456
b95a6ae7baca4a7489a49d2c0bd99623,EGYPT/DL,True,1,0.999998
b95b8dcd10f14bd9bc77fd4c3744c899,GUINEA/DL,True,0,0.0008949861
b9677928f1eb44d092a77b2258ab91c3,MOZAMBIQUE/DL,True,0,0.00086830196
b9753fec5e9e418fbbba849dae1e402a,BENIN/DL,True,1,0.99999774
b9757564370949c3a3ce6940795c8796,MAURITIUS/ID,True,1,0.9999976
b97a28a3afed419e9e3f883e2245da8e,EGYPT/DL,True,1,0.99999785
b98924a0683845daaba536278ffff5cf,MAURITIUS/ID,True,0,0.0011813618
b99a8b140cc8473fb231307dc1013b68,MAURITIUS/ID,True,0,0.00090456306
b9a497ecfb1645be9ac7b2c755a3456b,BENIN/DL,True,1,0.9999974
b9a967d5e9964239b5cacdc90b51f73f,MOZAMBIQUE/DL,True,0,0.0008692543
b9ab747a0dcd47b2a5350cc5d6f60503,MOZAMBIQUE/DL,True,0,0.00087577675
b9ae289fbbd04cbf91f9c1edae2c1806,MOZAMBIQUE/DL,True,0,0.00086435577
b9bc961cef6a4702be967ba6071100ce,BENIN/DL,True,0,0.0008868039
b9c36e37eee245b3ac10a4f865921d39,EGYPT/DL,True,0,0.0012570436
b9c94fd191f54517bc2fb8f6c30b2a49,MOZAMBIQUE/DL,True,0,0.00087152637
b9dbf29cdeb34cc3a4422674d42414ca,MAURITIUS/ID,True,1,0.9999976
b9dfd28bed124850bc3fda0aef7237be,BENIN/DL,True,0,0.00089343876
b9e73b16ed174734912c14c8928044a0,MOZAMBIQUE/DL,True,1,0.99999785
b9fe4c8ad8cc4bab89cd22000945bcd0,BENIN/DL,True,0,0.0009038756
b9febec929e7414c9127360e0f188c70,MAURITIUS/ID,True,0,0.0011034897
ba0fe6aa4fbc43d5996b514d93d395ca,BENIN/DL,True,1,0.9999975
ba28f3d276d04a00bda815734e808ba8,EGYPT/DL,True,1,0.99999785
ba3515bb35034c3d8ea1d84a988deefb,MAURITIUS/ID,True,0,0.00095418835
ba3834523c0e45c2988fa9aa1cf52d4f,MAURITIUS/ID,True,0,0.00088023837
ba4848b6245a4255b5a98deb6f81a268,GUINEA/DL,True,0,0.0008896773
ba4c94faf2d54f6ba65678c8cd1cad51,MAURITIUS/ID,True,1,0.9999968
ba51c42e2b2849f5bddbe55d0d374330,GUINEA/DL,True,0,0.00089544756
ba5bdfe2afad492595f70b0407bd7a53,MOZAMBIQUE/DL,True,1,0.99999774
ba652cb67f3e400881e4abe7433a751d,MOZAMBIQUE/DL,True,1,0.9999975
ba672c0b450340979efdfcee313c2faa,GUINEA/DL,True,1,0.9999969
ba6b0c767e98413dbf91f0f10d3e0b39,MOZAMBIQUE/DL,True,0,0.00086830277
ba6c8c9dc01541268569017950c77c61,BENIN/DL,True,0,0.00091850635
ba7ab152f85745f49da69464bf35ab18,MOZAMBIQUE/DL,True,1,0.9999976
ba7bfabe5c944d6d82603c09ce7d7205,GUINEA/DL,True,0,0.0009003098
ba84fd65c0d24d41a34dcb4e1ce0ff57,GUINEA/DL,True,1,0.9999976
ba8f09467fd64a05bcff0c4ab18db00d,GUINEA/DL,True,1,0.99999654
ba9288d7dd22484b8545a3a384de2818,MOZAMBIQUE/DL,True,0,0.0008724943
baa55fc835a14a23b5e25816856891bb,GUINEA/DL,True,0,0.0008959622
babc346dadb14e4abab9e33114fbb6ed,EGYPT/DL,True,1,0.99999774
babd39f30dd54ea6a4ff82c0e5310fbd,MOZAMBIQUE/DL,True,0,0.0008675225
bac60450f13c415285e697862b5b9dc8,GUINEA/DL,True,0,0.0008943833
bacf3deb07934acea6002e620a26e85c,EGYPT/DL,True,1,0.99999785
bad3af41851e42fb9100acf8f1026299,BENIN/DL,True,0,0.000899812
bad3b9f24fa042b0bbfa0eb4e14ea557,GUINEA/DL,True,0,0.0008882077
bae2b0f609b34288aad3b3658421f0e1,GUINEA/DL,True,0,0.0008965667
bae56efac0824a02ae3c9591accbf12e,GUINEA/DL,True,0,0.000901041
bae5f12bce3149ddacf6a5e8d10078eb,EGYPT/DL,True,1,0.99999785
bb0ad86593864ab1b1861cf7615146ec,BENIN/DL,True,1,0.999998
bb0f8a30f32c439ca6f00e10bb1e1b91,MOZAMBIQUE/DL,True,0,0.0008667966
bb131fae57c549bfad617fc10e2b418f,GUINEA/DL,True,1,0.99999726
bb1d371b63644e08a1f79fae1812827a,GUINEA/DL,True,0,0.00089208497
bb2bc57086094631802dc8cf37e2af60,BENIN/DL,True,0,0.00089731545
bb407b50e0844b5a9da14c245ace23ea,EGYPT/DL,True,1,0.99999666
bb43e52e8d5f4deda3fdf33d636bef77,GUINEA/DL,True,0,0.0008988467
bb6b9b296e0145109dd46b0daee98b4b,EGYPT/DL,True,0,0.0010306524
bb78802a548746639c25d2064bf037c5,MAURITIUS/ID,True,1,0.9999974
bb79fa88fc1e40d59ea913491abb48a7,BENIN/DL,True,0,0.00089795643
bb7b1f14e2c449b9b68de56be604c8ac,MOZAMBIQUE/DL,True,1,0.9999976
bb87eb76577649b286466b756bbac0a1,BENIN/DL,True,0,0.0008913624
bb8a3f9b7a27426ab78b2c768a5479d3,MAURITIUS/ID,True,1,0.9999969
bb8befe92f354e3fb3d0ec3267bffe91,MAURITIUS/ID,True,0,0.0009703767
bb8c4af4224a477d9c8a98177c506098,GUINEA/DL,True,0,0.00090392545
bb8f144e8f4241d1810d8b45515dabf9,MOZAMBIQUE/DL,True,0,0.0008654579
bb93522e684b4d2ab72e0b95a741d41b,MAURITIUS/ID,True,1,0.99999785
bb93d39d25964f5496824a3b0cde656f,BENIN/DL,True,1,0.99999785
bb9790164efc42db8809463a8c03cc8e,MOZAMBIQUE/DL,True,0,0.0008702484
bb9ab24aff90473ead713c42d9831e6e,MOZAMBIQUE/DL,True,1,0.9999975
bb9cb79faf834705b6552e818c0243f8,MAURITIUS/ID,True,1,0.99999666
bba851edf6e2479e91ae4b244f38db79,BENIN/DL,True,1,0.99999666
bbab71e9bb624187a67475193c7b8f3c,GUINEA/DL,True,0,0.0009013651
bbad5d11752c4b7ab41c941557e3939e,GUINEA/DL,True,0,0.00088426843
bbb3c19dfcf7493a953ab617a22e052a,BENIN/DL,True,0,0.000893112
bbcf808250934424ac4f7b92e77442c3,MOZAMBIQUE/DL,True,0,0.0016679975
bbd19b31bfe34dabaf49ce30c23d63d1,MAURITIUS/ID,True,0,0.0016729468
bbd7dc5284174f0ea2464be9869f9ac0,MOZAMBIQUE/DL,True,0,0.0008686126
bbe307a4613843a1897ea07f97060e4b,BENIN/DL,True,1,0.99999774
bbe85e60bf14496fa48377c10087ac75,EGYPT/DL,True,1,0.99999774
bbec229f0f5c415fa3feabb08e3a1b34,BENIN/DL,True,0,0.00090816733
bc016872aa1c401c96c625c10d700ad5,EGYPT/DL,True,0,0.0013257836
bc0c70e4204c4427818a5b86fccea1dd,GUINEA/DL,True,0,0.00089484587
bc0fcdb9e22941b793511a2bd930d20e,BENIN/DL,True,0,0.0008953844
bc14097ca62b4af791b955b2176de0a2,EGYPT/DL,True,0,0.0010995489
bc1e050766e449b6866c287a8e8249c3,MOZAMBIQUE/DL,True,1,0.9999975
bc1f8c9140b04e708f838856928533b1,GUINEA/DL,True,0,0.00090411154
bc25ffb1587745fd9a3b469f2f206daf,BENIN/DL,True,0,0.000909244
bc292c2cc0834a3da492756b77babe60,BENIN/DL,True,1,0.99999785
bc2a5e46a8ec478fbfad192241151ad6,MOZAMBIQUE/DL,True,1,0.99999774
bc375ad96aac457aac3ed23c61bb4cbf,GUINEA/DL,True,0,0.0009004809
bc41d90ddb9144fe8da14543d881e383,MAURITIUS/ID,True,0,0.0012028997
bc4ea5d8ae14402f8dbbf7fcdb8edee0,BENIN/DL,True,0,0.00089404214
bc5a9da26bc14c43acc3760dc123a3de,MAURITIUS/ID,True,0,0.00086527906
bc5b10eede4749eebf9310c5e5efbf02,BENIN/DL,True,0,0.0008958354
bc61c4619c8944d9b28c2415cf32db4b,EGYPT/DL,True,1,0.99999654
bc805b58b75345418a1c0177d79e9c9e,MOZAMBIQUE/DL,True,1,0.9999976
bc8890ca9f514a77bb610525425023a5,MOZAMBIQUE/DL,True,1,0.9999975
bc8e2f8c71f8463eb5b5f5f212c4bf4b,MAURITIUS/ID,True,0,0.0012302704
bc90c94816714438ac04f7badc4b4e43,GUINEA/DL,True,0,0.000892402
bc93c85d334642b489dc0ec416cb9154,MOZAMBIQUE/DL,True,1,0.9999976
bc9c9d4495a04f8198c15734d1f63b4e,BENIN/DL,True,0,0.0008943135
bc9f600733b74d7691acd237ad45bdf9,MAURITIUS/ID,True,1,0.9999976
bca525d685fa4587a0665b30e99ba2a1,MOZAMBIQUE/DL,True,0,0.00086568476
bcaaa88084e04c489f69337319c39e77,MOZAMBIQUE/DL,True,1,0.9999974
bcadbec5c5914c44a7938933b3b600f1,EGYPT/DL,True,1,0.99999774
bcae78dabe2143e09be9c948eb939b8a,BENIN/DL,True,1,0.999997
bcb4561081434f0a8a1410dcde0c87aa,GUINEA/DL,True,1,0.99999654
bcba66c4be2d4ac988102acf14f027ad,BENIN/DL,True,0,0.000903328
bcbb72763d6e412a8125cebe865a8847,MAURITIUS/ID,True,0,0.001247021
bcbf689d745e49c5a2449d8b9acfee35,GUINEA/DL,True,0,0.00089612056
bcc5bef0244e4ee8ad033045afb80251,GUINEA/DL,True,1,0.999998
bcd5524b0dce4468b60b6bc831b99055,GUINEA/DL,True,0,0.00089512806
bcda044ddeb24420930b18210084e30b,BENIN/DL,True,1,0.9999975
bcddd535741c4735bd6d8dae8db99c92,GUINEA/DL,True,0,0.00089252886
bce0b9987b274be6b05071bb83d07137,MOZAMBIQUE/DL,True,0,0.0008692883
bcea0357fd3c4ffa9af2eb2630162003,GUINEA/DL,True,1,0.99999726
bd18791dbb8c4b9bafbce57100f9ff25,MOZAMBIQUE/DL,True,0,0.00085910596
bd2474993eb441f4b5cdea10de428354,MOZAMBIQUE/DL,True,1,0.99999774
bd267a9ff3054a04837bfa82aac2dc3b,GUINEA/DL,True,0,0.0008918271
bd2ed44fe4c0481ca563c6ff0e09bde1,GUINEA/DL,True,0,0.00088599615
bd3183e0998b4cbeb1df2cccf0754bcb,MAURITIUS/ID,True,1,0.9999976
bd454018f3ad444a8ad6c05e95ab4fea,BENIN/DL,True,1,0.9999969
bd4c2ebcde6a4c1f8aec567e8f24c4fe,EGYPT/DL,True,1,0.99999785
bd575d112c50440eb7ef394617e4df30,BENIN/DL,True,1,0.9999969
bd716b843f9f470d82ac0222a960883a,MAURITIUS/ID,True,1,0.9999968
bd8a7dba72f3437688423ba3939d99ef,EGYPT/DL,True,0,0.00096019416
bd9206b47cd143b9af22581d29e21aa9,EGYPT/DL,True,1,0.999998
bd9748b788474682ac09c49499586830,GUINEA/DL,True,0,0.0008910087
bda6d28b8a8545ea89ffd42f3c6460f4,BENIN/DL,True,1,0.9999974
bdb996f16aa94d6d93cc1497608eede1,GUINEA/DL,True,0,0.00089879613
bdbe7e7386674fa6b4dfa90ab81a9a85,MOZAMBIQUE/DL,True,1,0.9999974
bdcc2bf2448c4b43b9f6ec1733736af4,MAURITIUS/ID,True,0,0.0011468537
bddbd47e1e814993a1890d334fad9426,MOZAMBIQUE/DL,True,1,0.9999975
bde0fdcf2cb14adcbd9d3610c60f8221,EGYPT/DL,True,0,0.0012465953
bdf3f3983aca47e98132afeed02a21eb,EGYPT/DL,True,0,0.0011654554
bdf5550ba5434b1e9805ec4fbadd007e,MOZAMBIQUE/DL,True,0,0.00086164917
bdfa7180cb5b4372ba4cd25552c8efbe,GUINEA/DL,True,0,0.00089404936
be0992bee3544461b1f71286903aa1d1,GUINEA/DL,True,0,0.0008985662
be0bc857b83b4928b68713ddcb98610a,GUINEA/DL,True,0,0.0008900512
be0e6353cf0c4030b6baa3a0eb8a8084,EGYPT/DL,True,0,0.0011544208
be14a9c84ba84197bed4734310cfe425,MOZAMBIQUE/DL,True,0,0.0008772233
be2196b7b9434116805281b1ac82c2f4,BENIN/DL,True,0,0.00090037583
be2683912c7e43af9387c0ee68833d5d,MOZAMBIQUE/DL,True,0,0.0008652861
be32344567eb4cbf87d8ba420dd5b989,EGYPT/DL,True,1,0.9999975
be3c3df3b10343f8b30cb104558d55ca,MOZAMBIQUE/DL,True,0,0.00086748484
be3e4a2acfdd4d29b1778c49bccc5291,MAURITIUS/ID,True,1,0.99999654
be4cade91ef14cfcb585eb66467441ec,BENIN/DL,True,0,0.0008901563
be51faf4fcd1407c9a6f617844c23525,MOZAMBIQUE/DL,True,0,0.00086566585
be6417a965b248deb9ad66034b4cba7b,EGYPT/DL,True,1,0.99999774
be743a0feb554a0287479d39ddc439e7,EGYPT/DL,True,0,0.00095945754
be762e25a466439498ac5cd9450f6b74,MOZAMBIQUE/DL,True,1,0.99999774
be79bed09b52483e8726340d451f6933,MOZAMBIQUE/DL,True,0,0.0008588474
be998dc11b364a9899fc2423f277028e,EGYPT/DL,True,1,0.99999774
beb83b1bac8b490e97533a705d5e5f3a,EGYPT/DL,True,1,0.99999785
bec2b9475c1c4247a60617e516942270,EGYPT/DL,True,0,0.0014872801
becc242dd036476290c6b07b3e3d0fb5,MOZAMBIQUE/DL,True,0,0.00087392126
beccca0dd4ca4c7ca54e714cd775a2d4,EGYPT/DL,True,1,0.99999666
bedfe75d18964d73a8531aa5ab39cbae,BENIN/DL,True,1,0.9999976
beeb680ec47c428aba77c066a39fe386,GUINEA/DL,True,1,0.99999654
bef2ba1e102a43b49b979e4b32b4c4e2,GUINEA/DL,True,1,0.99999654
befab2fff2cc44eb836ec6732244e6f4,MOZAMBIQUE/DL,True,1,0.9999976
befe7964a38b47db8edc55f46d9bd2e2,BENIN/DL,True,1,0.999997
bf02fcb8c612412198d4f69646bc7b58,EGYPT/DL,True,0,0.0013815075
bf03e16328c44c08842772bbee3dd618,BENIN/DL,True,1,0.9999976
bf183d5c50814f948c39deab7363a8bb,EGYPT/DL,True,0,0.0010100786
bf1c5c7bd1d74205bc97f92f5a710f7c,MOZAMBIQUE/DL,True,0,0.0008862114
bf1c89688e5948aeb1eca47232793193,MAURITIUS/ID,True,0,0.0011156565
bf2f4f4125fb4a719a1d9149fb7e4e4c,MOZAMBIQUE/DL,True,1,0.9999976
bf382084aa114bae8edde12d9c133e70,MAURITIUS/ID,True,0,0.00089540624
bf472bb0e435499b87c1463824461087,BENIN/DL,True,0,0.0008892594
bf645df5c56a46d3873db263dc325c67,GUINEA/DL,True,0,0.00089599553
bf6e53d0441e40809335532e62ac6a48,MOZAMBIQUE/DL,True,0,0.00086822006
bf9e839f90514d6e968bde8775b1e285,MAURITIUS/ID,True,1,0.9999969
bfa0013df6474556a5eade3b7b85795b,EGYPT/DL,True,0,0.0010753451
bfacfbfa9d364b0db3159aa8bb6ec351,EGYPT/DL,True,1,0.99999774
bfb00596ea5c4b3980e5dcf6a265b565,MOZAMBIQUE/DL,True,0,0.00086613937
bfb60f7e265f4d3b8cf5c6257bc51864,BENIN/DL,True,1,0.9999975
bfced26940d847c3b19d3474957a15a5,GUINEA/DL,True,1,0.9999964
bfde979ea1f446a4a704acfb7d2b84a5,GUINEA/DL,True,1,0.99999774
bfdeafde4f29404d8811869526aad2db,GUINEA/DL,True,1,0.9999974
bff6d505260c4ae4a83a8a86a80524a5,EGYPT/DL,True,1,0.99999774
bffb3f810c4849eeb208363ea062b2b0,EGYPT/DL,True,1,0.99999785
bfffcd1c2cfe412dbf60bdd4009af02e,MAURITIUS/ID,True,0,0.00092833716
c00ce88194a6444582676c40e6f1e8c9,MAURITIUS/ID,True,0,0.000873895
c011ef8f23ce432cb2243995ace3aa95,GUINEA/DL,True,0,0.00088164944
c014f080778e40199a8971469d43dba3,MAURITIUS/ID,True,0,0.0009943629
c01b292e9b064c239e018814229a24ac,BENIN/DL,True,1,0.9999976
c0232c7908274c25b5c0d59cfb7009c7,MOZAMBIQUE/DL,True,0,0.0008713063
c02cdc1641604cfd8bfca130f2cfc4c5,EGYPT/DL,True,0,0.0010528418
c03ff21297c344359fa50b378f59998c,MOZAMBIQUE/DL,True,0,0.0008797164
c056021e4ad04357863069988fdfd742,MOZAMBIQUE/DL,True,0,0.00086435775
c0577c9baac24177a0dab8fd4ddf776f,MAURITIUS/ID,True,0,0.0008730107
c05dd862dd5d405993866d8e3ddad6d1,EGYPT/DL,True,0,0.0009656317
c05e8a4ffd40443fbb65d57315668ca9,MOZAMBIQUE/DL,True,1,0.9999975
c07b34bea951487b9ed3af73fce6038f,EGYPT/DL,True,0,0.0011298993
c083cddfba3446259e281f6befe260de,MAURITIUS/ID,True,1,0.9999976
c08a126c511d4028a3485ae12b66c0e6,GUINEA/DL,True,1,0.99999785
c08d2ea117cb43b9a40ba3034bdff157,MAURITIUS/ID,True,0,0.0009856668
c08fba9ac08c44e2afb55288b927ef06,GUINEA/DL,True,1,0.9999981
c0b902a2fe3f49359b493dea7bea94f5,MOZAMBIQUE/DL,True,0,0.00086108106
c0bc7c8a6917421f8bad702549165503,BENIN/DL,True,1,0.99999774
c0c24bb9d7af422dabcc10e7d2c8704d,EGYPT/DL,True,0,0.0010565722
c0cf2fbe7df44634978934a595b80882,BENIN/DL,True,1,0.99999726
c0e0e45d6b56480cabf6cdcba1af8f95,BENIN/DL,True,0,0.00088372006
c0e74f5a237b4ccaa390d0ff56cc9a22,MOZAMBIQUE/DL,True,0,0.0008811631
c0f44673ba6b4ef0b43d17ba000d0afb,MAURITIUS/ID,True,1,0.99999726
c0f72de5959e4084b259b555d64aa9c3,BENIN/DL,True,0,0.00090839964
c11cb24d377a48ccad646d833bc38e31,MAURITIUS/ID,True,0,0.0008849035
c12884e1472e4ed58c2d37641f059659,MAURITIUS/ID,True,1,0.99999726
c12dfc8f6a8d44ceb264543db54839c9,GUINEA/DL,True,1,0.99999654
c14b59ca8582461db1ffd5205a5eb459,EGYPT/DL,True,1,0.99999774
c1567a940f2742deb26398a0b0208401,BENIN/DL,True,0,0.0009127359
c16f15161eb14037b3dae989db74429f,MOZAMBIQUE/DL,True,0,0.0008707362
c1797b66918640c3b8f2ec90aba1af57,EGYPT/DL,True,0,0.0012402855
c196d2349664470ea7ac00d739d0df8b,GUINEA/DL,True,1,0.99999666
c19e5a4025b44323831c9d406a20bccb,EGYPT/DL,True,1,0.99999785
c1a034b8ffb74d678334eb78eeabaab6,MAURITIUS/ID,True,1,0.9999976
c1a2953251dc41b19305b8dd99142c81,MAURITIUS/ID,True,0,0.0015920753
c1ac99ef3ace40afa1464001daf4aae1,EGYPT/DL,True,0,0.0015033267
c1b068127b994e809d9769e0606f9d48,EGYPT/DL,True,0,0.0010117716
c1b33201240b47ea93e07067fedee675,GUINEA/DL,True,0,0.000888308
c1bc473c90bc40f48c0d08402a58eaff,GUINEA/DL,True,0,0.00089937873
c1c490108b8a45689f2c1e6181a60cd5,MAURITIUS/ID,True,0,0.0010514571
c1cc7ab52c404923bab9ecba65302b81,GUINEA/DL,True,0,0.00089921284
c1cf2d55386d4775b4fd67b861d0d8a1,BENIN/DL,True,0,0.000893887
c1d862a3ad7941ccb2c77d57a7a41d26,BENIN/DL,True,0,0.0008950641
c1de8fad5504483694f6fc3365afee9f,MAURITIUS/ID,True,0,0.0016234121
c1deb4b55ffc45eb861f3f2d16354787,MAURITIUS/ID,True,0,0.000972879
c1eb01f21ea6451089b42570040743a6,GUINEA/DL,True,0,0.0008869218
c1fc60e64cfe4bf0b74921e5553c306d,GUINEA/DL,True,0,0.00089759415
c208ac3156124d53bdf5f5f3742d152d,BENIN/DL,True,1,0.9999975
c2185cc57f5747b8981d4d7b2eab95ef,GUINEA/DL,True,0,0.0008909645
c2246de8c43a4f4da2b6239d119d8c44,EGYPT/DL,True,1,0.99999774
c2278142623143a8ad82c1e4af35ff9a,GUINEA/DL,True,0,0.00089608814
c238de49573e4fd8ada55406b524f3c1,EGYPT/DL,True,1,0.99999654
c2453ed5465046ea8118a186c3eca3f2,MAURITIUS/ID,True,0,0.00092921895
c24b9238a6b144799c05957485f694cf,MAURITIUS/ID,True,1,0.99999774
c251b2c3ea9848328f09ad60a2e799b2,BENIN/DL,True,0,0.0008914193
c26c683ce4994a64b4c17f7f8ea0ff23,BENIN/DL,True,1,0.99999774
c274872555944c0483740c526773bbf8,GUINEA/DL,True,1,0.9999976
c27f35e7035a4451870a9e041c8c4d74,EGYPT/DL,True,0,0.001139057
c284244990cb409db32bd1a0c8b8be8b,MAURITIUS/ID,True,0,0.00089364656
c289213e04234a3d8b5cb1a7f026d1a9,EGYPT/DL,True,1,0.99999785
c28f350610f04366a7c08dc4759388e4,GUINEA/DL,True,1,0.9999975
c28fee6f3f334acdaaefa90b1d5f28f9,GUINEA/DL,True,0,0.00088818226
c290e2371abd4b75a6171ac55ad1511e,MAURITIUS/ID,True,0,0.00096095656
c2981d776d104473ba2b5fcc8486e341,BENIN/DL,True,0,0.0008859484
c29b6effa21f4b7094682e4bd40a1722,EGYPT/DL,True,1,0.9999976
c2a66bf3fd7e4177a4bf034e9b0f2de8,GUINEA/DL,True,0,0.0008822125
c2a6ef2f503943a9bccef77b2df4b90d,BENIN/DL,True,0,0.00089286646
c2bab503bb3249759b479200c6f13712,MAURITIUS/ID,True,1,0.99999785
c2bf07978e3c4da8b44179c4d4a8d8bc,MOZAMBIQUE/DL,True,0,0.0008836594
c2c16c74411a41b4bc62e6b6016714f8,EGYPT/DL,True,0,0.0010480449
c2cc44f669d843fd92786a1e2b6c790f,BENIN/DL,True,0,0.000901345
c2d1aacc5ff9423192dd19d435d149c8,MOZAMBIQUE/DL,True,0,0.00087519374
c2ee4ce02e0f48139e0eeeeeecc6bc36,EGYPT/DL,True,1,0.9999976
c2f9540879ed434db5b811aeecf3af68,BENIN/DL,True,0,0.00090078736
c308011257c944fc9f7708ef6a04d8e8,EGYPT/DL,True,0,0.0010427475
c30b5334f53647ee83d18f0e2c13ea18,MOZAMBIQUE/DL,True,1,0.99999785
c30c4feb14fd4b9690a4de2813aa8299,MAURITIUS/ID,True,1,0.99999774
c3145c2922714358864114d1e7a0d9ae,GUINEA/DL,True,1,0.99999666
c325051406f14696a4bb8af487989dda,MAURITIUS/ID,True,1,0.9999969
c32850fb23fc479db0d317dcf75fdaa9,EGYPT/DL,True,0,0.0013535022
c33589a76eb34410915bdd679022be04,BENIN/DL,True,0,0.0008978653
c348472470f644cda130b3e5b9a0c5c2,BENIN/DL,True,0,0.00088895875
c34e92cb19274d55bd7a052524caf5f7,MOZAMBIQUE/DL,True,0,0.0008711378
c34f9fbb559642da8e7c7c0006c1b4af,MAURITIUS/ID,True,0,0.00091241463
c3522b3535e044e99e9c44bf5384a77c,BENIN/DL,True,1,0.9999974
c35632a7bc1946ab951016c9bdd17503,EGYPT/DL,True,1,0.99999774
c356bf89f5f8438caa30c6284654b06f,BENIN/DL,True,0,0.00089717354
c357ad256d114788acfb3879f752a884,MAURITIUS/ID,True,0,0.0010045015
c36881d805424a8085862f4b1bfa0699,MOZAMBIQUE/DL,True,0,0.00086209335
c36895d07e9044b8a57927572595a30b,EGYPT/DL,True,0,0.0010734899
c374fd0b535546c18c1109a59bc23ae5,MAURITIUS/ID,True,0,0.0015960946
c38973ce41df48d3a7ec3a3d0b489f0b,GUINEA/DL,True,0,0.0008883194
c389e3424de34188869718414b94546d,EGYPT/DL,True,1,0.99999726
c38ae63a427e462b8711d4543e998f64,BENIN/DL,True,1,0.99999785
c391f2ee49354b778e3f3d65a4cba1ab,EGYPT/DL,True,1,0.9999976
c398fe1d5ab9417cb46743d952c17dc5,MAURITIUS/ID,True,1,0.9999969
c39f2efe949e4265bbe458e72ec29dec,BENIN/DL,True,1,0.99999785
c3a33f9bade345b8be3fb9d1f204937d,EGYPT/DL,True,1,0.999998
c3a5f7c6870248aa84dc658d0deaab0a,BENIN/DL,True,0,0.0008888744
c3a5fbc4094845e9a3aa546938fc0612,BENIN/DL,True,0,0.0009240514
c3a7ce43a43c471b9281be7fba6a6b26,BENIN/DL,True,0,0.0009607803
c3aa1ab1dce5411cbeb31539da97568e,GUINEA/DL,True,1,0.9999975
c3aa6160c6864b809bd6b34e721cc732,MAURITIUS/ID,True,1,0.9999976
c3c88768e523425fb8a776fb52175d5a,EGYPT/DL,True,0,0.0012036631
c3ccb051c05a4ff180d30cd0ee2750d7,GUINEA/DL,True,1,0.9999976
c3dda06be62341b4b0f1c7bec1ede57f,BENIN/DL,True,0,0.00090100145
c3e1155d475e48ab91cb10d73b4f973b,GUINEA/DL,True,0,0.0009055592
c3e1bdf8d2f14c04b115b81c67f1a1db,GUINEA/DL,True,1,0.9999974
c3ed4fd3d4f94f72a18745b8816fbd86,MAURITIUS/ID,True,0,0.0012835714
c3eddc85505d436d856530b7932037ed,MAURITIUS/ID,True,1,0.99999774
c3f5f6c721e144cca26000e928619850,MAURITIUS/ID,True,1,0.9999975
c3f662803f404160819177feeab36e27,GUINEA/DL,True,0,0.0008924952
c4072fde3efe4476982e7840b3b7bf77,MAURITIUS/ID,True,1,0.999998
c4088489c6094b95bdcd5647b1229a59,MAURITIUS/ID,True,0,0.0013119689
c4133eeee5cd4bbd8646f15684f5675f,MOZAMBIQUE/DL,True,0,0.000861491
c426d83689bf422bbd6aa6dba11467a3,GUINEA/DL,True,0,0.00089343573
c43c609ddea4475e98a2dee518006819,GUINEA/DL,True,1,0.99999774
c450e98992984764a82d5e146b62986d,MAURITIUS/ID,True,0,0.0010504508
c472da3f866d4b388542ea32965a6933,MOZAMBIQUE/DL,True,0,0.00086274673
c4744507534648b3a55e2f696c8c54c6,MAURITIUS/ID,True,1,0.99999726
c478a1b39666490d8af6b3155279f583,MOZAMBIQUE/DL,True,0,0.0008667281
c4798574369e4df593239326dc0ba41b,MOZAMBIQUE/DL,True,1,0.9999976
c4829ddbbcb9483f8fbcc88c1240b057,BENIN/DL,True,1,0.9999975
c4983bcb0966476f8b09d100361caa2e,GUINEA/DL,True,1,0.999998
c49fea9686a24426b340ce5631b5e5db,MOZAMBIQUE/DL,True,0,0.0008657533
c4a51a01fe4848699a25672cfb6297e7,MAURITIUS/ID,True,0,0.001196379
c4a826d190394bce8d1b8867f57bd2ef,MAURITIUS/ID,True,0,0.0009017921
c4a9160259694a20959d0bee04851f91,MOZAMBIQUE/DL,True,0,0.00087274006
c4add2979e0f4e78ab6d78d457f83604,GUINEA/DL,True,1,0.9999969
c4b2372bf7b847ef9628dcf17f72e8e1,MOZAMBIQUE/DL,True,1,0.9999974
c4d034754a324464a9d5299beb52abba,BENIN/DL,True,1,0.99999774
c4e64791a833494c897bdd28923b6bab,MAURITIUS/ID,True,0,0.0013254895
c4ecf514487c40cd8e7ee0b41e845967,EGYPT/DL,True,1,0.9999968
c4ed855d93264b5cb844dcbec1024fb4,MOZAMBIQUE/DL,True,0,0.0008668198
c4fa063184f5416d849ca99a91623db4,GUINEA/DL,True,1,0.99999666
c4fab4798ed6489a8864683611301e57,GUINEA/DL,True,0,0.0008877656
c4fe94373abf4e128dd051e8ded6501e,BENIN/DL,True,0,0.0008934299
c5028db6a0bb4a829973f3fef9d0a7bd,MAURITIUS/ID,True,0,0.0012216084
c508437976ec43f1b313c7b6a3597c2b,BENIN/DL,True,0,0.00091658137
c5098e883a534218b679d4f8f249fcd4,MOZAMBIQUE/DL,True,0,0.0008655846
c5187e099ae2447c81010b2e70c79b85,MAURITIUS/ID,True,0,0.0008866417
c54014d516084fe0a13788f68a990d37,BENIN/DL,True,0,0.0008958939
c54759b4b0b043e39792100ea2b1e2ad,BENIN/DL,True,1,0.9999976
c556c2c7e2dc40c3883a8ecde4b0a8b3,EGYPT/DL,True,0,0.0012516106
c55855e3c52a4839bf1c8a0ab947d5ef,BENIN/DL,True,0,0.0008876391
c55b891c83ba4cc4b415a69029e9d3dd,BENIN/DL,True,1,0.99999726
c56d225e620d479e8f14ff8bd0d5458c,BENIN/DL,True,0,0.0008898935
c56e0f257efc4bc7ada941033aeda4e6,MAURITIUS/ID,True,0,0.0008841495
c57f36beb4dd40d89124a1deb4da0267,MAURITIUS/ID,True,0,0.0008698467
c584e2e8e8ce4fdeb4043a69fdee229f,BENIN/DL,True,1,0.9999974
c5998d5e71f141e58821644159a59d30,BENIN/DL,True,0,0.00090390653
c59e1ff96e884bbba0ac64bddfdbfdd8,EGYPT/DL,True,1,0.99999666
c5a492df24834c8ca49b7c90a6d7fdee,MOZAMBIQUE/DL,True,0,0.0008628231
c5a6f630a245456bbbfcbadf67efa1ab,MAURITIUS/ID,True,0,0.00087904825
c5a96ad581ea44cc812b3264d4894812,MAURITIUS/ID,True,1,0.99999666
c5bdbec09d5b4e798d805e75ca40e2d0,MOZAMBIQUE/DL,True,0,0.0008750245
c5c3a2ae07d14fe983514ddeffc4e402,EGYPT/DL,True,0,0.0011430221
c5c9639f99c04d11a687c1bc1297a92b,GUINEA/DL,True,1,0.9999968
c5eaad122585481a972a165448dd4ced,GUINEA/DL,True,0,0.0008993538
c5facec726f84dfaa7b9b904f677bff9,MAURITIUS/ID,True,1,0.9999969
c607503b4ab94a3c8c567ad502c7f13d,GUINEA/DL,True,1,0.99999785
c6385488af9a41179ef5fc90952f23f3,BENIN/DL,True,0,0.0008893628
c640acb1034740af9364329a82fbcf9f,BENIN/DL,True,1,0.9999969
c645800d389e454e97be72db1e89dfcb,MAURITIUS/ID,True,0,0.0012298662
c6459fa079a9400db439394712e4bd2d,BENIN/DL,True,0,0.0008868107
c650976aebb74f5597cca6f472172bf0,MAURITIUS/ID,True,0,0.0008814806
c651ad74c67a4e7eba4179b2a54b3d13,MOZAMBIQUE/DL,True,0,0.00087400083
c65f5422cdff40dc82e61627ef2b9731,MOZAMBIQUE/DL,True,0,0.00086637423
c666ff6707d94ced9af5fd7719dba98f,MOZAMBIQUE/DL,True,0,0.000868621
c667cfb32f2b4cfe96b37ffc5edc3953,EGYPT/DL,True,0,0.0010621086
c67ad739c4b040a9ad0f6bb294334c4f,MAURITIUS/ID,True,0,0.0011795132
c684336c3751405e897ee8097ae29c2e,MAURITIUS/ID,True,0,0.0016624461
c687e3fb854e43129ae8b72f94e81ec5,MAURITIUS/ID,True,0,0.0009814851
c688c493391543568b85bb0100b2d09a,BENIN/DL,True,1,0.999997
c68faa7d24cb4141bb64af7eb613704f,EGYPT/DL,True,1,0.9999976
c6985c3fbc974132b19cc26d6524798d,GUINEA/DL,True,0,0.0008992429
c69c8d5759564f8896fc1ba92a31d484,BENIN/DL,True,1,0.99999714
c6a6f9a8ba5b4c37805a938b07c6cd46,BENIN/DL,True,0,0.00088817516
c6b55521785842a3a9b5dfef19234a43,BENIN/DL,True,1,0.9999968
c6b749928fb34b6aad88ec96c8a8ee69,MAURITIUS/ID,True,1,0.99999774
c6bc8054576445429e5e11df619810ef,GUINEA/DL,True,0,0.00088898273
c6bf4954add4438596a10dbb53ed7d1e,GUINEA/DL,True,1,0.99999726
c6c49cd1ae8d42f48057202746077a7f,EGYPT/DL,True,0,0.0009792715
c6d7862986ca40cbb586644316f6aede,MAURITIUS/ID,True,1,0.99999714
c6d89cc4679041f68712e4d1100f2fa2,EGYPT/DL,True,1,0.9999976
c6dcd823abb9478195e186e1b2a6e602,EGYPT/DL,True,0,0.0010331061
c6f3648fd50a4a59babd7f4319c7eb29,EGYPT/DL,True,0,0.0010340977
c6f5ac18d40c459480906f14fe0271f9,BENIN/DL,True,0,0.00089158415
c6fe8c694dba46a09d8b29332ea0ca09,MAURITIUS/ID,True,0,0.00088117155
c7074745452c47ab88b74a786db87a0f,EGYPT/DL,True,1,0.99999774
c7175f5cde2a459dae7bd83ad2d8ef2b,MOZAMBIQUE/DL,True,0,0.00086376665
c73f279f16454811a49b709f10d77018,GUINEA/DL,True,0,0.0008940945
c74ee82789744115bce670482f754cde,MAURITIUS/ID,True,1,0.99999666
c751279b39d143a4a4ceb46693f16652,MAURITIUS/ID,True,0,0.00089566124
c752915d3a384bc7bd9e9f889d83a707,EGYPT/DL,True,0,0.0012486101
c752e48667234c569f51cb48b8731dfb,MAURITIUS/ID,True,1,0.9999964
c75bcb22f4864e64b0809e9458bbb0ec,EGYPT/DL,True,0,0.0012003725
c75cbf3bfbb74e3eae4067491ae4840a,MAURITIUS/ID,True,0,0.0020216154
c76ff594288e495baafb6cec47eec9e8,GUINEA/DL,True,1,0.9999975
c78d7c2f1af7445c88e18b74205f3fdf,MAURITIUS/ID,True,0,0.0010520704
c79017d710a5420ba931be9157f1e6af,GUINEA/DL,True,0,0.00089257053
c792696372234595a72dd0ba6ec1d5e3,GUINEA/DL,True,0,0.00090089504
c79f3cbed8d74108b08df4ddc3a1462b,BENIN/DL,True,0,0.0063962922
c7a34ff2cb3043088b51afe37dbb688f,GUINEA/DL,True,0,0.0008865412
c7a551945a784c4285627cc5961dcff5,MAURITIUS/ID,True,1,0.99999666
c7b8a83062734f018f93291c49ce9104,GUINEA/DL,True,1,0.9999975
c7c32b7a3d5f4a18bd54e77030812d97,BENIN/DL,True,0,0.0008997995
c7c4c59ffefd4611a8eb57c07d7e5980,BENIN/DL,True,0,0.0008853897
c7c7c2e1e61941da851f897eed690459,EGYPT/DL,True,0,0.0010245314
c7d17391b7da48acbe3c8ef849976b66,MOZAMBIQUE/DL,True,1,0.9999974
c7d175d5da2b4aea9fdda366d5cfdb44,MOZAMBIQUE/DL,True,1,0.9999976
c7d94e9ad3bc41beb48683c14856f2bf,MAURITIUS/ID,True,1,0.9999969
c7df3aff04b14f96ae9a5a7a7934ac8f,GUINEA/DL,True,0,0.00089501677
c7e48c6aac6e404dbc0b697591896ea5,BENIN/DL,True,1,0.9999976
c7e5df6e2a06419d94ad74e445de8b22,EGYPT/DL,True,1,0.99999785
c7e7b985216d4c569ec7074fbb5fab05,MOZAMBIQUE/DL,True,1,0.99999774
c7eec012786a46b897e479e305a8032f,BENIN/DL,True,0,0.0009242296
c7f55eb5912b471a8ec78140cf777999,MOZAMBIQUE/DL,True,0,0.00087109377
c803f47d2bc845ef962c231563d8cb18,GUINEA/DL,True,0,0.00089703844
c80bcddb38274a3c951b569d0bbf0e0f,BENIN/DL,True,0,0.0008941737
c810ad1ece624361a41ea7876aa9d414,EGYPT/DL,True,0,0.00095157913
c8112f73675f4c629be481a0058a4a14,MOZAMBIQUE/DL,True,1,0.9999976
c82e8ebe8b034f2aa744054c8ca644e2,MAURITIUS/ID,True,0,0.00097652385
c834490f20964c2bb4a9c72dcea69288,MAURITIUS/ID,True,1,0.99999714
c834ff9a39d949f687a7385659323020,BENIN/DL,True,0,0.00089101464
c837b8c5c0734bbe98588859a76084df,MOZAMBIQUE/DL,True,0,0.0008692291
c83d5fbac11746c1abd1c7f34ab44a2e,MAURITIUS/ID,True,0,0.00096097897
c845495832d24cd59a7fe381f90ff6e9,GUINEA/DL,True,0,0.0009033521
c84fb554c8db435cba0fd40a0e67836b,MAURITIUS/ID,True,0,0.0013732264
c86678d5f76249f88adf51fff6a5c7d6,MAURITIUS/ID,True,0,0.0008846143
c870c6d3ca42439c9eac390dc267e567,GUINEA/DL,True,0,0.0009068323
c878db48a1584b8dbe9f67563f2bf26a,EGYPT/DL,True,1,0.99999774
c89bad659a8b4fc2b7dcd0d78180c195,EGYPT/DL,True,1,0.99999774
c8a3a173c0d7436d9b463edda2cd6c04,GUINEA/DL,True,0,0.00089588104
c8a579f848b844869ae3add73143db21,MOZAMBIQUE/DL,True,0,0.00086475036
c8a8b73a7e3b4bf8bb5b185dcd967505,BENIN/DL,True,0,0.00089900306
c8bb1b3619c3491481832de4cf43ec0d,BENIN/DL,True,0,0.00088635954
c8bfe95a938e44eaaee808f8feee31a6,MAURITIUS/ID,True,1,0.9999969
c8ec677e741b4c279b269cda68550dc7,EGYPT/DL,True,0,0.0013635746
c8f52ea4d2034423ba148921a6f09a3b,MAURITIUS/ID,True,0,0.00093560776
c91468e809cf40fca2350722f8fc5a75,EGYPT/DL,True,1,0.9999976
c922b384de0c4c299ba1c6f29891ce39,MOZAMBIQUE/DL,True,1,0.9999976
c943b3c2e0b045849fb98ccfd153ead2,EGYPT/DL,True,1,0.9999968
c94883d6da184b5d9a607bda74febbb2,GUINEA/DL,True,1,0.99999774
c94bacc3e2694dcf9b1cd25b661f31fa,EGYPT/DL,True,1,0.9999976
c9512a2af6494d23bb8643c9ecb5c3c2,BENIN/DL,True,0,0.0009017603
c960065974af42d39af51a602055da5b,BENIN/DL,True,1,0.99999774
c967b5a6268c4a0e87e7fa60a7f07d22,MOZAMBIQUE/DL,True,0,0.00087135937
c969e730e8954ce48c50c758b3429c1a,EGYPT/DL,True,0,0.0021285354
c96b24bf64da4a7e81e2df569f60f7cc,EGYPT/DL,True,0,0.0012470946
c96ff913bea645059d1018bf452787a1,GUINEA/DL,True,0,0.00089311705
c9715ba802f74d98aab29a17d7ad67b2,EGYPT/DL,True,0,0.00095782033
c9767a62c172448983c13ed71abd286e,GUINEA/DL,True,0,0.0008890561
c97ff7d61ac04e8a95a169b04f3d02fc,MAURITIUS/ID,True,0,0.0018748814
c98389affd0e467fb7993d78064c6265,EGYPT/DL,True,0,0.0010164237
c98e5aa378884e9b995dc6c08a2973a5,EGYPT/DL,True,1,0.9999968
c992fceeca9f4b6eb25ba381f0c3bc4b,BENIN/DL,True,1,0.9999976
c993e114d5be4272bfd5e1e7acd92fba,BENIN/DL,True,0,0.0008946015
c99a6b71d1924b9f90419e5dbdc4f13a,MAURITIUS/ID,True,0,0.0010726439
c9a6474ef95b466da1330f0df5fcad82,GUINEA/DL,True,0,0.0008891824
c9a8f6e7f96543fea4ef65368e076bfe,GUINEA/DL,True,0,0.00088789465
c9b49f52764d4709a2c4577814a20d0c,MAURITIUS/ID,True,0,0.0014989567
c9b972fbe57144dfa0eac22dca9be167,EGYPT/DL,True,1,0.99999785
c9be16f92b8e4e59902ce5538aa2768c,EGYPT/DL,True,0,0.0010309608
c9c6f36c62da4eada18134448b28d5b6,BENIN/DL,True,0,0.00089641387
c9e1ac2112d84eebbaa3df1c7d0fad99,MAURITIUS/ID,True,0,0.0012789578
c9ed74bcc3e949afbf8200d08ed69c6a,MAURITIUS/ID,True,1,0.99999666
c9f41af23bac4ecb9dc4a3fe113bb91d,EGYPT/DL,True,1,0.9999968
c9f5ed855e90479183d8af3324bd933c,MOZAMBIQUE/DL,True,0,0.0008740449
c9ff4f3bfc9548f1b624644977890f78,EGYPT/DL,True,1,0.99999774
ca0d63a724f1415c9c8dfeaa85551773,MOZAMBIQUE/DL,True,0,0.0008703172
ca14f2cace154e06abc4efdf24050605,MAURITIUS/ID,True,0,0.0008836969
ca1a196be561401989fb7a281d68ce18,GUINEA/DL,True,0,0.0008953643
ca1a2c87f8d54e3886498cffddff1d4f,MAURITIUS/ID,True,1,0.9999976
ca1a51a523c74e4b9237d07679ba6c8a,EGYPT/DL,True,0,0.000990014
ca38ce9c0cc24209a13d84e9349f1a82,MOZAMBIQUE/DL,True,0,0.00087276706
ca3fb50b413f408eb780ef308703fa7d,MAURITIUS/ID,True,0,0.0013307565
ca43523cc70747ba8f18940c5ff8c2cd,EGYPT/DL,True,0,0.0014069732
ca4ca97b37734a8ba4a779fe53d79630,MAURITIUS/ID,True,1,0.9999968
ca5325e98ea24e21b55d6c3366b13b28,MOZAMBIQUE/DL,True,1,0.9999976
ca55bdc44f1748dc978e3615de13b3b6,BENIN/DL,True,0,0.0008932639
ca5bc6d8ce8f45c5aa6e9b2d2aa39829,MOZAMBIQUE/DL,True,0,0.0008777487
ca61dc90d6a54b5ba1d99008f577f6a5,MAURITIUS/ID,True,0,0.0008708432
ca706319b7d34cf592900fd85bfd0045,BENIN/DL,True,1,0.99999774
ca736f1ff831427ab1527c7a68e1a2be,EGYPT/DL,True,0,0.0012648255
ca868e7e6320446b841fabc065d1be8f,MOZAMBIQUE/DL,True,1,0.9999974
ca9b3fd3697745c78fc926737800debc,BENIN/DL,True,0,0.00089283887
caabc160a5f44e14a6685401128bac5a,MAURITIUS/ID,True,1,0.99999785
cab06c78b89a46c7b2ae910d36c8e711,MOZAMBIQUE/DL,True,0,0.0009102786
cab9666e371344c1b454264c632e024b,MOZAMBIQUE/DL,True,0,0.000876762
cabe8d770d70446881d54c69a16a4889,MOZAMBIQUE/DL,True,0,0.00086537795
cabf11dc251e4e0eaa37270ddc4bb436,MAURITIUS/ID,True,0,0.0015920314
cac26b294e554c31bfcede5f3f5b7fbc,MAURITIUS/ID,True,0,0.00091061986
cac5584d8e2845eeb79b931256a938d0,MAURITIUS/ID,True,0,0.00087981997
cac84aae8d7e447aad10c78c7ea4e0f6,MAURITIUS/ID,True,0,0.0012603297
cac9f1c50efb4ce4a29e68c249b99699,EGYPT/DL,True,0,0.0012756104
cacff443d9df421d87f1eeb2ad1606dd,BENIN/DL,True,0,0.0008953247
cadce6972832479c82ad9bdee73a58e0,EGYPT/DL,True,0,0.001505327
cadd983bce1f4eb68d691ceb08442ec0,BENIN/DL,True,0,0.00089747104
caea0c6b94e14fa2bf2a021b41f4873b,MAURITIUS/ID,True,0,0.0014927073
cb00f5d5cdf34abf8cc95a10d09b0518,GUINEA/DL,True,1,0.99999774
cb04316cb687462db5530433509bd5ba,BENIN/DL,True,1,0.99999774
cb1068fe5442446eb736c78ca5646524,GUINEA/DL,True,1,0.999997
cb130fa4fa754881903f2d015d405de5,MOZAMBIQUE/DL,True,1,0.9999975
cb156d68a172450bae32a4ea742a8809,GUINEA/DL,True,0,0.00089497503
cb1653ec15a14c7fab4c9a14c7628580,EGYPT/DL,True,0,0.0014692371
cb176228638a427a933ab8324f49facc,MAURITIUS/ID,True,1,0.99999654
cb1fb85fb30943a6a699df421608d213,MAURITIUS/ID,True,0,0.000871587
cb21402a01ad4556a9ea48f513e5a970,BENIN/DL,True,0,0.00090990873
cb268920bca84bf88f0d3db854a1c497,MOZAMBIQUE/DL,True,1,0.9999974
cb286feda62c4c3ebfa8a4ef073b2606,GUINEA/DL,True,0,0.0008916631
cb2effc70ec94f17852498df8c48903f,EGYPT/DL,True,1,0.99999785
cb329d45492e4b99af43189969093525,BENIN/DL,True,1,0.99999726
cb34801a11514a6aaff75a215a538a89,EGYPT/DL,True,0,0.0010224748
cb3530bb1fc34e9db7707ccafdc2045f,EGYPT/DL,True,0,0.0012595382
cb35883eb851444da4062de9f38ae1d2,EGYPT/DL,True,1,0.9999974
cb3857335c294ee3933680a95f7ff5d3,BENIN/DL,True,0,0.0009147204
cb395020b7844eb29ac255d75439b3b8,MOZAMBIQUE/DL,True,1,0.9999975
cb4550f367e046259b7f6ae3f3c8e30c,EGYPT/DL,True,1,0.99999654
cb470ceff0a84093a735aae3e7c8b1ac,MOZAMBIQUE/DL,True,1,0.9999976
cb542fb98fac4734a4d6af9ea28db32e,EGYPT/DL,True,0,0.0009853105
cb56af415e334afb91e96edd6e23e753,BENIN/DL,True,1,0.99999726
cb5bedcf55dc44579c84f8ee613aafcb,EGYPT/DL,True,1,0.99999666
cb6626a2c9c7442bb53c0b87231c16bb,EGYPT/DL,True,0,0.0012985065
cb6a33cee4f64155b5ff1ea4596b1f14,MOZAMBIQUE/DL,True,0,0.0008671742
cb6c9a85e0d84774b431d9eb5ae526a2,MAURITIUS/ID,True,0,0.0009141754
cb76566276e942bf87be61a568042c5d,BENIN/DL,True,0,0.0008906891
cb7e388523f144228850ed838b7a32a5,EGYPT/DL,True,1,0.9999975
cb7f07faf3104a5dbcd313592a1a5ce3,MOZAMBIQUE/DL,True,0,0.00086381444
cb9286f502954d2b8c6a7d3c6587f936,EGYPT/DL,True,1,0.99999785
cbadac9baa4b48b58c647b5fdfbea79b,EGYPT/DL,True,0,0.00131742
cbc35d4f0f77437cbcb5f804c1d05e5d,MOZAMBIQUE/DL,True,1,0.9999974
cbc4521f02b94472b501d9458a10c2a0,EGYPT/DL,True,1,0.999997
cbc9f7db7ef245079fa37fecfd46d448,MAURITIUS/ID,True,1,0.99999774
cbcf84ae2f184183a484f430c1f9edda,MOZAMBIQUE/DL,True,0,0.0008741336
cbdb7ed7122a4456b9275b7208c619f4,GUINEA/DL,True,1,0.999998
cbdc881b43914622bd7adced4e8d5add,MOZAMBIQUE/DL,True,1,0.9999976
cbe0f5e67bc046f49c11b309623b2304,EGYPT/DL,True,0,0.0010323864
cbe466494193469484b99ef8e341af6f,MOZAMBIQUE/DL,True,1,0.99999774
cc02fe8b78c4426a9e2d45329048596e,MAURITIUS/ID,True,1,0.9999974
cc05657df0dc47f1a05368413fdaf447,MAURITIUS/ID,True,0,0.0009031825
cc0705ba60e54400b2671f0608749b61,MAURITIUS/ID,True,0,0.0010556998
cc09255e01134003a39f200a9ba9da68,GUINEA/DL,True,0,0.0008881955
cc13533a658b41eaaa9f1494a17be27a,MAURITIUS/ID,True,0,0.0012903651
cc19acab8fbb40039425991cc1edb765,GUINEA/DL,True,1,0.9999976
cc294a0826fe4afe9a5a4aefe9edd39b,BENIN/DL,True,1,0.9999974
cc3b4095c14d4bc8a3db631bbce3d33b,MAURITIUS/ID,True,1,0.99999666
cc3bc86848b945d3939b3544a8facf73,MOZAMBIQUE/DL,True,0,0.0008753505
cc54f6cdf96e4fb0a20ca176563eb0ac,EGYPT/DL,True,0,0.000981876
cc60e023f7f046e9b8021317c89501cd,MOZAMBIQUE/DL,True,0,0.00087955507
cc805d40047c481b8a7767435230b60d,EGYPT/DL,True,1,0.99999774
ccb87443d84e43b3b64aa87f651e0edf,MOZAMBIQUE/DL,True,0,0.00086788164
ccced562ad8846e2add370d7790f1a4c,EGYPT/DL,True,1,0.9999976
ccd194118c654bc990febdc89f24ffe0,GUINEA/DL,True,0,0.00089247903
cce8bfa27d2140bc806caa8dc0dff592,GUINEA/DL,True,1,0.99999714
cd0b872d6d624bca80014d657429c0ff,MAURITIUS/ID,True,0,0.0008827308
cd14f6dbba6248f7b88a5a30a7e8f65d,BENIN/DL,True,0,0.00091748516
cd17717f5d1540b89afd6c25958fb637,MOZAMBIQUE/DL,True,0,0.00087402615
cd2136e590ed4fa886f35d8cfa604bef,GUINEA/DL,True,0,0.0009807312
cd2a71b54d3b4376b6e075b961c53430,GUINEA/DL,True,0,0.0008852666
cd3bdd12600a49e888acb9fb6645905c,MOZAMBIQUE/DL,True,0,0.000865655
cd425f5cdf32432aa39a34b0e5e78097,MAURITIUS/ID,True,1,0.99999654
cd4c6882f8664b67bc89e4c8f25ce4a7,MOZAMBIQUE/DL,True,0,0.0008739196
cd552347ce1e4e3796c8d9e7a9c0edd4,BENIN/DL,True,0,0.00090609945
cd5b58bf781941c58fb77a81c4d4c1a4,BENIN/DL,True,0,0.00090849056
cd5c15cd2cf74e04b32075defb6968f0,EGYPT/DL,True,1,0.9999974
cd68d5f13e084c569eae61bbf52d7272,EGYPT/DL,True,0,0.0012315518
cd74ef1b72e7434282cc4a6500c7596f,BENIN/DL,True,0,0.0008909395
cd87834e7119431ba9547ace0e450474,EGYPT/DL,True,1,0.9999975
cd93c05a880249ea9da30e27bd65f157,GUINEA/DL,True,0,0.00088616327
cda6f4c24b1b49249a635e8a76516a92,MAURITIUS/ID,True,1,0.9999969
cda8285381d3445d92713a30e8c3a5eb,MOZAMBIQUE/DL,True,1,0.99999726
cdb020d2a3e44a21b3ec301f86f476b5,EGYPT/DL,True,1,0.99999785
cdb6f9af14bb4a4891d7cf8f6cf3b547,EGYPT/DL,True,1,0.9999969
cdc495d266e94d02ad3151e222287928,MAURITIUS/ID,True,0,0.0009920837
cdcb9a1b779349b8ac018bb47e75a453,MOZAMBIQUE/DL,True,0,0.00085924566
cdda3f6e948a4d7888590d7806879fea,EGYPT/DL,True,0,0.0016928368
cdf1cffbab7947ef83b977545175c734,MOZAMBIQUE/DL,True,0,0.0008792475
ce1139aac6e7498a97480ee3b7e84ede,MOZAMBIQUE/DL,True,1,0.9999975
ce1750f30fd7411c8049662f77626abb,BENIN/DL,True,0,0.0008939923
ce1a8363f7764587ba8e81a0b16d7ce3,EGYPT/DL,True,0,0.0011616605
ce1b3d7298db4b6384fd704f5576d60b,MOZAMBIQUE/DL,True,0,0.00087072334
ce3350ed24734965b9006e0dc8b8cfee,MOZAMBIQUE/DL,True,0,0.00088182074
ce4bc95b821f4de2904bbdd734d3c2cd,MOZAMBIQUE/DL,True,1,0.99999774
ce4d4b1735b34480aba562e67ba44e56,MAURITIUS/ID,True,0,0.0008860176
ce5dc459766f4cbf83ada9a943137d16,EGYPT/DL,True,1,0.9999976
ce6ecac3fd9c4ab7a26433a03bc5e15b,MAURITIUS/ID,True,0,0.0015024587
ce77f692d2f84259a80f42ebd3b0b9b0,MAURITIUS/ID,True,0,0.0008933349
ce7df0838ead47eeb33d4c8158cd7ea3,MAURITIUS/ID,True,0,0.0013566653
ce7f324c16084a3b91c56298a740ad93,MOZAMBIQUE/DL,True,0,0.00087040925
ce8682d6b79e46268a6c694b0d131801,MOZAMBIQUE/DL,True,0,0.0008708797
ce8f24cfd12a426686061ea2a9cc6ab8,EGYPT/DL,True,1,0.99999654
ce973cd673d848e48fdb582f3d4a52c4,BENIN/DL,True,1,0.9999976
ced099f5a15e45c183c7404e95ebacde,MAURITIUS/ID,True,0,0.0008868183
ced161d1cf7f47b28191ad7633a2b07f,MOZAMBIQUE/DL,True,0,0.0008631628
cedb6f864d6c40c5bcc66ebe301763d9,MAURITIUS/ID,True,1,0.9999975
cee0707fe2bd4c1fae227c2119efeea2,BENIN/DL,True,0,0.00089614233
ceeffd9d4d034305a8e8654f19337eba,BENIN/DL,True,0,0.0008898702
cef6c297da3b4a1c8af1b39b72caf7c8,MAURITIUS/ID,True,1,0.99999654
cf0432fb127f4f9fa5c9b2a7181299ad,MAURITIUS/ID,True,0,0.0014426666
cf12ad261a8c49fb8034f8715b45527e,MOZAMBIQUE/DL,True,1,0.99999774
cf220a1d6b66473285a196387a219b17,EGYPT/DL,True,0,0.0013743954
cf27f1cb4c8b4bf7b414b25bf185b6aa,MOZAMBIQUE/DL,True,0,0.0008755332
cf2cc559226e4358a201ccd8d158f9dc,EGYPT/DL,True,1,0.9999969
cf3bd862e90e45b9a6542c073690a13c,MAURITIUS/ID,True,1,0.9999976
cf4359da47654014adae8cad72fbf32e,BENIN/DL,True,0,0.00088850304
cf4f6cc46fd04808846ff49c3b13f785,BENIN/DL,True,0,0.00089446816
cf52367453f44d13a5584315646ead13,GUINEA/DL,True,0,0.0009016173
cf5e891d511a4ceabc923128162f2701,BENIN/DL,True,1,0.99999774
cf7a8750792b4884b14cb54f727cacaf,MOZAMBIQUE/DL,True,1,0.99999714
cf7c6c7538cc427795569c3185511e51,MOZAMBIQUE/DL,True,0,0.00088152883
cf871f7fd15a49ffad1cd526f36c6841,GUINEA/DL,True,0,0.0008877635
cf8c73cbf62d4875823918ac6fb09d5a,GUINEA/DL,True,0,0.0009169587
cf98594794914406919fa335658a65fd,BENIN/DL,True,0,0.0008998544
cf99bbe0fbc14d34959850294b19fcfc,EGYPT/DL,True,0,0.0009906131
cfa3f6a4a7244c66b3793826bd0114b1,MAURITIUS/ID,True,1,0.9999975
cfab81d3d609479d93f9a8bda70da8e0,EGYPT/DL,True,1,0.999998
cfb8407b32af4b2c9603be9ca43add3e,GUINEA/DL,True,1,0.99999785
cfbfebcda1b04463b48c2d35f6189b59,MAURITIUS/ID,True,0,0.0008907117
cfdd7791d331448491faae48ee6bc3c3,EGYPT/DL,True,0,0.0011276723
cff3630730e74d1c86a4a36adb06c96d,GUINEA/DL,True,1,0.9999974
cff89750513e4dfebca0266aba903e71,MOZAMBIQUE/DL,True,0,0.00086526177
d000cf09045e4a669b4dca2678c27c68,MOZAMBIQUE/DL,True,1,0.9999976
d005942f5713418e847f4de29d59037e,EGYPT/DL,True,0,0.0011346147
d01705422b5043908ab993d25e930cfb,MAURITIUS/ID,True,0,0.0011748564
d0178500b7b14bb588c9b0fc17c639b0,MOZAMBIQUE/DL,True,0,0.0008709606
d0273449ac524192b53b3b52bab0ba3a,MAURITIUS/ID,True,1,0.99999774
d02a190320304c2995fb1ac0ec4d3eff,MAURITIUS/ID,True,0,0.0011761922
d04281f88de94556a6daa0ce3f74bf63,MAURITIUS/ID,True,0,0.00095621555
d044bf38f8b741a68137550ba600e79d,GUINEA/DL,True,1,0.9999974
d0494d68f7c74c54867fad9f6b419c0e,GUINEA/DL,True,0,0.0008886501
d053e148d51341e5bcba1b06031bf5d1,MAURITIUS/ID,True,1,0.999997
d0586be14af943378f561844d1932b44,GUINEA/DL,True,0,0.0009032742
d064263a5262497e8050d4dfc971e084,EGYPT/DL,True,1,0.9999976
d0654edad89141da99b787a55a806e1c,BENIN/DL,True,0,0.00088833715
d06654cc49834a8c9590995a51ef339e,MOZAMBIQUE/DL,True,0,0.0008761816
d085c29b056348d185fbff42fc032404,BENIN/DL,True,0,0.000893446
d0a6edec00084867b9a5b4e8219d3af6,EGYPT/DL,True,0,0.0009874165
d0a99b529c01441aa5858d0d560e6f29,BENIN/DL,True,0,0.00090111705
d0b10cb6bea64de18e0d319f92a750e6,GUINEA/DL,True,0,0.000898663
d0babac0f58645a989b528034ba9df3d,EGYPT/DL,True,1,0.99999785
d0c67ff20cfc4660b95943e5d6c3ce77,MAURITIUS/ID,True,0,0.00087566004
d0ca15a64e5a43a088644b83cbcb233b,EGYPT/DL,True,0,0.0013287594
d0d2d0262cff4107b9d82d63797a6e94,EGYPT/DL,True,1,0.99999654
d0d35bfd01c74e20bbff6b46ee6ed27f,MOZAMBIQUE/DL,True,0,0.00086825347
d0df0c6e8f934d37886eaa233344d15e,EGYPT/DL,True,0,0.0013800227
d0e281147c624456b2a92e8e35007729,GUINEA/DL,True,0,0.0009148569
d108fbe763be4c9e971dbb9b3f6dd5a8,GUINEA/DL,True,0,0.00089009025
d1406f8a773748ebb39337fc05febeea,EGYPT/DL,True,0,0.0014188536
d146c433822e468d87f99d27134bce26,GUINEA/DL,True,0,0.00089529995
d14a9cdaf018406f99ddfec85bc4812f,EGYPT/DL,True,0,0.0011199185
d14d130ab3934bd2ad779f105d8f5285,MAURITIUS/ID,True,1,0.9999976
d1589e87c9c84daba6129d4a9efee76d,EGYPT/DL,True,1,0.9999976
d15d0d7c59914e1e9864c119e439d9e9,BENIN/DL,True,0,0.0008899049
d174f64daf934181959a1460f33f36ee,MAURITIUS/ID,True,0,0.0009583868
d17559b8d02440298917bd64e4ac1283,EGYPT/DL,True,0,0.0010858735
d17ff0b2348b4dff9c35a4f3e7aee96c,EGYPT/DL,True,0,0.0010590169
d187118b1d444deead7ae393773941ce,MAURITIUS/ID,True,0,0.0008766229
d197386b1c80499a9f5205bd43ce75b8,MOZAMBIQUE/DL,True,0,0.00086431584
d1a015a8e8f94b8eabcba054e03be5bb,EGYPT/DL,True,1,0.99999774
d1b02de87535432fb702ab87ce99e2d7,MOZAMBIQUE/DL,True,1,0.9999974
d1b416483d3b40f6a509817fa6df44b4,MAURITIUS/ID,True,0,0.00093674584
d1b9cf5014144da6abd62cea2acae0e6,BENIN/DL,True,0,0.0009122977
d1bc9e2f7ecc4d0aacc9d8a0025deaf4,EGYPT/DL,True,1,0.999997
d1bfdbd5b80c4a04bcc83737da739a5e,MOZAMBIQUE/DL,True,0,0.00086534995
d1bfe88575d845a88025463e676a4753,EGYPT/DL,True,1,0.9999976
d1cddc535c9d431c96c663e26c251631,EGYPT/DL,True,1,0.99999654
d1d32bac59304ec195ad7c5088f1b874,MOZAMBIQUE/DL,True,0,0.0008670341
d1eeff89db91473ea3a49183fcbe535c,BENIN/DL,True,0,0.0008906666
d225cff06fec4b3d8d99065907f8f4e4,EGYPT/DL,True,0,0.001345235
d22c392a8de540f08a42e5833b49f21e,EGYPT/DL,True,0,0.0009749783
d2319cb955974f919128d65b82f4183f,EGYPT/DL,True,0,0.0010208153
d2719f888edb40e19d41205d176d02d8,EGYPT/DL,True,0,0.0013357467
d279933de57e40319a07678aef8cb527,GUINEA/DL,True,1,0.9999975
d2818c9409034dfa827686476748d6a4,MAURITIUS/ID,True,0,0.0017690489
d28c8a4f069d489a8f1cef949d382e4d,MAURITIUS/ID,True,1,0.9999969
d2932c3b25944537ad8d77eb4db8d5c3,MAURITIUS/ID,True,1,0.99999785
d29817db96e446c9b2c0defb066c9121,EGYPT/DL,True,0,0.0010510199
d2a6e271f8914f14a917583f5ccce0e1,BENIN/DL,True,1,0.99999774
d2aac3c69ad14d759c273705f1d80d1b,GUINEA/DL,True,1,0.9999672
d2acc309f5824c46974d988f8f5b9009,MOZAMBIQUE/DL,True,0,0.0008670601
d2b7167581a74217917878cc50816a73,MOZAMBIQUE/DL,True,0,0.0008825672
d2c0c42491f1423d868d100d64f03453,EGYPT/DL,True,1,0.99999654
d2c702fff4744169ae12b5aa839f93f0,EGYPT/DL,True,0,0.0028270374
d2c9fc5fc85e4b44814b3adc73987f27,MOZAMBIQUE/DL,True,1,0.99999774
d2d5ad8a39f5436a8edcb19796c88cbb,GUINEA/DL,True,1,0.99999774
d2da43324b664c5c8968a7ad6994309e,GUINEA/DL,True,0,0.000899965
d2fbd19a3fd54dd8a2d2a8268a22bdcc,MOZAMBIQUE/DL,True,1,0.9999975
d300ed8a6280413d9fd73d2a12fefa48,BENIN/DL,True,1,0.9999969
d30596cf51614fa88d04d2b43802e857,GUINEA/DL,True,1,0.99999774
d30859c935a8469c8b6f09e2f2e8607c,EGYPT/DL,True,0,0.0012327918
d30c4fce5e0e4658a5cd5aeadc5fdfba,BENIN/DL,True,1,0.999997
d30c513e217c450e9c85de2a47db2b1b,MOZAMBIQUE/DL,True,1,0.99999774
d33035c07dfa46be895822d503838980,MAURITIUS/ID,True,0,0.00089337496
d335f961e96b45a999456b69dc80a227,EGYPT/DL,True,0,0.0013113818
d33b83d2185a4ea587ab1b86605bc561,MOZAMBIQUE/DL,True,0,0.0008680724
d34141e7d1b64c36862944da258d9556,MOZAMBIQUE/DL,True,0,0.00088471844
d34215542e664eb0910e3f32ecb4b609,GUINEA/DL,True,0,0.0008918347
d345b8a704114bd6b3163d6b472fbfc9,GUINEA/DL,True,1,0.99999654
d3475dbdbfb74939937cdc69e2fc2030,MAURITIUS/ID,True,0,0.0011737702
d34ec93bcb5f4a1c9ca134cf73b69ac5,EGYPT/DL,True,1,0.99999654
d3546fdd957c4b85a0a9fdb8ba402a29,MOZAMBIQUE/DL,True,0,0.000869502
d370db6a42474f318039d3bdbb59a3ff,BENIN/DL,True,0,0.0009009457
d375cf27e8c64897b89c6fb528e03dd4,GUINEA/DL,True,1,0.99999774
d37e5c5bede74ac582ceb8a5bf74cb0b,MAURITIUS/ID,True,0,0.0009154803
d394ca9eb6164148a1ad0000b29156bd,MOZAMBIQUE/DL,True,0,0.0008650161
d399b44e40fd4b7ebeb886d974a4e136,MOZAMBIQUE/DL,True,0,0.0008755466
d39e6b928e0c44c6b24c429303e2b784,EGYPT/DL,True,1,0.9999969
d3a8f1d11d2341df8b00913816029b9d,BENIN/DL,True,1,0.9999968
d3ae1db98a6940b99182e267874d67ec,MAURITIUS/ID,True,0,0.00087984337
d3c25150a3094958a8cec3bffd203790,MAURITIUS/ID,True,0,0.000879266
d3c9c967a1174100b22adeb6a6d332bc,GUINEA/DL,True,0,0.00089129276
d3ce4086ce4245998ee1026903440854,EGYPT/DL,True,1,0.9999968
d3ced9c4c083453899d040bfe9b3bba9,EGYPT/DL,True,1,0.99999774
d3d79247792e47a68973dd8aa379329f,MAURITIUS/ID,True,0,0.00089716195
d3e20928dd764b388e0e4ece5cbbe380,MAURITIUS/ID,True,1,0.99999774
d3ed743f0ec54329a8e011296201d1bb,MOZAMBIQUE/DL,True,1,0.99999785
d3f0cc2cb9f14f5f9dee31ec815dded4,BENIN/DL,True,1,0.9999976
d3f4b5e546634c7e8fcc1fa4d1c6ea63,EGYPT/DL,True,0,0.0026061705
d3f6c740299c47f09deb9b4037de3344,MAURITIUS/ID,True,0,0.0009309017
d412562f17e8426e90e2530f0672ef8f,EGYPT/DL,True,0,0.0009491353
d41e7cd8813e468da54d2db02689b519,EGYPT/DL,True,0,0.0012295517
d42f8c32891f4d36a5079826beeb2e46,MAURITIUS/ID,True,0,0.00089847465
d4302dcbf990470ca2a7d75072b1d9ad,BENIN/DL,True,1,0.99999714
d436ffb6a2774eb4b5a0cff100a3857f,BENIN/DL,True,1,0.99999774
d45a3279eb594714bff93f9611c806cb,GUINEA/DL,True,1,0.9999974
d46dc5199db54ca2887ab3e7f52b5e53,EGYPT/DL,True,0,0.0014806759
d4729aa3ffd0485a8c829d659322f7a4,MAURITIUS/ID,True,0,0.0009535989
d48253fa320f4015a237d87bd53905f4,BENIN/DL,True,0,0.00091040734
d488cb9e37874bff985d7090a03216d6,MAURITIUS/ID,True,1,0.9999964
d4a4f5036bff4f0ab558b1c05bff78f3,MOZAMBIQUE/DL,True,0,0.0008722633
d4a8fb5dc00240048948365daeadd8b7,MAURITIUS/ID,True,0,0.0015415496
d4ab16b006404e34bf566b26b59b690a,MOZAMBIQUE/DL,True,1,0.9999976
d4ab1bbd097a4a838fd1ccc6544d7bff,BENIN/DL,True,1,0.9999974
d4b91a101ea04f529bce966bcaf523b7,EGYPT/DL,True,1,0.9999975
d4c133c869d9442396700afa79ca9a16,MAURITIUS/ID,True,0,0.00090003235
d4c2538b1a09438a8e916354221b2fd0,BENIN/DL,True,1,0.99999774
d4c4d6711e6448659792e54a13980391,GUINEA/DL,True,1,0.9999975
d4cc153c51eb4b6ba2ab6aea38de3862,GUINEA/DL,True,1,0.9999974
d4ce10a06292426c9a7d3987111f2451,MOZAMBIQUE/DL,True,0,0.00086145947
d4df4e7d609e432294dc7a4f4b4f75d6,GUINEA/DL,True,1,0.9999976
d4dfd1c4cc954044b9a38b1bf8b0a142,BENIN/DL,True,0,0.00090075517
d4e72720acfe4fdea3b814c27a78aa71,EGYPT/DL,True,1,0.9999976
d4e89d20c6da40209dc2e439e68b755b,BENIN/DL,True,1,0.9999969
d4f0791212a040188cc9fdbb6521e694,BENIN/DL,True,1,0.99999785
d4fa118e73b845e4a8069fca522af96e,BENIN/DL,True,1,0.9999974
d4fb2fe1b33f4fdcb21b00cd24e9f10e,GUINEA/DL,True,0,0.0008939293
d507bd6d4a0b4ee1b8541c430590e381,MOZAMBIQUE/DL,True,0,0.00087263604
d50b1b1cc1854c13b1a5490d18ea75d4,GUINEA/DL,True,1,0.9999976
d50f2259c9514f2c85e7193aedbe6d92,BENIN/DL,True,0,0.0008868268
d521cfcdccc64537a0cac531c1ac7e17,EGYPT/DL,True,1,0.99999774
d53485ea425d4187b3685cadccafc4eb,GUINEA/DL,True,0,0.00089395395
d547b4ca37d54f709a6fd6c34f53ed50,MOZAMBIQUE/DL,True,1,0.99999714
d549f0c9afb548869ce35a806a066b74,BENIN/DL,True,0,0.0008924489
d55e50559445454bb5cdd7402b43132e,GUINEA/DL,True,0,0.0038416986
d5611c2ef9e141fe996483016c4f4363,MAURITIUS/ID,True,1,0.9999975
d56d050736cd44659acc31bbc8d2b846,GUINEA/DL,True,0,0.0008939799
d571652db5fb465cbefac46ae367e3f5,MAURITIUS/ID,True,0,0.0012510779
d573ac8e78f44559b46e6c6b277a26a1,BENIN/DL,True,0,0.000889723
d576ad6c19dd42fb876c34b1bfe93233,MOZAMBIQUE/DL,True,0,0.0017170404
d57fb2a07d3b4cf8ae9299490156c3c6,EGYPT/DL,True,0,0.0014535602
d588acb21b9b4822aed37a058db30621,MOZAMBIQUE/DL,True,0,0.00088858395
d5951ddf347446cfa547d783515939ba,MAURITIUS/ID,True,0,0.0008952471
d5a1bfcdf6a14189aefed03e5d94c34a,EGYPT/DL,True,1,0.99999774
d5a94a55779844faaeffa4498bec7ece,MOZAMBIQUE/DL,True,0,0.000871621
d5b34f76be0b405d92a50dfff25964b3,EGYPT/DL,True,1,0.99999774
d5b7cb8f5c9a48f99191ce46437c15b4,EGYPT/DL,True,1,0.99999785
d5be1c0c35b14bee8586a94644d90f8d,GUINEA/DL,True,0,0.00090269645
d5c90ac3fc244fc789084f6b1573d728,EGYPT/DL,True,0,0.0015840884
d5cc8cea82584bb9b547b0a1d31bf0be,EGYPT/DL,True,1,0.9999976
d5ccd253a954442780530a088d62fe7f,MOZAMBIQUE/DL,True,1,0.9999975
d5ea756fe07d49a1903e6e3edfeeb612,MOZAMBIQUE/DL,True,1,0.9999975
d5ef3b72374c47569c87f85b50baf3e0,EGYPT/DL,True,0,0.0010381751
d5f7701600824e4cafd1d24c504979bf,EGYPT/DL,True,0,0.0011349568
d5f98b1e2cf149de8ee39d4eb6875059,MOZAMBIQUE/DL,True,1,0.9999975
d5fcd300471143ecbd67605c0c27c9a6,MOZAMBIQUE/DL,True,0,0.000957913
d6018d0598484d67936fec06d113b89a,MOZAMBIQUE/DL,True,0,0.00086297817
d606b893b79848a2895d07e144a53f02,MOZAMBIQUE/DL,True,0,0.00086943037
d6070f63c2d74dbf835f24f69dd25b25,GUINEA/DL,True,0,0.000897312
d61df57535834ff2bcff41e032c6cafd,EGYPT/DL,True,1,0.99999774
d621b3654474417daa059f3546edea98,BENIN/DL,True,1,0.9999976
d63a461bf9e3416b9f714239ff551abb,EGYPT/DL,True,1,0.999997
d6528c370530408e9ef2bc517a0d3fb0,MAURITIUS/ID,True,0,0.00088057766
d655a13b422649dc9a91bc87b7db19ca,GUINEA/DL,True,0,0.0008946711
d6642fcbfb274483979944404c6574af,MOZAMBIQUE/DL,True,0,0.0008736498
d67234a1326f4b13b0c6080857e9cae4,MAURITIUS/ID,True,0,0.0016902487
d67684d5f1bc4724b4f95f88497ba275,MOZAMBIQUE/DL,True,1,0.9999975
d68191774c7a41d381e22ff769be2c33,MOZAMBIQUE/DL,True,0,0.0008730735
d68de207c185485a808585ef9556bd18,BENIN/DL,True,1,0.99999774
d6959b047fe743ec8a6aabded3aca123,EGYPT/DL,True,0,0.0010511897
d6aaba87c62d4aff936394a5405eb04d,GUINEA/DL,True,0,0.0008956664
d6acd64be6ed46919a285c333e8d0bb9,BENIN/DL,True,1,0.9999968
d6aeef4d7dad414ea51a8393151e39bb,GUINEA/DL,True,1,0.99999654
d6b9efbd66f649aab57c8ca3fa683bcf,MAURITIUS/ID,True,0,0.00092999707
d6bfe7463e1549808aad138101c0181c,BENIN/DL,True,0,0.0008924111
d6c69717b63342e3ad0fd9fe30f4649e,BENIN/DL,True,0,0.00089758955
d6ce0e71b584485eac154ff794f607d4,EGYPT/DL,True,1,0.99999774
d6d6f553c77e4bd3ba0fc142a6b5e62c,EGYPT/DL,True,0,0.0015695295
d6db476a4c08412ebf1d4f98ba080daa,MOZAMBIQUE/DL,True,0,0.00086270727
d6e65a405dc84330ac93100a90935914,MAURITIUS/ID,True,0,0.0009008998
d6ec7ccfaadf4e4b97161f626d4590d1,MAURITIUS/ID,True,1,0.9999964
d6f7f6ca10a742d68de51475114bd190,MOZAMBIQUE/DL,True,0,0.00086995494
d70ac4df95f4454399b2505010059251,EGYPT/DL,True,0,0.0013486743
d70c441147f24b93b4dfab9cf0a2f8af,BENIN/DL,True,0,0.00088724593
d71b5ca820b4462ab4f642d12915fe77,MOZAMBIQUE/DL,True,1,0.99999774
d726a38dd9914ce9b859b92f59473c7b,EGYPT/DL,True,0,0.0014250271
d740365b13f74bfab3740beaa9469bbf,MOZAMBIQUE/DL,True,0,0.00086728856
d747979c99fc4735a18da2a7f276cac4,MOZAMBIQUE/DL,True,1,0.9999975
d74c0f06bb0648f9b88010899a1db06b,MAURITIUS/ID,True,0,0.00089292694
d74f9ed065c74ebba343d18c1b297c67,MAURITIUS/ID,True,0,0.0008859923
d7535d7a4472423fb8839dccb125ba55,MAURITIUS/ID,True,1,0.9999969
d757d160d5b2448283a56c11e691a47f,EGYPT/DL,True,0,0.0011290584
d76359234c2a4db8b2e9274ac3f6d26f,GUINEA/DL,True,0,0.00089401356
d7679689e6d24275a82d463d23f1895d,MOZAMBIQUE/DL,True,0,0.00086999475
d76d2dac162c4d47875b11044efce2ae,MAURITIUS/ID,True,0,0.0014309019
d775296f7da345a89be9991bb43a36ea,BENIN/DL,True,0,0.00089301704
d788f09a3a3a4da98063ca821f210123,EGYPT/DL,True,0,0.0011849614
d7981087bc754394babe6d4896a54dcd,GUINEA/DL,True,0,0.0016728601
d79983fbb8794ff4aa9124d11ff3bfaa,MOZAMBIQUE/DL,True,0,0.00087985396
d7ab7a974226415eafd145a7fe5ece39,MAURITIUS/ID,True,0,0.0014501619
d7b3f1a2fd31435e888a5bd214ed498c,BENIN/DL,True,0,0.00089620164
d7e0a2b5b8bf4b95a4943b608f501959,MAURITIUS/ID,True,0,0.0014094758
d7fc29f54f1a48089215db49b1fd56e1,MOZAMBIQUE/DL,True,1,0.99999774
d80da991d6a941b68e7cb1337a230785,EGYPT/DL,True,0,0.001289913
d813adea26a34fdfb70be1e0b6c0f2dc,MAURITIUS/ID,True,1,0.99999726
d81493205e204a8ba8b9dc4fcb16feb1,EGYPT/DL,True,1,0.99999785
d81cb109c1074505bd2206d306030e32,BENIN/DL,True,0,0.0009005204
d81d22fc29de46a0b2bf3591bfba99b3,BENIN/DL,True,0,0.0009012235
d8213a5dcb8a4c04a96e6118456211a3,MOZAMBIQUE/DL,True,1,0.99999726
d82f75669315469bb4f11a098ad0562b,MOZAMBIQUE/DL,True,1,0.9999976
d84e0d9241ca4198946f9767530e3db2,EGYPT/DL,True,1,0.9999976
d84f21ed57c240b3b60c25a6a4a765ec,BENIN/DL,True,0,0.00088672823
d852bd23a3b64dda8969db8a5c7e2ec5,BENIN/DL,True,0,0.00091955013
d859eda2a4fd4bc1b8c86e2f6b0c9a93,BENIN/DL,True,0,0.00089770276
d85e94880cfa4ee8964366266920b6f7,MOZAMBIQUE/DL,True,0,0.00086489535
d86224ed0d9c4a31862b4a18d9870cea,GUINEA/DL,True,1,0.9999975
d8648dc8fe254b05906a14398751e013,MAURITIUS/ID,True,0,0.0009919675
d8694ac4fbf94548a568cd85b1607853,MAURITIUS/ID,True,0,0.0009063572
d86cf51c561443f2b169395afcee640a,MAURITIUS/ID,True,0,0.0010323023
d8725ef9c0b149b1a03ebcf76caaede9,MOZAMBIQUE/DL,True,1,0.9999975
d88484bfa6884b4bb083935a68f5a2f7,MAURITIUS/ID,True,1,0.99999785
d8924a0618d140c8aa5d0c3296711f2a,GUINEA/DL,True,1,0.99999714
d894a43748014c99872bb60d7a2f372a,MAURITIUS/ID,True,0,0.0011415129
d89fb8362db44f58908469c35b542236,MOZAMBIQUE/DL,True,1,0.99999726
d8a9bfc8e04c4718b2e9e7a3d27ea82e,EGYPT/DL,True,1,0.9999976
d8aa430907694f8a8f55eb9146bd7858,MAURITIUS/ID,True,0,0.0014702183
d8afb96865bf439e8dfac12f639e3f71,MOZAMBIQUE/DL,True,0,0.0008780445
d8c5605f13ce45a8bec9efceb8d08e90,BENIN/DL,True,0,0.00088634354
d8cbd8adae174d9cae6987d5ddd85d1a,GUINEA/DL,True,0,0.00089848455
d8d48e369b154398b1d23215b5b3d3bf,MAURITIUS/ID,True,0,0.0008963937
d8e3ac73016d4a7b9adc186acdf4460c,GUINEA/DL,True,1,0.99999774
d8ea1125477e4496ba68c1a43841bdd5,MAURITIUS/ID,True,0,0.0011878783
d8ebf3c18c214709a1c0ecf588e8e813,GUINEA/DL,True,0,0.0008773788
d8f798fa6f204d649347bfd934236cff,GUINEA/DL,True,0,0.0009053378
d8fee63e0f9c46d2a2c46975d6fdfc3a,MAURITIUS/ID,True,0,0.0012998749
d90c504589b2404d8bd40353dc367bd3,GUINEA/DL,True,1,0.9999975
d90d0c19fc544fb1b098ef5a430a0794,EGYPT/DL,True,1,0.99999785
d90e85d03ce245b28bf8eb0e2a80ac90,BENIN/DL,True,0,0.00091629225
d9109ed698b24818a359f7e6d8f7a7ac,BENIN/DL,True,0,0.0009114311
d9175d91f7ad45549cbe0485e4b544a7,GUINEA/DL,True,1,0.99999726
d92fe0bb37bb43e098e6ca5ed2007939,MAURITIUS/ID,True,1,0.99999666
d93018f13e954682bf5bd8634f75a5cd,GUINEA/DL,True,1,0.99999654
d9385670559a4430a1f883966d7731cf,MAURITIUS/ID,True,0,0.0010771762
d93b6425a4074e9b8d4aae80693a78b0,BENIN/DL,True,1,0.9999976
d93f76761ad046fc88755855ef30d96f,MOZAMBIQUE/DL,True,0,0.0010812969
d93fc6c32e3c4514acf46d7da5ee774e,GUINEA/DL,True,0,0.0008951217
d945ddf4a74c46b687cdd08636916794,MAURITIUS/ID,True,0,0.0009690418
d9468df8697a42c7bd7efd434e980e8c,EGYPT/DL,True,0,0.001101904
d94fa0afb735485c990c6b4f4a2f8970,MAURITIUS/ID,True,0,0.0008657025
d95cf5558927406cbcf14912af96d4fc,EGYPT/DL,True,1,0.99999774
d9631b8b13ea497990d5968c6f59fb34,EGYPT/DL,True,1,0.9999968
d96f817b164245919a36c407eb8cef46,GUINEA/DL,True,0,0.0008828851
d97ec776f0ea4e40a6572f75e53f6769,MOZAMBIQUE/DL,True,1,0.9999976
d989f3a6afd84481a0e44c6b636dd0fd,BENIN/DL,True,0,0.00089144387
d998c49668b84362befc6bf191a5737b,BENIN/DL,True,0,0.00088679045
d9b011b91b994dbe8b0fcc3d33db1350,EGYPT/DL,True,1,0.99999774
d9b2e8dcb732483aa24f67f9ff86850a,MAURITIUS/ID,True,1,0.99999666
d9bb4520c82f4cc5a22b329a95e5144a,EGYPT/DL,True,1,0.999997
d9c2b4f877f04c3e9d14fe37fbdbef4b,MOZAMBIQUE/DL,True,1,0.99999774
d9c514889c904d5ea09fc6a35aa53511,MOZAMBIQUE/DL,True,1,0.99999714
d9db2a577e454e40a916e7accdeae503,BENIN/DL,True,0,0.00091924577
d9e11d204a7941e08730abe6a1c7c9d6,BENIN/DL,True,0,0.00089335325
da0f033c2cac4e20baa1f0980bd689d6,GUINEA/DL,True,1,0.99999714
da0f8e15a18d46e5b88292fa20c27067,BENIN/DL,True,1,0.9999976
da157ba64d2d41eca30534cd7bac9de9,GUINEA/DL,True,0,0.0008848356
da202a6393b24bff8a7bb0fe46595235,EGYPT/DL,True,1,0.9999975
da35f338bf564a918e95051f241d4a66,BENIN/DL,True,0,0.00089535164
da50588a209d465bb7a30bcba7727ad2,BENIN/DL,True,1,0.99999785
da596e7f30a64b1d867cabb1a4881123,MAURITIUS/ID,True,1,0.9999975
da6bdb5333694e3b9d6878400c61dbf0,EGYPT/DL,True,0,0.0010516423
da6c8dc091ea46c38aa7d45957bc5e66,BENIN/DL,True,0,0.0008944422
da808be0254e419585069ce8e47c8292,MAURITIUS/ID,True,1,0.99999785
da8511bcd4e246969406b084344b1d65,BENIN/DL,True,1,0.9999976
daabbb8c9945404ab957e34cee90ca80,MOZAMBIQUE/DL,True,0,0.0008592894
daad0e21f7344d8cb472577aeadde3d0,BENIN/DL,True,0,0.00088946323
dab9d3c7afde46c7a93c417111313b65,GUINEA/DL,True,1,0.9999975
dacf8a4c5ce845e3a4c9f4074c65074f,EGYPT/DL,True,0,0.001155286
dad72dcbab99443ebc239a13c74bead9,GUINEA/DL,True,0,0.0008927904
dadb10f877f64cec85af033490e14eea,GUINEA/DL,True,0,0.0008900151
daeab090b54e435ab95880e3f8cd0a6f,EGYPT/DL,True,0,0.00096077984
dafafe4f826e4240a1ef11c1d9b5298d,EGYPT/DL,True,0,0.0009471416
db061ce636954350899d39c34e36353a,GUINEA/DL,True,0,0.0008916487
db06965a08d1424bae3958b06f376133,MAURITIUS/ID,True,0,0.001994242
db0b8e6bcfdb4659989e743637bb6aa2,MOZAMBIQUE/DL,True,1,0.99999774
db0edcf74c914f4895bff69a4143ca91,MAURITIUS/ID,True,0,0.0011762577
db1f2a90480b4fae886ea1b3d01765bb,MAURITIUS/ID,True,0,0.00095112226
db22849a891849f285c326684b32c262,MOZAMBIQUE/DL,True,0,0.0008871268
db2ab0e6d15c43888e05ea65b27f1e46,GUINEA/DL,True,0,0.00088731357
db3010f602004ce2b6a369f708b7683d,MAURITIUS/ID,True,0,0.0013937446
db47bddc43264414936d3b13431f2852,MOZAMBIQUE/DL,True,0,0.00086890114
db48a6d04a374e188a15059470a20323,BENIN/DL,True,0,0.00090747833
db4e6702211d413c9f6469cf6388434f,BENIN/DL,True,0,0.00089329155
db67c73dbe684044939365f862c6b565,EGYPT/DL,True,1,0.99999785
db6b60454e324b60b78aac85207e67cd,GUINEA/DL,True,0,0.00089386245
db6ed3188913434ea66405871ddb54ac,MOZAMBIQUE/DL,True,0,0.0008644912
db7f3abf2fd446e390a351ece87a7d04,EGYPT/DL,True,0,0.0012952369
db9647c5b97b4d648824e1968ca64089,EGYPT/DL,True,0,0.0010725938
db98cd2db8534574af37ff91a8560db5,GUINEA/DL,True,0,0.00089596893
dbad50a4e8c54f4f9935be780c513a05,EGYPT/DL,True,0,0.0009643758
dbb5aa6dbe3e43b4aa8cc2acbc691cac,BENIN/DL,True,0,0.0008928159
dbb92145118c4ddf997e48e22c466423,BENIN/DL,True,1,0.9999976
dbc49c2f9f7b47c5994e68e977e84b7b,MOZAMBIQUE/DL,True,1,0.99999774
dbc73ad361ad43d6a0368ce7e3b6e13b,MAURITIUS/ID,True,1,0.9999974
dbcbba62c4f945678d37d6722e55eabd,EGYPT/DL,True,1,0.99999774
dbd29e6d49684531b1509cb24b8fd307,BENIN/DL,True,1,0.9999976
dbdbb8e61b934066a7b39afd3dbb0159,MAURITIUS/ID,True,1,0.99999785
dbdf8b67a6944a6fbb119a4634055e0b,MAURITIUS/ID,True,1,0.9999968
dbe0a590a3f6490ab75d4d227ec88868,GUINEA/DL,True,1,0.9999969
dbe4a5954b4945b48c56e78cfcbe01f9,MOZAMBIQUE/DL,True,1,0.9999975
dbf10a102fa34c55a98d66a8e79b6936,BENIN/DL,True,1,0.99999774
dbf82b2093074faa9c470d971275b1d6,GUINEA/DL,True,0,0.0009043985
dbf9e86175de4057b9511e4ca8598d6d,EGYPT/DL,True,0,0.001231211
dc122ad42fdf4f1e8aacbc9b3f4a1537,GUINEA/DL,True,0,0.0008990219
dc22b2086a3c4cae8f262cd13c0fca1b,EGYPT/DL,True,0,0.0012007597
dc2aae5f4da747f8a621f8e423520d21,MAURITIUS/ID,True,0,0.00088153436
dc2c18e0c1e44ac2b8b70f1fcaf823d2,MAURITIUS/ID,True,0,0.00096129946
dc599c979a8d4656865aab0f86f15035,GUINEA/DL,True,1,0.99999654
dc75fbc0cdb54a4ebd72d11a310b0f44,GUINEA/DL,True,0,0.00089148985
dc77e934c1bf4a018cafbad27bdd00c3,BENIN/DL,True,1,0.9999975
dc8386245d5a42fbbb12064fd885e7df,EGYPT/DL,True,1,0.99999726
dc8e802bb2984fcfb99d199adff5ea6e,GUINEA/DL,True,0,0.00089809083
dc8f2276a0c440c08f43ad9cf3e2cd0b,BENIN/DL,True,1,0.99999785
dc923b5a57a1400bb86b11a5b0932397,MAURITIUS/ID,True,0,0.0011440308
dc95d68c363d485183a682114ff31214,BENIN/DL,True,1,0.9999976
dc98e5ce86ff4e85a39cd13d7412c6b4,EGYPT/DL,True,0,0.0009813037
dcad5af24f6a40f0b2b1592132c4fbf8,GUINEA/DL,True,1,0.999997
dcafb7f64ec042d5ab00fcc0fe0188ee,BENIN/DL,True,0,0.0009029537
dcba30195d9649dbaff4fb089e1fab45,BENIN/DL,True,1,0.9999976
dcc02d5c5baf4ecaa05a03dd0e0a617b,MAURITIUS/ID,True,1,0.999998
dcf1b6507ee24f8baec45ca603c5f883,EGYPT/DL,True,1,0.99999654
dcf42f0c5a4e41069ceb2e3c285a670e,MAURITIUS/ID,True,0,0.0030583912
dcf695b821664520bb57763a0a3bd5d0,BENIN/DL,True,0,0.00089139544
dd0796ad865f490782df0eae5086b0e2,EGYPT/DL,True,1,0.99999774
dd08837d99b44f2aa08990fe52e05f57,MOZAMBIQUE/DL,True,1,0.99999714
dd141b02f1b24452adf423b55ce1b316,MOZAMBIQUE/DL,True,0,0.0008631636
dd26dd39045244a3a3235578a260482e,MOZAMBIQUE/DL,True,0,0.00087273127
dd2ac47bd30947e0a50c176c3da56e6e,MAURITIUS/ID,True,0,0.0013205576
dd3308073200433e88c8fe17794974c2,GUINEA/DL,True,1,0.99999714
dd34261564c745c088c5da25bbf0fd8c,MAURITIUS/ID,True,1,0.99999654
dd3847f6c8ba4e2680a9cb65881cede2,EGYPT/DL,True,1,0.999998
dd698daed7784349a7869da18b04ee06,MOZAMBIQUE/DL,True,0,0.00090979727
dd6a653eb4ba4ff0ab1bffc2e54eba23,GUINEA/DL,True,1,0.9999969
dd86ebb8669b4e138680283f07d1b256,MAURITIUS/ID,True,0,0.0009078385
dd87d02d79734e94bf1b605e50b6d445,BENIN/DL,True,1,0.99999774
dd8959f6c3cd40b4bafee812691f18dd,MAURITIUS/ID,True,0,0.0010708566
dd99c449a2224ed0a3367e0ceb71964e,EGYPT/DL,True,0,0.0010436246
dd9a8b36d895457db8fe3553a7e84fe4,MAURITIUS/ID,True,1,0.9999968
dda44e4e96c54252b40e593dcc619513,BENIN/DL,True,1,0.9999975
ddb00b04775b4a22ae649f6b116e580d,MOZAMBIQUE/DL,True,0,0.0008637712
ddbf6791e8a1409797f136d3af23f96b,MOZAMBIQUE/DL,True,1,0.9999976
ddcef798d48849b38cfa92f8f591ee03,GUINEA/DL,True,1,0.9999974
ddd659d18e90443db23953e9ee6e2120,EGYPT/DL,True,1,0.999998
dddbd4cabae94c5cbb0355b6473d1b1d,EGYPT/DL,True,0,0.0013716527
dde4f7e0f08744ea9a17dec7d3104adf,MOZAMBIQUE/DL,True,1,0.99999774
dde5ca1dbabb47328a64e6f361dba22a,MAURITIUS/ID,True,0,0.0008702019
dded7fdbaeb8434294733c97f93b7498,MAURITIUS/ID,True,0,0.00090522435
ddf3ea8f94354d5aa7d742957393d1f3,MOZAMBIQUE/DL,True,0,0.0008626008
ddfca11005df42ada10e50dc4c5c56ae,BENIN/DL,True,1,0.99999774
de0d8b09ff234301bda6358cb81e75df,MAURITIUS/ID,True,0,0.0012232857
de18881959994b568fa0f9d24969e243,BENIN/DL,True,1,0.99999785
de29ad614f62407ba685182442fb5684,GUINEA/DL,True,0,0.00088835583
de2fee5fcb2c49a18d626d6388127ede,MAURITIUS/ID,True,0,0.001406517
de3266c2a442430d9f604a81e993c2ae,GUINEA/DL,True,0,0.00089253095
de3511aa1bf349c4bf8a9397a506d7b1,BENIN/DL,True,1,0.9999976
de4bd99febc149d987a1b73febaea266,GUINEA/DL,True,0,0.000891904
de5471bc53a444378d0fa8457359df20,BENIN/DL,True,1,0.9999976
de584798d0c04e6dba4e75ab304f2885,MOZAMBIQUE/DL,True,1,0.9999975
de606eec9a8b4cdd9ce9fc4923acbf93,EGYPT/DL,True,1,0.99999785
de67733ba60948a99c05da0d7fe71bd7,GUINEA/DL,True,1,0.9999964
de6b0534414347128c1ad596d49a4275,GUINEA/DL,True,0,0.00089985103
de6dea8f7283483898f382cdf023e210,MOZAMBIQUE/DL,True,1,0.9999976
de6e2ea4e66f43d18f41ce48c3625b7a,MOZAMBIQUE/DL,True,0,0.00087395543
de7e29279d4f48e48db63b347a737a28,MOZAMBIQUE/DL,True,0,0.00087525044
de81d123153e42b9b26a98c1dff6342a,GUINEA/DL,True,1,0.999998
de82b0cc6bdd4df590743ad3fbd5a95b,EGYPT/DL,True,0,0.0010935934
de8c38d229b440809d2ba661cdb2077c,EGYPT/DL,True,1,0.9999976
de958514b4314b1b844487f4b2f22b82,BENIN/DL,True,0,0.0008925021
debd9f4a27fb4226a4522b658882f6d1,MOZAMBIQUE/DL,True,0,0.0008650371
dec7cd4e10944da9936165ec06917312,EGYPT/DL,True,0,0.0009852364
decf5f1e10fa429b9d0f48ace18515aa,EGYPT/DL,True,1,0.99999785
dedd27abb6244e088e6909b35efac05c,MAURITIUS/ID,True,0,0.0013147546
dee664524c0a491990f5fceaa866c41d,MOZAMBIQUE/DL,True,0,0.0008782419
deecd6e4e39d4c3fbc3e152de7dac8b3,EGYPT/DL,True,0,0.0010070647
df055397a6074b8ea76911c624dd1c73,EGYPT/DL,True,0,0.0010021662
df07d383da6141bb90cdb7739362c407,GUINEA/DL,True,0,0.00089904806
df0a41e39f004d9194cb9b2d17831dd0,BENIN/DL,True,1,0.9999976
df0a8bc5b92d42689bd5de2c5506607c,MOZAMBIQUE/DL,True,0,0.0008750782
df0f7b4010aa4f23a156f98caf1b6915,BENIN/DL,True,0,0.0008923592
df2310ab358d4a1bbf358ac662020792,BENIN/DL,True,0,0.000891887
df30175ef5fe4683aa5c93e40736382d,GUINEA/DL,True,0,0.0008885145
df30a481259a49bdb54e5a0e92062a8a,MOZAMBIQUE/DL,True,0,0.00086583785
df47275770b142ae8a57aee21bcd48fa,MOZAMBIQUE/DL,True,0,0.0008742323
df4f7240b1894525926fbfeaab8c0bd5,EGYPT/DL,True,0,0.0010124177
df5202e035af4cf8bc7a17125eba43b9,EGYPT/DL,True,1,0.99999714
df591a58098249acbdb771cfd885dc82,MOZAMBIQUE/DL,True,1,0.99999774
df729ec4b0e5499796e1cfd96b6a55ee,EGYPT/DL,True,0,0.0013911838
df765153de5c48ab829df04059848b26,MAURITIUS/ID,True,0,0.0013475701
df85a08e045a494fb130b0564789c860,MAURITIUS/ID,True,0,0.000906577
df86cc2423524112937a6d7533a1893c,MAURITIUS/ID,True,0,0.0013208154
df8c19096f2d4a8391e40957efb7c85e,BENIN/DL,True,0,0.0008940128
df9176aebf9b432ab0a89a73395b57c3,MAURITIUS/ID,True,0,0.0021234096
df9207f2d4014203b9c476efeeee2bb8,MAURITIUS/ID,True,1,0.999998
df956c535b4c4c48a713ba7c7856b9c3,MAURITIUS/ID,True,1,0.99999774
df9f5cc4067f4d66947e75b97d55b04c,EGYPT/DL,True,1,0.9999976
dfa042c46af849f68017c53753bd4721,GUINEA/DL,True,0,0.00089801423
dfa3b9adff804d318c4f8d447fab6568,EGYPT/DL,True,1,0.999997
dfa7b4803268482eae290e62d8b88a84,GUINEA/DL,True,0,0.00090500707
dfaedd0fd7f04ac697103d19e9895ddb,GUINEA/DL,True,0,0.00091061817
dfafce623941476b8368ea62fd8850e0,EGYPT/DL,True,1,0.99999774
dfb2484ea3f04c0b96430f009cadcfc0,GUINEA/DL,True,0,0.00089497835
dfbf1ab7d03642e1916cd4ce187c38d8,BENIN/DL,True,1,0.9999974
dfce0bd1f63d4b219943e08c22ba3582,BENIN/DL,True,1,0.99999774
dfd862392c09491496ba1b420361aa32,MOZAMBIQUE/DL,True,0,0.0008673262
dfe74ee54e7b4a678baeeaf66f9e7763,MAURITIUS/ID,True,0,0.0008912944
dfe91da2fad543df9ef9c06e7ae64b6c,GUINEA/DL,True,1,0.99999654
dfeae7aa97214a31bf829998a281c049,MOZAMBIQUE/DL,True,0,0.0008712241
e001672a5f5f4914b4eba5b0a231715a,GUINEA/DL,True,1,0.9999975
e00a595c102941cebfce2b06e9f7998b,EGYPT/DL,True,1,0.9999981
e00c8f7284724936b25ec6842720cda6,EGYPT/DL,True,0,0.0013096131
e013e535bdcc44219bc6df11f4917dea,MAURITIUS/ID,True,0,0.0008825773
e020253e1c0443f3ae6ff66f47230395,MAURITIUS/ID,True,0,0.00093728874
e029337fbc444c7cb6b1106f3e47f6c0,MOZAMBIQUE/DL,True,0,0.0008742894
e0297415d61b49aeb16dca792fd552c7,EGYPT/DL,True,1,0.99999774
e02e106841c145cc901cbc943553fa75,GUINEA/DL,True,1,0.99999714
e034e534e1684f0e941dfef919e406c8,MOZAMBIQUE/DL,True,0,0.0008638415
e03a537134fb45f2b04a013f9ca2c928,MAURITIUS/ID,True,1,0.99999666
e03d8bed56fb40f1be8b0b43c65a4bcb,BENIN/DL,True,1,0.9999969
e03f167189cb4ba682a6c0ae084b3df6,MOZAMBIQUE/DL,True,0,0.00085808255
e0496b2120ed4185a5b2cde5eab225ed,BENIN/DL,True,0,0.0008828473
e04e1ea0039d463e8c2b084b4f9dc6e6,MAURITIUS/ID,True,1,0.99999654
e05e7c8b8740427c8c0058f79c60ab5f,GUINEA/DL,True,0,0.0009068136
e05ed583a280415cbbcccaeff36033d4,EGYPT/DL,True,1,0.999998
e0717671500743ebad735e8335c4a8fd,BENIN/DL,True,1,0.99999774
e083d2b9e9894a9998b92e401fdc9eba,EGYPT/DL,True,1,0.99999774
e0910bc635e440f4a2af93bf502ea213,MAURITIUS/ID,True,0,0.0010998559
e092e9eed4674e66a8dbe48019ccf2f5,EGYPT/DL,True,0,0.0012693373
e09d48c68f784fae94cfbedc54da1a23,GUINEA/DL,True,1,0.9999976
e09e4b2ce13049579afb7340cc299f2e,GUINEA/DL,True,1,0.99999666
e0a538a0c45f432fa56655fbbc6741c5,MAURITIUS/ID,True,0,0.0009125281
e0a6f0474a7542cf9c314dc340260679,GUINEA/DL,True,0,0.00090640597
e0a9f078254a40998214d2b962121372,MAURITIUS/ID,True,0,0.0009082197
e0ab5b4d22d94462b2eb3866ad2a577b,MOZAMBIQUE/DL,True,0,0.00086876494
e0ad0e9de7a849ef906daefd2a8dd2e1,BENIN/DL,True,1,0.99999714
e0d66ab6a2644e8ebeb6879a9165e9ec,MOZAMBIQUE/DL,True,0,0.0008671717
e0d9b927140f4c2fbda3c09f9c1bf54c,BENIN/DL,True,1,0.9999969
e0e4a3d06e814550a6bef6b6d0e82e3f,EGYPT/DL,True,0,0.0009772102
e0ec09905c29411487aa43b9030d9367,EGYPT/DL,True,1,0.9999976
e0fa5890747b4231a14707183b97ba03,MOZAMBIQUE/DL,True,0,0.00086466596
e0fbaef5ac864053b84058abdbe8ed85,MOZAMBIQUE/DL,True,0,0.0008736332
e0fe89dfd1944831aa1d4306f2ece397,MOZAMBIQUE/DL,True,0,0.0008769709
e100b19aaa5540359349ddd53037331e,MOZAMBIQUE/DL,True,0,0.00088129035
e10bd96fd8264a6cbea81b249364ddd1,MAURITIUS/ID,True,0,0.00093269104
e10d579c19064754aa886a72aacecbba,MAURITIUS/ID,True,0,0.0011381914
e10db630b772479e839aa17ff8346fd4,MAURITIUS/ID,True,0,0.00087044324
e115ed806d754cda87bbcaa10ead760e,MOZAMBIQUE/DL,True,0,0.0008762651
e11d07d852df4cc9941bcfb6e1413439,GUINEA/DL,True,1,0.999997
e11e715d898749a7ba046c4473606c3f,MOZAMBIQUE/DL,True,1,0.9999976
e124ff9c12ff4e519c16863eb600970b,EGYPT/DL,True,0,0.0009895457
e129adc8b79f4b74be7e00a9f559ca2b,MOZAMBIQUE/DL,True,0,0.0008665645
e12be9d8d7fb46ad81e15f3e208285cc,EGYPT/DL,True,0,0.0013758943
e136e7ecff96495999534d839d956d9c,MAURITIUS/ID,True,1,0.99999666
e1479686f050437e815312f0602d01e8,EGYPT/DL,True,0,0.0009729772
e14a4f58ffd442b7a892f1dea4693a74,MAURITIUS/ID,True,0,0.00089409115
e165c8b196e0465c83623196b0517b58,EGYPT/DL,True,1,0.99999774
e16c73386fe34f82b04703470700e040,EGYPT/DL,True,1,0.99999774
e1761d8fb3c5485fb35d18ca19c35602,MOZAMBIQUE/DL,True,0,0.0008685448
e17b223c56e042bea0dcffd08ccf67d4,MOZAMBIQUE/DL,True,0,0.0008737273
e17b8c0ece4b4c83a6fb2b60b3346d1e,MAURITIUS/ID,True,1,0.999998
e17d4746f6094e67a7cc1a4e3a8e54e8,MOZAMBIQUE/DL,True,0,0.0008840986
e17e514be9384269930f0779af6a0a20,EGYPT/DL,True,0,0.0010275895
e1846bd25f9748718ef43bfa663627b0,MOZAMBIQUE/DL,True,0,0.00086238014
e184e749af3948c8a54ea7a895219fce,EGYPT/DL,True,1,0.9999976
e18ad920b50346768331c9f9ab3cc3a1,MOZAMBIQUE/DL,True,1,0.99999774
e18bbec860544676a7887cde240dbad1,EGYPT/DL,True,1,0.9999969
e1a7026412f347eeba6945a8c8444a01,MOZAMBIQUE/DL,True,1,0.99999774
e1b24c164b9743899748b4cab86c0d11,BENIN/DL,True,1,0.99999785
e1b49b5b7eee409c8192f27e4a6243db,MAURITIUS/ID,True,1,0.9999975
e1b7704d71bc4295ad86a1a58d969dcd,MAURITIUS/ID,True,1,0.99999666
e1b8f8dfa9144353a02a482867644744,EGYPT/DL,True,0,0.0011964189
e1c571b9bc7e4599b665a2725262e66f,EGYPT/DL,True,1,0.9999976
e1c633f052d44e07b4f6da486b36b597,MOZAMBIQUE/DL,True,0,0.0008671448
e1c74e02d7144fa983e6e45991a5e664,EGYPT/DL,True,1,0.99999666
e1d01090d59b4cff97e2643102e37655,GUINEA/DL,True,1,0.99999654
e1d97f2e0a8f4df3874b441d01176525,EGYPT/DL,True,1,0.9999976
e1db383523c94648a5ebd2ab2cd50146,BENIN/DL,True,0,0.00088629033
e1e938b5ab1145cdb2eaffa8096f7687,GUINEA/DL,True,0,0.0008820208
e1f5d3038cac46c284d7904008754b31,MOZAMBIQUE/DL,True,1,0.99999774
e1ff761b9b4840a3b63c319985c8d007,MOZAMBIQUE/DL,True,0,0.00086429965
e20cb849f01a4adeae58a35c2a601bdb,GUINEA/DL,True,0,0.0008913794
e20f93b15c1c416c8f2d09c1e2865d60,MAURITIUS/ID,True,0,0.0008794751
e21378e8a6b74e249d7516988e0f9c4d,BENIN/DL,True,1,0.9999976
e22752abff8c4ee295f168cb1b05662a,MAURITIUS/ID,True,1,0.99999654
e23014fc56264d6c90a03896b65c14e8,MAURITIUS/ID,True,1,0.99999666
e23bf6271e2c4fc2a6dcf594a12767ed,BENIN/DL,True,0,0.0008962584
e246168a589c4bfb970960c420dd7ae5,GUINEA/DL,True,0,0.00088956195
e2495a1efacf4f91ba5c503b4205095d,EGYPT/DL,True,0,0.0013129215
e249d13a7900445580042d64e4709be0,EGYPT/DL,True,1,0.99999785
e257c3a8ed5c491297335c4bb24e2732,GUINEA/DL,True,1,0.99999714
e2636e64be0449b09e9cd9e13f0341bf,MOZAMBIQUE/DL,True,0,0.000871044
e2651410ed604b23835df296a23c6594,EGYPT/DL,True,0,0.0010548473
e2711660d06340d4bd463530ef04b03c,EGYPT/DL,True,0,0.0012943976
e27603ab102641e491d74c23fccbd251,BENIN/DL,True,0,0.0008813332
e27d2eeaf6a244f6a92c2df8bf3f4369,MOZAMBIQUE/DL,True,0,0.00087296334
e28113052e6d4b3eac4edbfb94dc4a46,GUINEA/DL,True,1,0.99999774
e29c7cd23a954d998344fda0a5cf9218,MOZAMBIQUE/DL,True,1,0.99999774
e29f358a7aa64055a3e02dcdd105664f,MOZAMBIQUE/DL,True,0,0.0008795392
e2a45e2b59184d93b51dea146ae45aae,EGYPT/DL,True,0,0.0011324676
e2a74d1812c44cf39a55a0c2b72464d1,EGYPT/DL,True,0,0.0014735444
e2bc848782234070be1e529a4bc1685c,MOZAMBIQUE/DL,True,1,0.99999785
e2bd2ee901b74788bb8bf3fb1af29c4d,EGYPT/DL,True,1,0.9999976
e2c70c65480249a5b1f08db1523bd0cb,GUINEA/DL,True,1,0.9999974
e2c7baae876543e9bff7a2aa05417e43,GUINEA/DL,True,0,0.00088840653
e2d3317a30404c61be0dd9476745e1bb,MAURITIUS/ID,True,0,0.00095390884
e2d3549348f04f46b9162c5cc684ce72,BENIN/DL,True,0,0.0008865344
e2dfb3ff4f0a468aa494d954a4c0b8b9,GUINEA/DL,True,0,0.0008888126
e2e7552d93544736b8369aabbde32eee,GUINEA/DL,True,0,0.00089836423
e2f38229571a41efa6b8c7464fc41eac,BENIN/DL,True,0,0.00089738856
e2f612f6bf0a4685a5a38f79dc6a52f7,MOZAMBIQUE/DL,True,0,0.0008654159
e2f940467cba477891474169f2edc364,GUINEA/DL,True,1,0.99999666
e30434c038de4e56b398d66310910aca,EGYPT/DL,True,1,0.99999774
e3094e5abffa44e397970688c42801d2,EGYPT/DL,True,1,0.9999976
e30a0c8642034dabb44382e8b7a08498,GUINEA/DL,True,0,0.00089646515
e311ad0edf3c4227a4c8fbdf605a9eff,MAURITIUS/ID,True,0,0.0016354051
e3150338271f463bb9bef1d6f885e720,GUINEA/DL,True,0,0.00089770404
e3452883d2f04a30ab08a2c4e3aaf77a,MAURITIUS/ID,True,0,0.00087680796
e3757afa3d584e9299ef33a507b79e24,MAURITIUS/ID,True,0,0.0008779157
e37a61463ee44a519dbee5f765580e8a,EGYPT/DL,True,0,0.0012716395
e37d4f04f8794a5887a81f3736ceffd4,GUINEA/DL,True,0,0.0008968983
e37e42e1d0bd41d48fda9f5c69c4f30c,EGYPT/DL,True,0,0.0010242806
e38b5c2d34be4947857a2ffde9210f55,MOZAMBIQUE/DL,True,0,0.0008862637
e3a7121e2b2147a2957774259f497232,BENIN/DL,True,0,0.0008922895
e3a9131841f74012b50375e8618ee83a,MOZAMBIQUE/DL,True,0,0.00086376665
e3afdec0f4fd4614a16b3c19ca160f2c,MAURITIUS/ID,True,1,0.9999974
e3b594df99854ca18b396485b9552c7b,MAURITIUS/ID,True,0,0.0009101293
e3b61c18e9e34d8ea589920b4ee7181a,EGYPT/DL,True,0,0.0013117633
e3dbbb1d68eb4756b6e3fd048603364d,BENIN/DL,True,1,0.999997
e3e32648f8614b38a538b505b08e4a75,EGYPT/DL,True,1,0.99999774
e3e8b302e1af435e8fad6c14a0dfeeb1,MAURITIUS/ID,True,1,0.9999974
e3e92399417649f0885faf704d238c2e,MAURITIUS/ID,True,0,0.0015582066
e3ecc7c2671542fa8c46cd9c33aa975b,GUINEA/DL,True,0,0.0008945827
e3ed8ca0c2524132b35b3bacc25f4d13,BENIN/DL,True,0,0.0008933741
e3f314e81f5d42cdbc16338ba7e6f84d,GUINEA/DL,True,0,0.0009108963
e3f457bfc5a1429887dae1ef844963a4,EGYPT/DL,True,1,0.99999714
e3f9697badac432d926dfbdf7af7844c,BENIN/DL,True,0,0.0008894739
e40acfe2778046b593c85f74775a8dc5,EGYPT/DL,True,1,0.9999975
e40c2ef4b401454081241c1215ccd306,MAURITIUS/ID,True,0,0.0012657474
e41923ebb82f4e1ea4c036ed8b8a0435,GUINEA/DL,True,0,0.00088617165
e41d9be043af4f46bba7504d0e32fdd1,MAURITIUS/ID,True,1,0.9999976
e44143de649e4f3bad1ea20fb682b696,MAURITIUS/ID,True,0,0.00102731
e441fad635df4fa28e6c3e6fae286ab8,BENIN/DL,True,0,0.0008974001
e44905774039458180b851260b34b8a9,GUINEA/DL,True,0,0.00089638657
e46083a1ddac46fb8bfd39d555fb1366,BENIN/DL,True,0,0.0008966881
e465a3a1b51249c097ce0a0499a2bb31,MAURITIUS/ID,True,0,0.0008866412
e468e27ebaef4eadb454ebc5ef5eb1d3,GUINEA/DL,True,1,0.99999654
e46b0c9389ce445b99d4e31987935efc,EGYPT/DL,True,1,0.99999774
e472f26d7cac433e9c7b39bb1d7095ed,MOZAMBIQUE/DL,True,0,0.0008622766
e48c31bd961f470c9ab71c2e295eb372,BENIN/DL,True,1,0.9999976
e49e88f0142a452ebef224ebe99d175e,BENIN/DL,True,0,0.0008904732
e4a2b980d2dc4906b55a666f18c00315,MAURITIUS/ID,True,1,0.99999726
e4b050330fa8403c8cc09eb73a6bce19,EGYPT/DL,True,0,0.0009668698
e4bcf2a7a8b542f6a42062813bc05d30,MOZAMBIQUE/DL,True,0,0.00086648617
e4c0f6fd7ec14bc0825abd64c47cefde,MOZAMBIQUE/DL,True,1,0.99999714
e4c3b368c6ef4faaaff19c5d30391cad,EGYPT/DL,True,1,0.99999774
e4c5abf7fbfa477b9f3b85d6d13908e0,MOZAMBIQUE/DL,True,1,0.9999975
e4dee4d60c684583a997ddb5dea9c12b,GUINEA/DL,True,0,0.0009113472
e4f01fe588be4f248913b4a0bcb3d5ef,EGYPT/DL,True,1,0.99999774
e4f36e42c6084d759d03b4a87c3e4f8c,BENIN/DL,True,0,0.00088697125
e52c58ed01b640bf81e9a1bd00c6e64a,BENIN/DL,True,0,0.000880571
e52f396b4d2b438abdfa6af61708734a,GUINEA/DL,True,0,0.0008971752
e52f56c8972d4844a3b6e9804cbfc5bb,BENIN/DL,True,1,0.9999976
e53c11fc674d4568b2b5af6c5b1d22d2,BENIN/DL,True,1,0.9999956
e5435c1911234654902a219798c90173,MOZAMBIQUE/DL,True,0,0.00086074806
e550051ecd6348caa7806e888f3cc453,MOZAMBIQUE/DL,True,0,0.0008688457
e55638ab76ac4e91b17444e560f36862,GUINEA/DL,True,1,0.999998
e578ddf48a8642ddb12f5fbf6f602eca,BENIN/DL,True,0,0.0008980759
e57a9256865a44a09ac1455816d716c6,MOZAMBIQUE/DL,True,0,0.0008658201
e57c6d116f174a25b945acd13790d312,MAURITIUS/ID,True,1,0.99999654
e58de699f9e5446bbcebaca2846edb78,EGYPT/DL,True,1,0.9999976
e597d7bda23b47a1b6b1856772f65248,BENIN/DL,True,0,0.0009051994
e5981485b32440528a0ced3ac5b0250d,BENIN/DL,True,0,0.0011701493
e5aa6413e78149ec8b2f1f9f6c2294f5,MOZAMBIQUE/DL,True,1,0.9999976
e5c40a886afe40888f6dae1406337794,BENIN/DL,True,1,0.99999785
e5c438ec5a6540fda3fb80575d7109dd,GUINEA/DL,True,1,0.99999774
e5ce2091d2a04c99855ae0dd8d9569f7,GUINEA/DL,True,0,0.00090485404
e5e24a5af3dc4d408fc0e1a9375f4135,GUINEA/DL,True,1,0.99999726
e5e2ccd4010d476d852302d67c66fb97,MAURITIUS/ID,True,1,0.9999968
e5ecfedc381c42c9b30e89082e6627bb,EGYPT/DL,True,1,0.9999968
e5ef93769e3746c0989b0346c08c5ba5,MOZAMBIQUE/DL,True,0,0.0008802992
e5f29264bb0e44c98dc7ec26014d73bf,MAURITIUS/ID,True,0,0.0010713174
e60aa0270c7d42ca9b8b21ad67264864,BENIN/DL,True,0,0.0008980775
e60bd3d121364b31a787f8086eabcb65,EGYPT/DL,True,0,0.0009554747
e60eca1f93404a6cb537357842497229,BENIN/DL,True,0,0.0009118075
e627eb0f8e7048559b0254af28a3ecff,BENIN/DL,True,1,0.99999785
e63c80cc935e40b6a04382b668aa649b,MAURITIUS/ID,True,0,0.0012607031
e658892999794967aee4340716a3e17a,BENIN/DL,True,0,0.0009053585
e65e5d6e12c94ddabbf8876d0237298a,EGYPT/DL,True,0,0.0010287488
e65ec4f8b5fd45cb99c8601618cd47bb,MAURITIUS/ID,True,1,0.99999785
e66688fe2e204008885250f667f34644,GUINEA/DL,True,0,0.00088802824
e684a037504142f1bc61b33c4a0c15b2,GUINEA/DL,True,0,0.0008975463
e684de363a9f4deeb9b48a4cbe9e43e2,EGYPT/DL,True,0,0.0013632359
e68aa597cce64a1cbf6c6e638ef4c1d5,GUINEA/DL,True,1,0.99999666
e69609f0a9bc43a0a0aa46e3bbe07c66,MOZAMBIQUE/DL,True,0,0.00086732785
e696ae55c2f04ed384d2f6f0929143b6,MOZAMBIQUE/DL,True,1,0.9999974
e6a59ae527724751a8244990ba665be8,GUINEA/DL,True,0,0.0009014524
e6ba32c54ec2408b8ddee0ccd27090f9,MAURITIUS/ID,True,1,0.9999969
e6c0c0ec48934164a735db6377581ecc,BENIN/DL,True,0,0.00091270765
e6e879abdf064ffb98230d756803a277,BENIN/DL,True,0,0.0008880845
e6e9102d102c478bb6bb138aff89e066,EGYPT/DL,True,0,0.0010763711
e6ead8df2fc444578438f7f386b18f45,MAURITIUS/ID,True,0,0.0016543382
e6ef10232b454b4c86908d0eba7aadf7,EGYPT/DL,True,0,0.0019082578
e6f318a879624e5cad326172ec52064e,GUINEA/DL,True,1,0.99999774
e6f41096eca944aa895f085689bd9dc8,EGYPT/DL,True,0,0.0010305066
e6f82ed0a2f340e28a5f84d1472df356,MOZAMBIQUE/DL,True,0,0.0008696482
e7075efed9ab484086c8b7f5f5a987b8,MAURITIUS/ID,True,0,0.0009192843
e7147718796040a6ab249bcb78b5ef2e,EGYPT/DL,True,0,0.0009931282
e720822013e142758d9a730f6fc9e911,EGYPT/DL,True,1,0.99999774
e722fa326e6845a2ae5002ed6c9e4407,EGYPT/DL,True,0,0.0011481838
e723a73ee5d1485e9249ca1d5dab0308,MAURITIUS/ID,True,0,0.000959257
e72ab475f4874e948b9f3d7bc60b9070,MOZAMBIQUE/DL,True,0,0.0008737522
e72e9c03f5144ee39a2ff248bb716e92,GUINEA/DL,True,0,0.00088984845
e73f577acee146068db5d5bee2b247e0,MOZAMBIQUE/DL,True,0,0.000865604
e756804ec48849f89310dc31486dc166,EGYPT/DL,True,1,0.9999976
e7582db7963d40aabb0481c6d6058d35,MOZAMBIQUE/DL,True,1,0.99999785
e759454c35164a11b3c3250e780eeeeb,MOZAMBIQUE/DL,True,1,0.9999976
e75bdf50530b4c499bc47e5f6a53711e,GUINEA/DL,True,0,0.0008990737
e769b536ce0741fa81752dc07e9aa70f,MAURITIUS/ID,True,1,0.99999666
e76db57ca4b749589c1d33ea6a033592,EGYPT/DL,True,0,0.0012804918
e76ebc82a585405cb81f1fea29c3f746,MOZAMBIQUE/DL,True,1,0.9999976
e7781bb5325148719d647367115548f5,MAURITIUS/ID,True,0,0.00088882993
e77af3bdc1744388a47d7babcb0bec5e,BENIN/DL,True,1,0.9999975
e78782a72e8248aa883dd6eb13b543bb,BENIN/DL,True,0,0.00089482026
e78de39696f844a0871567b0d66d5ef6,MOZAMBIQUE/DL,True,0,0.00088131556
e7a700221ecc4c73a8551e97531a38c2,BENIN/DL,True,0,0.0008973129
e7c71a8f0f60430c93833fbd71eb28f4,BENIN/DL,True,1,0.99999774
e7c876de6f9c4c789019bd031a880dea,EGYPT/DL,True,1,0.99999785
e7da0710227c405da9ae6e60defd777f,GUINEA/DL,True,0,0.0008929332
e7dd949379de4f17bde1662ebc7d4062,MAURITIUS/ID,True,0,0.0009349421
e7e5e6c5acf44fab841680b15c3f4d5c,BENIN/DL,True,0,0.0008975446
e7e916ace48f4254b20fb25392885ce0,BENIN/DL,True,0,0.0008831952
e7ec3174e9224df5826561ec6aeae875,GUINEA/DL,True,0,0.0008983018
e7eee5bf0e8f4dd38baa49f83ee2eee0,BENIN/DL,True,0,0.0008962738
e80c3dc7687d4d66b8b604158ceca987,MAURITIUS/ID,True,0,0.00088762643
e80e734d9665419a95a74cad204eb176,EGYPT/DL,True,0,0.0009873164
e81841fc20f44782b82be3ad47574b83,EGYPT/DL,True,1,0.99999774
e825324ebc8f4f4789ff6e7f7faea51f,GUINEA/DL,True,0,0.0008961009
e82b925e12fc4590a804ea84510d8492,BENIN/DL,True,0,0.0009026569
e82dbef27aaa40ecb7c39cb16f4cac1d,MOZAMBIQUE/DL,True,1,0.99999785
e84224748cd74230be4d90e8582586f1,GUINEA/DL,True,1,0.99999785
e84678a327c14e7da12cd845eec4403a,BENIN/DL,True,1,0.99999774
e8514486d2034e6794ee592c2c998530,GUINEA/DL,True,0,0.00089056906
e87e64bbf2d84d30b78d56ddfd33a662,BENIN/DL,True,0,0.0008937589
e8a81ed6ccde4334996bf946d9d2b985,GUINEA/DL,True,0,0.0008792258
e8aa0e23c7084970aee19f7985abe919,MAURITIUS/ID,True,1,0.9999976
e8b12be2174949da822eb4418b2187a1,BENIN/DL,True,1,0.9999975
e8d9ff45650c4a93b7ef720a14d8e24e,GUINEA/DL,True,1,0.99999774
e8daa9a1cab345b28c4877cf4efc19fd,GUINEA/DL,True,0,0.00089766085
e8e8c85dd2604286a713459ce2e2aa62,EGYPT/DL,True,0,0.0011648762
e8fac013af684a6592821fc43fa1d5a5,EGYPT/DL,True,0,0.0013769298
e915af773d774a3fa1f7a9583988ecd7,BENIN/DL,True,0,0.00091566873
e91e7145341749d9a665e40f059aba65,MAURITIUS/ID,True,1,0.9999976
e9228ea966d24529ab05b5d578400e97,EGYPT/DL,True,0,0.0013863696
e926af8518de4f3698b4e53848d6a608,MAURITIUS/ID,True,0,0.0010773825
e92df7f190624f939f72e7ce37f9265b,MAURITIUS/ID,True,1,0.99999785
e93a058494184c7f9d32b25a672f4f85,BENIN/DL,True,1,0.99999785
e94214e7208f4a49a80c50409357d268,EGYPT/DL,True,1,0.9999968
e9426ef1d33648edbe49bb25887fcfb1,MOZAMBIQUE/DL,True,1,0.9999975
e944a0466b8743d397447d1aa2d79098,GUINEA/DL,True,1,0.99999666
e9452fbeaef84e2b8591c2a3b2a13ba7,GUINEA/DL,True,1,0.99999666
e945cff050e744939c124147f5240d51,GUINEA/DL,True,1,0.99999714
e95307168d904b14988fc82876b9b96f,MAURITIUS/ID,True,0,0.0008922495
e95cf3c6eb4e46b890a448a4dd7ab367,EGYPT/DL,True,0,0.0011281655
e95f6a00d46b400b86be22eca1d425c8,EGYPT/DL,True,1,0.99999774
e969a7efa4c04179a25989861a76ebf1,MOZAMBIQUE/DL,True,0,0.0009409012
e97585f29469404db5c1c4550ecfd3f0,EGYPT/DL,True,0,0.001416431
e977c2cfb7d44c79973d79d0342cee55,MAURITIUS/ID,True,1,0.9999975
e985891ec2384db9ab71ba8a300bf529,EGYPT/DL,True,0,0.0013309176
e98be6a1a813421290fae64bdc0237cd,MOZAMBIQUE/DL,True,1,0.9999975
e9a45609838344b090248c733805050d,EGYPT/DL,True,0,0.0010620671
e9a53893e3054f2490733f47f90e764e,EGYPT/DL,True,1,0.99999785
e9b6f49722354689980504d354359800,GUINEA/DL,True,0,0.0008924595
e9c7098ed85243e890deaca188913f3a,EGYPT/DL,True,1,0.9999968
e9da43b4f82a4a23b5d66c821984bfe5,MAURITIUS/ID,True,1,0.99999654
e9e37cbc06e0415481f32fa9631ba415,GUINEA/DL,True,0,0.0008928146
e9e47e22e3614646b1c34bf51ab726ea,BENIN/DL,True,1,0.99999785
e9ecee8421da41a9885fbb4a14c0b055,EGYPT/DL,True,0,0.0009457984
e9fa9eed211c4f0d8db417cf8330d120,EGYPT/DL,True,1,0.999998
e9ffd8ced5654a99ba967953fd803eda,BENIN/DL,True,0,0.0008980681
ea01e4897d8d41f98809cd6d38f6f783,EGYPT/DL,True,1,0.99999785
ea0ad91326974154936b5f01415995a2,MAURITIUS/ID,True,0,0.0008929648
ea0dd1cc40374910a57193aedc8fe380,GUINEA/DL,True,0,0.0009029003
ea0e35592ae344c2b157456052415a8d,MAURITIUS/ID,True,1,0.9999976
ea21e513b3bd417bb9d2cb205ab38c65,MOZAMBIQUE/DL,True,0,0.00086592935
ea2958aa32ff48bc9a329aff2b6411de,EGYPT/DL,True,1,0.9999969
ea3465bb131c40988960883d0081348d,GUINEA/DL,True,0,0.0008920532
ea3849d2f17b4a6d8da4ed4d427ac0bb,MOZAMBIQUE/DL,True,1,0.9999976
ea4713d115014701b1b95082f2e89c47,MOZAMBIQUE/DL,True,1,0.9999974
ea4ac29f2bd043abb4e8ce72f18a22c8,MAURITIUS/ID,True,1,0.9999968
ea62dc6ae5fe4b459caf1667194797b8,MOZAMBIQUE/DL,True,1,0.9999974
ea65c65934c740d9b7b7c25e30a826f8,MOZAMBIQUE/DL,True,1,0.9999976
ea6c400162fe4c009caf6272821aec1b,GUINEA/DL,True,0,0.0009095793
ea815472bf934992b961753edb585406,MAURITIUS/ID,True,1,0.99999666
ea820ee798984519a85406897da216c7,MOZAMBIQUE/DL,True,0,0.00086340215
ea8ca072d14f4644a3f6a2f4b1529511,EGYPT/DL,True,0,0.001458084
ea9678cc846344c4865a605ace2d782d,EGYPT/DL,True,0,0.0013037297
eaa0e181b3a74624b33c0881881ff59a,EGYPT/DL,True,1,0.99999774
eab32985f8724235bedd3ca0ce36bea7,BENIN/DL,True,0,0.0009066089
eab67b96dab146fb82459b3931f6e970,GUINEA/DL,True,1,0.9999969
eac5e0bc8df849719ed4f6b52cad0218,GUINEA/DL,True,0,0.0008968432
eac66418b50543ba8762c8419c460f3d,MOZAMBIQUE/DL,True,0,0.00086511835
eac6e9b038ef4927874481e257939440,EGYPT/DL,True,0,0.0009480895
eac725b3d67546db9671a3ea52b9dce4,GUINEA/DL,True,0,0.0008942146
ead86d333e9046b58aa269f29ec13ead,GUINEA/DL,True,0,0.0008961628
eae11eddb04546d1883847f29d8061b8,GUINEA/DL,True,1,0.9999975
eae1574837794beab5affb57f2360b98,MAURITIUS/ID,True,0,0.0015709685
eaebfa4f341547a5aa4c816d453aa45b,GUINEA/DL,True,0,0.0008806751
eaef2378c03243c99517049e36c4d596,BENIN/DL,True,0,0.00089116406
eb1a1517c2254f97b21f75cc267fe1f4,EGYPT/DL,True,0,0.0014757146
eb36f956b566467f922342841aafcc67,MAURITIUS/ID,True,0,0.0011777529
eb371ffc9c744942be5dda9f55230162,EGYPT/DL,True,1,0.9999968
eb3dce5a72c04546ac1b8bdbadfb8f52,MAURITIUS/ID,True,0,0.0008727225
eb427b40682e4891933fc99b0466aa70,MOZAMBIQUE/DL,True,1,0.9999975
eb4b9b909f374c4fb77feec310f11aa4,EGYPT/DL,True,1,0.99999666
eb5fdcb4b69f47b290114811f629e011,BENIN/DL,True,0,0.00089265633
eb6129f4f1ff4d99afb70928f23de6ca,GUINEA/DL,True,1,0.99999666
eb647f8f99b1463fb1e9132d8b421958,MAURITIUS/ID,True,1,0.9999976
eb6a41f982cf4fb1bd91de8effcade86,BENIN/DL,True,0,0.0008905911
eb6a587e73e447d8b76dd86179e3a970,MOZAMBIQUE/DL,True,1,0.99999774
eb8cf7b11164423d9a96a6bc9aa40f10,GUINEA/DL,True,0,0.00089464674
eb9fb82f23204677aad84d09d4f7a82f,EGYPT/DL,True,0,0.0009942041
ebae505b44344df097ed2cb9ef2ed07a,EGYPT/DL,True,1,0.9999969
ebcb25ecfe974f63b7fe3dcc3efb775b,GUINEA/DL,True,0,0.0008943872
ebcd39825d0341b2a1bf69a889d246e7,EGYPT/DL,True,1,0.99999774
ebd11d27081f4ae4804899533b3e4f94,BENIN/DL,True,0,0.0008977618
ebd5365ad8ff4f6487be4143ff71123e,EGYPT/DL,True,1,0.9999976
ebd8609ee14d430fae7e5ec47ce247a4,GUINEA/DL,True,1,0.9999976
ebdb41a7cdb241f2a4f95e0cae556bed,EGYPT/DL,True,0,0.0013699672
ebeed59b9f064f2ca85783fe49296983,MAURITIUS/ID,True,0,0.0012261466
ebf7cbb3623e42fdb38d3d6133046f34,GUINEA/DL,True,0,0.000903879
ec0a46c96a214448b71b288ce742c4fc,BENIN/DL,True,0,0.00089065684
ec2d7a6ec6bc4c22b02082a59911c592,MOZAMBIQUE/DL,True,0,0.00085604336
ec32b5914a3d444cada1b4074eaf8d40,BENIN/DL,True,0,0.00088902045
ec3ed71183c9462aa6acc4c85779f9c6,EGYPT/DL,True,0,0.0014025818
ec5551f7a0b54eeb807b34dff6723a8e,GUINEA/DL,True,1,0.9999968
ec5884412d0d4304b60f87f1e8f9f0ac,BENIN/DL,True,0,0.0008818254
ec625d847121427096c3e8452803ac3f,EGYPT/DL,True,1,0.9999976
ec70bf56478f465e96d7518b2d29982f,EGYPT/DL,True,0,0.0009538716
ec810cbc5c914bcbaf531ee35ec2c414,MAURITIUS/ID,True,0,0.00091040996
ec8c4fbb4587489787ec1e70537624ae,MOZAMBIQUE/DL,True,1,0.9999975
ecac4070616d4d6090fea2c8d2cd660c,EGYPT/DL,True,1,0.9999969
ecbd6bb76ad54f03813cb81acae4b4b5,MOZAMBIQUE/DL,True,1,0.99999726
ecbd94bd16824ea6be46785784399726,MOZAMBIQUE/DL,True,0,0.000867332
ecbeaed3ffff4528abdf8c063783eebb,BENIN/DL,True,0,0.00090423995
ecc25d88abe24914a9d929d33b3b6d81,MOZAMBIQUE/DL,True,0,0.0008796481
ecca5f3c6b61421b80c451c19381abba,MAURITIUS/ID,True,1,0.9999964
ecd370f925d54a2ea63e479e2f07758e,GUINEA/DL,True,0,0.0009842437
ecd3801207d14e55a7014a79d0129a7e,EGYPT/DL,True,1,0.999997
ecd9d96200fd4192b83fbd7038db7f3b,BENIN/DL,True,0,0.0008938646
eced4ea138f74cc2accbbc6e1ffe9291,GUINEA/DL,True,0,0.00089623284
ed2d283cc95842529bfe220f9e7da3ed,MOZAMBIQUE/DL,True,0,0.0008651715
ed38b77793a1407eb702ef16752b4d4e,BENIN/DL,True,1,0.99999774
ed3d1ac88b2649daada4bd4e47ba027a,EGYPT/DL,True,0,0.0010896755
ed40497f14fe4e2a9f7716a900f2e53a,MOZAMBIQUE/DL,True,1,0.99999774
ed6292ec5dfe45738f451116ffb5450b,EGYPT/DL,True,0,0.0010063287
ed6c41fa18a94ff583fcd8640ae976b5,MOZAMBIQUE/DL,True,0,0.0008661403
ed80b31fd90e4c11bc24c0fbba703938,GUINEA/DL,True,0,0.00088426337
ed90da9f474146f3864ba62bb32a4a5c,MAURITIUS/ID,True,0,0.0013802462
ed92ae33ee584e8b817dd8f422d5e686,MAURITIUS/ID,True,0,0.0009968599
ed9c679b3e4540dda11d3a48aa24c65f,MAURITIUS/ID,True,1,0.9999969
ed9dc682f3ba4aefb93354c4a832985a,BENIN/DL,True,1,0.999997
edb13bf0f6ec4b2a9e0e3c0ef8894107,BENIN/DL,True,0,0.0008891484
edb34ba8d2884f2e9ec5cc1fc8de64f8,BENIN/DL,True,0,0.0008921373
edb56ad7210f46a1b4adf0ffe6aa79f8,MAURITIUS/ID,True,0,0.0010104115
edb5b7c49a0f49db919921246d461975,MAURITIUS/ID,True,1,0.9999975
edc37fb160324fdd943a933b13998699,BENIN/DL,True,0,0.00089364697
edc44046497e451395657ecceeef63da,EGYPT/DL,True,1,0.99999774
edd4686e0c214117b0bff0eccaad1f3b,MOZAMBIQUE/DL,True,0,0.00086696306
edd482463bad48f1b305ec12fada4658,EGYPT/DL,True,0,0.00095560175
edd67ea53d4e430592e9b57af689a59d,EGYPT/DL,True,0,0.0009618134
eddd7ed0415f4e5d9558b69891e5a1c2,EGYPT/DL,True,1,0.99999774
eddef18c9c73490480f1560df2707b3b,MAURITIUS/ID,True,1,0.99999654
ede2dda62d8a49f284bffc6e6089d104,BENIN/DL,True,0,0.00088778464
edf0c12ffcc94d1a9f6aaa25258053b9,MAURITIUS/ID,True,0,0.0008972953
edfe13dad7224383a83f9527ebeda961,BENIN/DL,True,0,0.0008907807
edff54fc43cb4cc3adf979c6a7a92f22,MAURITIUS/ID,True,0,0.0008869155
ee070bf0b49f4a0e891e33cc589af006,BENIN/DL,True,0,0.0008930499
ee1d106f3aef4013b7f0416e79c3d556,MOZAMBIQUE/DL,True,1,0.99999774
ee2a1ce6490c4cfc891d73f9d710cf79,BENIN/DL,True,1,0.99999785
ee2bb2fd05334fae8c97831893e0973c,MAURITIUS/ID,True,1,0.99999666
ee2d5578fd1245d9a5c5b90c4f79f229,MAURITIUS/ID,True,0,0.00087200943
ee4ea6a6b5bc464d8f3a9af8401fc505,MAURITIUS/ID,True,1,0.99999774
ee60e1e7095d47d395b0d7cfaaf12501,GUINEA/DL,True,1,0.99999774
ee698a903fd8470aa78e8bc4d82ab600,MOZAMBIQUE/DL,True,0,0.0008687422
ee6cb5da1b424dafa7b7baeff00546d7,GUINEA/DL,True,0,0.0008982833
ee797ff51228403f90cad2c569be9133,BENIN/DL,True,0,0.00090066803
ee9c7eaa500847c9ab3055845c36a0c5,GUINEA/DL,True,1,0.99999785
eea2142bdcd7470fa12db5705203af71,MAURITIUS/ID,True,1,0.99999666
eeaa212bfed34b69899b8f40fc139f14,MAURITIUS/ID,True,1,0.9999976
eeaf72e5f0a640048dbd351b0c24b542,MOZAMBIQUE/DL,True,1,0.9999976
eeb924df3fbf40e4be5f3ba6fdae4c54,EGYPT/DL,True,0,0.0013720217
eebc795568564d4ab2f87a1ab3d7c5d6,BENIN/DL,True,0,0.0008956473
eec38e1cf99e4a4fb4c05c0498f6d6c4,EGYPT/DL,True,1,0.9999975
eec5ed9f9f434c37af20d57706c1dd39,GUINEA/DL,True,1,0.99999666
eecc2ec2bc9749e2aa18f02ba334e557,MOZAMBIQUE/DL,True,0,0.0008637354
eece7c23e16841a9931c89f3ba60f2f9,MAURITIUS/ID,True,0,0.0012335795
eee445abb97743069ddef05efb2aefdb,BENIN/DL,True,0,0.00089366746
eee9bd07b88a47bbb7c6f0118364007b,BENIN/DL,True,1,0.9999976
eef7e52249b148e0a9fa8190c5d9a27f,BENIN/DL,True,1,0.99999714
eefa458071f54bb7b60e67ee90bc2ad8,BENIN/DL,True,1,0.99999774
ef032666a4f9498da7533783134f7d7f,GUINEA/DL,True,0,0.00090735086
ef0548ba19ea4889a95e85c085bb333e,BENIN/DL,True,1,0.99999774
ef0ed3c51332449683ca5c72fefc1031,BENIN/DL,True,1,0.9999976
ef1931e2c3d74c4991822e62ddb7a2b7,MAURITIUS/ID,True,0,0.0013022486
ef245881e9f94400b3ef89639071e6aa,GUINEA/DL,True,0,0.000891252
ef31c429602d4496b3cec40123eda0c1,GUINEA/DL,True,1,0.99999774
ef35d47c7958432dbfb1ff2a05a1f0a8,BENIN/DL,True,0,0.0008929244
ef3855a2050c4d359cc98f76123ecbe6,MAURITIUS/ID,True,1,0.99999714
ef3f0efc2c854ca4a518f9dd63e94081,MOZAMBIQUE/DL,True,0,0.0008702526
ef440a655ee4420c8b06eb0a9dd4c4ac,BENIN/DL,True,0,0.0008965322
ef47a2ecf0664fe6a500c183dc06c0fe,EGYPT/DL,True,0,0.0013652425
ef55cf61620c4b188d30c13353ad177e,EGYPT/DL,True,1,0.9999976
ef562fa3a200419f843f0ba04d38a1b8,BENIN/DL,True,0,0.00089034805
ef567bfb19ab44d480fea911c8281f01,MOZAMBIQUE/DL,True,1,0.9999974
ef62047b1e274507835dc3680c443140,EGYPT/DL,True,1,0.99999666
ef7545f5abe9450381572d1f272918d0,MAURITIUS/ID,True,0,0.00087728514
ef8255923ba1497bb2451627f40f582e,EGYPT/DL,True,0,0.0010118594
ef836c8aef1a470c87d63c996952f8ec,MOZAMBIQUE/DL,True,1,0.9999975
ef8d6f05ab194fa085d1fe8360ea4afa,EGYPT/DL,True,0,0.0009520412
ef8f200f1d2c4b37b9d4fa3cb8b4244e,GUINEA/DL,True,1,0.9999975
ef99153652634799bdcc9667fad74515,EGYPT/DL,True,0,0.0011840668
efab8d6fa32b44a8b48088e6da521cf6,BENIN/DL,True,0,0.0008929248
efc5723379e9458d9c14875b29abcada,EGYPT/DL,True,1,0.999998
efc94ffcd7b6443aaac3e31be4fc0d7e,EGYPT/DL,True,0,0.001027017
efca2b7d9ba54069b98a5b3793506ca5,MOZAMBIQUE/DL,True,0,0.0008760581
efd2c86b0f9648228d34fd369f474622,GUINEA/DL,True,0,0.00089349324
efe8ae9facd04da485a35768bc3de08c,GUINEA/DL,True,1,0.99999654
efec64d6935049f590e8723986bc15bf,MOZAMBIQUE/DL,True,0,0.0008682904
efec9fef16634d98887d5c67a2b3845a,GUINEA/DL,True,0,0.0008956694
eff346e40ac04d9b8e6251ccc6840bf6,MAURITIUS/ID,True,0,0.00088042585
eff3e1bcf1f9420eab265be2ff32fc5c,MAURITIUS/ID,True,0,0.0008745385
eff7984c489f4bf7825b2715045ffd52,MOZAMBIQUE/DL,True,0,0.00087289925
f000d470ba274ab69fb481ec6a143642,MOZAMBIQUE/DL,True,1,0.99999774
f004684d8a7c4bcaa93574d559c4bbb4,MOZAMBIQUE/DL,True,0,0.00087675115
f006965e9ded4eaab2a573ca75043a47,GUINEA/DL,True,1,0.9999976
f01c9eac2fa7488bb32e743dee83ad86,MAURITIUS/ID,True,1,0.9999976
f01efef3a9204ed39c2763a6acdb8284,MOZAMBIQUE/DL,True,0,0.00086844095
f02313d1ba5144e1b9a6f6049bd7bb91,BENIN/DL,True,0,0.00089981634
f031c553ae514dac95fc76a29458b926,MOZAMBIQUE/DL,True,0,0.00085783564
f03a810fe7bb49b4b270668700e2718e,MAURITIUS/ID,True,1,0.99999785
f043a55e4e444982ada00e5cb18a53f4,MOZAMBIQUE/DL,True,1,0.9999974
f04c810c289e461486bbcc35bc644dac,BENIN/DL,True,1,0.999997
f05e8f3e60cd4e57ac9a5649e8692c58,MOZAMBIQUE/DL,True,0,0.00086252304
f062df2ae6f2433ab2fd05ecb839245e,GUINEA/DL,True,0,0.0008943948
f07d98777223436d97790a3d917369f2,MAURITIUS/ID,True,1,0.9999968
f08d5397f6844f2cb2159a5a1a0566ad,GUINEA/DL,True,0,0.0018394907
f08dc77347084c52a02038a656036dd1,EGYPT/DL,True,0,0.0010772563
f08f0b8dc18441ddb7c3c25c612f1ac8,GUINEA/DL,True,1,0.9999976
f092d5b18e874efb8b45e5e7fdd5058e,MOZAMBIQUE/DL,True,0,0.0008762029
f0a591b2ef6446b7bb2981bfd07e33a9,BENIN/DL,True,0,0.00089954364
f0ad5fba3901428881643a50188dd908,BENIN/DL,True,0,0.00088637817
f0bc10f7e1634a2e8bb4a4ba52eb785c,EGYPT/DL,True,1,0.9999976
f0bdf09817eb485085dc94142a5f26f4,EGYPT/DL,True,0,0.0010889433
f0c21d91ebb947d3b65342cf28bd00a8,EGYPT/DL,True,1,0.9999975
f0c2461f09054bc5b74879127f8d149c,MAURITIUS/ID,True,0,0.00089246465
f0ea697f92344623a79e88be72ffe6b9,GUINEA/DL,True,1,0.99999774
f0fe1760e55d46e694b977be7ff53aee,MOZAMBIQUE/DL,True,1,0.99999774
f0ff1dd278f441849052189f2a0cfebe,MAURITIUS/ID,True,1,0.9999981
f101617780554723a351890f5544e310,MAURITIUS/ID,True,0,0.0008879377
f1160c94e39444918eae7e20b7e350e7,GUINEA/DL,True,0,0.0008909811
f120f5fdc29b4660ac8cd399bc494ed2,BENIN/DL,True,0,0.0008999844
f12390a84dc649f3816a13f3fcf1865d,BENIN/DL,True,0,0.00089057244
f12a4ae4387c431abd3f9a7e95756dd7,GUINEA/DL,True,0,0.00089571974
f12dbd5ad15b48c99082c4fd28aede04,EGYPT/DL,True,1,0.9999976
f1384efd605d44cb9cdee34c6cf07fbc,EGYPT/DL,True,0,0.0009268029
f139e587eb134dafaed36d0c9d46a98b,EGYPT/DL,True,0,0.0009954975
f149bddefc744935b506dc2cedc6921e,GUINEA/DL,True,0,0.0008856024
f152374d37af4f35a2ca8b91797381fc,MOZAMBIQUE/DL,True,1,0.999997
f163ea20835a42b1a4b998c022f9904b,MOZAMBIQUE/DL,True,1,0.99999774
f1697339b7ff474ab18ab32df79abd6b,EGYPT/DL,True,1,0.9999975
f17ca82db35c454da374e551cc52d496,MOZAMBIQUE/DL,True,1,0.9999976
f185a5345e0442bb90d87608a7217179,GUINEA/DL,True,1,0.99999654
f1985dd505fc4df3ab22f306c8b71d5e,BENIN/DL,True,0,0.00089360826
f1b248261426428ea191540de047ab7d,MOZAMBIQUE/DL,True,1,0.9999976
f1cf673463bc4543adcd213172ae1320,EGYPT/DL,True,1,0.999998
f1d905188d544d57bbf3c9eadf59f87a,GUINEA/DL,True,0,0.00088805327
f1dd209db4604697920877a279675bef,GUINEA/DL,True,0,0.0008980886
f1e2af4cd7304488b7b37db973b33ba0,EGYPT/DL,True,0,0.0010694442
f1e6bafc06234944ba1da99770627c4b,MOZAMBIQUE/DL,True,0,0.0008688809
f1ec3a0cbcd94e8a828d5d790af9a3c8,EGYPT/DL,True,1,0.99999654
f217918b35414430960b716b4a964c90,GUINEA/DL,True,0,0.00089457
f21e1281fffb4f2981a13feab6c6a42b,MAURITIUS/ID,True,0,0.00087556156
f2206e6e91c2476dab10f6dfa5ae38a3,BENIN/DL,True,1,0.99999726
f2339c00d91a46a0a1c39387a4549e14,MAURITIUS/ID,True,1,0.9999974
f23de634f37845acae91f11ab0c59124,BENIN/DL,True,0,0.00089229504
f24dc4debf5e4e62b25ce0d79034523e,MOZAMBIQUE/DL,True,1,0.99999774
f24fedcdfdbc46c69656dd4ccc4153f8,GUINEA/DL,True,1,0.99999654
f2509ffbf5b242f09fa7a3e66927a1f2,GUINEA/DL,True,0,0.0009201167
f25865ce55c74186926199a9a41193b8,MOZAMBIQUE/DL,True,0,0.00086436153
f262487a58e9456eb803c87bfe039391,GUINEA/DL,True,1,0.99999785
f26a559f891f4a92854badf3f72b7c81,GUINEA/DL,True,0,0.0009001048
f26ce856190d4466b0e06ab800571d28,MAURITIUS/ID,True,0,0.0008757789
f27dfac36a7b47d2a39ba4e2b2c6d1c2,BENIN/DL,True,0,0.0008895518
f28c470b7ff14102b7f09a4b67af1f0e,MOZAMBIQUE/DL,True,0,0.0008612884
f297e59f9081413f8c436a41265ac942,EGYPT/DL,True,0,0.0010309996
f2a2b57b14684a5f93b6d2160d45777f,GUINEA/DL,True,1,0.9999974
f2a6b94a7d634671961173671f7a0616,GUINEA/DL,True,1,0.99999726
f2ad0f6d2ab64b6c9fef3dbd2ffea77a,EGYPT/DL,True,0,0.0009861558
f2af913c963541c8a393037dd849e7a4,EGYPT/DL,True,0,0.001710611
f2b0552a48c343a3b87bc8c164b1e7a0,MAURITIUS/ID,True,0,0.0009902493
f2b588ef33db4e90a1528efb6bcf9d5c,MOZAMBIQUE/DL,True,1,0.99999726
f2b5f0863ab14e3481c1a492310180f9,BENIN/DL,True,0,0.00089630665
f2c0919caf3345348441be09e301a64c,MOZAMBIQUE/DL,True,1,0.9999976
f2cd3ddd3f074f6bb32b17768dd92530,BENIN/DL,True,0,0.0008882636
f2ce9428144c4275b30848ab147c50d9,MOZAMBIQUE/DL,True,1,0.99999785
f2d488035dd949498e534421885553f2,MOZAMBIQUE/DL,True,0,0.00087131036
f2dcdd0a71014fcea7b273352ac121e5,GUINEA/DL,True,1,0.99999774
f2e6b038813f46cc9470d52eeacded6f,MAURITIUS/ID,True,0,0.001155865
f2ea816f0e364a3ba6b640e71ea0d907,MAURITIUS/ID,True,1,0.99999726
f2feb1034c634295b9b31ad30d192b80,BENIN/DL,True,1,0.99999714
f2ff4332bdf54c16b56b1f0230b5137a,BENIN/DL,True,0,0.0008800589
f3046ee60342463da63cc891f160f36b,BENIN/DL,True,0,0.00089399656
f32e43319e8c4c368eb10787a387e4ef,BENIN/DL,True,1,0.9999976
f33229ec68aa4721a798159f716335d2,GUINEA/DL,True,1,0.99999654
f33581f5d21d47d292eb98fc9b784f3a,BENIN/DL,True,0,0.00089801423
f339f3d7e9a44d939e5637d295ddb5aa,EGYPT/DL,True,0,0.00094626524
f33d5b83af284da9885ceb1bfbbe3b06,MOZAMBIQUE/DL,True,0,0.0008774649
f344145e948a40d1a92a691f3a3db6ef,MAURITIUS/ID,True,0,0.001212026
f35fec0dc77841a4a195788d8bef8bd5,MOZAMBIQUE/DL,True,0,0.00086982676
f3658b47ed104db5a1918a194d7a9350,MAURITIUS/ID,True,0,0.0016380575
f366df0625cc41b294002293162b1617,MOZAMBIQUE/DL,True,0,0.000877894
f36712e7982543208665094ae31041b5,MOZAMBIQUE/DL,True,0,0.00087079674
f369fa6951c44d1192c9af786dfbe84b,EGYPT/DL,True,1,0.9999968
f384beee5d2941aab0e1f8b9e1bd9be5,GUINEA/DL,True,0,0.0009640363
f3888cf6a50c44e9be8d435c6f7fb3d6,BENIN/DL,True,0,0.0009156076
f3a66977a3d04f15b80ae0096901fa22,MOZAMBIQUE/DL,True,0,0.00087005895
f3c3df050506423e86801fe3c6f82bc1,GUINEA/DL,True,0,0.0008835432
f3c7fbb845164c31941705529302ce3d,EGYPT/DL,True,1,0.99999785
f3c919441e1645058e898905c43de67e,MOZAMBIQUE/DL,True,0,0.00086814223
f3d6bfca35bd48029d6b300972eca881,EGYPT/DL,True,0,0.0014331526
f3ddc87f146c4d89a15dc35f68b9895e,EGYPT/DL,True,1,0.99999785
f3ed9a7846414609a77651265a096108,EGYPT/DL,True,1,0.99999774
f3f20fc6bc7f4063b22a676a42038d32,GUINEA/DL,True,0,0.00090798264
f3f5c7418f754abd8ea3014de9737061,EGYPT/DL,True,1,0.99999785
f3fdbdc5c9c04853915cb2538f46ddb8,MAURITIUS/ID,True,0,0.0009351501
f40102b4c2e04bba8345dd53a95690d6,BENIN/DL,True,1,0.99999774
f417360aace14f049ec8d217fb15fbc5,EGYPT/DL,True,0,0.0011233707
f43eb8352fe34b47b6f49162d399ec49,EGYPT/DL,True,1,0.99999774
f43fe56b9cd64c8e8aa3da3d88f352d8,BENIN/DL,True,0,0.0008957206
f44c9181106a4d49a132648f519473fc,GUINEA/DL,True,0,0.000888608
f457375d339c421cbcfdf547a0344765,EGYPT/DL,True,0,0.0013875887
f4652b96a3e74dbd85d5573411da1001,GUINEA/DL,True,0,0.0008877102
f478b28135784b19a3318fa2516be014,MAURITIUS/ID,True,1,0.99999774
f479cea656d4417eb36f814962661599,GUINEA/DL,True,1,0.9999975
f490301334a44f42ac0eaf9c6c243739,MAURITIUS/ID,True,0,0.00086920254
f4affe2e9b8d48caafafd8e2adc244af,EGYPT/DL,True,0,0.0011480612
f4b1eb6a1c774eb481b5649c89fffb2f,EGYPT/DL,True,1,0.99999774
f4bb2a88925d42cfb679a4cd6e1b6c12,GUINEA/DL,True,0,0.00089679746
f4c2200b6aae4805987f1836d81d3c69,MOZAMBIQUE/DL,True,0,0.000871254
f4cb9bfc6e6d4f56824bcf755abfce16,BENIN/DL,True,1,0.9999975
f4d1af3a5efd4f96be4f085e84e201df,GUINEA/DL,True,0,0.00089680677
f4d25c1b8cb84464b82d109fec8a1172,EGYPT/DL,True,0,0.0010272955
f4d4f6701e3c495dab0c41b0295555b4,BENIN/DL,True,0,0.00089506333
f4d77daece1443bb86ca1bb6790fb69e,EGYPT/DL,True,0,0.0010577651
f4db2b67809943e6bc404ed73d29af97,MAURITIUS/ID,True,0,0.00086171395
f4e0285aac4d4b33820c15e02b9fbd4e,GUINEA/DL,True,0,0.0008939228
f4e130bbe3254c1db26b82b197f0bb40,EGYPT/DL,True,0,0.0010774775
f4e2ce407ec74d70b53d4a0e1fdefaef,MOZAMBIQUE/DL,True,1,0.9999976
f4e3191a9ddc406f88dcd31c971ffb1b,BENIN/DL,True,0,0.0008937598
f4ffa2dd02fd4f878a84040a109d963d,GUINEA/DL,True,0,0.0009028212
f5109054da054eac8a95395c3f25de99,BENIN/DL,True,0,0.0008992429
f512edc35fa84282b813a132fcf97cde,MAURITIUS/ID,True,0,0.00088237296
f51ae9631a2f45e6b9ba57b44443888a,GUINEA/DL,True,1,0.99999654
f51e1ce7ad244bcdad71375277a747f0,MOZAMBIQUE/DL,True,0,0.00086082186
f51fb3a40d2842b98ba4a443de32112c,GUINEA/DL,True,0,0.0008852387
f521d56c067e4dd4a784505128506435,GUINEA/DL,True,0,0.0008914338
f548dbcce2e940de8114156573b1a50a,GUINEA/DL,True,0,0.0008938275
f548f60bbdb64f29a185b95f029bb198,MOZAMBIQUE/DL,True,0,0.0008819014
f568ef72f05f44cba34bcfd203c77963,EGYPT/DL,True,1,0.99999785
f57cdac6568f43f3a92d3e1673f9c72e,BENIN/DL,True,1,0.99999726
f57e7d593ef146f78d666869047b367f,EGYPT/DL,True,0,0.001860782
f581862790864c89887dbd1eea6ada2e,MAURITIUS/ID,True,1,0.9999974
f5a645ff46f64081bf103cf3a80bee24,EGYPT/DL,True,0,0.0011177729
f5a7abcdcbf44c299194b5d15c4ad6f1,MOZAMBIQUE/DL,True,0,0.00087179674
f5ad90f5fd8f45138c4d415c8bffa751,BENIN/DL,True,1,0.99999774
f5af792255214621ae20eeade21155e1,BENIN/DL,True,1,0.99999714
f5c6f8361a6d46f683c24b6de11ed6d0,GUINEA/DL,True,0,0.0009060718
f5c7f4e8648940b7b6096afffedbbe4e,GUINEA/DL,True,0,0.00089049654
f5cfce6adb624565b7956a43b77f7537,MAURITIUS/ID,True,1,0.99999666
f5e261af01854ae3bb3408943ac0c33a,GUINEA/DL,True,1,0.99999666
f5e737407e5a419f85cdb6b30ad8ff70,MAURITIUS/ID,True,0,0.0008866075
f5e923293f84401084b60abe2d1e51ac,BENIN/DL,True,1,0.99999774
f5ec091125304f3d8aecd34a48be8020,MAURITIUS/ID,True,1,0.99999666
f5f27fb740454093b133ddcd84b58cc3,MAURITIUS/ID,True,1,0.99999774
f5f5e23417314c8f81248e65d87565f2,GUINEA/DL,True,1,0.99999666
f6012ea2108d45bab2460112c4bb9132,BENIN/DL,True,0,0.007454693
f6027766090847af9ac19e30184251c8,GUINEA/DL,True,1,0.99999666
f609e1d947a84a1f9e39c637fe0d2509,GUINEA/DL,True,0,0.0008970581
f614ed9bd34c46cf826e0757dd1c10ea,GUINEA/DL,True,0,0.0008841892
f6218a2ded2042a187034ba5fa5f8a4a,GUINEA/DL,True,0,0.0008950901
f630e6fa592a4342bef06fbaaed104f3,EGYPT/DL,True,0,0.0013136269
f633d51229a741d7a2b47cd314cc5d65,MAURITIUS/ID,True,1,0.9999976
f6348dce27564ba182fcc980b0264d54,BENIN/DL,True,0,0.0008865319
f637f19c64b34e0385705f8380ca66e3,BENIN/DL,True,0,0.0009136844
f640a16aa0f049d0ae90cb9c25fd0885,GUINEA/DL,True,0,0.0008953383
f6441ba95a474c6f9b7fd97fc6bd60e8,BENIN/DL,True,1,0.999997
f64f0668b0224b64ad959c07e7d4ae02,MOZAMBIQUE/DL,True,0,0.00088857766
f656fad8ed0846d380c270c746dfc9f1,MAURITIUS/ID,True,0,0.0008684927
f663310869a94c57bd0c7a191b25e4c7,GUINEA/DL,True,1,0.9999964
f665d3943d3344b49b3c667469481f1c,GUINEA/DL,True,0,0.0008894895
f6813836355241ef83d661acc99f6807,EGYPT/DL,True,0,0.001596391
f6828ed0dd714be292f82d99d6bd1b9e,BENIN/DL,True,1,0.99999774
f6875a8b4f494fcbbc6eb01c792a357c,MOZAMBIQUE/DL,True,1,0.99999774
f69f93adae864e9a9e9137a42c788943,MOZAMBIQUE/DL,True,0,0.00086962717
f6a6b3101bff4c8cba0d2f7137f2d46d,BENIN/DL,True,0,0.0008891645
f6aa96f436e8410d9c2ad619abf2b141,MAURITIUS/ID,True,0,0.0008799306
f6abd6818c794a2888da98493785f6c0,MOZAMBIQUE/DL,True,0,0.0008751871
f6b85b357dbd46849da43a14be6dddfa,EGYPT/DL,True,1,0.99999774
f6ba0a84375a4d8d848be1b9a51022b5,BENIN/DL,True,1,0.99999774
f6c4d6c8d4924340b0d9c4cf9e3032b4,GUINEA/DL,True,1,0.99999726
f6c5820c2b7649dd9e910b53b73c7937,MOZAMBIQUE/DL,True,0,0.0014630759
f6c716054d7047baa988f8358df15034,MAURITIUS/ID,True,1,0.99999654
f6cbc8ec0a924927bbe9c0bbc473ea54,GUINEA/DL,True,0,0.0008889799
f6cc5a173a9c400bac2b4d7b1328da42,BENIN/DL,True,0,0.0009088889
f6d3da8850cc4d9a9810c25e8887b1c4,MAURITIUS/ID,True,0,0.0014612233
f6de7656f2164f7cb84c1bc9ce7e82fc,BENIN/DL,True,1,0.99999785
f6fa2defabdb47389bab0a8f02d174a5,GUINEA/DL,True,0,0.00088110694
f70344771db24b4c8c19d08f1b01a4be,GUINEA/DL,True,0,0.00090420764
f70bf3bcb3a04db58cd5267f392a5a8f,GUINEA/DL,True,1,0.999997
f70d04a63f8c478eaa4d05ee44f964c0,GUINEA/DL,True,0,0.0008968714
f715dbb1ee9844fb9a96b2cf91016c89,GUINEA/DL,True,0,0.00089022086
f72744a6e0d441ca8b03bba5745cb82c,EGYPT/DL,True,1,0.99999774
f72eec63b6b245ddae7c29dc34427c9f,BENIN/DL,True,0,0.0009237763
f73e119f6717418d9fcbbf0702d21eb8,MOZAMBIQUE/DL,True,0,0.0008658556
f7505b41e3314d709874a950654afeab,MAURITIUS/ID,True,0,0.0012619885
f7669967033146b7a15e243ff5964a5a,GUINEA/DL,True,0,0.00089106936
f76cc79748954ecb991dc8061530b4db,MOZAMBIQUE/DL,True,1,0.99999774
f77147661d154756bbf09e96c4d5efb6,MOZAMBIQUE/DL,True,0,0.0008655759
f784868ba3bb45c694f738c385870ef9,BENIN/DL,True,0,0.0009009852
f785f77c7ecb45839a8e90251e0ddffc,BENIN/DL,True,0,0.0009116703
f78cecf74cb7410ebf8813add177d8e3,GUINEA/DL,True,0,0.0008871521
f790466141b4479c94faef265cee2597,MOZAMBIQUE/DL,True,0,0.0008749565
f7b216df8a03422e82aee46f8aab86e7,BENIN/DL,True,1,0.99999714
f7b56b4b8864409f87d67d80a5f8d607,EGYPT/DL,True,1,0.99999774
f7be1e2e25af4b2ead3982175ded23f5,MAURITIUS/ID,True,0,0.0012243364
f7c4067953cf493c91a3e419979f4be6,EGYPT/DL,True,0,0.0010078653
f7c41c7b66714b9f82416785b7a64fb1,BENIN/DL,True,1,0.9999974
f7c8bf2aea4548a583a122baf1d26ee2,BENIN/DL,True,0,0.00090926257
f7d868b1e93e44f2872b33e89bfd9772,EGYPT/DL,True,0,0.0009861356
f7f233a437324ac68d015c259ffe71dc,EGYPT/DL,True,1,0.9999974
f80161559a6443119637221b6e415311,MOZAMBIQUE/DL,True,1,0.9999974
f8067e68f8404a249b1b55fe2f047a05,EGYPT/DL,True,0,0.0011146638
f80d9343b7f44d9fa31b66af4b217c2c,BENIN/DL,True,0,0.00089626655
f8119925affe4e42b7832028d9690baa,MOZAMBIQUE/DL,True,1,0.9999975
f81b60626edf477b8b5d049c2b8c9a48,BENIN/DL,True,1,0.999997
f81b8c296c3046fd90c6c7f7e1bf785f,BENIN/DL,True,0,0.0008898815
f825b16f57fe465c8975ac7d9df3f1f9,EGYPT/DL,True,0,0.0012812617
f82c84e84d4d452482ef7698cbf111e1,EGYPT/DL,True,0,0.00097210525
f83b5353095248dba07526b0544fbd06,MOZAMBIQUE/DL,True,1,0.9999975
f844643caeea4ced867b71285e8de68e,EGYPT/DL,True,1,0.99999774
f86f1f2634ec4b4b82959b75c9980083,EGYPT/DL,True,0,0.0010563991
f8771a0d6dc544cf8b77a8823084ba03,BENIN/DL,True,0,0.0008929494
f87fb28c24fc45e780008ebefc7a62e2,GUINEA/DL,True,1,0.99999726
f8819fb205324e40b001f71de79c7d44,BENIN/DL,True,1,0.99999774
f883056bb89d474f999faa07e961c921,EGYPT/DL,True,1,0.99999774
f8982d0cff3f4636bad45a9556c20854,GUINEA/DL,True,0,0.00088819035
f8ab5acfb0bc437997de961b266014c9,EGYPT/DL,True,1,0.99999785
f8aca9d680e24d698749b57c1f872878,EGYPT/DL,True,1,0.99999774
f8bed6f283ba4ee5aca6bfe8ca9bb41e,MAURITIUS/ID,True,0,0.0009960695
f8c7dfa1002d4a8b8bb05bd2217dfa30,BENIN/DL,True,1,0.99999714
f8cbcce073c64339b8226c4f666236bf,MAURITIUS/ID,True,0,0.0015814375
f8ebe52dddf345d0bd53871253165d12,MAURITIUS/ID,True,0,0.0008899188
f8f51b66cbda48a5bc1e13dda299ab77,MOZAMBIQUE/DL,True,0,0.0008717523
f8f921271c3d46078c92f169b69c21d5,MAURITIUS/ID,True,1,0.99999785
f8ff0ec5435d4afaa35d9c86e9a0b5c2,MAURITIUS/ID,True,0,0.0008691189
f903d79bb11c414b808a17c2e3656f16,GUINEA/DL,True,0,0.0008987105
f904590a9f814f90982e96f181984a2b,BENIN/DL,True,0,0.00089935167
f90ee844314b4671b8d981d60a5be0b1,MOZAMBIQUE/DL,True,0,0.0008728082
f92859a5ecb448d1860bc875d5ddcfe0,EGYPT/DL,True,1,0.9999968
f92f416704c7454893054992645b6f08,MAURITIUS/ID,True,0,0.0013634675
f94c87c1f2cc4ea1bf54182bd6028832,BENIN/DL,True,0,0.0008896018
f962c62c82374ccc8f2a0daa0ebcf6c9,GUINEA/DL,True,1,0.9999969
f964cec4b94b4cffb3b51568caf8aabc,BENIN/DL,True,0,0.0008893264
f96815323b9b44f789e45f29cd65d613,BENIN/DL,True,1,0.99999714
f968d93e8573486cb265a9ca3da8d461,EGYPT/DL,True,0,0.0009589248
f96fad50999e49fba607cfbd1f5d759a,MAURITIUS/ID,True,0,0.002399697
f970b1d73ef54e1f932d5257abe444b4,GUINEA/DL,True,1,0.99999654
f9823d999c9e4904b94f35c9788bec86,BENIN/DL,True,0,0.00089590496
f9842dc2d1674a188716e5e26ecd9217,MOZAMBIQUE/DL,True,0,0.00087309687
f98a48d5a5a5460baeb4ea1cd22e75a1,EGYPT/DL,True,1,0.99999774
f98aa4d620424daaba6f0ad5132def30,MOZAMBIQUE/DL,True,0,0.0008598288
f98d25b973ad4c3abf42313aeeeefddb,BENIN/DL,True,0,0.00090813835
f98ee9de0cf0476fa602708f8bac7746,EGYPT/DL,True,0,0.0010232409
f9977d9804054aec8ba09496c5686edf,EGYPT/DL,True,1,0.99999726
f99a73fb932e45da8906a75b1a7d1fff,BENIN/DL,True,0,0.0008951626
f99a9e4f88654ab0a5a30edf51f12b37,GUINEA/DL,True,0,0.0008941848
f9b138188cb44163b49bbea3325e160e,BENIN/DL,True,0,0.0008863773
f9b2cabd83b04070acc7579eeb5217b9,EGYPT/DL,True,0,0.0012711345
f9b5afc854dd4781a92dff328fdeb20b,EGYPT/DL,True,1,0.99999785
f9c8969c640543fca3f7b1af490d4308,MAURITIUS/ID,True,0,0.0009125481
f9dd3a0cf6b24103bf69fdecc9d16071,MOZAMBIQUE/DL,True,0,0.0008577736
f9dff3dad0424fa8ace6e58bcaca66a8,BENIN/DL,True,1,0.9999975
f9f43da553c640a497a0c2fb8b5591e2,GUINEA/DL,True,1,0.99999774
f9f53177c3874d2dbf247766a108593b,EGYPT/DL,True,1,0.99999774
fa07f884d51145a9b65a60a1237c964f,MAURITIUS/ID,True,0,0.000961736
fa12a6ff1ab243848e3da139823bed6e,EGYPT/DL,True,0,0.0022169878
fa1de4b4ec80445bb4a093abdfef221f,BENIN/DL,True,0,0.00090977823
fa26515694ec4b52a769c77db43f8c77,GUINEA/DL,True,0,0.00089110766
fa28ca8dd3d94375be36cde0e23c7f58,BENIN/DL,True,1,0.99999785
fa2c441ce2fb4d1c97e301b0cef4bc9d,EGYPT/DL,True,1,0.9999974
fa2ce516b9094516bea6cfc7fae9d8bb,EGYPT/DL,True,1,0.99999785
fa32633bcc694e53b8b8c14d001c884d,MOZAMBIQUE/DL,True,1,0.9999976
fa4fc112248e43ac8e41813a2bb05ca0,BENIN/DL,True,0,0.00088986923
fa53e48400f24a45918a67fd0397164c,EGYPT/DL,True,0,0.0013377818
fa75a5952cb7422d87102331eaf4ce21,MAURITIUS/ID,True,0,0.0010849386
fa76d0d99eac41c58c381e42d8ef199a,EGYPT/DL,True,1,0.99999785
fa81df8961ea41c68d68679eedeb15d0,MOZAMBIQUE/DL,True,1,0.9999975
fa906ae7f25141b48af5d1e5b0a7388a,GUINEA/DL,True,1,0.99999666
fa987ac8988c40858b87c90b831fba92,MOZAMBIQUE/DL,True,0,0.00088349864
faa1e79e77e144e0a9764f5f560b6414,EGYPT/DL,True,0,0.00097151083
faac6514287a42aa9b9d50e8615602e9,MOZAMBIQUE/DL,True,1,0.99999774
faae5825dfb745d088e03a9cf8a6b3e4,MOZAMBIQUE/DL,True,1,0.99999785
fab9dada286e4be5afa9b2adaaa4afd8,BENIN/DL,True,1,0.99999774
faba8ddbd2cb4b31af023701582b5d60,MAURITIUS/ID,True,0,0.0008825593
fac1aa162b974ef6859526b98f8d4e2c,EGYPT/DL,True,1,0.99999774
fac2e18e3e764f3f93340776eda95bf8,MAURITIUS/ID,True,1,0.9999976
fac70cf20e4b46a3995f22f593574e4c,MOZAMBIQUE/DL,True,1,0.9999976
fad69579c8d34d1a9a52e85a1b21569c,EGYPT/DL,True,0,0.0011025717
fad7d0de625b4ed78a4944f7cba51cef,BENIN/DL,True,0,0.00088748266
fad9f3d3d44f49219e9112f0a4e6413e,GUINEA/DL,True,0,0.00089571805
fae5a4803f0f455b9a87dc6751c91f20,MOZAMBIQUE/DL,True,1,0.99999774
fb0d21569f904cbb8947f2bf8fc7c63e,BENIN/DL,True,1,0.99999774
fb19eea9a85a4ceb81a7f670cba6dd75,MAURITIUS/ID,True,1,0.9999969
fb2c900e1e494f2cb8faf858bd132956,EGYPT/DL,True,1,0.9999975
fb34f85e9b8545d1b939ecd175d4265c,GUINEA/DL,True,1,0.99999654
fb370a3fd5d9409caa57d1b5b71933bd,GUINEA/DL,True,0,0.00088636164
fb37e24843a846e391de515bfb734927,GUINEA/DL,True,0,0.0008870744
fb4272b6a8194aca8e88ee180499c5c0,GUINEA/DL,True,1,0.99999666
fb5c6b8d92294eaf8db5b6ceb0724ef4,BENIN/DL,True,1,0.99999785
fb6c752a11e84abaaca0cda726113295,MOZAMBIQUE/DL,True,0,0.0008720937
fb6f3141368f406e95f745967b1aecf4,MOZAMBIQUE/DL,True,1,0.9999974
fb75e9d2cf354867a71451ea7b31f210,BENIN/DL,True,1,0.9999976
fb7bf6fdec3c4e9b9499853d35db4347,MAURITIUS/ID,True,1,0.9999976
fb889975e80e49c78f4ebb94d5ffaa26,MAURITIUS/ID,True,0,0.0011604567
fb92d9b671ab4750b966c124804df0dd,BENIN/DL,True,0,0.0008992592
fbab9f6b56c746c4a9dd228c76a893e7,EGYPT/DL,True,0,0.0012538108
fbb8423c551a42d68f0bba0b6fd30212,BENIN/DL,True,1,0.9999975
fbbd1c7ecb11493ba5fa46a50a2bc8d9,EGYPT/DL,True,1,0.99999774
fbd3266c989e4a9bb8725c92114253a3,MAURITIUS/ID,True,0,0.0008843434
fbd5b075330c42b2abe974ec0de48484,MOZAMBIQUE/DL,True,0,0.0008595974
fbe05e60474a490bab81902de211e959,BENIN/DL,True,0,0.00090192276
fbf73094f8d04530bbe687714cfa1ea2,MOZAMBIQUE/DL,True,1,0.9999976
fbfbff24b21a46b491919e740d5ed5f5,MAURITIUS/ID,True,0,0.0011369701
fbfc85cbf5654c9e9b5174c717ff46ee,MOZAMBIQUE/DL,True,0,0.0008737177
fc02057872dd4f098a175b1e0cc0545f,BENIN/DL,True,0,0.00088964426
fc080fa1b1154bb980cad8e7f3dc9d7c,MAURITIUS/ID,True,1,0.9999976
fc08bb65e5d3423991c36ba3051a71a8,BENIN/DL,True,0,0.00090504065
fc139e09f42546d7a184cf492c5a41a5,GUINEA/DL,True,1,0.99999666
fc15a58644ce435d87c20973087fb804,EGYPT/DL,True,0,0.0009996069
fc1942157fc3487284196933cc9d0d30,MOZAMBIQUE/DL,True,1,0.99999774
fc1b021eb41a47789a553683b27e0056,MOZAMBIQUE/DL,True,1,0.99999774
fc20bb7d54d54e0c9519ddb39707f28d,MAURITIUS/ID,True,0,0.0010415968
fc244ab878a740118e3331b1a6bef6b4,EGYPT/DL,True,1,0.9999969
fc2ded9e18624ac9a34e208513c04d02,MAURITIUS/ID,True,1,0.99999714
fc3b2b7bb5d2462999c62ff4ceb4df0e,MOZAMBIQUE/DL,True,1,0.9999975
fc404bad434f40a985673ef13954be35,EGYPT/DL,True,0,0.0010020102
fc4a08221a644d0f88050411edecc129,MOZAMBIQUE/DL,True,0,0.0008782436
fc551baa2ffe4f99b26b37e0c5661f5e,BENIN/DL,True,1,0.99999714
fc55a6842b3c42a1bc648f7e2111a8d7,MAURITIUS/ID,True,1,0.9999976
fc5a331a52be4541989733286a2188a5,EGYPT/DL,True,0,0.0012861493
fc5c289a8d2b4603af679a808e965d77,MOZAMBIQUE/DL,True,0,0.00086572603
fc684a61c2ee4dccb245c2052a3969a6,MOZAMBIQUE/DL,True,1,0.99999774
fc76b5c4e75e48a5aca0f0610c10e77f,BENIN/DL,True,0,0.00089814723
fc7a57c3ad1440308317a91acc289cdc,EGYPT/DL,True,1,0.99999774
fc944b5a0bb84f6db1c1c115b6b7d890,EGYPT/DL,True,1,0.99999654
fc96d880aff74dcb9c85d22509f3da69,MOZAMBIQUE/DL,True,0,0.0008686296
fc99cbebf64940bcad58c4d955c27b2f,GUINEA/DL,True,0,0.00089323067
fc9c191967c3497289d4e09665264ba3,EGYPT/DL,True,0,0.000991265
fcab0d615b1d4b789de61ee8400f3c15,GUINEA/DL,True,1,0.99999714
fcbb1f9fedbe4916a36b6e3301d7e51b,MOZAMBIQUE/DL,True,1,0.99999774
fcbe440caf884b86850e0f43d247eb4d,EGYPT/DL,True,0,0.0010801691
fcc51f3549644607ab3c5836f4ea972f,EGYPT/DL,True,1,0.99999774
fcc79f160d204ac08612305e94d3fe43,BENIN/DL,True,1,0.99999785
fcce4a31b1e74ddd87728bd05707af01,EGYPT/DL,True,1,0.99999726
fce02464fa3744989d93dabc417ce085,MAURITIUS/ID,True,0,0.002070743
fce5bf7977804f4c979891da2c752d79,EGYPT/DL,True,0,0.0010028497
fcfd58d305044c388687de300c98d568,EGYPT/DL,True,1,0.99999785
fcff65b6cc404ff9a9190476b32441e1,MAURITIUS/ID,True,0,0.00088340096
fd02f7972a1b4407a99aefb606a43b60,BENIN/DL,True,0,0.0008894399
fd047158b71340d0a92e8feb6059fb3a,BENIN/DL,True,0,0.0009040388
fd0a92e00ac24503a7ac3f4be68b33b5,MOZAMBIQUE/DL,True,0,0.00086687924
fd0ecb255a904ef086825d09ca15b719,GUINEA/DL,True,0,0.00088351464
fd17501e9fb44e99be16b2e383399655,GUINEA/DL,True,1,0.9999976
fd1c2d246d6d4ba8b1edd68bfd1a29d5,EGYPT/DL,True,0,0.0011498902
fd23c72ae0854c84af52e242748e7334,BENIN/DL,True,0,0.0008868487
fd28b85868dd4bdcb7959244d8fdaa3a,EGYPT/DL,True,0,0.0010635017
fd31bf8583984f27b28afeee6012aafd,GUINEA/DL,True,1,0.99999785
fd3d9a66b8684cbcb13245451d569fc7,GUINEA/DL,True,0,0.0008934035
fd3ebcd33c814a19859679c314343d81,MOZAMBIQUE/DL,True,0,0.0008723313
fd457af63866465988fc1dbdae793afa,EGYPT/DL,True,1,0.999997
fd63493d83c34c9882d37ab898a8433b,BENIN/DL,True,1,0.9999976
fd6768a3755f4084a592e338bf622b1d,EGYPT/DL,True,1,0.9999976
fd6e0cde1dd64f77a8fa3826e3b1924f,MAURITIUS/ID,True,1,0.9999964
fd715aab8ea54d9cb10c77fdadf20c56,EGYPT/DL,True,0,0.0014568418
fd74590b57a14338b5c9e9285fa4551a,BENIN/DL,True,0,0.0008872215
fd7703194a38423eb74a9015991ca42f,MAURITIUS/ID,True,0,0.0012115072
fd79c31eddea4cb5aa376638bb8512e0,EGYPT/DL,True,0,0.0010002556
fd7e77abe27648738e4ae98a4a4b198c,EGYPT/DL,True,0,0.0014188064
fd8418ca12a245e992d8f1bf0a829ee4,EGYPT/DL,True,0,0.00097377197
fd9abc6fb0714c6b99ddd627da7f49fb,BENIN/DL,True,1,0.99999666
fd9eb8c403524c20bf6d41623334adc1,EGYPT/DL,True,1,0.9999976
fda6725af95c4345b3e87ebfa611f35b,BENIN/DL,True,0,0.0008946872
fdad7fc7224546b79a6be4c33d16c71b,MAURITIUS/ID,True,0,0.00087237044
fdd07e58196c4f41a11310a7a3f44327,EGYPT/DL,True,0,0.0009621237
fdd6367b43464df49ab012ce3ab32fd5,MOZAMBIQUE/DL,True,0,0.00088586356
fddfe524bde74db29c35be76cc9ee7d6,MAURITIUS/ID,True,0,0.00095552707
fde72395064440ffaa00f434565602f7,EGYPT/DL,True,1,0.99999774
fdf5fbb752be419a94426a9b302d6020,BENIN/DL,True,0,0.0008844833
fe0b23eb035144e2b4ef5cda68be0aa1,BENIN/DL,True,1,0.99999785
fe187a49fbdf43209866d676a9a31792,EGYPT/DL,True,1,0.99999666
fe1ba318cef84d86b9ffa1a181aca5bc,BENIN/DL,True,0,0.00088780286
fe25f6d2e977441db1cae67773e5906d,MAURITIUS/ID,True,0,0.0008994974
fe2791b2b30c4ebca58d6433f4eea507,MOZAMBIQUE/DL,True,0,0.00086060463
fe33842d49c5465e88208298edaf9ea1,EGYPT/DL,True,1,0.999997
fe3fc2e704a64f59ab04578304127ada,GUINEA/DL,True,1,0.99999654
fe45878a8b5244e4b20a920959d8e505,BENIN/DL,True,0,0.00090715766
fe492ea911eb4f3ea8e0a97d968e9e0a,EGYPT/DL,True,1,0.99999774
fe4a21398b1444af9e85b09d0a68da6a,GUINEA/DL,True,1,0.99999714
fe539c185a914cd1837f28fccc0a1985,BENIN/DL,True,1,0.9999976
fe587336b364402e8a170b48b3b9d99a,BENIN/DL,True,0,0.0008995412
fe7a9dd3fb0b41cbb255e19faadf6251,MAURITIUS/ID,True,1,0.9999976
fe87a6c9a7af4261802c8c16b5dbce29,BENIN/DL,True,0,0.0008947555
fe92c61bfeca49bf838bcac4b405565b,EGYPT/DL,True,0,0.0011045472
fea17da285dc456a8ef847e1185dcbe3,GUINEA/DL,True,1,0.9999968
feaeabd36f864ad0b194dfa19ff0208d,MAURITIUS/ID,True,1,0.9999968
febe3cb30ec84f128167a4b951a1ab3b,BENIN/DL,True,1,0.999997
fecdb520b9374c3890a3a84e6fe8bdd6,MAURITIUS/ID,True,0,0.00090893294
fef52b7deb5a42178ddb093bd9698bbc,BENIN/DL,True,1,0.9999976
fef6457eccb14e77b16a49020e9ef090,MOZAMBIQUE/DL,True,0,0.00087516074
ff096f5960d74527b551292c6cf1a192,BENIN/DL,True,1,0.99999785
ff0d90a5f0a4454ba4410557053bf957,GUINEA/DL,True,0,0.0008932596
ff104d5aeada4b9ab5df532c8a8090d7,EGYPT/DL,True,0,0.001007921
ff114b649cab40c9afe36e0008e90b88,BENIN/DL,True,0,0.00089529017
ff175a5b2dc74016ae910705cccc0b36,EGYPT/DL,True,0,0.0009888611
ff1a772a64fb457a92fa61793d6b074b,EGYPT/DL,True,0,0.0011036788
ff1ccb520a5a4f549aa1c8453ac7688b,GUINEA/DL,True,0,0.0008971854
ff2c7930405c47f6b3be0f9bc56386ec,BENIN/DL,True,1,0.9999974
ff38be5a1c2148d8a61a3975aab240ee,MAURITIUS/ID,True,0,0.001593608
ff3dcdc0f6be449bac5271c001acc530,EGYPT/DL,True,0,0.0009400003
ff4469e13ea2424cb6ddce38bce6c3c7,GUINEA/DL,True,1,0.99999774
ff47434a05a8446085621b8d2fdda3b3,MAURITIUS/ID,True,0,0.0009012239
ff4e9b42539b4eae8513d97469f9fb07,BENIN/DL,True,0,0.00089000026
ff524828cd78454f9bd8e40b2bfccbed,GUINEA/DL,True,0,0.00088727474
ff59ebd7e385486dbccd16cb1675ca9a,MOZAMBIQUE/DL,True,0,0.0008646931
ff61a74c42db40a39f4bf63252c88f43,BENIN/DL,True,0,0.0008937338
ff65326105c74a7483019dba07e9fd81,GUINEA/DL,True,0,0.0008869028
ff7c77936f4f47cd9e2a0449fbb51ce0,MAURITIUS/ID,True,1,0.99999726
ff9327ce60d34690a9b9b165d945637d,MOZAMBIQUE/DL,True,0,0.0008616565
ff97d46e76dc4cf1a29451a835c75608,EGYPT/DL,True,1,0.9999976
ff988aad3e61476aa985dee087d6face,EGYPT/DL,True,1,0.9999968
ffa8c151fe4248a4905ec0f98b388fc4,MAURITIUS/ID,True,1,0.99999666
ffaa6efde0994c05a574f0e38b2d0619,GUINEA/DL,True,0,0.0008795241
ffade9b8c7b2449990d365695fd3f7f2,MOZAMBIQUE/DL,True,1,0.99999785
ffb554615ff047bfa9c2f1b61ed2eb78,MOZAMBIQUE/DL,True,0,0.0008715483
ffb6907a4b4c4e8a92f6ca827f0a31c4,EGYPT/DL,True,0,0.0009962668
ffcd39437ed642caba390b930e07e75b,MAURITIUS/ID,True,1,0.99999774
fff0bd5cf376468fb168d59641161706,MOZAMBIQUE/DL,True,0,0.0008611288
fffd64ac3b5c4ebdb57e7bffa06373a2,BENIN/DL,True,1,0.9999974
