id,score,path
0009cd06cf8c426789aa58b2b05c60d2,0.3376342595317087,data/public_test/public_test/0009cd06cf8c426789aa58b2b05c60d2.jpeg
000c9f83f98c4babac3f030df5300a8e,0.2099723535059707,data/public_test/public_test/000c9f83f98c4babac3f030df5300a8e.jpeg
00102eb7a93f4dfca8e3795ff1b12b5f,0.6343915473402892,data/public_test/public_test/00102eb7a93f4dfca8e3795ff1b12b5f.jpeg
00150ae8ab994f22bb1aa188836a5856,0.0975451609410909,data/public_test/public_test/00150ae8ab994f22bb1aa188836a5856.jpeg
0022725516a14f7c93f4e2ddebbb0c58,0.1778994845296879,data/public_test/public_test/0022725516a14f7c93f4e2ddebbb0c58.jpeg
002361d1fae94b6284c2db2ea1e8d40e,0.5044687480116549,data/public_test/public_test/002361d1fae94b6284c2db2ea1e8d40e.jpeg
0023dc7c26ee445a95dc4e1182780e13,0.6323811524596458,data/public_test/public_test/0023dc7c26ee445a95dc4e1182780e13.jpeg
00255be4240245f09e17c6eb0f285037,0.8888674363955301,data/public_test/public_test/00255be4240245f09e17c6eb0f285037.jpeg
0027a160e1204a7e86150dfecce5dca7,0.9295392325588844,data/public_test/public_test/0027a160e1204a7e86150dfecce5dca7.jpeg
002cdc6261074ba09b39af2900ea239a,0.8870091583014134,data/public_test/public_test/002cdc6261074ba09b39af2900ea239a.jpeg
00486dfcb3634cb6aca8a552ec7c7c6b,0.1646771989943844,data/public_test/public_test/00486dfcb3634cb6aca8a552ec7c7c6b.jpeg
0069de61c6a747048bd01d1c24807aee,0.3691550326487712,data/public_test/public_test/0069de61c6a747048bd01d1c24807aee.jpeg
006d76bff15e4510af1b9f784bb936e4,0.1342239763957321,data/public_test/public_test/006d76bff15e4510af1b9f784bb936e4.jpeg
0070126827214a5caf73cf1dabce04ba,0.1508224072624735,data/public_test/public_test/0070126827214a5caf73cf1dabce04ba.jpeg
00725159e0914ad9a015633a9340a0a1,0.1847453675748414,data/public_test/public_test/00725159e0914ad9a015633a9340a0a1.jpeg
00772ea662f64a09b44bc72266b71f03,0.6447303216153314,data/public_test/public_test/00772ea662f64a09b44bc72266b71f03.jpeg
0092b29c3e8d4d91b46de7438827fbd5,0.8923860845306462,data/public_test/public_test/0092b29c3e8d4d91b46de7438827fbd5.jpeg
009bbbd04f434c42b6fabecae7bbab19,0.1518455991969488,data/public_test/public_test/009bbbd04f434c42b6fabecae7bbab19.jpeg
009caf748582422f881034706e168aa0,0.0844490688230069,data/public_test/public_test/009caf748582422f881034706e168aa0.jpeg
009cd8af56eb42e8a98d72feb71fd691,0.7461566071957048,data/public_test/public_test/009cd8af56eb42e8a98d72feb71fd691.jpeg
00aaa277480343648c9125c4cf1bd46a,0.5994530237874719,data/public_test/public_test/00aaa277480343648c9125c4cf1bd46a.jpeg
00ae20288dd048f189bef630801f8ff7,0.7284343322978678,data/public_test/public_test/00ae20288dd048f189bef630801f8ff7.jpeg
00af1893f30243a09b711607d13f00a8,0.6159607944957706,data/public_test/public_test/00af1893f30243a09b711607d13f00a8.jpeg
00ca986c9e7941bdac7cee5523cd1861,0.8400138679361486,data/public_test/public_test/00ca986c9e7941bdac7cee5523cd1861.jpeg
00d24a03a0124c4a9c391aa06d77d137,0.3923571945382263,data/public_test/public_test/00d24a03a0124c4a9c391aa06d77d137.jpeg
00d53f6d1aca4cf68efa265a5282c25e,0.7189647229272332,data/public_test/public_test/00d53f6d1aca4cf68efa265a5282c25e.jpeg
00db27af3372487f949dcd9f879ce15d,0.1916355819147363,data/public_test/public_test/00db27af3372487f949dcd9f879ce15d.jpeg
00e441c8537a4f0582afcff6cc29ee4c,0.7097096120748673,data/public_test/public_test/00e441c8537a4f0582afcff6cc29ee4c.jpeg
00ea3f0aedeb4fe99f6a8b7d20d52611,0.4161995145141291,data/public_test/public_test/00ea3f0aedeb4fe99f6a8b7d20d52611.jpeg
00f611ea0bf14a3cb327fb2942ea19c9,0.6461998433175563,data/public_test/public_test/00f611ea0bf14a3cb327fb2942ea19c9.jpeg
00f9c416f99f4843aeca8d7eda774c3d,0.274126785795566,data/public_test/public_test/00f9c416f99f4843aeca8d7eda774c3d.jpeg
0102f13193a040398db813b550345b0a,0.5652688240263136,data/public_test/public_test/0102f13193a040398db813b550345b0a.jpeg
011ea373ea374a639c8d59b395f20f45,0.1413052601168685,data/public_test/public_test/011ea373ea374a639c8d59b395f20f45.jpeg
0123f066a495452ab5f35c63096afa0a,0.1292406231010331,data/public_test/public_test/0123f066a495452ab5f35c63096afa0a.jpeg
013246c659084fcc9d046de6d1d20bba,0.2030878153183111,data/public_test/public_test/013246c659084fcc9d046de6d1d20bba.jpeg
01436b193ef54b17a670e76010905491,0.7919003210021446,data/public_test/public_test/01436b193ef54b17a670e76010905491.jpeg
0148c650eb514b60bdf6e15fbd234105,0.6473319887212962,data/public_test/public_test/0148c650eb514b60bdf6e15fbd234105.jpeg
01492b38b28e431b8d493be3f514e58a,0.149627942892137,data/public_test/public_test/01492b38b28e431b8d493be3f514e58a.jpeg
01540048183f41869d7fb9710cb1aa09,0.5819898461367404,data/public_test/public_test/01540048183f41869d7fb9710cb1aa09.jpeg
015dc25ade144949bcc82f0b80696107,0.1532961344428386,data/public_test/public_test/015dc25ade144949bcc82f0b80696107.jpeg
01623278d546493b957be839d61064b7,0.4151751163973038,data/public_test/public_test/01623278d546493b957be839d61064b7.jpeg
0162a656815447e2a5f35cc51e6e7c03,0.6721383335669198,data/public_test/public_test/0162a656815447e2a5f35cc51e6e7c03.jpeg
0172bbbbc80b41d48b5b7f8ef429dea2,0.5490596161966718,data/public_test/public_test/0172bbbbc80b41d48b5b7f8ef429dea2.jpeg
0188db002dbd47a5889591a962d4a85b,0.6986631894446239,data/public_test/public_test/0188db002dbd47a5889591a962d4a85b.jpeg
0189577b2447439cbf034e159f8b027e,0.6140434448490764,data/public_test/public_test/0189577b2447439cbf034e159f8b027e.jpeg
018d77cc1c334bc292c59dc1a1be848e,0.7919003210021446,data/public_test/public_test/018d77cc1c334bc292c59dc1a1be848e.jpeg
018db7bac99b4704b13101ae74e3f603,0.1559831403145253,data/public_test/public_test/018db7bac99b4704b13101ae74e3f603.jpeg
0190e06099d54d439f530a5cf69aae9b,0.8234015837103579,data/public_test/public_test/0190e06099d54d439f530a5cf69aae9b.jpeg
01ae100655a340018adb8c9c71e429f1,0.1451489539284143,data/public_test/public_test/01ae100655a340018adb8c9c71e429f1.jpeg
01b541ade96c4799b375bb163c5269ae,0.1979027771461229,data/public_test/public_test/01b541ade96c4799b375bb163c5269ae.jpeg
01c8bfec87d24f27b7f2ccd885ecd308,0.4218719690637084,data/public_test/public_test/01c8bfec87d24f27b7f2ccd885ecd308.jpeg
01ca37bc23094720ad5ba9c13b2134c0,0.9105787569003864,data/public_test/public_test/01ca37bc23094720ad5ba9c13b2134c0.jpeg
01d094fa44b54e63a4cfaf957cb7dcc2,0.4174370494184702,data/public_test/public_test/01d094fa44b54e63a4cfaf957cb7dcc2.jpeg
01d47d359b7d4875a152518f20c9ea61,0.9042491526480646,data/public_test/public_test/01d47d359b7d4875a152518f20c9ea61.jpeg
02241269c6b042148f8586b810546845,0.5490596161966718,data/public_test/public_test/02241269c6b042148f8586b810546845.jpeg
022e5fc132c048a68a3d40d0ba63c261,0.3953847040499663,data/public_test/public_test/022e5fc132c048a68a3d40d0ba63c261.jpeg
023c434022b44944bfffa72bcc63d05e,0.2551466305352194,data/public_test/public_test/023c434022b44944bfffa72bcc63d05e.jpeg
023d85dbb4f94fb5b384dc3adf41909f,0.7818335667717609,data/public_test/public_test/023d85dbb4f94fb5b384dc3adf41909f.jpeg
0247748f95414ac296de401e36d5ba39,0.5825848378791274,data/public_test/public_test/0247748f95414ac296de401e36d5ba39.jpeg
025129171a1149c5b011bfb24c83ad52,0.0886320764657719,data/public_test/public_test/025129171a1149c5b011bfb24c83ad52.jpeg
025b7dc0953c4429bf2d3056a588d422,0.7732608604062051,data/public_test/public_test/025b7dc0953c4429bf2d3056a588d422.jpeg
025eb1bf697e4d14973d55c288a85490,0.2301046339530333,data/public_test/public_test/025eb1bf697e4d14973d55c288a85490.jpeg
026d2af3c0fd4e65b95c8cda4be734a0,0.8711083483757441,data/public_test/public_test/026d2af3c0fd4e65b95c8cda4be734a0.jpeg
026dfbea2b964d76986f5c6b1ec2fc5f,0.7461566071957048,data/public_test/public_test/026dfbea2b964d76986f5c6b1ec2fc5f.jpeg
02810a24c2054009afbed1ba9658fda5,0.5654820754284418,data/public_test/public_test/02810a24c2054009afbed1ba9658fda5.jpeg
0281ecd40ebb4ed9a24c7c50ca4f56eb,0.3358430459949278,data/public_test/public_test/0281ecd40ebb4ed9a24c7c50ca4f56eb.jpeg
028355dbe2c849479d4650c8dd2b8c7f,0.384338297793239,data/public_test/public_test/028355dbe2c849479d4650c8dd2b8c7f.jpeg
028f1b41f1614f0dac3490b33d7cff4e,0.2218345074354089,data/public_test/public_test/028f1b41f1614f0dac3490b33d7cff4e.jpeg
02961319ba4340ed88047d7d28014d2c,0.3530737319976969,data/public_test/public_test/02961319ba4340ed88047d7d28014d2c.jpeg
0297137b196e47bda6389bcbe33148aa,0.0964357187818326,data/public_test/public_test/0297137b196e47bda6389bcbe33148aa.jpeg
02a34cc4857e4933a23c9776b5a40b65,0.972104212423683,data/public_test/public_test/02a34cc4857e4933a23c9776b5a40b65.jpeg
02bd1d32b6ff4bd39974370af9b73f9b,0.2406470579274924,data/public_test/public_test/02bd1d32b6ff4bd39974370af9b73f9b.jpeg
02d69df9f71e41a6b68bd9a3f1135c9d,0.5488463647945435,data/public_test/public_test/02d69df9f71e41a6b68bd9a3f1135c9d.jpeg
02dacbf515ce4ed5bd46e4b41c7a30e4,0.2025535188355113,data/public_test/public_test/02dacbf515ce4ed5bd46e4b41c7a30e4.jpeg
02db7c33b8da423b86634e43d367904e,0.0897809269492753,data/public_test/public_test/02db7c33b8da423b86634e43d367904e.jpeg
02ebf1467cbf4080afa2041532ec89b4,0.0768152962782646,data/public_test/public_test/02ebf1467cbf4080afa2041532ec89b4.jpeg
02f1089c679141228200afa4eb3f7f01,0.9285771752400106,data/public_test/public_test/02f1089c679141228200afa4eb3f7f01.jpeg
02f41b8f3a3d465398b0969348b5a150,0.5317436023438579,data/public_test/public_test/02f41b8f3a3d465398b0969348b5a150.jpeg
02f54ef06f5942b2b7527eef2a2df54d,0.1406708873394299,data/public_test/public_test/02f54ef06f5942b2b7527eef2a2df54d.jpeg
02ffe8cc5cf94860b92b6b05f6b586f2,0.3473589491801745,data/public_test/public_test/02ffe8cc5cf94860b92b6b05f6b586f2.jpeg
0305844e43ac412c98b05dfd909cf923,0.4912454691497102,data/public_test/public_test/0305844e43ac412c98b05dfd909cf923.jpeg
0305d7214c79470fa567a0086037c17f,0.0747252251395377,data/public_test/public_test/0305d7214c79470fa567a0086037c17f.jpeg
030816bde0f146e292cd46d80a54bc84,0.963788944122272,data/public_test/public_test/030816bde0f146e292cd46d80a54bc84.jpeg
030eeba58feb46c685badad8e0ddf663,0.139903815401056,data/public_test/public_test/030eeba58feb46c685badad8e0ddf663.jpeg
0313e31ef7314235a6fca55135f8a57f,0.3882196588784885,data/public_test/public_test/0313e31ef7314235a6fca55135f8a57f.jpeg
03213df23da944b182eabfc1acfaa49b,0.5044687480116549,data/public_test/public_test/03213df23da944b182eabfc1acfaa49b.jpeg
032673f451a44748a753a2735bb3518a,0.6353074449884611,data/public_test/public_test/032673f451a44748a753a2735bb3518a.jpeg
0337dc6299174241a564bea12955fa16,0.2051605400812286,data/public_test/public_test/0337dc6299174241a564bea12955fa16.jpeg
033d8257b5a140ad9399fe5e7996407b,0.3400651945278423,data/public_test/public_test/033d8257b5a140ad9399fe5e7996407b.jpeg
03415b94a74c48bb9defd7c8b1ea6829,0.7919003210021446,data/public_test/public_test/03415b94a74c48bb9defd7c8b1ea6829.jpeg
0344577270864feda4834e2064c6d4dc,0.4319805712722306,data/public_test/public_test/0344577270864feda4834e2064c6d4dc.jpeg
0347efb55cfe4ecaa82dfc7f9d699416,0.7376894431502338,data/public_test/public_test/0347efb55cfe4ecaa82dfc7f9d699416.jpeg
0364df250d3c4eaabc221d12da5eb27a,0.2699881312788972,data/public_test/public_test/0364df250d3c4eaabc221d12da5eb27a.jpeg
03691bb229444c8aa9d13fa95efd3bb9,0.4912454691497102,data/public_test/public_test/03691bb229444c8aa9d13fa95efd3bb9.jpeg
0378ca90244142c2b904b908ac589272,0.9475376508985086,data/public_test/public_test/0378ca90244142c2b904b908ac589272.jpeg
037c1ff414c5445c8dc76285911295da,0.5317436023438579,data/public_test/public_test/037c1ff414c5445c8dc76285911295da.jpeg
038d511b44fd4be29a877e3b0fc335cb,0.9295392325588844,data/public_test/public_test/038d511b44fd4be29a877e3b0fc335cb.jpeg
03919f3c776b4ac4881cd6f42b268a73,0.8732810866681554,data/public_test/public_test/03919f3c776b4ac4881cd6f42b268a73.jpeg
0395c25243cb48be88dbc2a15183a24e,0.9380281747451792,data/public_test/public_test/0395c25243cb48be88dbc2a15183a24e.jpeg
039e5d2ef632470488c2030f16ffc57c,0.4292935162799957,data/public_test/public_test/039e5d2ef632470488c2030f16ffc57c.jpeg
039eb9d67b0b4e5d8f4d79413bc08e92,0.4420040202815462,data/public_test/public_test/039eb9d67b0b4e5d8f4d79413bc08e92.jpeg
03bec4840c154160bf4e32ded5ef90b3,0.1815254405957041,data/public_test/public_test/03bec4840c154160bf4e32ded5ef90b3.jpeg
03d27709d39b4940a50b09e55c35e7fa,0.1169566219037391,data/public_test/public_test/03d27709d39b4940a50b09e55c35e7fa.jpeg
03d52483fcd9422498da30be2e80906d,0.908022166084144,data/public_test/public_test/03d52483fcd9422498da30be2e80906d.jpeg
03dca44e067a48b1bb665331cdec8c76,0.9105787569003864,data/public_test/public_test/03dca44e067a48b1bb665331cdec8c76.jpeg
03dd6ca1b7554b93985b7e4e892b6a2a,0.2067325804609051,data/public_test/public_test/03dd6ca1b7554b93985b7e4e892b6a2a.jpeg
03dfab5a58744f2595c93ad391280264,0.3242406742713506,data/public_test/public_test/03dfab5a58744f2595c93ad391280264.jpeg
04032354373b44b3a814c8d3acd3fedc,0.2223011226251011,data/public_test/public_test/04032354373b44b3a814c8d3acd3fedc.jpeg
040877407d044061a3a63cb3c64e0c61,0.4325985527956302,data/public_test/public_test/040877407d044061a3a63cb3c64e0c61.jpeg
040e521f0fa046cd9388f9adfc412127,0.160333812761779,data/public_test/public_test/040e521f0fa046cd9388f9adfc412127.jpeg
040f61a7cbe545c185636bec066aa5d8,0.9415468228802952,data/public_test/public_test/040f61a7cbe545c185636bec066aa5d8.jpeg
0418765a065343a58c30cb7142331637,0.1851035614345413,data/public_test/public_test/0418765a065343a58c30cb7142331637.jpeg
041fc43b86d244959cd33588f4da2892,0.3354165268171553,data/public_test/public_test/041fc43b86d244959cd33588f4da2892.jpeg
042d6a6e24684fa3bbbc55744c1329c1,0.3775555278302113,data/public_test/public_test/042d6a6e24684fa3bbbc55744c1329c1.jpeg
042f212feb044471853f0dc316cbed0c,0.1645509237095846,data/public_test/public_test/042f212feb044471853f0dc316cbed0c.jpeg
0438248df2bf4d95b55cb9f8815a4f50,0.5990926085874261,data/public_test/public_test/0438248df2bf4d95b55cb9f8815a4f50.jpeg
043e24c112b84d3cb3a4bc76f10dc840,0.5655837317673807,data/public_test/public_test/043e24c112b84d3cb3a4bc76f10dc840.jpeg
0442752b6ac7479b839807ad9df1ca3b,0.1606252422452709,data/public_test/public_test/0442752b6ac7479b839807ad9df1ca3b.jpeg
0442fb38c3144b80a91602219eb4a7e7,0.505042834867408,data/public_test/public_test/0442fb38c3144b80a91602219eb4a7e7.jpeg
044df706ea5c41efacb15c448f1999b8,0.4841655225990522,data/public_test/public_test/044df706ea5c41efacb15c448f1999b8.jpeg
044fef64506d44d0ae54e3e29f2d8bf6,0.4533278061805234,data/public_test/public_test/044fef64506d44d0ae54e3e29f2d8bf6.jpeg
04522f5c0e054f1da424ad397ac31a7e,0.5488463647945435,data/public_test/public_test/04522f5c0e054f1da424ad397ac31a7e.jpeg
04582fc5aab2401192621a36f639cfee,0.0940020002879683,data/public_test/public_test/04582fc5aab2401192621a36f639cfee.jpeg
0462484277f64026baf15784452faf16,0.5633873623979109,data/public_test/public_test/0462484277f64026baf15784452faf16.jpeg
04752e0c8abe4662a8fc36e2446dcae8,0.6860157930673605,data/public_test/public_test/04752e0c8abe4662a8fc36e2446dcae8.jpeg
04769cb4349f4b6291b795d3db942797,0.889061690425646,data/public_test/public_test/04769cb4349f4b6291b795d3db942797.jpeg
047d38cfcb824a02bf96643585e6d5d9,0.7759277909827387,data/public_test/public_test/047d38cfcb824a02bf96643585e6d5d9.jpeg
047f31269d3a4a989a587b1d72bdf26a,0.5488463647945435,data/public_test/public_test/047f31269d3a4a989a587b1d72bdf26a.jpeg
0484f81ebb054811b9f7041e883ac082,0.5819898461367404,data/public_test/public_test/0484f81ebb054811b9f7041e883ac082.jpeg
04939110349c4f5ab21fd5b7d8e960c9,0.7074064969318822,data/public_test/public_test/04939110349c4f5ab21fd5b7d8e960c9.jpeg
049e00cc988145c5b7bf4fdaaf2de2ad,0.0391966682907813,data/public_test/public_test/049e00cc988145c5b7bf4fdaaf2de2ad.jpeg
04a50005d0214b6aba9aec58576506aa,0.6611506795792067,data/public_test/public_test/04a50005d0214b6aba9aec58576506aa.jpeg
04a8f92d6dbc4fe1864467c7c715e5df,0.4736298718024048,data/public_test/public_test/04a8f92d6dbc4fe1864467c7c715e5df.jpeg
04b64a5bb4bc4cdf9fb6d3d88a138879,0.0870494260476864,data/public_test/public_test/04b64a5bb4bc4cdf9fb6d3d88a138879.jpeg
04bf8211c6fb442ea6acced0716d542a,0.6096836741847302,data/public_test/public_test/04bf8211c6fb442ea6acced0716d542a.jpeg
04c18bb07ce047148d9b460c75fcf3d1,0.2115103724481869,data/public_test/public_test/04c18bb07ce047148d9b460c75fcf3d1.jpeg
04c3657219244fbc80c244a887aaef40,0.8295669752411611,data/public_test/public_test/04c3657219244fbc80c244a887aaef40.jpeg
04c63a815a7f46208cc428ea1d36d432,0.5317436023438579,data/public_test/public_test/04c63a815a7f46208cc428ea1d36d432.jpeg
04c7f5ead5474a0eaef4713fe7311696,0.5343686958579302,data/public_test/public_test/04c7f5ead5474a0eaef4713fe7311696.jpeg
04c8409d395c407f94465d82f6c90d43,0.4532639562901747,data/public_test/public_test/04c8409d395c407f94465d82f6c90d43.jpeg
04d10d2ed2334e4089f81b21733346f2,0.7845194510575974,data/public_test/public_test/04d10d2ed2334e4089f81b21733346f2.jpeg
04e17e093c7e487ea98444b94861aeb6,0.5353688761800381,data/public_test/public_test/04e17e093c7e487ea98444b94861aeb6.jpeg
04ebeccb490f4b199c09d14e95637e5d,0.6473319887212962,data/public_test/public_test/04ebeccb490f4b199c09d14e95637e5d.jpeg
04f247901a194569bb4921aa3a959c4f,0.1540191152313733,data/public_test/public_test/04f247901a194569bb4921aa3a959c4f.jpeg
04f448ad7fe744ca87f4e0f5f5064c91,0.1171267809405081,data/public_test/public_test/04f448ad7fe744ca87f4e0f5f5064c91.jpeg
04f60ef0cb5d4666af5f66108e199367,0.6972967922399449,data/public_test/public_test/04f60ef0cb5d4666af5f66108e199367.jpeg
04fe77c176834d968914d24a571ceec2,0.984111802745094,data/public_test/public_test/04fe77c176834d968914d24a571ceec2.jpeg
04ffd936f0624f54917ff96758300b60,0.1623591089064997,data/public_test/public_test/04ffd936f0624f54917ff96758300b60.jpeg
05087bb9bfe140f2816ae4ddbb994f41,0.1324386682404114,data/public_test/public_test/05087bb9bfe140f2816ae4ddbb994f41.jpeg
050abdfcdbcd4b54a1970c8d86932ae4,0.106415371364598,data/public_test/public_test/050abdfcdbcd4b54a1970c8d86932ae4.jpeg
0515e08e4ac145cfb90ee1da69a7d0ed,0.1760652932421601,data/public_test/public_test/0515e08e4ac145cfb90ee1da69a7d0ed.jpeg
051b301001774c70b24ccff614fbf59d,0.5825848378791274,data/public_test/public_test/051b301001774c70b24ccff614fbf59d.jpeg
0525126f78fa4ed38ec3ed3f20745dd8,0.1810991397314791,data/public_test/public_test/0525126f78fa4ed38ec3ed3f20745dd8.jpeg
052c3e94d6354d51a8f045c493f2d21c,0.8306308062425055,data/public_test/public_test/052c3e94d6354d51a8f045c493f2d21c.jpeg
0532e015642f4ccab8da8463eba0cc00,0.3646757653352755,data/public_test/public_test/0532e015642f4ccab8da8463eba0cc00.jpeg
054790cfaf9e4f089aca2b969770ffdb,0.981787362461896,data/public_test/public_test/054790cfaf9e4f089aca2b969770ffdb.jpeg
054eb5d4970242e5a0027c7abf41b24f,0.1990991790491936,data/public_test/public_test/054eb5d4970242e5a0027c7abf41b24f.jpeg
0554292a01514651837f2f3da6aa507f,0.9475376508985086,data/public_test/public_test/0554292a01514651837f2f3da6aa507f.jpeg
0555023f6b2a4f8c90fee4d44d67fbc8,0.2544643734100536,data/public_test/public_test/0555023f6b2a4f8c90fee4d44d67fbc8.jpeg
055ba0a653304f68916a1a04e7bd1ca3,0.0809539180479013,data/public_test/public_test/055ba0a653304f68916a1a04e7bd1ca3.jpeg
055c93f59e014d5bb893a69c3e65b5ec,0.1590090233903363,data/public_test/public_test/055c93f59e014d5bb893a69c3e65b5ec.jpeg
056673db9d744735861815e236ebb754,0.4464612529357996,data/public_test/public_test/056673db9d744735861815e236ebb754.jpeg
057395d332c44bd48f134ccb30c48f1d,0.889061690425646,data/public_test/public_test/057395d332c44bd48f134ccb30c48f1d.jpeg
05783b5b30d243ce9d641a0d2dce46f9,0.4401910558931347,data/public_test/public_test/05783b5b30d243ce9d641a0d2dce46f9.jpeg
057e96e615e346d68640816a15ad2af3,0.1166954261176581,data/public_test/public_test/057e96e615e346d68640816a15ad2af3.jpeg
058bb99baca34462ab7f125ca8a17e98,0.6473319887212962,data/public_test/public_test/058bb99baca34462ab7f125ca8a17e98.jpeg
059300c15e5f4e1cb0fdb5dd4b039055,0.1321839236196593,data/public_test/public_test/059300c15e5f4e1cb0fdb5dd4b039055.jpeg
05a631296e4f4355b466435bd899db0d,0.7810031743533911,data/public_test/public_test/05a631296e4f4355b466435bd899db0d.jpeg
05afdb3fe22a4b7f96a100ab5b1390bd,0.4912454691497102,data/public_test/public_test/05afdb3fe22a4b7f96a100ab5b1390bd.jpeg
05b1351531b04cec8ae615d7dd7620cc,0.7759277909827387,data/public_test/public_test/05b1351531b04cec8ae615d7dd7620cc.jpeg
05b8b32c10004e0a8f1bf60a35595426,0.6749693704371172,data/public_test/public_test/05b8b32c10004e0a8f1bf60a35595426.jpeg
05be472a0058459590e8bb204541804c,0.5317436023438579,data/public_test/public_test/05be472a0058459590e8bb204541804c.jpeg
05d07f1a4c1c426d85a0c854df211098,0.5365170198734316,data/public_test/public_test/05d07f1a4c1c426d85a0c854df211098.jpeg
05d7cf54388f45d7a7ffa2b69d740ae7,0.2261808736479378,data/public_test/public_test/05d7cf54388f45d7a7ffa2b69d740ae7.jpeg
05db9a8196b645479255ced182f2bc96,0.6873821902720395,data/public_test/public_test/05db9a8196b645479255ced182f2bc96.jpeg
05eae6a50ffe452d9528d03a6910a712,0.5505279699214175,data/public_test/public_test/05eae6a50ffe452d9528d03a6910a712.jpeg
05eb9092c4e0448986f77059609fe871,0.1578985988201142,data/public_test/public_test/05eb9092c4e0448986f77059609fe871.jpeg
05ecba05bf3a433085889b816df532aa,0.1124284823737137,data/public_test/public_test/05ecba05bf3a433085889b816df532aa.jpeg
05f14fb0ba484abe99e778c80af9a6c9,0.2216247654235568,data/public_test/public_test/05f14fb0ba484abe99e778c80af9a6c9.jpeg
05f2af3c8c384780930ffd8f622da374,0.5317436023438579,data/public_test/public_test/05f2af3c8c384780930ffd8f622da374.jpeg
05f9b90a5bf447f7a3e15b9d0c518fe0,0.5317436023438579,data/public_test/public_test/05f9b90a5bf447f7a3e15b9d0c518fe0.jpeg
05fa1d24aa2445919b25cafb2f322144,0.8923860845306462,data/public_test/public_test/05fa1d24aa2445919b25cafb2f322144.jpeg
0607d2ad52d84dcab8b89e051e161624,0.1825503517493661,data/public_test/public_test/0607d2ad52d84dcab8b89e051e161624.jpeg
0608856045ef409ca4b8caf135af474e,0.7943117646918644,data/public_test/public_test/0608856045ef409ca4b8caf135af474e.jpeg
0609dcefd6344b72806daab130cdad30,0.3392550575133024,data/public_test/public_test/0609dcefd6344b72806daab130cdad30.jpeg
06133464c9944614b34a888fc095abd8,0.0980137573262269,data/public_test/public_test/06133464c9944614b34a888fc095abd8.jpeg
0617ecb4eed74989b26f12bdca30d853,0.6309116307574208,data/public_test/public_test/0617ecb4eed74989b26f12bdca30d853.jpeg
06254529f32844819e0fa39723c5ee67,0.862128038336848,data/public_test/public_test/06254529f32844819e0fa39723c5ee67.jpeg
062e62bdc881468fb8c5557c8596ec30,0.4713269858886446,data/public_test/public_test/062e62bdc881468fb8c5557c8596ec30.jpeg
0632ac031e384763952cb8dc8d687530,0.8030533693334521,data/public_test/public_test/0632ac031e384763952cb8dc8d687530.jpeg
063bc9388af44c16892c43a7f097ccf8,0.1864753073211342,data/public_test/public_test/063bc9388af44c16892c43a7f097ccf8.jpeg
064a2e11a5be4f3e8c8ed88e42e21e3f,0.9891878355985502,data/public_test/public_test/064a2e11a5be4f3e8c8ed88e42e21e3f.jpeg
064ad2c36455491d8aadf8289d54a7e3,0.1935969817774796,data/public_test/public_test/064ad2c36455491d8aadf8289d54a7e3.jpeg
064bc89826d64efe91b315fd641478e8,0.8550884142984154,data/public_test/public_test/064bc89826d64efe91b315fd641478e8.jpeg
064dfc6d253944b099e1b8a01e899275,0.4186725158019487,data/public_test/public_test/064dfc6d253944b099e1b8a01e899275.jpeg
0653f4d6179d49b48b9f88b19b621f68,0.1559406974319698,data/public_test/public_test/0653f4d6179d49b48b9f88b19b621f68.jpeg
0656ed722ddb4858ab5129184e7e543e,0.2812074254917373,data/public_test/public_test/0656ed722ddb4858ab5129184e7e543e.jpeg
06585848b8f146cfa5ae8fbb73827345,0.2072488319645434,data/public_test/public_test/06585848b8f146cfa5ae8fbb73827345.jpeg
067c6fe7ef2b49248af37874c3466297,0.4713269858886446,data/public_test/public_test/067c6fe7ef2b49248af37874c3466297.jpeg
067e8f7aea6447fb8a9d9805de004cbb,0.0981387500189351,data/public_test/public_test/067e8f7aea6447fb8a9d9805de004cbb.jpeg
06806d5272714ef5956b5859b650dad7,0.1759425437211526,data/public_test/public_test/06806d5272714ef5956b5859b650dad7.jpeg
068cf32baf5d47c3a3ed94f2d1f52d44,0.1662193604361646,data/public_test/public_test/068cf32baf5d47c3a3ed94f2d1f52d44.jpeg
069375f8266a4a3d874a58da8a296a0c,0.5317436023438579,data/public_test/public_test/069375f8266a4a3d874a58da8a296a0c.jpeg
0693af8bad634a6da778ef44114d42b3,0.1539735668386044,data/public_test/public_test/0693af8bad634a6da778ef44114d42b3.jpeg
069646bfc6d54136b404fc4efca7a317,0.6507343494164112,data/public_test/public_test/069646bfc6d54136b404fc4efca7a317.jpeg
0698ada34aa84b1db42ffbb679cffd3d,0.4846773259641601,data/public_test/public_test/0698ada34aa84b1db42ffbb679cffd3d.jpeg
06bea3780457464da76dd852bdb3be8d,0.0717386848939075,data/public_test/public_test/06bea3780457464da76dd852bdb3be8d.jpeg
06c4b1b160154367962a97bc4f51ae95,0.1546093368227471,data/public_test/public_test/06c4b1b160154367962a97bc4f51ae95.jpeg
06cfd642097449aa84fa939369c8c6c2,0.6710649568057102,data/public_test/public_test/06cfd642097449aa84fa939369c8c6c2.jpeg
06dc0d995a7e43daae4247f1b08a229e,0.7602768409121957,data/public_test/public_test/06dc0d995a7e43daae4247f1b08a229e.jpeg
06e72d9a3ff6496b956fe13654c96253,0.4092467819965253,data/public_test/public_test/06e72d9a3ff6496b956fe13654c96253.jpeg
07012a7e7eb047f1b9611714b30c373e,0.2189375303226452,data/public_test/public_test/07012a7e7eb047f1b9611714b30c373e.jpeg
0710917070ec4dc998ca349d8d69c359,0.4173084490943894,data/public_test/public_test/0710917070ec4dc998ca349d8d69c359.jpeg
07188fd2f877438d95d96e956a791a97,0.5646738322839265,data/public_test/public_test/07188fd2f877438d95d96e956a791a97.jpeg
07324b8a10654d25a78b4cd939587378,0.7287115591206345,data/public_test/public_test/07324b8a10654d25a78b4cd939587378.jpeg
074a48238056495299d76a4fbf65ba4c,0.5823502613367864,data/public_test/public_test/074a48238056495299d76a4fbf65ba4c.jpeg
07502e2d859b472f9372e0346be7f681,0.1858283705990363,data/public_test/public_test/07502e2d859b472f9372e0346be7f681.jpeg
075194e1a17043249cc2456bf446bac4,0.3368237513841381,data/public_test/public_test/075194e1a17043249cc2456bf446bac4.jpeg
07599fe03ab24590b39c92a2a587d0bd,0.6598526813734228,data/public_test/public_test/07599fe03ab24590b39c92a2a587d0bd.jpeg
075e763ac4a040e2afa8726e8c9f926a,0.6155129665513012,data/public_test/public_test/075e763ac4a040e2afa8726e8c9f926a.jpeg
076575a21e394adc874c12dbe74c8519,0.7369014963433388,data/public_test/public_test/076575a21e394adc874c12dbe74c8519.jpeg
076cc8e4d87f45a2817720ab0a8f6a72,0.0812495991877311,data/public_test/public_test/076cc8e4d87f45a2817720ab0a8f6a72.jpeg
076d9c50f9df41abb51b9aedf697879b,0.3883043972819549,data/public_test/public_test/076d9c50f9df41abb51b9aedf697879b.jpeg
07713a7a522b4ba28deb1ca05a5b0350,0.4912454691497102,data/public_test/public_test/07713a7a522b4ba28deb1ca05a5b0350.jpeg
0777379de6c34662b5da325eda99baca,0.6873821902720395,data/public_test/public_test/0777379de6c34662b5da325eda99baca.jpeg
0797148296e8401ba217c1ee61e21436,0.1027880235497164,data/public_test/public_test/0797148296e8401ba217c1ee61e21436.jpeg
07ad5f250e1c4c18a7ed5ab38f9b31cc,0.889061690425646,data/public_test/public_test/07ad5f250e1c4c18a7ed5ab38f9b31cc.jpeg
07c39cdf74f3402a9d587a84b7edc4e7,0.61081428047796,data/public_test/public_test/07c39cdf74f3402a9d587a84b7edc4e7.jpeg
07c9fe40671f489ba9f6337ed38aada0,0.9105787569003864,data/public_test/public_test/07c9fe40671f489ba9f6337ed38aada0.jpeg
07da4ac6464047fa9dc2d70510c36d4b,0.2151783129383088,data/public_test/public_test/07da4ac6464047fa9dc2d70510c36d4b.jpeg
07de32731f8e4712a337cd6403a865c7,0.3346055547532962,data/public_test/public_test/07de32731f8e4712a337cd6403a865c7.jpeg
07e103d7c4514769804f2b09ca78e2dc,0.3963223443630106,data/public_test/public_test/07e103d7c4514769804f2b09ca78e2dc.jpeg
07f27e9ae15346619e57917965eb2d46,0.7287115591206345,data/public_test/public_test/07f27e9ae15346619e57917965eb2d46.jpeg
07f5e9d7a7704877a673db618f2b03c0,0.4912454691497102,data/public_test/public_test/07f5e9d7a7704877a673db618f2b03c0.jpeg
07fae0ffac0c4332a63d34444fd319d6,0.4179054165743814,data/public_test/public_test/07fae0ffac0c4332a63d34444fd319d6.jpeg
080625ef28484f969fc94265aea833e5,0.6461998433175563,data/public_test/public_test/080625ef28484f969fc94265aea833e5.jpeg
080f63ae71c44919b4ed2424371000bf,0.5990051958430026,data/public_test/public_test/080f63ae71c44919b4ed2424371000bf.jpeg
0814820b96f94ae9b8ec79830b802161,0.2330503686677143,data/public_test/public_test/0814820b96f94ae9b8ec79830b802161.jpeg
081a4a1639f949efb155ab16dd6b47bf,0.6323811524596458,data/public_test/public_test/081a4a1639f949efb155ab16dd6b47bf.jpeg
081d3cbaeae44a9087af0e2145ead339,0.7279236123137394,data/public_test/public_test/081d3cbaeae44a9087af0e2145ead339.jpeg
082184b2ae824707a98e6d9dc176e28a,0.7097096120748673,data/public_test/public_test/082184b2ae824707a98e6d9dc176e28a.jpeg
08238cf637144c129511805ab5b4a6ca,0.3839970464292856,data/public_test/public_test/08238cf637144c129511805ab5b4a6ca.jpeg
08292f62bf254459b59814c5a82de903,0.5488463647945435,data/public_test/public_test/08292f62bf254459b59814c5a82de903.jpeg
082ac34f2b9b4410b43269ecbd574ef1,0.8487548476552064,data/public_test/public_test/082ac34f2b9b4410b43269ecbd574ef1.jpeg
0834269f547e45729e773382d390f42a,0.3577232347577032,data/public_test/public_test/0834269f547e45729e773382d390f42a.jpeg
08346000cc684cf5a033542d8028ddfc,0.0518642109151008,data/public_test/public_test/08346000cc684cf5a033542d8028ddfc.jpeg
0834c5c3fe2245189fa708b0f6af660c,0.8487548476552064,data/public_test/public_test/0834c5c3fe2245189fa708b0f6af660c.jpeg
083c4c994d764976927eebec80ea5332,0.3984559936147402,data/public_test/public_test/083c4c994d764976927eebec80ea5332.jpeg
083c962ea491490d8ab2b390244e18ca,0.1162686777106607,data/public_test/public_test/083c962ea491490d8ab2b390244e18ca.jpeg
083cb3bf71e046a29678b6422fc4f273,0.5488463647945435,data/public_test/public_test/083cb3bf71e046a29678b6422fc4f273.jpeg
084489808c794b5eb6e1361a5d736f3f,0.895047652780669,data/public_test/public_test/084489808c794b5eb6e1361a5d736f3f.jpeg
0851a1a1ab6c4712b407ceb5939c3e6f,0.2449101484373232,data/public_test/public_test/0851a1a1ab6c4712b407ceb5939c3e6f.jpeg
0859f0f9d075428d8e4c93340f25e279,0.5654820754284418,data/public_test/public_test/0859f0f9d075428d8e4c93340f25e279.jpeg
085f01e87506412c99d5d25a703c8a87,0.0939593663810587,data/public_test/public_test/085f01e87506412c99d5d25a703c8a87.jpeg
0866bee4bce0472798656dbaeefa4aba,0.6297794853536811,data/public_test/public_test/0866bee4bce0472798656dbaeefa4aba.jpeg
087e21baadb7499f84348e06f15c782f,0.3837830527610958,data/public_test/public_test/087e21baadb7499f84348e06f15c782f.jpeg
0892146a6f9b4101b1df6fee0c7e0262,0.7097096120748673,data/public_test/public_test/0892146a6f9b4101b1df6fee0c7e0262.jpeg
089cad8d3f98438384f818aa5ecf1f48,0.4019961251673911,data/public_test/public_test/089cad8d3f98438384f818aa5ecf1f48.jpeg
08a899040cdd4c4e99d0909582677570,0.5346885729611226,data/public_test/public_test/08a899040cdd4c4e99d0909582677570.jpeg
08aa1ca8c91d452887959fe158665d70,0.8702719141299468,data/public_test/public_test/08aa1ca8c91d452887959fe158665d70.jpeg
08af44f906904884908ec67c08aa705b,0.4912454691497102,data/public_test/public_test/08af44f906904884908ec67c08aa705b.jpeg
08bdec2d9b8e4b6681574dccd7457b32,0.2245617948855308,data/public_test/public_test/08bdec2d9b8e4b6681574dccd7457b32.jpeg
08cbeaccc7f5415392756db7e62df006,0.2218747780981667,data/public_test/public_test/08cbeaccc7f5415392756db7e62df006.jpeg
08cfda60f9c047eea29f4a7154a7dec1,0.1453108716287647,data/public_test/public_test/08cfda60f9c047eea29f4a7154a7dec1.jpeg
08d7d8e7d3cf4136b908ef9c75b57c62,0.6679763126783689,data/public_test/public_test/08d7d8e7d3cf4136b908ef9c75b57c62.jpeg
08e415800cd140aba5dcafad54b9e74b,0.3989249665907456,data/public_test/public_test/08e415800cd140aba5dcafad54b9e74b.jpeg
08e8318a9b1244d59bf485db644215eb,0.7538965497119806,data/public_test/public_test/08e8318a9b1244d59bf485db644215eb.jpeg
08e90c1245bc445cb089e236e4405f49,0.6860157930673605,data/public_test/public_test/08e90c1245bc445cb089e236e4405f49.jpeg
08fc8a175d5c45bb806bcbb5394f7607,0.5317436023438579,data/public_test/public_test/08fc8a175d5c45bb806bcbb5394f7607.jpeg
090539f9b3cb4cc295fb476d2adabe1c,0.889061690425646,data/public_test/public_test/090539f9b3cb4cc295fb476d2adabe1c.jpeg
090fce6444f9420694dcd313bcabcb66,0.5294804140197934,data/public_test/public_test/090fce6444f9420694dcd313bcabcb66.jpeg
09251df934344f0d9402dabcbb5af71a,0.2148792861433635,data/public_test/public_test/09251df934344f0d9402dabcbb5af71a.jpeg
09253bcb4c6d41f3bd9f67b7eb7c0feb,0.9105787569003864,data/public_test/public_test/09253bcb4c6d41f3bd9f67b7eb7c0feb.jpeg
09287fd2efe44a538f6127da2eaa31dc,0.3708167671494426,data/public_test/public_test/09287fd2efe44a538f6127da2eaa31dc.jpeg
09367875b6ad4d049f7200ca5f56562d,0.1449289402641519,data/public_test/public_test/09367875b6ad4d049f7200ca5f56562d.jpeg
09414d55b38e4d599cf23319662bc1c8,0.8299857333723196,data/public_test/public_test/09414d55b38e4d599cf23319662bc1c8.jpeg
094507842d76447e8e8bf68ad631102a,0.7457087792512355,data/public_test/public_test/094507842d76447e8e8bf68ad631102a.jpeg
094b97345d964b5fa809d3a32723bb6e,0.4267979127177103,data/public_test/public_test/094b97345d964b5fa809d3a32723bb6e.jpeg
094db2f4aae74598948165d4ed79f827,0.9760508997446462,data/public_test/public_test/094db2f4aae74598948165d4ed79f827.jpeg
0958f008b3b5488ba3fe70c567d68cb2,0.1457894831478927,data/public_test/public_test/0958f008b3b5488ba3fe70c567d68cb2.jpeg
096c4ab566484eb2ac97ef60dd44d468,0.9475376508985086,data/public_test/public_test/096c4ab566484eb2ac97ef60dd44d468.jpeg
0970d57f38004900a77b8ca855f3ac7d,0.1242919680157917,data/public_test/public_test/0970d57f38004900a77b8ca855f3ac7d.jpeg
0976f2c9eee9485e9265c46bc5905e19,0.548166061575628,data/public_test/public_test/0976f2c9eee9485e9265c46bc5905e19.jpeg
097b2120af7f440f80c21b2afc55a2d4,0.1463438658415232,data/public_test/public_test/097b2120af7f440f80c21b2afc55a2d4.jpeg
097d76f6b4d1468cbfe21b98e53db22b,0.4463966007431639,data/public_test/public_test/097d76f6b4d1468cbfe21b98e53db22b.jpeg
097ef9a332d54f92bc6544a92c4a9f42,0.0798014381016705,data/public_test/public_test/097ef9a332d54f92bc6544a92c4a9f42.jpeg
09aaf6b5578848b782222e3d86f7744a,0.0476412491642219,data/public_test/public_test/09aaf6b5578848b782222e3d86f7744a.jpeg
09b086cc177a45bfb20042063d6922eb,0.1904030463906332,data/public_test/public_test/09b086cc177a45bfb20042063d6922eb.jpeg
09bf4ed1d7dd4117957ce31175c7fb16,0.7732608604062051,data/public_test/public_test/09bf4ed1d7dd4117957ce31175c7fb16.jpeg
09c30577332446d79cff28de52f03cb8,0.4277155377718269,data/public_test/public_test/09c30577332446d79cff28de52f03cb8.jpeg
09cb36b9408c4baf8d0336d3092abfbf,0.9415468228802952,data/public_test/public_test/09cb36b9408c4baf8d0336d3092abfbf.jpeg
09d72ff0c5854dfcb8a6e3b6aba9ce49,0.5442691743037713,data/public_test/public_test/09d72ff0c5854dfcb8a6e3b6aba9ce49.jpeg
09e5d5ac9e5a4120bd4e7ecd7731ba4c,0.0268704097774472,data/public_test/public_test/09e5d5ac9e5a4120bd4e7ecd7731ba4c.jpeg
09efac1df02349a6bbfa7d500f482b1e,0.783327614636589,data/public_test/public_test/09efac1df02349a6bbfa7d500f482b1e.jpeg
09f456dc92ae48638a8bcaba637a03b2,0.6473319887212962,data/public_test/public_test/09f456dc92ae48638a8bcaba637a03b2.jpeg
09fcedabe11743d8af2238dbbfc31c0b,0.5317436023438579,data/public_test/public_test/09fcedabe11743d8af2238dbbfc31c0b.jpeg
09fd72d1ba174a5eb42a12888f19f02e,0.1357245190885987,data/public_test/public_test/09fd72d1ba174a5eb42a12888f19f02e.jpeg
09ffc0db31fa4a599e5908fc3f9fab07,0.6461998433175563,data/public_test/public_test/09ffc0db31fa4a599e5908fc3f9fab07.jpeg
0a1b4d421f974b799c916a9f0684a9ba,0.6158733817513472,data/public_test/public_test/0a1b4d421f974b799c916a9f0684a9ba.jpeg
0a231b04b42d42f89b4e2b93591fe999,0.2807796182640344,data/public_test/public_test/0a231b04b42d42f89b4e2b93591fe999.jpeg
0a2f9fc27dec49c7b64d8270513325a5,0.1494565503838247,data/public_test/public_test/0a2f9fc27dec49c7b64d8270513325a5.jpeg
0a3086619da44629bfa571b09b3977a3,0.8487548476552064,data/public_test/public_test/0a3086619da44629bfa571b09b3977a3.jpeg
0a362fddd0004322a47004e14f08d768,0.7810031743533911,data/public_test/public_test/0a362fddd0004322a47004e14f08d768.jpeg
0a394243a18340dcb8b62c0142439177,0.5179462366261602,data/public_test/public_test/0a394243a18340dcb8b62c0142439177.jpeg
0a4609729d01452c933df38a859c371a,0.4239193517171389,data/public_test/public_test/0a4609729d01452c933df38a859c371a.jpeg
0a485c26e1df47f1a8795e818bcad470,0.3847225814863262,data/public_test/public_test/0a485c26e1df47f1a8795e818bcad470.jpeg
0a4fefe5f5a2410cb30aa77cc461db94,0.4322353377243375,data/public_test/public_test/0a4fefe5f5a2410cb30aa77cc461db94.jpeg
0a5c87a863b84973b2723d7823b2c3a5,0.1024488461644644,data/public_test/public_test/0a5c87a863b84973b2723d7823b2c3a5.jpeg
0a72c81a70e84e9fbc58b5231b55410d,0.5317436023438579,data/public_test/public_test/0a72c81a70e84e9fbc58b5231b55410d.jpeg
0a835aa0f8d9416e9d223d54d36ec6ac,0.598858032045085,data/public_test/public_test/0a835aa0f8d9416e9d223d54d36ec6ac.jpeg
0a89bc68ab884f99916f0118c0dd69ad,0.1341624515446645,data/public_test/public_test/0a89bc68ab884f99916f0118c0dd69ad.jpeg
0a8f1d3e91dd4b1d88f70c9860458be6,0.2393615186029729,data/public_test/public_test/0a8f1d3e91dd4b1d88f70c9860458be6.jpeg
0a945b05e217431d8b3a6226b585fc72,0.8708690180559059,data/public_test/public_test/0a945b05e217431d8b3a6226b585fc72.jpeg
0aa012b74fc14ccfba44d6fab3d85eb0,0.4912454691497102,data/public_test/public_test/0aa012b74fc14ccfba44d6fab3d85eb0.jpeg
0aa4374613c7450ca3741c14564b4962,0.5994530237874719,data/public_test/public_test/0aa4374613c7450ca3741c14564b4962.jpeg
0aa51b291a1e40d29df581dc59c19365,0.3594725348222812,data/public_test/public_test/0aa51b291a1e40d29df581dc59c19365.jpeg
0aaa9cb33e1b45ee8c22e92736491740,0.6873821902720395,data/public_test/public_test/0aaa9cb33e1b45ee8c22e92736491740.jpeg
0aad433af0ef4becb42224ff8e2870a6,0.908022166084144,data/public_test/public_test/0aad433af0ef4becb42224ff8e2870a6.jpeg
0ab02237094c44e1bec127fb546b5b93,0.6705589851412403,data/public_test/public_test/0ab02237094c44e1bec127fb546b5b93.jpeg
0ab5411d924d48d2a8187af58cc813cc,0.6155129665513012,data/public_test/public_test/0ab5411d924d48d2a8187af58cc813cc.jpeg
0abeb9ce1b4748f180619ad76b69b720,0.1607939440391102,data/public_test/public_test/0abeb9ce1b4748f180619ad76b69b720.jpeg
0ac2fae9e6fa44cda0a7e467d99a7a8c,0.5990926085874261,data/public_test/public_test/0ac2fae9e6fa44cda0a7e467d99a7a8c.jpeg
0acbf30ba854478facf1f95dd526924e,0.2736109217984745,data/public_test/public_test/0acbf30ba854478facf1f95dd526924e.jpeg
0acedf60aa304f46a2299282d46e6b6f,0.7724304679878354,data/public_test/public_test/0acedf60aa304f46a2299282d46e6b6f.jpeg
0acfa5e27a84461f89963d32476fb5d6,0.379732378604074,data/public_test/public_test/0acfa5e27a84461f89963d32476fb5d6.jpeg
0ad791b0e3594b879e6f344f33e43d0a,0.8052089113406179,data/public_test/public_test/0ad791b0e3594b879e6f344f33e43d0a.jpeg
0ae8be6679ac49ef9021763427c63339,0.5490596161966718,data/public_test/public_test/0ae8be6679ac49ef9021763427c63339.jpeg
0aeaac279b5f4a35951f76dc64f9b7d2,0.8085126052279352,data/public_test/public_test/0aeaac279b5f4a35951f76dc64f9b7d2.jpeg
0af7243160034891b1b8eb0ed0157a91,0.6749693704371172,data/public_test/public_test/0af7243160034891b1b8eb0ed0157a91.jpeg
0b01850db734419389c52c40660ab920,0.0293437494512654,data/public_test/public_test/0b01850db734419389c52c40660ab920.jpeg
0b07fc5e1022409d9c633e305a78f1d8,0.5981969526984874,data/public_test/public_test/0b07fc5e1022409d9c633e305a78f1d8.jpeg
0b169b19958e42c6b20ee5e4c5fd61b9,0.203276428672143,data/public_test/public_test/0b169b19958e42c6b20ee5e4c5fd61b9.jpeg
0b2284a29c1e4702be6cb9fe6831d036,0.0681580316179192,data/public_test/public_test/0b2284a29c1e4702be6cb9fe6831d036.jpeg
0b342644268b49a4928803fb7cfbe861,0.5108662900755023,data/public_test/public_test/0b342644268b49a4928803fb7cfbe861.jpeg
0b46a85d0753453f959ab1ccae97f3c1,0.5380525227520127,data/public_test/public_test/0b46a85d0753453f959ab1ccae97f3c1.jpeg
0b52a332d6b34d62a879de134c9952bf,0.8162697494872954,data/public_test/public_test/0b52a332d6b34d62a879de134c9952bf.jpeg
0b5448aea50e4565ad13eaba2edfc973,0.6461998433175563,data/public_test/public_test/0b5448aea50e4565ad13eaba2edfc973.jpeg
0b5b5039132e470d99961d121377f10b,0.5317436023438579,data/public_test/public_test/0b5b5039132e470d99961d121377f10b.jpeg
0b6aaf3410af48c785d80d24164cac6c,0.5185203234819132,data/public_test/public_test/0b6aaf3410af48c785d80d24164cac6c.jpeg
0b76dd94576f465d86cb3122095c6773,0.738975353607784,data/public_test/public_test/0b76dd94576f465d86cb3122095c6773.jpeg
0b780d8749884a39bd6729ec38af4d80,0.5540906573569052,data/public_test/public_test/0b780d8749884a39bd6729ec38af4d80.jpeg
0b783f67a21e4de29a9ef97beabc60e9,0.6749693704371172,data/public_test/public_test/0b783f67a21e4de29a9ef97beabc60e9.jpeg
0b8b09456b3b492fb20a2cbe42ddceea,0.1603322954826238,data/public_test/public_test/0b8b09456b3b492fb20a2cbe42ddceea.jpeg
0b8c7858ef66448a89e2126671855b59,0.8908127779323943,data/public_test/public_test/0b8c7858ef66448a89e2126671855b59.jpeg
0b8db23a091c484b9f69a50244d37a69,0.1869847419842515,data/public_test/public_test/0b8db23a091c484b9f69a50244d37a69.jpeg
0b93bf2050b3420a95be94fd8c1dbd06,0.4912454691497102,data/public_test/public_test/0b93bf2050b3420a95be94fd8c1dbd06.jpeg
0b97ec454bb844d4873282574343de04,0.4543726971171616,data/public_test/public_test/0b97ec454bb844d4873282574343de04.jpeg
0b990eca7dd1414c82bfe55ab5d1d194,0.255571943530642,data/public_test/public_test/0b990eca7dd1414c82bfe55ab5d1d194.jpeg
0ba31390f19d4969ad0478f418a7b714,0.4475485212609292,data/public_test/public_test/0ba31390f19d4969ad0478f418a7b714.jpeg
0ba69d21315c4a9caa7bcf049de77655,0.6159607944957706,data/public_test/public_test/0ba69d21315c4a9caa7bcf049de77655.jpeg
0babaf27290943f4afa1f8af801c3547,0.3956840310260395,data/public_test/public_test/0babaf27290943f4afa1f8af801c3547.jpeg
0bb6ea1604ba41279a3a7cb7c885e94c,0.8329742438977159,data/public_test/public_test/0bb6ea1604ba41279a3a7cb7c885e94c.jpeg
0bc307a603bc42109108c5e49b5b961d,0.2079694986294745,data/public_test/public_test/0bc307a603bc42109108c5e49b5b961d.jpeg
0bd0f133fe1b444195bc13176453a81d,0.1489024187507738,data/public_test/public_test/0bd0f133fe1b444195bc13176453a81d.jpeg
0bec6f8e0bc04cc386895a40ffab9c26,0.6986631894446239,data/public_test/public_test/0bec6f8e0bc04cc386895a40ffab9c26.jpeg
0bf025fc5585424ba546f25c3bd410e1,0.8669475200249463,data/public_test/public_test/0bf025fc5585424ba546f25c3bd410e1.jpeg
0bf61c0f188c43f4be1713b068bccfc9,0.8030533693334521,data/public_test/public_test/0bf61c0f188c43f4be1713b068bccfc9.jpeg
0c013ba2ccf3433d8f037c681bb8fbe9,0.8708690180559059,data/public_test/public_test/0c013ba2ccf3433d8f037c681bb8fbe9.jpeg
0c05e8f70b6948d5834041e74d20a86a,0.7376894431502338,data/public_test/public_test/0c05e8f70b6948d5834041e74d20a86a.jpeg
0c0ea55d69f14dfeada3398bb2fd442d,0.6873821902720395,data/public_test/public_test/0c0ea55d69f14dfeada3398bb2fd442d.jpeg
0c20bb8dd6464be3bab448c22809fd59,0.946044891083611,data/public_test/public_test/0c20bb8dd6464be3bab448c22809fd59.jpeg
0c281154c3ab4e909780be1e727358ac,0.374955028701726,data/public_test/public_test/0c281154c3ab4e909780be1e727358ac.jpeg
0c3dbb34e3be42b0adf50e44e67391a7,0.1755980121961478,data/public_test/public_test/0c3dbb34e3be42b0adf50e44e67391a7.jpeg
0c3eda4aa0434f6fab62e6d3b9e0723a,0.5654820754284418,data/public_test/public_test/0c3eda4aa0434f6fab62e6d3b9e0723a.jpeg
0c45c8d07ad74374b6f7a27ea5d6e930,0.1389161840145509,data/public_test/public_test/0c45c8d07ad74374b6f7a27ea5d6e930.jpeg
0c4968ffa6f9475e85f867e803d3f175,0.1246727477764413,data/public_test/public_test/0c4968ffa6f9475e85f867e803d3f175.jpeg
0c4a3ba73bd542799ad679b3dda2a3bd,0.1951308418466156,data/public_test/public_test/0c4a3ba73bd542799ad679b3dda2a3bd.jpeg
0c4aceb72adf42da9545146f6a3ae7ce,0.0856239709350267,data/public_test/public_test/0c4aceb72adf42da9545146f6a3ae7ce.jpeg
0c4e3600de3c43fd80788efa634e8226,0.0746410980140042,data/public_test/public_test/0c4e3600de3c43fd80788efa634e8226.jpeg
0c57daf7f4614400b343379fe156620e,0.7461566071957048,data/public_test/public_test/0c57daf7f4614400b343379fe156620e.jpeg
0c5974d06b9d4ad9a6d677ea063e5dd7,0.1117908021460303,data/public_test/public_test/0c5974d06b9d4ad9a6d677ea063e5dd7.jpeg
0c6875081ae54b17ab9677a17ffe0da6,0.2344190472489647,data/public_test/public_test/0c6875081ae54b17ab9677a17ffe0da6.jpeg
0c83f8d21d36490e9821d3c3cec382a8,0.6159607944957706,data/public_test/public_test/0c83f8d21d36490e9821d3c3cec382a8.jpeg
0c878bad135c48a196663aa93683ef24,0.0951544311136509,data/public_test/public_test/0c878bad135c48a196663aa93683ef24.jpeg
0c8b0c71dede41d6a2c0b7fd070b87a0,0.3893280367592027,data/public_test/public_test/0c8b0c71dede41d6a2c0b7fd070b87a0.jpeg
0c8d7282af7c4b47933a04eb9647a745,0.7919003210021446,data/public_test/public_test/0c8d7282af7c4b47933a04eb9647a745.jpeg
0c9522d123ce4fdab012039a3f1c7269,0.5990926085874261,data/public_test/public_test/0c9522d123ce4fdab012039a3f1c7269.jpeg
0c96ed99d5f04492a2ba8edd4b13bd20,0.8669475200249463,data/public_test/public_test/0c96ed99d5f04492a2ba8edd4b13bd20.jpeg
0c9907b38b534972a1ea0eb1444590ed,0.8256873361040175,data/public_test/public_test/0c9907b38b534972a1ea0eb1444590ed.jpeg
0c9d58b0c7a7461e97df7d33a4bbeb7b,0.1860918259303342,data/public_test/public_test/0c9d58b0c7a7461e97df7d33a4bbeb7b.jpeg
0ca0f44e3d6a47cd97987758869bc90e,0.8859079956834446,data/public_test/public_test/0ca0f44e3d6a47cd97987758869bc90e.jpeg
0cab24248c9340eb933bcc36f41b518e,0.3830157024729488,data/public_test/public_test/0cab24248c9340eb933bcc36f41b518e.jpeg
0cb6bf7b33d44290b42200eb599d993a,0.6749693704371172,data/public_test/public_test/0cb6bf7b33d44290b42200eb599d993a.jpeg
0cba517c28674b4e85824f54fbd44a0a,0.3349040084751793,data/public_test/public_test/0cba517c28674b4e85824f54fbd44a0a.jpeg
0cc636db35df4bf89c35b0823c836bb8,0.1458318932834161,data/public_test/public_test/0cc636db35df4bf89c35b0823c836bb8.jpeg
0cce9bff82244f68b7b5b3f2bb0c4323,0.4784069324393025,data/public_test/public_test/0cce9bff82244f68b7b5b3f2bb0c4323.jpeg
0cd3c25377774326a3e95b820e148f1f,0.4912454691497102,data/public_test/public_test/0cd3c25377774326a3e95b820e148f1f.jpeg
0d000c56db004578ad5adb088c1f4a64,0.2250503928849978,data/public_test/public_test/0d000c56db004578ad5adb088c1f4a64.jpeg
0d135230a82a4960a7eb09699a212553,0.6323811524596458,data/public_test/public_test/0d135230a82a4960a7eb09699a212553.jpeg
0d262de43d0e495eb5c71d92c7ad3984,0.1696256357660783,data/public_test/public_test/0d262de43d0e495eb5c71d92c7ad3984.jpeg
0d2bc8041b1c48a6b16f089e94a7cedb,0.6293316574092118,data/public_test/public_test/0d2bc8041b1c48a6b16f089e94a7cedb.jpeg
0d2e1dd0d08647d88a7395ae8024bb1e,0.8085126052279352,data/public_test/public_test/0d2e1dd0d08647d88a7395ae8024bb1e.jpeg
0d2f196359684ffd92e8d39792dab5d7,0.8087672188605587,data/public_test/public_test/0d2f196359684ffd92e8d39792dab5d7.jpeg
0d33fcbfadff4a9fb7b0af7776b6ceff,0.1831052747690267,data/public_test/public_test/0d33fcbfadff4a9fb7b0af7776b6ceff.jpeg
0d344123dec843e7a1cfcf7d871c4cd5,0.6986631894446239,data/public_test/public_test/0d344123dec843e7a1cfcf7d871c4cd5.jpeg
0d357b3d72d64fae84cbf762a0730c79,0.158753356394846,data/public_test/public_test/0d357b3d72d64fae84cbf762a0730c79.jpeg
0d451657be584ef295f33ff4601a7c06,0.889061690425646,data/public_test/public_test/0d451657be584ef295f33ff4601a7c06.jpeg
0d482340b7b94f2a94b9710376bed9f1,0.5793822736493156,data/public_test/public_test/0d482340b7b94f2a94b9710376bed9f1.jpeg
0d4aec3996254dcdabdf3aac57d09657,0.8810885139953463,data/public_test/public_test/0d4aec3996254dcdabdf3aac57d09657.jpeg
0d4dc1f8429c4d76a886d78ee55bcc28,0.1083755432136365,data/public_test/public_test/0d4dc1f8429c4d76a886d78ee55bcc28.jpeg
0d592a38e5234047811b8a13f1ecd309,0.6473319887212962,data/public_test/public_test/0d592a38e5234047811b8a13f1ecd309.jpeg
0d5b0e3379d84702b5b015c9c98c4098,0.870127391925954,data/public_test/public_test/0d5b0e3379d84702b5b015c9c98c4098.jpeg
0d5f2b33c37d4158a11c71cfef9095f2,0.3492361837125135,data/public_test/public_test/0d5f2b33c37d4158a11c71cfef9095f2.jpeg
0d608d699f764f6c945f90e8fe6c970b,0.958052481405022,data/public_test/public_test/0d608d699f764f6c945f90e8fe6c970b.jpeg
0d608e51207c4a4a99b2f5c96aa1a510,0.5179462366261602,data/public_test/public_test/0d608e51207c4a4a99b2f5c96aa1a510.jpeg
0d74226a6f974399a707ac79a267e700,0.5488463647945435,data/public_test/public_test/0d74226a6f974399a707ac79a267e700.jpeg
0d82aed95bea4a04bb2ad29d58571482,0.6611506795792067,data/public_test/public_test/0d82aed95bea4a04bb2ad29d58571482.jpeg
0d9a8390324043d4b47f69e3bcdd1a0f,0.3571264364707106,data/public_test/public_test/0d9a8390324043d4b47f69e3bcdd1a0f.jpeg
0da4741e89df42b4bae20c1af31f35b5,0.7287115591206345,data/public_test/public_test/0da4741e89df42b4bae20c1af31f35b5.jpeg
0dc353e6c821441db9f9fada7426af27,0.6833103356075302,data/public_test/public_test/0dc353e6c821441db9f9fada7426af27.jpeg
0dd33e999398440a8b2e27162098dcfb,0.6860157930673605,data/public_test/public_test/0dd33e999398440a8b2e27162098dcfb.jpeg
0dd56a05694f46f086f7b2944ca2253e,0.8859079956834446,data/public_test/public_test/0dd56a05694f46f086f7b2944ca2253e.jpeg
0dd9d63afeb74b8a914134cbf3905ab6,0.3410032714679816,data/public_test/public_test/0dd9d63afeb74b8a914134cbf3905ab6.jpeg
0dda7b2c99f340aa8a6c64083bbbfcb7,0.0574503388301556,data/public_test/public_test/0dda7b2c99f340aa8a6c64083bbbfcb7.jpeg
0de1617aada843f5aac160338df5d7e2,0.354865431282121,data/public_test/public_test/0de1617aada843f5aac160338df5d7e2.jpeg
0def1aebbcd94348a903e7c9b98d5be4,0.1105520173966297,data/public_test/public_test/0def1aebbcd94348a903e7c9b98d5be4.jpeg
0df37a025bd44cd4b7cc46a502ddd9dc,0.4846773259641601,data/public_test/public_test/0df37a025bd44cd4b7cc46a502ddd9dc.jpeg
0df730886391466593519bd37e067bae,0.8702719141299468,data/public_test/public_test/0df730886391466593519bd37e067bae.jpeg
0e037e64275a4b55af6046162ae0bfc8,0.2898638114400539,data/public_test/public_test/0e037e64275a4b55af6046162ae0bfc8.jpeg
0e03c7a65ee14265ad6a75af945427d5,0.1076501882652726,data/public_test/public_test/0e03c7a65ee14265ad6a75af945427d5.jpeg
0e0dd363ff3d41c3827ecdd6b14fb9c5,0.5825848378791274,data/public_test/public_test/0e0dd363ff3d41c3827ecdd6b14fb9c5.jpeg
0e1015d222fe43bbb3f6601fa860fdb5,0.4615598424419458,data/public_test/public_test/0e1015d222fe43bbb3f6601fa860fdb5.jpeg
0e1758fdc1c8483296b293910599f28b,0.7097096120748673,data/public_test/public_test/0e1758fdc1c8483296b293910599f28b.jpeg
0e1ffafda6a84d1aa8c4e39128f667ca,0.3842527516296468,data/public_test/public_test/0e1ffafda6a84d1aa8c4e39128f667ca.jpeg
0e387de0173c45cfba8889eb48850791,0.9295392325588844,data/public_test/public_test/0e387de0173c45cfba8889eb48850791.jpeg
0e43e03029fa498781b759e820492298,0.205453710615262,data/public_test/public_test/0e43e03029fa498781b759e820492298.jpeg
0e443d7821924f5f9365da28ceb2e898,0.1562373937297956,data/public_test/public_test/0e443d7821924f5f9365da28ceb2e898.jpeg
0e4c3e85fb6f4a48b7601f4dac3152e1,0.946044891083611,data/public_test/public_test/0e4c3e85fb6f4a48b7601f4dac3152e1.jpeg
0e57f413748442bba0bf04170c95551f,0.535262250478974,data/public_test/public_test/0e57f413748442bba0bf04170c95551f.jpeg
0e68b3a5179f44e8beb92b44de199eac,0.6461998433175563,data/public_test/public_test/0e68b3a5179f44e8beb92b44de199eac.jpeg
0e7cbbc8048a4b3fba215039c6e9ff30,0.1808068642829905,data/public_test/public_test/0e7cbbc8048a4b3fba215039c6e9ff30.jpeg
0e88d1f972b54bd2ac93b0e23449346b,0.8427624832554027,data/public_test/public_test/0e88d1f972b54bd2ac93b0e23449346b.jpeg
0e90bfed550341c4a3fc8d12591fa221,0.889061690425646,data/public_test/public_test/0e90bfed550341c4a3fc8d12591fa221.jpeg
0e97d1543fd046a7bcf638dace6024d9,0.3536716382259431,data/public_test/public_test/0e97d1543fd046a7bcf638dace6024d9.jpeg
0e9b6f99c9914f449b4a88116d1c1018,0.5825848378791274,data/public_test/public_test/0e9b6f99c9914f449b4a88116d1c1018.jpeg
0ea96966edd64a1bb20d17a734e8b3cd,0.2068649139466483,data/public_test/public_test/0ea96966edd64a1bb20d17a734e8b3cd.jpeg
0eb44341f02544f0bb4f964e4b205f71,0.9295392325588844,data/public_test/public_test/0eb44341f02544f0bb4f964e4b205f71.jpeg
0eb7ec26d11541358677cea8be0c7ca8,0.204303768564021,data/public_test/public_test/0eb7ec26d11541358677cea8be0c7ca8.jpeg
0ec4dded9d394c4f86c86be5307745d1,0.7361990547662458,data/public_test/public_test/0ec4dded9d394c4f86c86be5307745d1.jpeg
0ed2074429654cab9e1a71d18de465db,0.7186874961044666,data/public_test/public_test/0ed2074429654cab9e1a71d18de465db.jpeg
0ee4d6ebdd4f4b01b60969efc1b51789,0.0307936188408352,data/public_test/public_test/0ee4d6ebdd4f4b01b60969efc1b51789.jpeg
0ee7626a72a542838f6d4525d04c179f,0.2069940000183723,data/public_test/public_test/0ee7626a72a542838f6d4525d04c179f.jpeg
0ef12fccd97b4e56b55d8d34f572db09,0.1652781234074249,data/public_test/public_test/0ef12fccd97b4e56b55d8d34f572db09.jpeg
0efd0ba2222c4d90a8501d48c4915539,0.3795605931313762,data/public_test/public_test/0efd0ba2222c4d90a8501d48c4915539.jpeg
0f0480023a6e4b94994634b8cd80a891,0.6600185341754669,data/public_test/public_test/0f0480023a6e4b94994634b8cd80a891.jpeg
0f09f828daad4e7aacaa2b643cf22d1a,0.1134580545216151,data/public_test/public_test/0f09f828daad4e7aacaa2b643cf22d1a.jpeg
0f0ea049a3f84a1bb2a0fd4a7ef29ef1,0.889061690425646,data/public_test/public_test/0f0ea049a3f84a1bb2a0fd4a7ef29ef1.jpeg
0f14f430309a4f6ebbddcccba8dd0a58,0.234756314390676,data/public_test/public_test/0f14f430309a4f6ebbddcccba8dd0a58.jpeg
0f18240ada5f445b92c9ecc9b37b1987,0.981787362461896,data/public_test/public_test/0f18240ada5f445b92c9ecc9b37b1987.jpeg
0f19d8962cb5476789452f8167dd7201,0.4280986862344672,data/public_test/public_test/0f19d8962cb5476789452f8167dd7201.jpeg
0f239c97cfad4b98bb4c26fc023da39f,0.1630116767536637,data/public_test/public_test/0f239c97cfad4b98bb4c26fc023da39f.jpeg
0f23ae28562d4cabaedcbc08d4683614,0.5488463647945435,data/public_test/public_test/0f23ae28562d4cabaedcbc08d4683614.jpeg
0f24aae734d842099a84f09baf9c7f67,0.9105787569003864,data/public_test/public_test/0f24aae734d842099a84f09baf9c7f67.jpeg
0f2f98acfbf04b75b22b91ffd3dcc8bf,0.1180661404727391,data/public_test/public_test/0f2f98acfbf04b75b22b91ffd3dcc8bf.jpeg
0f304dcd5f1a4e819bbbc9266187023b,0.5990051958430026,data/public_test/public_test/0f304dcd5f1a4e819bbbc9266187023b.jpeg
0f39d1332230468f95642fade3df9803,0.6986631894446239,data/public_test/public_test/0f39d1332230468f95642fade3df9803.jpeg
0f3a2712f2d045a893f1f19b20ca74b0,0.3929128598239484,data/public_test/public_test/0f3a2712f2d045a893f1f19b20ca74b0.jpeg
0f457ce9c5d54db99908f9edd77e5460,0.7372416152057645,data/public_test/public_test/0f457ce9c5d54db99908f9edd77e5460.jpeg
0f564077a03e4ce5bd70d18cf4cea0a8,0.1891596934302509,data/public_test/public_test/0f564077a03e4ce5bd70d18cf4cea0a8.jpeg
0f587dd6b8d34fc48e73d59639b5b12e,0.5317436023438579,data/public_test/public_test/0f587dd6b8d34fc48e73d59639b5b12e.jpeg
0f5ecd57f01c4880a39d3d69e17bed09,0.4263934991510829,data/public_test/public_test/0f5ecd57f01c4880a39d3d69e17bed09.jpeg
0f66ed3eefad474a907db89e49726c46,0.6323811524596458,data/public_test/public_test/0f66ed3eefad474a907db89e49726c46.jpeg
0f71e03cbf0e4bdc87f8f0c120fadd20,0.1174171570611333,data/public_test/public_test/0f71e03cbf0e4bdc87f8f0c120fadd20.jpeg
0f7b4290ab60492eb4bbd02122753677,0.4841655225990522,data/public_test/public_test/0f7b4290ab60492eb4bbd02122753677.jpeg
0f9c6a00866940a19502bab1bce65c95,0.3602393775314303,data/public_test/public_test/0f9c6a00866940a19502bab1bce65c95.jpeg
0f9cd96bc7a547fe95f4248b0222e5e5,0.5652688240263136,data/public_test/public_test/0f9cd96bc7a547fe95f4248b0222e5e5.jpeg
0fa02aafb551443ba1a9f9165bbbfcba,0.7097096120748673,data/public_test/public_test/0fa02aafb551443ba1a9f9165bbbfcba.jpeg
0fc36b1fb96b409191a5b6ab47deef75,0.3668939455926014,data/public_test/public_test/0fc36b1fb96b409191a5b6ab47deef75.jpeg
0fc512c65bbd40f1a15e734b94b11491,0.505042834867408,data/public_test/public_test/0fc512c65bbd40f1a15e734b94b11491.jpeg
0fd0b85eb70c4d4dbd1f4b7b05aeea95,0.1186141047480728,data/public_test/public_test/0fd0b85eb70c4d4dbd1f4b7b05aeea95.jpeg
0fd94e34f2e841729d89039db84b8e5c,0.5661623786473574,data/public_test/public_test/0fd94e34f2e841729d89039db84b8e5c.jpeg
0fdc10302c5e4c73bc259ea00c02a902,0.0734023460116357,data/public_test/public_test/0fdc10302c5e4c73bc259ea00c02a902.jpeg
0fe3875750a14f27b1fea93bff048015,0.548166061575628,data/public_test/public_test/0fe3875750a14f27b1fea93bff048015.jpeg
0fed1736ca91499d9a1447fa44e698f0,0.7820894684543148,data/public_test/public_test/0fed1736ca91499d9a1447fa44e698f0.jpeg
1001bcac4dcd41a3b8a1efb22e63c56d,0.1262131190471319,data/public_test/public_test/1001bcac4dcd41a3b8a1efb22e63c56d.jpeg
100de4fde99342b5af39f04fe0d1cfd8,0.5825848378791274,data/public_test/public_test/100de4fde99342b5af39f04fe0d1cfd8.jpeg
100f388eff8c40cbb22be7f67305c7a0,0.1983752922594367,data/public_test/public_test/100f388eff8c40cbb22be7f67305c7a0.jpeg
101423afefb34cef8124fd0716360729,0.908022166084144,data/public_test/public_test/101423afefb34cef8124fd0716360729.jpeg
1014856ec8ea48349a12b9ed27c9f9ef,0.0890994721263966,data/public_test/public_test/1014856ec8ea48349a12b9ed27c9f9ef.jpeg
101a29ad6513436b967810150a3fc3e3,0.5317436023438579,data/public_test/public_test/101a29ad6513436b967810150a3fc3e3.jpeg
101c025703974e64a6b8b72b7efe7b75,0.8725158076297905,data/public_test/public_test/101c025703974e64a6b8b72b7efe7b75.jpeg
1020991c78104a6cba200646043a73c7,0.4083078918384215,data/public_test/public_test/1020991c78104a6cba200646043a73c7.jpeg
1028572f3a634cd48c8a9a2d739a37ab,0.7461566071957048,data/public_test/public_test/1028572f3a634cd48c8a9a2d739a37ab.jpeg
102b130f920a49bcb27c2b1060b42e25,0.7820894684543148,data/public_test/public_test/102b130f920a49bcb27c2b1060b42e25.jpeg
102bb7ee23844b77b61e8780baba5d51,0.4139384874941849,data/public_test/public_test/102bb7ee23844b77b61e8780baba5d51.jpeg
10352be1cb07487693832bb21811b336,0.8329742438977159,data/public_test/public_test/10352be1cb07487693832bb21811b336.jpeg
103be3a53cd04e029e18472a44ac13d7,0.1551267890508967,data/public_test/public_test/103be3a53cd04e029e18472a44ac13d7.jpeg
1045eed123da44d69377062dd11ec1f0,0.5182661137293526,data/public_test/public_test/1045eed123da44d69377062dd11ec1f0.jpeg
104b501be4084245bcdc9731a394d446,0.7925400752085293,data/public_test/public_test/104b501be4084245bcdc9731a394d446.jpeg
10532c22614e4264abfb2a532db4caa8,0.6323811524596458,data/public_test/public_test/10532c22614e4264abfb2a532db4caa8.jpeg
10569cd0cf8f42d4a9d2323805883908,0.5654820754284418,data/public_test/public_test/10569cd0cf8f42d4a9d2323805883908.jpeg
10645694d99946bdb9b06cf29d8ff688,0.783327614636589,data/public_test/public_test/10645694d99946bdb9b06cf29d8ff688.jpeg
106d9409d36c437ba825e4134ef3b90f,0.1595153852902724,data/public_test/public_test/106d9409d36c437ba825e4134ef3b90f.jpeg
1077561465dc42a38ded82b8eb4032e1,0.6158733817513472,data/public_test/public_test/1077561465dc42a38ded82b8eb4032e1.jpeg
10874943beb9467cb3b7bfad7bc4af0d,0.4338356456150376,data/public_test/public_test/10874943beb9467cb3b7bfad7bc4af0d.jpeg
1087bd824b6f45c3a08d9d8f7f4c7a70,0.5808044608810611,data/public_test/public_test/1087bd824b6f45c3a08d9d8f7f4c7a70.jpeg
108dd0b680b549808bd56fc5a2b6a182,0.2037893290628271,data/public_test/public_test/108dd0b680b549808bd56fc5a2b6a182.jpeg
10905f1def1946fd9399f6d0dded5e64,0.7194564482682684,data/public_test/public_test/10905f1def1946fd9399f6d0dded5e64.jpeg
109348a5b7f944dea987331bd60c1260,0.8511669162674561,data/public_test/public_test/109348a5b7f944dea987331bd60c1260.jpeg
1095c7bc83af46bcb58179b15875ba4c,0.5825848378791274,data/public_test/public_test/1095c7bc83af46bcb58179b15875ba4c.jpeg
109f3adb41e74e3aa8199d971c7f1b62,0.4674458103699104,data/public_test/public_test/109f3adb41e74e3aa8199d971c7f1b62.jpeg
10b0ff9f36a74cbfb9977cbbc3d112fc,0.6873821902720395,data/public_test/public_test/10b0ff9f36a74cbfb9977cbbc3d112fc.jpeg
10b7af27ed1e47dea618936f3210bc58,0.1204046524285338,data/public_test/public_test/10b7af27ed1e47dea618936f3210bc58.jpeg
10c24b30342d4617a591c5a87d8ec3cc,0.7535564308495549,data/public_test/public_test/10c24b30342d4617a591c5a87d8ec3cc.jpeg
10d6c02e9c3048998fd62a596e917f7c,0.6611506795792067,data/public_test/public_test/10d6c02e9c3048998fd62a596e917f7c.jpeg
10d707f32ee841dd9ffc9418cf819124,0.8575604277174326,data/public_test/public_test/10d707f32ee841dd9ffc9418cf819124.jpeg
10d9ef1dbea845f3ae1facd34abc1e2a,0.2785597897394248,data/public_test/public_test/10d9ef1dbea845f3ae1facd34abc1e2a.jpeg
10e0fdc9960e42cf8dfc0690b5ecb9c7,0.6600185341754669,data/public_test/public_test/10e0fdc9960e42cf8dfc0690b5ecb9c7.jpeg
10ebf744aa3e4a7b9b4b70dde6bde3cd,0.3595570112494907,data/public_test/public_test/10ebf744aa3e4a7b9b4b70dde6bde3cd.jpeg
10ef121077aa4361bd0e15d5607bae7c,0.9295392325588844,data/public_test/public_test/10ef121077aa4361bd0e15d5607bae7c.jpeg
10f6e680bd1349b89963f64959ba1443,0.9260205844237684,data/public_test/public_test/10f6e680bd1349b89963f64959ba1443.jpeg
1103a273d2d34225a13b13312445e905,0.5317436023438579,data/public_test/public_test/1103a273d2d34225a13b13312445e905.jpeg
1109fb64a43940039937e82deff23277,0.1983290452633158,data/public_test/public_test/1109fb64a43940039937e82deff23277.jpeg
110ac88ff84a4116ae6af2ce4b7d5cbb,0.2715655203404877,data/public_test/public_test/110ac88ff84a4116ae6af2ce4b7d5cbb.jpeg
110dd4c13bf243239228591da737e516,0.6984286129022829,data/public_test/public_test/110dd4c13bf243239228591da737e516.jpeg
1111fbda79414aa5add0390fa499ee2d,0.888464586499687,data/public_test/public_test/1111fbda79414aa5add0390fa499ee2d.jpeg
1119016a18534bf9a93eae4340c02c75,0.152953715101406,data/public_test/public_test/1119016a18534bf9a93eae4340c02c75.jpeg
111932fee95d4dc78c4e7558e5ae4d20,0.90706010876527,data/public_test/public_test/111932fee95d4dc78c4e7558e5ae4d20.jpeg
112a05116339407792bb4672e8608332,0.926890161394997,data/public_test/public_test/112a05116339407792bb4672e8608332.jpeg
1130be96f923491daa3d3e6a0ef1560f,0.0903344527622318,data/public_test/public_test/1130be96f923491daa3d3e6a0ef1560f.jpeg
1133101dc174458ab1f6e2dd48ff75d1,0.6611506795792067,data/public_test/public_test/1133101dc174458ab1f6e2dd48ff75d1.jpeg
11339ac0f7884d3ba5f9476de643ca1c,0.6461998433175563,data/public_test/public_test/11339ac0f7884d3ba5f9476de643ca1c.jpeg
113d22c4982d44acb42bfcf43ef26a34,0.102490814215054,data/public_test/public_test/113d22c4982d44acb42bfcf43ef26a34.jpeg
1156fc1b5e0b4233b4b986740da3fa3e,0.184677195076252,data/public_test/public_test/1156fc1b5e0b4233b4b986740da3fa3e.jpeg
11604b1e03a44d3582953a9ae0562a50,0.5182661137293526,data/public_test/public_test/11604b1e03a44d3582953a9ae0562a50.jpeg
1163fc5b90d54476a637f3f9378cb4d3,0.7111327830820361,data/public_test/public_test/1163fc5b90d54476a637f3f9378cb4d3.jpeg
118b0e801690489db38df512ac7acdb2,0.1295812140665053,data/public_test/public_test/118b0e801690489db38df512ac7acdb2.jpeg
11942b66b85f4028add00243b36cba9b,0.7361113827744847,data/public_test/public_test/11942b66b85f4028add00243b36cba9b.jpeg
119f9b047431464eb8d7ca26dce15488,0.1130255262634473,data/public_test/public_test/119f9b047431464eb8d7ca26dce15488.jpeg
11a360ad44464440bb78ffe94b149178,0.7919003210021446,data/public_test/public_test/11a360ad44464440bb78ffe94b149178.jpeg
11ad0cfb971443749dbe4ec3abfcd8e9,0.1869850858280889,data/public_test/public_test/11ad0cfb971443749dbe4ec3abfcd8e9.jpeg
11b6b5d109634aeea07947dcf15d5480,0.8487548476552064,data/public_test/public_test/11b6b5d109634aeea07947dcf15d5480.jpeg
11c6ff481f9341c98a840f26b3718972,0.6749693704371172,data/public_test/public_test/11c6ff481f9341c98a840f26b3718972.jpeg
11cdcf2156564b55b8779c0394b8824f,0.025419776290461,data/public_test/public_test/11cdcf2156564b55b8779c0394b8824f.jpeg
11cf703a611d4e889c81283605f886a8,0.6323811524596458,data/public_test/public_test/11cf703a611d4e889c81283605f886a8.jpeg
11d1cbb72e13487bbcb594d12d685b73,0.6473319887212962,data/public_test/public_test/11d1cbb72e13487bbcb594d12d685b73.jpeg
11f04b7228684cb6b5033cf07e698051,0.1509933740593682,data/public_test/public_test/11f04b7228684cb6b5033cf07e698051.jpeg
11f1410f937b479e8896f89f377b761f,0.5825848378791274,data/public_test/public_test/11f1410f937b479e8896f89f377b761f.jpeg
11fdf68877524344b86831826ec0574b,0.2673028828312679,data/public_test/public_test/11fdf68877524344b86831826ec0574b.jpeg
120a7bf9d0cc440787b71b68944b2d4e,0.4229172884406837,data/public_test/public_test/120a7bf9d0cc440787b71b68944b2d4e.jpeg
120c2067421e4c718e7ff3518b8851b1,0.3649318744156995,data/public_test/public_test/120c2067421e4c718e7ff3518b8851b1.jpeg
121878d157b74ab7987aadf92abe2280,0.1067204290712934,data/public_test/public_test/121878d157b74ab7987aadf92abe2280.jpeg
1223de5c7d8b466ba1c20256037842a1,0.6461998433175563,data/public_test/public_test/1223de5c7d8b466ba1c20256037842a1.jpeg
12505b4c3d474cc1940e7ea252d9172b,0.6473319887212962,data/public_test/public_test/12505b4c3d474cc1940e7ea252d9172b.jpeg
12524eaf5b214e448b70abb130c915ac,0.422426646480628,data/public_test/public_test/12524eaf5b214e448b70abb130c915ac.jpeg
12525856fca5495b972d388eff48f17a,0.8329742438977159,data/public_test/public_test/12525856fca5495b972d388eff48f17a.jpeg
1252c17e3798483991f0a688cad7c899,0.7097096120748673,data/public_test/public_test/1252c17e3798483991f0a688cad7c899.jpeg
125c2a017ded46d3add38f599221142b,0.90706010876527,data/public_test/public_test/125c2a017ded46d3add38f599221142b.jpeg
1262b75098b54006b2f71a38fc3389db,0.5990926085874261,data/public_test/public_test/1262b75098b54006b2f71a38fc3389db.jpeg
12667a78b1b04eb39228a149b77a7a2e,0.9103845028702704,data/public_test/public_test/12667a78b1b04eb39228a149b77a7a2e.jpeg
126a3108be29462ea0342b4916f1ec11,0.1668122727420114,data/public_test/public_test/126a3108be29462ea0342b4916f1ec11.jpeg
12764dfb530c4de6aa43f567d6792db9,0.2054976598612954,data/public_test/public_test/12764dfb530c4de6aa43f567d6792db9.jpeg
128dc768b18c44d692a49a7f7f614375,0.0881599106541341,data/public_test/public_test/128dc768b18c44d692a49a7f7f614375.jpeg
1292f5f6ab6b46e9bf28d23ad0cd3530,0.4138963011300476,data/public_test/public_test/1292f5f6ab6b46e9bf28d23ad0cd3530.jpeg
12b852a241444d2b848d9feac6d40a92,0.163615051736275,data/public_test/public_test/12b852a241444d2b848d9feac6d40a92.jpeg
12cde2900f7d41e78afccf39fd8b96c3,0.7623637137574516,data/public_test/public_test/12cde2900f7d41e78afccf39fd8b96c3.jpeg
12ce4036c8d24a97a85ac0fa12574a7b,0.8923860845306462,data/public_test/public_test/12ce4036c8d24a97a85ac0fa12574a7b.jpeg
12dac08b2f4c451495523754339696e9,0.5317436023438579,data/public_test/public_test/12dac08b2f4c451495523754339696e9.jpeg
12e90175066d40c2a12159ccd256a918,0.13768630100005,data/public_test/public_test/12e90175066d40c2a12159ccd256a918.jpeg
12ed0280076840ae8c421a30f0ec6809,0.2350154962342813,data/public_test/public_test/12ed0280076840ae8c421a30f0ec6809.jpeg
12f0822374184b7f838c982da3e7e59b,0.5317436023438579,data/public_test/public_test/12f0822374184b7f838c982da3e7e59b.jpeg
12f38a336ab14d119c78e215d8fab4a3,0.1185720111671933,data/public_test/public_test/12f38a336ab14d119c78e215d8fab4a3.jpeg
12fd2311de9b4b5390ea4ccf09138b83,0.1813976262003943,data/public_test/public_test/12fd2311de9b4b5390ea4ccf09138b83.jpeg
13008a5112ce4141a5453439a86055d6,0.1943289843733651,data/public_test/public_test/13008a5112ce4141a5453439a86055d6.jpeg
1304fc2ae56f48659aa9dd840fe9321d,0.879077494192173,data/public_test/public_test/1304fc2ae56f48659aa9dd840fe9321d.jpeg
130726d11cb845fd8e4b4189fe5de841,0.3863854403017672,data/public_test/public_test/130726d11cb845fd8e4b4189fe5de841.jpeg
131571c198f040378a62e947a5f3b039,0.5990926085874261,data/public_test/public_test/131571c198f040378a62e947a5f3b039.jpeg
131a09c1a6c4451d852455c144930bd6,0.889061690425646,data/public_test/public_test/131a09c1a6c4451d852455c144930bd6.jpeg
13280f77a4184a7792c02a7882495f24,0.2496853315777123,data/public_test/public_test/13280f77a4184a7792c02a7882495f24.jpeg
133982f118e443f7b87f5c048c90dc5c,0.6461998433175563,data/public_test/public_test/133982f118e443f7b87f5c048c90dc5c.jpeg
1339dc05673c4d47895a147e28fc6e96,0.4232351406857229,data/public_test/public_test/1339dc05673c4d47895a147e28fc6e96.jpeg
134523fcb5dc4c3fb9c7d2cc3629d201,0.7621291372151107,data/public_test/public_test/134523fcb5dc4c3fb9c7d2cc3629d201.jpeg
13513efbb9474425b9cdaa83b5d27592,0.8888674363955301,data/public_test/public_test/13513efbb9474425b9cdaa83b5d27592.jpeg
135e8513b778485bbb10d2755b37b337,0.6860157930673605,data/public_test/public_test/135e8513b778485bbb10d2755b37b337.jpeg
13711ec528d74c38971966854b63af40,0.6128238867009131,data/public_test/public_test/13711ec528d74c38971966854b63af40.jpeg
13775e1d78c043e19760bc9e0dcd4a85,0.6971290264654407,data/public_test/public_test/13775e1d78c043e19760bc9e0dcd4a85.jpeg
138881cb1ae84737b4deb87892e81d1f,0.2340322856971133,data/public_test/public_test/138881cb1ae84737b4deb87892e81d1f.jpeg
138acd6c4fd14c94b87665435d25e7da,0.2061844251612173,data/public_test/public_test/138acd6c4fd14c94b87665435d25e7da.jpeg
138f21fb42234ebfb51e14932880a62d,0.2186817432547037,data/public_test/public_test/138f21fb42234ebfb51e14932880a62d.jpeg
138fa77d9a5341ecb97d5b05907c8bda,0.3629274585973386,data/public_test/public_test/138fa77d9a5341ecb97d5b05907c8bda.jpeg
139aa31982fc411f9eff2a94f16325d4,0.6461998433175563,data/public_test/public_test/139aa31982fc411f9eff2a94f16325d4.jpeg
139b69fa2c2242559d149ee27f17f72e,0.4912454691497102,data/public_test/public_test/139b69fa2c2242559d149ee27f17f72e.jpeg
13bd3ee878e94f9f9b1298ef0064159b,0.5654820754284418,data/public_test/public_test/13bd3ee878e94f9f9b1298ef0064159b.jpeg
13be7a2d25514eabadff23394db25bf0,0.7818335667717609,data/public_test/public_test/13be7a2d25514eabadff23394db25bf0.jpeg
13bf923143584cd6b627aae74f6f7c29,0.5044687480116549,data/public_test/public_test/13bf923143584cd6b627aae74f6f7c29.jpeg
13d84af3ffec4f149b658ddceb533dc7,0.5622993108729296,data/public_test/public_test/13d84af3ffec4f149b658ddceb533dc7.jpeg
13e0ac18315d4121bf9a9c9a8502a4fd,0.1106443312801948,data/public_test/public_test/13e0ac18315d4121bf9a9c9a8502a4fd.jpeg
13e14e9cdf284fdf8834dcaf4d827b54,0.4007585520581792,data/public_test/public_test/13e14e9cdf284fdf8834dcaf4d827b54.jpeg
13e60d309be440dc982fe590686c57f2,0.4053658848275643,data/public_test/public_test/13e60d309be440dc982fe590686c57f2.jpeg
13f483b8418146a4b59878911dda4668,0.1941503766023076,data/public_test/public_test/13f483b8418146a4b59878911dda4668.jpeg
13fcdb816938412b99e1faad92f1318b,0.765861036752355,data/public_test/public_test/13fcdb816938412b99e1faad92f1318b.jpeg
1407960bf7ce46f7b1eb856d2e5c20b3,0.7810031743533911,data/public_test/public_test/1407960bf7ce46f7b1eb856d2e5c20b3.jpeg
141d945ced2b41db873c59cb5888e78b,0.4209337611354405,data/public_test/public_test/141d945ced2b41db873c59cb5888e78b.jpeg
1425099c90204517867e2e1000a4a62e,0.7097096120748673,data/public_test/public_test/1425099c90204517867e2e1000a4a62e.jpeg
1426967b42d84b1982e4d4d739434c3b,0.9105787569003864,data/public_test/public_test/1426967b42d84b1982e4d4d739434c3b.jpeg
142c91fb43e646908c65260e4b615e11,0.1585759820953318,data/public_test/public_test/142c91fb43e646908c65260e4b615e11.jpeg
143644251cef4bd4b8bc416f9b6a20f3,0.888464586499687,data/public_test/public_test/143644251cef4bd4b8bc416f9b6a20f3.jpeg
14380c19c1e843dcab30a7cf80c28e2b,0.0333104984227852,data/public_test/public_test/14380c19c1e843dcab30a7cf80c28e2b.jpeg
1439b7b167464d77a9c85fdaa1f36247,0.1535091347843872,data/public_test/public_test/1439b7b167464d77a9c85fdaa1f36247.jpeg
144235f5a4af4ccc8e60a412cf43ee0a,0.7798018467509046,data/public_test/public_test/144235f5a4af4ccc8e60a412cf43ee0a.jpeg
1443cbdd92964b6e9d911e9604458192,0.6972967922399449,data/public_test/public_test/1443cbdd92964b6e9d911e9604458192.jpeg
144f9655bbe6448888ba3fc054408f6e,0.889061690425646,data/public_test/public_test/144f9655bbe6448888ba3fc054408f6e.jpeg
1453a20562d9476a86d41cdaaee1f24d,0.0976710214301504,data/public_test/public_test/1453a20562d9476a86d41cdaaee1f24d.jpeg
1455682502d046b9aa03c57dd4749b99,0.1467271070874211,data/public_test/public_test/1455682502d046b9aa03c57dd4749b99.jpeg
145910ff9e2a4166a4c34baf06c877a2,0.0872641019457122,data/public_test/public_test/145910ff9e2a4166a4c34baf06c877a2.jpeg
1465edff8f394d4392f31b3468dd38a7,0.888464586499687,data/public_test/public_test/1465edff8f394d4392f31b3468dd38a7.jpeg
146e240f52b54347bf043eef15e05e8f,0.5816891819901887,data/public_test/public_test/146e240f52b54347bf043eef15e05e8f.jpeg
146f6585f21c4ac6928a6b91ad625033,0.5317436023438579,data/public_test/public_test/146f6585f21c4ac6928a6b91ad625033.jpeg
147196730e2c4405a06a6cb5f1353850,0.4376107030117055,data/public_test/public_test/147196730e2c4405a06a6cb5f1353850.jpeg
147c968a3a8d4f52ad92aa047117c8b6,0.3848487421565136,data/public_test/public_test/147c968a3a8d4f52ad92aa047117c8b6.jpeg
14898a1368a74e388a04fda3c23f7182,0.7250649601442415,data/public_test/public_test/14898a1368a74e388a04fda3c23f7182.jpeg
148cc0257acf4f62af3ac70bd15ee0e7,0.9105787569003864,data/public_test/public_test/148cc0257acf4f62af3ac70bd15ee0e7.jpeg
14a36bbdda6a4010a4a9e138f55b187a,0.7274947790123633,data/public_test/public_test/14a36bbdda6a4010a4a9e138f55b187a.jpeg
14a70b642a2842d7870a528e5e52a6d8,0.5990926085874261,data/public_test/public_test/14a70b642a2842d7870a528e5e52a6d8.jpeg
14a70bf173104074937efe700357f37f,0.1060378608493223,data/public_test/public_test/14a70bf173104074937efe700357f37f.jpeg
14b0b31b5bf94f7aa9c98e0a7e2e2ac3,0.1922711827058797,data/public_test/public_test/14b0b31b5bf94f7aa9c98e0a7e2e2ac3.jpeg
14c51d45ea9240e1841f2ba7dc801be1,0.5825848378791274,data/public_test/public_test/14c51d45ea9240e1841f2ba7dc801be1.jpeg
14ca16cb8b5b4e12ac5fcf8b729b53c7,0.8163619596719253,data/public_test/public_test/14ca16cb8b5b4e12ac5fcf8b729b53c7.jpeg
14d3fa2706544a47a0f387c9fc392f33,0.2703738995041074,data/public_test/public_test/14d3fa2706544a47a0f387c9fc392f33.jpeg
14d502e51dc04b7da5349ae1a864e40f,0.2031943591517949,data/public_test/public_test/14d502e51dc04b7da5349ae1a864e40f.jpeg
14ec0d04c1014433bbe6a8ead3bfdb52,0.90706010876527,data/public_test/public_test/14ec0d04c1014433bbe6a8ead3bfdb52.jpeg
14f16b182a3b44edafd1ca8c182ee87b,0.0961388150861368,data/public_test/public_test/14f16b182a3b44edafd1ca8c182ee87b.jpeg
150f5a8c1d784b7ea3043a6b3cfad5d9,0.8052089113406179,data/public_test/public_test/150f5a8c1d784b7ea3043a6b3cfad5d9.jpeg
151a04a618bb4e1abc6dad8cf2a5b35c,0.6749693704371172,data/public_test/public_test/151a04a618bb4e1abc6dad8cf2a5b35c.jpeg
15219a52d5c84c0ea3009edca102347f,0.4841655225990522,data/public_test/public_test/15219a52d5c84c0ea3009edca102347f.jpeg
152288ac160f45ffbcb3d7801a622416,0.6410604845262655,data/public_test/public_test/152288ac160f45ffbcb3d7801a622416.jpeg
152365f5c3194f21abab3289bc4cdc2e,0.3912904408642645,data/public_test/public_test/152365f5c3194f21abab3289bc4cdc2e.jpeg
152b9cff073f4dee8f1401d781249e64,0.1488969718277634,data/public_test/public_test/152b9cff073f4dee8f1401d781249e64.jpeg
153178e34e574c3e948168c031e86969,0.1282102595665221,data/public_test/public_test/153178e34e574c3e948168c031e86969.jpeg
153f49c18ef848f7894c1b9284d2607c,0.0918496784056282,data/public_test/public_test/153f49c18ef848f7894c1b9284d2607c.jpeg
15427f6fbaed4af19ff498a9ed0361c5,0.0679003124750823,data/public_test/public_test/15427f6fbaed4af19ff498a9ed0361c5.jpeg
1547a62b815242319808924cde137b5b,0.6473319887212962,data/public_test/public_test/1547a62b815242319808924cde137b5b.jpeg
155b68bc482545d5bad5d3d1dd1f1532,0.989848265462344,data/public_test/public_test/155b68bc482545d5bad5d3d1dd1f1532.jpeg
156373f4ad1441a6811dd239e49cd538,0.4307013957876211,data/public_test/public_test/156373f4ad1441a6811dd239e49cd538.jpeg
1581196d6c0f4a6badbe31e045bda900,0.6323811524596458,data/public_test/public_test/1581196d6c0f4a6badbe31e045bda900.jpeg
15922ba530234cd8840df28a4cb8e6ba,0.4759118910344019,data/public_test/public_test/15922ba530234cd8840df28a4cb8e6ba.jpeg
15930d09324e412b82d21f827a3d0d25,0.6557980693857877,data/public_test/public_test/15930d09324e412b82d21f827a3d0d25.jpeg
159347329d5a464ba4c0bd3526b7f0fb,0.9285771752400106,data/public_test/public_test/159347329d5a464ba4c0bd3526b7f0fb.jpeg
1595635d44474dfc9aff3ecb2a8490cc,0.2117234109946063,data/public_test/public_test/1595635d44474dfc9aff3ecb2a8490cc.jpeg
15b525badbcd4d9eb4065070d33a3b85,0.7461566071957048,data/public_test/public_test/15b525badbcd4d9eb4065070d33a3b85.jpeg
15bc908ecfc349f6bb5e5e79efec1f93,0.5817765947346122,data/public_test/public_test/15bc908ecfc349f6bb5e5e79efec1f93.jpeg
15e068fc84c940999143a3bbc5dc0a3a,0.7372416152057645,data/public_test/public_test/15e068fc84c940999143a3bbc5dc0a3a.jpeg
15e97d6660c44307b6b1d14eca8c8c73,0.673563499414129,data/public_test/public_test/15e97d6660c44307b6b1d14eca8c8c73.jpeg
15f598cf18bd4c57906a250484a5a596,0.9295392325588844,data/public_test/public_test/15f598cf18bd4c57906a250484a5a596.jpeg
15fc71df46864dbea72d115db0a0580f,0.3925707734106758,data/public_test/public_test/15fc71df46864dbea72d115db0a0580f.jpeg
15fe279a5dd540e385d472eca926f925,0.6323811524596458,data/public_test/public_test/15fe279a5dd540e385d472eca926f925.jpeg
160d7741ed16486aafcf6b1b29566bdf,0.5488463647945435,data/public_test/public_test/160d7741ed16486aafcf6b1b29566bdf.jpeg
1615c382c2674022aa3997ef5a26112e,0.3763188770957376,data/public_test/public_test/1615c382c2674022aa3997ef5a26112e.jpeg
161f772d18924aa58d4b75b5c8daa67d,0.8030533693334521,data/public_test/public_test/161f772d18924aa58d4b75b5c8daa67d.jpeg
16206434da4c4a3e9aff91cd6a9f5dec,0.5488463647945435,data/public_test/public_test/16206434da4c4a3e9aff91cd6a9f5dec.jpeg
1621af2511a34f538b9ac30b2efa12ed,0.2499856245912333,data/public_test/public_test/1621af2511a34f538b9ac30b2efa12ed.jpeg
162779d05186413789c9d43791a2ef3c,0.796120327333374,data/public_test/public_test/162779d05186413789c9d43791a2ef3c.jpeg
1649d276b4544fdcbd6aa28152d14c07,0.9074250621581847,data/public_test/public_test/1649d276b4544fdcbd6aa28152d14c07.jpeg
164d7047b6564c889aac4942b17a5fdb,0.3829738217477782,data/public_test/public_test/164d7047b6564c889aac4942b17a5fdb.jpeg
164e5ae07a204e18a4cbe4c3c2796694,0.1845117679856254,data/public_test/public_test/164e5ae07a204e18a4cbe4c3c2796694.jpeg
16556b4da8714dac8917943a0566a3c7,0.6860157930673605,data/public_test/public_test/16556b4da8714dac8917943a0566a3c7.jpeg
1656c7b26f7b4b4bac9390189550c019,0.6323811524596458,data/public_test/public_test/1656c7b26f7b4b4bac9390189550c019.jpeg
165cca2fda7b44cebb69585572bc8e4d,0.6155129665513012,data/public_test/public_test/165cca2fda7b44cebb69585572bc8e4d.jpeg
166057c2e28d4b688589b51364d7bde7,0.7279236123137394,data/public_test/public_test/166057c2e28d4b688589b51364d7bde7.jpeg
166437fe73e64b359c44bfc1e9c133ff,0.888464586499687,data/public_test/public_test/166437fe73e64b359c44bfc1e9c133ff.jpeg
167710f7d1234d6c86dc5caf9943ed75,0.1528670391652054,data/public_test/public_test/167710f7d1234d6c86dc5caf9943ed75.jpeg
16835b439c95468aa36b8d15dfe62e20,0.2455478668698774,data/public_test/public_test/16835b439c95468aa36b8d15dfe62e20.jpeg
16924652c025447597d1d49ca6a7c34d,0.889061690425646,data/public_test/public_test/16924652c025447597d1d49ca6a7c34d.jpeg
169378412930423e82d81f38daab4ac4,0.4272457843248891,data/public_test/public_test/169378412930423e82d81f38daab4ac4.jpeg
16a0ce8d0c4044ac90c989c44df4b74d,0.2072462231176506,data/public_test/public_test/16a0ce8d0c4044ac90c989c44df4b74d.jpeg
16c359b5e7444c8781dc3eda2e38ffbb,0.9105787569003864,data/public_test/public_test/16c359b5e7444c8781dc3eda2e38ffbb.jpeg
16c631f097ac4b89b6c4621a1dd22601,0.6461998433175563,data/public_test/public_test/16c631f097ac4b89b6c4621a1dd22601.jpeg
16cd7ab679b641909b5aaf3ae57965d0,0.093404339662463,data/public_test/public_test/16cd7ab679b641909b5aaf3ae57965d0.jpeg
16cfe3cc0dd2462aa89f65c6c8817e83,0.2073317801969203,data/public_test/public_test/16cfe3cc0dd2462aa89f65c6c8817e83.jpeg
16d92ba2de4747fd95e2578076808ea5,0.889061690425646,data/public_test/public_test/16d92ba2de4747fd95e2578076808ea5.jpeg
16da2bbcdcec4c6684498606bcfca171,0.9285771752400106,data/public_test/public_test/16da2bbcdcec4c6684498606bcfca171.jpeg
16e487d7b37e431e823e33b760f00d5c,0.8669475200249463,data/public_test/public_test/16e487d7b37e431e823e33b760f00d5c.jpeg
16f50cf49256406b8f7301da6113204c,0.4976430112135577,data/public_test/public_test/16f50cf49256406b8f7301da6113204c.jpeg
16fe6adc1f1b41fba87df9228ed3243a,0.1959872531464697,data/public_test/public_test/16fe6adc1f1b41fba87df9228ed3243a.jpeg
171380569b7d401ca44a506598f83167,0.862128038336848,data/public_test/public_test/171380569b7d401ca44a506598f83167.jpeg
1736fd1557264110a30897a113d0ef5c,0.8859079956834446,data/public_test/public_test/1736fd1557264110a30897a113d0ef5c.jpeg
173f981df8dd44f28b9a90322c7679b7,0.1254807398603769,data/public_test/public_test/173f981df8dd44f28b9a90322c7679b7.jpeg
173fd1de2f884c0eb47cd82f1f7193d8,0.958052481405022,data/public_test/public_test/173fd1de2f884c0eb47cd82f1f7193d8.jpeg
174a014043eb42f4a112c61c2091d9a0,0.7624692560775364,data/public_test/public_test/174a014043eb42f4a112c61c2091d9a0.jpeg
174ae5c67c744f73b043e355159f5d1a,0.5990926085874261,data/public_test/public_test/174ae5c67c744f73b043e355159f5d1a.jpeg
17514d843b5d411cb4ecb0ebba6e539f,0.989848265462344,data/public_test/public_test/17514d843b5d411cb4ecb0ebba6e539f.jpeg
1756d9306ec3473f85bd79d076d15427,0.1946176358169651,data/public_test/public_test/1756d9306ec3473f85bd79d076d15427.jpeg
1762909d1f8946e3bd1788ee6eefe8c5,0.1536744035976918,data/public_test/public_test/1762909d1f8946e3bd1788ee6eefe8c5.jpeg
176b0571337841b297e409ca797b1892,0.5324088951419225,data/public_test/public_test/176b0571337841b297e409ca797b1892.jpeg
176b9c41cded4af78ad6b1b0a03c8ed4,0.4474630815251912,data/public_test/public_test/176b9c41cded4af78ad6b1b0a03c8ed4.jpeg
176e347c52264f56a22f2e4e69e1ffce,0.3961522890251768,data/public_test/public_test/176e347c52264f56a22f2e4e69e1ffce.jpeg
17866e12d5c1422dbb1131603d12ee68,0.4912454691497102,data/public_test/public_test/17866e12d5c1422dbb1131603d12ee68.jpeg
1795a8e48d1c4f239fee5ae23ebab658,0.0888020553938641,data/public_test/public_test/1795a8e48d1c4f239fee5ae23ebab658.jpeg
17973a9e986746a2afd7e258f1639831,0.1116261500684974,data/public_test/public_test/17973a9e986746a2afd7e258f1639831.jpeg
179bf319de5040f185608d2edbeb75d7,0.9295392325588844,data/public_test/public_test/179bf319de5040f185608d2edbeb75d7.jpeg
17ab52ee3f1642b7ab86355323b48566,0.6323811524596458,data/public_test/public_test/17ab52ee3f1642b7ab86355323b48566.jpeg
17ac1a910847452d89487ed4b3621515,0.1737701738328526,data/public_test/public_test/17ac1a910847452d89487ed4b3621515.jpeg
17aea0ea8ed84c899caa7411288b7026,0.5652667227584187,data/public_test/public_test/17aea0ea8ed84c899caa7411288b7026.jpeg
17bf15a3f04b496fa8360e4ad42b00de,0.0963501344133695,data/public_test/public_test/17bf15a3f04b496fa8360e4ad42b00de.jpeg
17c1a546a67b4eb3a0cad68d148c8e49,0.1581150976362617,data/public_test/public_test/17c1a546a67b4eb3a0cad68d148c8e49.jpeg
17c9ce68a76f49ccafd283c56fbbb122,0.7194564482682684,data/public_test/public_test/17c9ce68a76f49ccafd283c56fbbb122.jpeg
17ca6b61a3364e879716a2d78d6ec87e,0.3724803463995905,data/public_test/public_test/17ca6b61a3364e879716a2d78d6ec87e.jpeg
17cc210d91a74a839ead3f416343f45f,0.1595223767816314,data/public_test/public_test/17cc210d91a74a839ead3f416343f45f.jpeg
17cf8ff543a241ee9c3617de03aff78c,0.0935768073649968,data/public_test/public_test/17cf8ff543a241ee9c3617de03aff78c.jpeg
17d6cc8d17654f0589a04ad8fb3eab93,0.1004449652142948,data/public_test/public_test/17d6cc8d17654f0589a04ad8fb3eab93.jpeg
17de1e7e459841258382a48dc91c3858,0.8487548476552064,data/public_test/public_test/17de1e7e459841258382a48dc91c3858.jpeg
17e8778793ef448e9feb1be37785c09e,0.1789270754821456,data/public_test/public_test/17e8778793ef448e9feb1be37785c09e.jpeg
17e9c022ae5e4483804f8f5dad288fc4,0.6357979232133562,data/public_test/public_test/17e9c022ae5e4483804f8f5dad288fc4.jpeg
17f063cc4212468aa8ebc4e17dd5f321,0.9285771752400106,data/public_test/public_test/17f063cc4212468aa8ebc4e17dd5f321.jpeg
17f443d21d2a4b31ba93649fcfff7a1f,0.2214945113743537,data/public_test/public_test/17f443d21d2a4b31ba93649fcfff7a1f.jpeg
17fcbe450184403f9ef4a8ddca89ca97,0.1731233080626576,data/public_test/public_test/17fcbe450184403f9ef4a8ddca89ca97.jpeg
1807287d5eea4f96b79eb254bf4e35c2,0.4417906706383215,data/public_test/public_test/1807287d5eea4f96b79eb254bf4e35c2.jpeg
180c1b07e7894e5ebf3c826d9fd1a5cd,0.1276105577093476,data/public_test/public_test/180c1b07e7894e5ebf3c826d9fd1a5cd.jpeg
180ec18ae59c40d39c6213a3b27c5816,0.7899786869520805,data/public_test/public_test/180ec18ae59c40d39c6213a3b27c5816.jpeg
1811b22360fb46669223e2ee55271d80,0.0651281643198662,data/public_test/public_test/1811b22360fb46669223e2ee55271d80.jpeg
1813473ed4254e36b59f2859e4f1cee5,0.1797811672005574,data/public_test/public_test/1813473ed4254e36b59f2859e4f1cee5.jpeg
1828e1dd577945f2aaf1a4a690480128,0.3913759488229859,data/public_test/public_test/1828e1dd577945f2aaf1a4a690480128.jpeg
182da7a735ef4bfb871034eebd30fb22,0.0350587014617871,data/public_test/public_test/182da7a735ef4bfb871034eebd30fb22.jpeg
18326722f7ba4a63b98e62fd140d5b6b,0.3813521177649623,data/public_test/public_test/18326722f7ba4a63b98e62fd140d5b6b.jpeg
1834dd622abf42ef809a0f0dc622eb69,0.5654820754284418,data/public_test/public_test/1834dd622abf42ef809a0f0dc622eb69.jpeg
183cf7d821d546c681349db0837b846e,0.1869398758213186,data/public_test/public_test/183cf7d821d546c681349db0837b846e.jpeg
1850fa44d0f842418b96fbd41d10d2ad,0.2313038248116735,data/public_test/public_test/1850fa44d0f842418b96fbd41d10d2ad.jpeg
185b8ebfe55948e3b3d4e636e9143380,0.1564477088147098,data/public_test/public_test/185b8ebfe55948e3b3d4e636e9143380.jpeg
1879242967984d5bb8ab7415c7651482,0.870127391925954,data/public_test/public_test/1879242967984d5bb8ab7415c7651482.jpeg
187e3eb2f3a04426b6d50239c8cb3241,0.6473319887212962,data/public_test/public_test/187e3eb2f3a04426b6d50239c8cb3241.jpeg
188372f01c6645d6bb85b15d3a37164b,0.9084288801297784,data/public_test/public_test/188372f01c6645d6bb85b15d3a37164b.jpeg
188648d178da4c9bbc94986b26ee8786,0.673563499414129,data/public_test/public_test/188648d178da4c9bbc94986b26ee8786.jpeg
1887b5818a0d464693b17e18982f396c,0.4849750756248525,data/public_test/public_test/1887b5818a0d464693b17e18982f396c.jpeg
18a59eda3c7144fca123c6f33b5929e5,0.5044687480116549,data/public_test/public_test/18a59eda3c7144fca123c6f33b5929e5.jpeg
18a6b517e5fd418a95567ca51188c614,0.347443512932803,data/public_test/public_test/18a6b517e5fd418a95567ca51188c614.jpeg
18a7e2826d574868a10020bcbb4b0b6e,0.7097096120748673,data/public_test/public_test/18a7e2826d574868a10020bcbb4b0b6e.jpeg
18aab5145aac4664a5a516b988ebf443,0.0910182653714237,data/public_test/public_test/18aab5145aac4664a5a516b988ebf443.jpeg
18b43655e33345128041c0e1873f7fd7,0.888464586499687,data/public_test/public_test/18b43655e33345128041c0e1873f7fd7.jpeg
18b7b2ce56e94cdc9bf2f90a6a00e18e,0.6323811524596458,data/public_test/public_test/18b7b2ce56e94cdc9bf2f90a6a00e18e.jpeg
18bff29f65b54a84a8ee5b45b6dfa63a,0.9760508997446462,data/public_test/public_test/18bff29f65b54a84a8ee5b45b6dfa63a.jpeg
18c8b8f99eea4f33ae140efda491886f,0.3710304497208272,data/public_test/public_test/18c8b8f99eea4f33ae140efda491886f.jpeg
18d3b2058ca947a2b13440e8e3f3381d,0.958052481405022,data/public_test/public_test/18d3b2058ca947a2b13440e8e3f3381d.jpeg
18ed54d3a018452d89540f0f9e09a446,0.4213813352904108,data/public_test/public_test/18ed54d3a018452d89540f0f9e09a446.jpeg
18ee3bae9dfc43e7b7b793904a703c01,0.442153067033811,data/public_test/public_test/18ee3bae9dfc43e7b7b793904a703c01.jpeg
18fa30934d8a40798ddfab69e1614bf7,0.3402358011073835,data/public_test/public_test/18fa30934d8a40798ddfab69e1614bf7.jpeg
1907b69f3bfd40fba017d21b020966e5,0.4207633237488986,data/public_test/public_test/1907b69f3bfd40fba017d21b020966e5.jpeg
190b2d8071c24046af6752d41ae28c6a,0.5490596161966718,data/public_test/public_test/190b2d8071c24046af6752d41ae28c6a.jpeg
190bda8e7aab4cedb970008f6fe06c27,0.9949242983158,data/public_test/public_test/190bda8e7aab4cedb970008f6fe06c27.jpeg
190d0a9611b44e4c9cef78f5cfc68a4a,0.6309116307574208,data/public_test/public_test/190d0a9611b44e4c9cef78f5cfc68a4a.jpeg
190e720f6fae402181ce6def5a7c0d71,0.8708690180559059,data/public_test/public_test/190e720f6fae402181ce6def5a7c0d71.jpeg
1914a12bbbc945e4b9ac9a2a65ce0f15,0.5654820754284418,data/public_test/public_test/1914a12bbbc945e4b9ac9a2a65ce0f15.jpeg
191a5850f19e42538ecda8ee549cb4fa,0.7810031743533911,data/public_test/public_test/191a5850f19e42538ecda8ee549cb4fa.jpeg
191de98005a849bdb1f620cb95ebebcd,0.1226716830710346,data/public_test/public_test/191de98005a849bdb1f620cb95ebebcd.jpeg
1921fa4505a24c5d9e72c84caf54f682,0.8732810866681554,data/public_test/public_test/1921fa4505a24c5d9e72c84caf54f682.jpeg
193217932bd54e4c8b5b3be3c990e574,0.0647014650334169,data/public_test/public_test/193217932bd54e4c8b5b3be3c990e574.jpeg
1933260aac21460297e05d398ec90a94,0.2124073545919267,data/public_test/public_test/1933260aac21460297e05d398ec90a94.jpeg
193c3e329bed45bf97c4c71ee00c6cb4,0.1926162600147531,data/public_test/public_test/193c3e329bed45bf97c4c71ee00c6cb4.jpeg
193e6b45b57945eeaec04ff178792f2b,0.5490596161966718,data/public_test/public_test/193e6b45b57945eeaec04ff178792f2b.jpeg
1949a2bb4da0451e997dc318d1345b5b,0.4912454691497102,data/public_test/public_test/1949a2bb4da0451e997dc318d1345b5b.jpeg
195ff8f0009e49c1a348a51f0762ca4c,0.1412670688906508,data/public_test/public_test/195ff8f0009e49c1a348a51f0762ca4c.jpeg
19606548138d4c6da9f460517d101912,0.5317436023438579,data/public_test/public_test/19606548138d4c6da9f460517d101912.jpeg
1969857a9fb44f5d90bdb582f21989c7,0.6972967922399449,data/public_test/public_test/1969857a9fb44f5d90bdb582f21989c7.jpeg
1971dd1b77de4912b5fee0a18c2b95e2,0.4912454691497102,data/public_test/public_test/1971dd1b77de4912b5fee0a18c2b95e2.jpeg
19769d1ff8f34380afd1678f98d17d36,0.0458500738323118,data/public_test/public_test/19769d1ff8f34380afd1678f98d17d36.jpeg
1979544d1b5a4e68b91c515f892fc257,0.0198752234616105,data/public_test/public_test/1979544d1b5a4e68b91c515f892fc257.jpeg
197a265976ac4e23add5d472c7868a1c,0.8253795030863493,data/public_test/public_test/197a265976ac4e23add5d472c7868a1c.jpeg
197cb6cb6a85405fb4627c4b172d7bd8,0.7581852743256684,data/public_test/public_test/197cb6cb6a85405fb4627c4b172d7bd8.jpeg
198bdcec60ea4dacb9562394eb2f571b,0.6442949061604979,data/public_test/public_test/198bdcec60ea4dacb9562394eb2f571b.jpeg
198db4716d934ed9b53ff94a2e0667a5,0.7001311229157906,data/public_test/public_test/198db4716d934ed9b53ff94a2e0667a5.jpeg
199ba988c17044ccac75d75249fabd56,0.8923860845306462,data/public_test/public_test/199ba988c17044ccac75d75249fabd56.jpeg
19bb5aae35c24a0394df5fa608ed27ba,0.9295392325588844,data/public_test/public_test/19bb5aae35c24a0394df5fa608ed27ba.jpeg
19db07ef01a043c9b49322609455fe6c,0.5488463647945435,data/public_test/public_test/19db07ef01a043c9b49322609455fe6c.jpeg
19f4f153205049fb88f5c04f5b0859ad,0.824832794113914,data/public_test/public_test/19f4f153205049fb88f5c04f5b0859ad.jpeg
19f75dad8c81402984d12a242a2bbeb2,0.259668668201592,data/public_test/public_test/19f75dad8c81402984d12a242a2bbeb2.jpeg
1a00a7786a554585a749d5db35926b37,0.1548719243576935,data/public_test/public_test/1a00a7786a554585a749d5db35926b37.jpeg
1a055ef73c824e978f36da7fbc4f1046,0.4912454691497102,data/public_test/public_test/1a055ef73c824e978f36da7fbc4f1046.jpeg
1a05e2b8ed7a4283b5d0b9291520334b,0.908022166084144,data/public_test/public_test/1a05e2b8ed7a4283b5d0b9291520334b.jpeg
1a0b28d771164acd9b6997264fdefc28,0.3692383793033723,data/public_test/public_test/1a0b28d771164acd9b6997264fdefc28.jpeg
1a0e4d1dc998442296e67d45656f2466,0.1172904833541093,data/public_test/public_test/1a0e4d1dc998442296e67d45656f2466.jpeg
1a11ae12cd4546138db25ee4d1efe479,0.1280828545091139,data/public_test/public_test/1a11ae12cd4546138db25ee4d1efe479.jpeg
1a14e918e46b43a2958f6e11b255ddb2,0.2354840380410304,data/public_test/public_test/1a14e918e46b43a2958f6e11b255ddb2.jpeg
1a22712354fa46069510233d50c14433,0.3748275854394469,data/public_test/public_test/1a22712354fa46069510233d50c14433.jpeg
1a390e3ceeca4495a9501ed6bac5df3e,0.0828707464710008,data/public_test/public_test/1a390e3ceeca4495a9501ed6bac5df3e.jpeg
1a3a73f1a5114ee98545b065eb99e3d8,0.6749693704371172,data/public_test/public_test/1a3a73f1a5114ee98545b065eb99e3d8.jpeg
1a3cb937063f4a7f97fcb370db1e1edc,0.0828715378576105,data/public_test/public_test/1a3cb937063f4a7f97fcb370db1e1edc.jpeg
1a3f034c80454fe5a7ec7b7a7b605ed3,0.1567833986410403,data/public_test/public_test/1a3f034c80454fe5a7ec7b7a7b605ed3.jpeg
1a4284790c9f4d2280449adf0d225bdb,0.7186874961044666,data/public_test/public_test/1a4284790c9f4d2280449adf0d225bdb.jpeg
1a52e274b35e4616aab8d3f91c91b8b8,0.1082523406920179,data/public_test/public_test/1a52e274b35e4616aab8d3f91c91b8b8.jpeg
1a553a93538f4328ac34e2be2544c4e2,0.1685552035088409,data/public_test/public_test/1a553a93538f4328ac34e2be2544c4e2.jpeg
1a5aed687c5443d28efdb96332399156,0.446418848258115,data/public_test/public_test/1a5aed687c5443d28efdb96332399156.jpeg
1a5bfe13b45b44739d32a43a18b3658a,0.6611506795792067,data/public_test/public_test/1a5bfe13b45b44739d32a43a18b3658a.jpeg
1a5ea205a71641a89abe8ef86fa2f870,0.6972967922399449,data/public_test/public_test/1a5ea205a71641a89abe8ef86fa2f870.jpeg
1a6660182e264147b660f656ccb7ace0,0.3591723727968888,data/public_test/public_test/1a6660182e264147b660f656ccb7ace0.jpeg
1a688634b4934cc6993bbbbdf14ffeaf,0.5652688240263136,data/public_test/public_test/1a688634b4934cc6993bbbbdf14ffeaf.jpeg
1a6ffacfeb524c318a64b520d3dd2bb9,0.1844673766546583,data/public_test/public_test/1a6ffacfeb524c318a64b520d3dd2bb9.jpeg
1a737f55948b409980aa373917977db5,0.6873821902720395,data/public_test/public_test/1a737f55948b409980aa373917977db5.jpeg
1a97ae2c7efc448d9fb1404589b22867,0.3605816003906701,data/public_test/public_test/1a97ae2c7efc448d9fb1404589b22867.jpeg
1aac0ebab7424b108c741cae599d61e6,0.8669475200249463,data/public_test/public_test/1aac0ebab7424b108c741cae599d61e6.jpeg
1ab0c0ea2be14015a18962bb070e9a84,0.6323811524596458,data/public_test/public_test/1ab0c0ea2be14015a18962bb070e9a84.jpeg
1ab1cbb9ca77409b86bc7c8a9984394b,0.5994530237874719,data/public_test/public_test/1ab1cbb9ca77409b86bc7c8a9984394b.jpeg
1ac429b4af394956ae6fe4b08bac9a07,0.6159607944957706,data/public_test/public_test/1ac429b4af394956ae6fe4b08bac9a07.jpeg
1ad0ef8efb2b4c5d936f38a5bcd26aaf,0.8923860845306462,data/public_test/public_test/1ad0ef8efb2b4c5d936f38a5bcd26aaf.jpeg
1af4f1ae47204b8eb3a066e0429ef7cc,0.1283440175481628,data/public_test/public_test/1af4f1ae47204b8eb3a066e0429ef7cc.jpeg
1b00f04620da4c718f12cddfa4d1f479,0.7372416152057645,data/public_test/public_test/1b00f04620da4c718f12cddfa4d1f479.jpeg
1b04e924dd6e4e1d86a9f2738dd59712,0.3884330740157773,data/public_test/public_test/1b04e924dd6e4e1d86a9f2738dd59712.jpeg
1b0654194b7c41d4b80ad7416f8245f4,0.8196656535592427,data/public_test/public_test/1b0654194b7c41d4b80ad7416f8245f4.jpeg
1b0d45a8f50a4183b90de1ba01ef3eb6,0.4101851482021152,data/public_test/public_test/1b0d45a8f50a4183b90de1ba01ef3eb6.jpeg
1b13f48d33cb4aa0bc3ddcb2199845dc,0.6860157930673605,data/public_test/public_test/1b13f48d33cb4aa0bc3ddcb2199845dc.jpeg
1b1b37fdbe1e41bdb4d9b4879d9d72d3,0.2031557967925464,data/public_test/public_test/1b1b37fdbe1e41bdb4d9b4879d9d72d3.jpeg
1b1dc3d040634658841804f71c29918f,0.092296605806714,data/public_test/public_test/1b1dc3d040634658841804f71c29918f.jpeg
1b1fa714c21e4aefa0933a8339232f7f,0.1200203741932853,data/public_test/public_test/1b1fa714c21e4aefa0933a8339232f7f.jpeg
1b26b039fc6a4184a1b3207f44504b80,0.4368002057798123,data/public_test/public_test/1b26b039fc6a4184a1b3207f44504b80.jpeg
1b3ae8201c6a4e7e901af64522e80cee,0.5179462366261602,data/public_test/public_test/1b3ae8201c6a4e7e901af64522e80cee.jpeg
1b4618dd51514e02b4e8a7d4a817e2b9,0.2152200080969641,data/public_test/public_test/1b4618dd51514e02b4e8a7d4a817e2b9.jpeg
1b483d79cf574127b57ad887af02c413,0.1600795102259606,data/public_test/public_test/1b483d79cf574127b57ad887af02c413.jpeg
1b4a964f9b584b2a9ca8317b0cad2415,0.6461998433175563,data/public_test/public_test/1b4a964f9b584b2a9ca8317b0cad2415.jpeg
1b4d5197a3044586b5176d5739130753,0.1490729707519282,data/public_test/public_test/1b4d5197a3044586b5176d5739130753.jpeg
1b5068955902485c8ec583229c7e5c4d,0.4912454691497102,data/public_test/public_test/1b5068955902485c8ec583229c7e5c4d.jpeg
1b632fa7aad74d4e9b7935fe6da908b8,0.6749693704371172,data/public_test/public_test/1b632fa7aad74d4e9b7935fe6da908b8.jpeg
1b6a198f993d4decb37cc3d9a34b4790,0.5661623786473574,data/public_test/public_test/1b6a198f993d4decb37cc3d9a34b4790.jpeg
1b6f81388978470dbbeea35a782a941e,0.5182661137293526,data/public_test/public_test/1b6f81388978470dbbeea35a782a941e.jpeg
1b76296e2db24b5f93afd0d88c54ed99,0.5990926085874261,data/public_test/public_test/1b76296e2db24b5f93afd0d88c54ed99.jpeg
1b8f3e41aa9947b1987fc20e267f2fae,0.8406133978714042,data/public_test/public_test/1b8f3e41aa9947b1987fc20e267f2fae.jpeg
1b97c8bf5d104f2da75a332294c73409,0.7898731446319959,data/public_test/public_test/1b97c8bf5d104f2da75a332294c73409.jpeg
1b986cd9562340069a5fc2272ee279cc,0.2547193636335467,data/public_test/public_test/1b986cd9562340069a5fc2272ee279cc.jpeg
1ba87dd6f5b64f2ba6f2800c5c51eefb,0.90706010876527,data/public_test/public_test/1ba87dd6f5b64f2ba6f2800c5c51eefb.jpeg
1baa78f21f3442b8aecb3f70f074738a,0.4115931914449012,data/public_test/public_test/1baa78f21f3442b8aecb3f70f074738a.jpeg
1baaac39a8c1402e908699700339ff76,0.136619236229283,data/public_test/public_test/1baaac39a8c1402e908699700339ff76.jpeg
1bab28be95384507b96523e1bda5b32a,0.2722063115362231,data/public_test/public_test/1bab28be95384507b96523e1bda5b32a.jpeg
1bac76d8f3cc4ebb99726be5096e5d31,0.1343516652607521,data/public_test/public_test/1bac76d8f3cc4ebb99726be5096e5d31.jpeg
1bb51d4c21774e7797bebc2685720b7a,0.8345546320416654,data/public_test/public_test/1bb51d4c21774e7797bebc2685720b7a.jpeg
1bba77c5547749e9aba19d9a69f12e3e,0.3184416169666502,data/public_test/public_test/1bba77c5547749e9aba19d9a69f12e3e.jpeg
1bbed999fe4243349b1f85070ff87a49,0.3277815262587082,data/public_test/public_test/1bbed999fe4243349b1f85070ff87a49.jpeg
1bc39cafd0994ee9935968df2680eccc,0.946044891083611,data/public_test/public_test/1bc39cafd0994ee9935968df2680eccc.jpeg
1bdb75db014a44c9a0582a03af191425,0.3668930286757018,data/public_test/public_test/1bdb75db014a44c9a0582a03af191425.jpeg
1beea22e64674387a2483ea4b5c384eb,0.1908862274852026,data/public_test/public_test/1beea22e64674387a2483ea4b5c384eb.jpeg
1bf0e7028ad84c48a267a60c75133d47,0.9074250621581847,data/public_test/public_test/1bf0e7028ad84c48a267a60c75133d47.jpeg
1c1e5c495a0f4fa19283984d685f4f20,0.3003138505790449,data/public_test/public_test/1c1e5c495a0f4fa19283984d685f4f20.jpeg
1c1e6e3c4a844d4292da5f8adab27be9,0.4297627785214515,data/public_test/public_test/1c1e6e3c4a844d4292da5f8adab27be9.jpeg
1c221b394c714e79bec5e59ce5289090,0.5990926085874261,data/public_test/public_test/1c221b394c714e79bec5e59ce5289090.jpeg
1c287f4b566a4775a6c19b6d7dc588d8,0.8669475200249463,data/public_test/public_test/1c287f4b566a4775a6c19b6d7dc588d8.jpeg
1c29d5591b6e4d41a93c9bedc74a4272,0.8669475200249463,data/public_test/public_test/1c29d5591b6e4d41a93c9bedc74a4272.jpeg
1c307b07c93247e78cde034d469c0ff3,0.9760508997446462,data/public_test/public_test/1c307b07c93247e78cde034d469c0ff3.jpeg
1c32e0516fd1422a95f10a073c5c2750,0.0823666550319588,data/public_test/public_test/1c32e0516fd1422a95f10a073c5c2750.jpeg
1c448945ca25408dbfd146fa1bf55437,0.2378717933463856,data/public_test/public_test/1c448945ca25408dbfd146fa1bf55437.jpeg
1c554f7ac86748f794d5e0ba568893bd,0.5652688240263136,data/public_test/public_test/1c554f7ac86748f794d5e0ba568893bd.jpeg
1c6b0e12d6bd4593a3b4878a42c399ee,0.7371787231661054,data/public_test/public_test/1c6b0e12d6bd4593a3b4878a42c399ee.jpeg
1c6bf0a7cc9e41dd96a641a932d77e75,0.6316153603844441,data/public_test/public_test/1c6bf0a7cc9e41dd96a641a932d77e75.jpeg
1c6fa87ab98145619427feeafee74faa,0.8085126052279352,data/public_test/public_test/1c6fa87ab98145619427feeafee74faa.jpeg
1c76259e62264b0eb805ded4633dc66a,0.1545239816835089,data/public_test/public_test/1c76259e62264b0eb805ded4633dc66a.jpeg
1c7d8435366c4aad940bd1a8bee12d95,0.0942161849805121,data/public_test/public_test/1c7d8435366c4aad940bd1a8bee12d95.jpeg
1c80eb38b30b40dd83e0e6137c6168ed,0.1434438377969331,data/public_test/public_test/1c80eb38b30b40dd83e0e6137c6168ed.jpeg
1c825d457901453b930533ff4645b7d0,0.3541405893705938,data/public_test/public_test/1c825d457901453b930533ff4645b7d0.jpeg
1c8a97f364fd4642a66a9f7afdf1a90d,0.7650021994432041,data/public_test/public_test/1c8a97f364fd4642a66a9f7afdf1a90d.jpeg
1c8cce495d9f446a8453ca6780b3a4b1,0.9891878355985502,data/public_test/public_test/1c8cce495d9f446a8453ca6780b3a4b1.jpeg
1c8f6fda9fb5418daaeb24ce11173fc4,0.4912454691497102,data/public_test/public_test/1c8f6fda9fb5418daaeb24ce11173fc4.jpeg
1c9a91bc07da4b7f97c4890079187722,0.0804852070481529,data/public_test/public_test/1c9a91bc07da4b7f97c4890079187722.jpeg
1c9bf4d3e11c4025a690ed324f6284ea,0.5488463647945435,data/public_test/public_test/1c9bf4d3e11c4025a690ed324f6284ea.jpeg
1ca322ee7d014606b349e3bb38dd1776,0.6611506795792067,data/public_test/public_test/1ca322ee7d014606b349e3bb38dd1776.jpeg
1ca9738d97ae463685b12bca4d6241d7,0.9475376508985086,data/public_test/public_test/1ca9738d97ae463685b12bca4d6241d7.jpeg
1cad118985e142e58015394b49b522b7,0.5994530237874719,data/public_test/public_test/1cad118985e142e58015394b49b522b7.jpeg
1cbf3ff7d1f146c2905feb9350482d6a,0.6473319887212962,data/public_test/public_test/1cbf3ff7d1f146c2905feb9350482d6a.jpeg
1cc70bb05c084c20880ffc364c52c24b,0.946044891083611,data/public_test/public_test/1cc70bb05c084c20880ffc364c52c24b.jpeg
1cc7d24a34b44844a4748f71805a307c,0.958052481405022,data/public_test/public_test/1cc7d24a34b44844a4748f71805a307c.jpeg
1cc8e0fbd0b34ed9a4346c71c0a6741f,0.5990926085874261,data/public_test/public_test/1cc8e0fbd0b34ed9a4346c71c0a6741f.jpeg
1ce66e29446d4ce9b7e61bb8d49d19f9,0.1605804743234345,data/public_test/public_test/1ce66e29446d4ce9b7e61bb8d49d19f9.jpeg
1ce8ac23e70040069c624e946e18e10e,0.9475376508985086,data/public_test/public_test/1ce8ac23e70040069c624e946e18e10e.jpeg
1cf1604a66264a50b3d24d6a3adf434e,0.6261470208150297,data/public_test/public_test/1cf1604a66264a50b3d24d6a3adf434e.jpeg
1cf38f5ef10042b0acec58e11899a6f7,0.908022166084144,data/public_test/public_test/1cf38f5ef10042b0acec58e11899a6f7.jpeg
1cfe10d8aa1c422b84351a432f960be3,0.4841655225990522,data/public_test/public_test/1cfe10d8aa1c422b84351a432f960be3.jpeg
1cff946b3a0d45f3a4d3862906c89786,0.8799156312836408,data/public_test/public_test/1cff946b3a0d45f3a4d3862906c89786.jpeg
1d23bc0ef681438a9f288ac6aac9b46c,0.1390091473809198,data/public_test/public_test/1d23bc0ef681438a9f288ac6aac9b46c.jpeg
1d2a7e69a78c4d708a51780b917316f3,0.3362691503769601,data/public_test/public_test/1d2a7e69a78c4d708a51780b917316f3.jpeg
1d2c30723a25456d987d6f86f3f51570,0.8321235660574033,data/public_test/public_test/1d2c30723a25456d987d6f86f3f51570.jpeg
1d3ec8a7cd784d5ebd9447c55d846695,0.3523493867494903,data/public_test/public_test/1d3ec8a7cd784d5ebd9447c55d846695.jpeg
1d444bd228a74680bacbd1dfb777e02e,0.7353424306106828,data/public_test/public_test/1d444bd228a74680bacbd1dfb777e02e.jpeg
1d458c8a1a014348b7c8894b0634c873,0.5179462366261602,data/public_test/public_test/1d458c8a1a014348b7c8894b0634c873.jpeg
1d4901cd2ff54e01ad8cda62adbec14e,0.3425392491785285,data/public_test/public_test/1d4901cd2ff54e01ad8cda62adbec14e.jpeg
1d53b4c5b9304b52b4d951d758a44b0b,0.1978195505639729,data/public_test/public_test/1d53b4c5b9304b52b4d951d758a44b0b.jpeg
1d79a2aa048c48b1b29482e75adb1d37,0.2490474766991909,data/public_test/public_test/1d79a2aa048c48b1b29482e75adb1d37.jpeg
1d80cbf6ea524ccbad6572a68668ce53,0.972104212423683,data/public_test/public_test/1d80cbf6ea524ccbad6572a68668ce53.jpeg
1d838170283040dfac0db51d59f42ee9,0.9985711156057407,data/public_test/public_test/1d838170283040dfac0db51d59f42ee9.jpeg
1d84ad1937e4410db1ac750fca701117,0.402849796632224,data/public_test/public_test/1d84ad1937e4410db1ac750fca701117.jpeg
1d8d3f181e714a46919edb107d3b2ca2,0.7999398988623797,data/public_test/public_test/1d8d3f181e714a46919edb107d3b2ca2.jpeg
1d95330264cb49aa8d8f52552e7110c7,0.9295392325588844,data/public_test/public_test/1d95330264cb49aa8d8f52552e7110c7.jpeg
1db2659b45674de7a77a2e86edc3a7b8,0.926890161394997,data/public_test/public_test/1db2659b45674de7a77a2e86edc3a7b8.jpeg
1db46455f0494c0ea87e64328f48524e,0.2231979628650351,data/public_test/public_test/1db46455f0494c0ea87e64328f48524e.jpeg
1db4c5010f864e13b9d5906af884cd6e,0.2118949454067245,data/public_test/public_test/1db4c5010f864e13b9d5906af884cd6e.jpeg
1db6561e54754ec5bfa828ffb7b2e831,0.1817369946100005,data/public_test/public_test/1db6561e54754ec5bfa828ffb7b2e831.jpeg
1dc2bd6c523c471b9e71f7f73c750962,0.7186874961044666,data/public_test/public_test/1dc2bd6c523c471b9e71f7f73c750962.jpeg
1dea8057e5f345dcb26c547aef30417d,0.6829264830836993,data/public_test/public_test/1dea8057e5f345dcb26c547aef30417d.jpeg
1df2cf273a2f44cc9fac9fe4a327000b,0.4370138064836166,data/public_test/public_test/1df2cf273a2f44cc9fac9fe4a327000b.jpeg
1e008bc69ac546b09a84c0e1a18a2848,0.1829721226074803,data/public_test/public_test/1e008bc69ac546b09a84c0e1a18a2848.jpeg
1e0c47f2117244149c7cc1eca8a6fe61,0.981787362461896,data/public_test/public_test/1e0c47f2117244149c7cc1eca8a6fe61.jpeg
1e108781baea4fa5a9593ac282da9489,0.1114899415172859,data/public_test/public_test/1e108781baea4fa5a9593ac282da9489.jpeg
1e1c461e3b7b4076b4e065c7703e8fad,0.889061690425646,data/public_test/public_test/1e1c461e3b7b4076b4e065c7703e8fad.jpeg
1e23b9f24e594f24b108a19d2ac8ade1,0.3440747684306257,data/public_test/public_test/1e23b9f24e594f24b108a19d2ac8ade1.jpeg
1e2be867d53844d5bdf5bc7741ee6db0,0.724337070029807,data/public_test/public_test/1e2be867d53844d5bdf5bc7741ee6db0.jpeg
1e4687da37bc41c489af087a35ecbdfa,0.9295392325588844,data/public_test/public_test/1e4687da37bc41c489af087a35ecbdfa.jpeg
1e5585b61fe549c2979e769c3171594b,0.8030533693334521,data/public_test/public_test/1e5585b61fe549c2979e769c3171594b.jpeg
1e5bd23920454c23a6374b6a9e646d20,0.7549638901036014,data/public_test/public_test/1e5bd23920454c23a6374b6a9e646d20.jpeg
1e5fde60f581459d8738e5b82a33865c,0.230578917406082,data/public_test/public_test/1e5fde60f581459d8738e5b82a33865c.jpeg
1e67f60ca6ba4d0ea46041ef347e92d9,0.888464586499687,data/public_test/public_test/1e67f60ca6ba4d0ea46041ef347e92d9.jpeg
1e6e06e634ec47f38d78d9f4cfc5975c,0.4557592241953808,data/public_test/public_test/1e6e06e634ec47f38d78d9f4cfc5975c.jpeg
1e779f4a59b447deb111bba55e013940,0.1740190949397248,data/public_test/public_test/1e779f4a59b447deb111bba55e013940.jpeg
1e7a43898317413695d7ac745e595620,0.8329742438977159,data/public_test/public_test/1e7a43898317413695d7ac745e595620.jpeg
1e8433d036a44ac29fdf950bbc0598e7,0.9270844154251128,data/public_test/public_test/1e8433d036a44ac29fdf950bbc0598e7.jpeg
1e877ccaa9e2497d83ce2c5c7a0ece11,0.4100146071166382,data/public_test/public_test/1e877ccaa9e2497d83ce2c5c7a0ece11.jpeg
1e97536b1a9f4b089d3f2a5e3079c8a8,0.7284343322978678,data/public_test/public_test/1e97536b1a9f4b089d3f2a5e3079c8a8.jpeg
1eb1b24c1f3242b29cb20b3be8ae697f,0.8732810866681554,data/public_test/public_test/1eb1b24c1f3242b29cb20b3be8ae697f.jpeg
1eb8be86fb0e440dbda2d15fd9c8db22,0.6293316574092118,data/public_test/public_test/1eb8be86fb0e440dbda2d15fd9c8db22.jpeg
1ebd40ba32fa47b69dcbeefc5ac57dea,0.889061690425646,data/public_test/public_test/1ebd40ba32fa47b69dcbeefc5ac57dea.jpeg
1ebf11053ab14e7f822aeb0e97e38643,0.9475376508985086,data/public_test/public_test/1ebf11053ab14e7f822aeb0e97e38643.jpeg
1ec2591613e64577a39fd9e8decefd49,0.1143125064573803,data/public_test/public_test/1ec2591613e64577a39fd9e8decefd49.jpeg
1ec807903066414f951f97f0a04ea926,0.5825848378791274,data/public_test/public_test/1ec807903066414f951f97f0a04ea926.jpeg
1ecbb47a8cd147e08e1cd36972da0b39,0.4181185315305424,data/public_test/public_test/1ecbb47a8cd147e08e1cd36972da0b39.jpeg
1ecd9f919f034d0b9264fdd68ec3abf6,0.2305767997646711,data/public_test/public_test/1ecd9f919f034d0b9264fdd68ec3abf6.jpeg
1eced904d0cf4d1087eab90d32d1261e,0.6611506795792067,data/public_test/public_test/1eced904d0cf4d1087eab90d32d1261e.jpeg
1eddc6f7e0aa4364b5d82389e8554f1d,0.5825848378791274,data/public_test/public_test/1eddc6f7e0aa4364b5d82389e8554f1d.jpeg
1ee19cd9ac2a4ed890f662baff48743d,0.888464586499687,data/public_test/public_test/1ee19cd9ac2a4ed890f662baff48743d.jpeg
1ee7ccafa5fc4e54b9220e072a27a09a,0.1931247723031322,data/public_test/public_test/1ee7ccafa5fc4e54b9220e072a27a09a.jpeg
1eedf515f7f9465281d64586fbdbd641,0.6473319887212962,data/public_test/public_test/1eedf515f7f9465281d64586fbdbd641.jpeg
1ef6c481ba2b489c9fa5c3fc68c09083,0.6800428408353095,data/public_test/public_test/1ef6c481ba2b489c9fa5c3fc68c09083.jpeg
1f0dde08ee3a4dda8948b7d1e992abb7,0.1725249488338003,data/public_test/public_test/1f0dde08ee3a4dda8948b7d1e992abb7.jpeg
1f10c24c9b1f4e078f44a206364afde6,0.5343686958579302,data/public_test/public_test/1f10c24c9b1f4e078f44a206364afde6.jpeg
1f1aaeb74328437ab13e80ed0ae93d65,0.4775973794135022,data/public_test/public_test/1f1aaeb74328437ab13e80ed0ae93d65.jpeg
1f21c56a593546e98de7193d13f76cc9,0.1728663966799465,data/public_test/public_test/1f21c56a593546e98de7193d13f76cc9.jpeg
1f2693f94f0846e0961764ad164a5093,0.5990926085874261,data/public_test/public_test/1f2693f94f0846e0961764ad164a5093.jpeg
1f2c6e3c51924a4e904eb4fb632449b7,0.8669475200249463,data/public_test/public_test/1f2c6e3c51924a4e904eb4fb632449b7.jpeg
1f2df1b14d7641f088da30baec06df11,0.8669475200249463,data/public_test/public_test/1f2df1b14d7641f088da30baec06df11.jpeg
1f2f3a12204a4b86adfa5a1788825528,0.6323811524596458,data/public_test/public_test/1f2f3a12204a4b86adfa5a1788825528.jpeg
1f3131fa7edc43e6a74b5773f2dc7452,0.5640838481085357,data/public_test/public_test/1f3131fa7edc43e6a74b5773f2dc7452.jpeg
1f49bcc8c7234d9db6808a8966bd92bd,0.4115498643924782,data/public_test/public_test/1f49bcc8c7234d9db6808a8966bd92bd.jpeg
1f4e0800e10d464890ec6e892efbf5bc,0.1921020006222359,data/public_test/public_test/1f4e0800e10d464890ec6e892efbf5bc.jpeg
1f4f2ecaf53b4f1389e5e70123885f20,0.1874522249702952,data/public_test/public_test/1f4f2ecaf53b4f1389e5e70123885f20.jpeg
1f4fcbe09c5142c0ac4333ab3d4e65a2,0.90706010876527,data/public_test/public_test/1f4fcbe09c5142c0ac4333ab3d4e65a2.jpeg
1f5b1533eb3d434bb0dd83aa058a6e5e,0.3193359520586264,data/public_test/public_test/1f5b1533eb3d434bb0dd83aa058a6e5e.jpeg
1f673486a9c04392ade645609211e248,0.2157732501023089,data/public_test/public_test/1f673486a9c04392ade645609211e248.jpeg
1f7054bf60cf4ba2bb61a471c251dcac,0.1964523783462003,data/public_test/public_test/1f7054bf60cf4ba2bb61a471c251dcac.jpeg
1f74b88e597344c99256c3d4140ba335,0.5825848378791274,data/public_test/public_test/1f74b88e597344c99256c3d4140ba335.jpeg
1f7e5aba19984fed899d9327cba47996,0.1489870862023373,data/public_test/public_test/1f7e5aba19984fed899d9327cba47996.jpeg
1f820ffc723a4a1e8a5aae26a8db2f49,0.5825848378791274,data/public_test/public_test/1f820ffc723a4a1e8a5aae26a8db2f49.jpeg
1f874b7536ce4f3f9afacfe8026dbe89,0.8021126917331779,data/public_test/public_test/1f874b7536ce4f3f9afacfe8026dbe89.jpeg
1f87621fd6034eebb2cd984113b0a189,0.1621659628176376,data/public_test/public_test/1f87621fd6034eebb2cd984113b0a189.jpeg
1f9e7fa04dce47c9a3fa11f6d543f00c,0.1834509251509624,data/public_test/public_test/1f9e7fa04dce47c9a3fa11f6d543f00c.jpeg
1fa20d3a10984e78a21cc1961a84973d,0.1052634863227842,data/public_test/public_test/1fa20d3a10984e78a21cc1961a84973d.jpeg
1fd5799830904e669af773b1dff89512,0.15162823258445,data/public_test/public_test/1fd5799830904e669af773b1dff89512.jpeg
1fd7a52a4319462f931d7fb17335c5c6,0.8212454167806622,data/public_test/public_test/1fd7a52a4319462f931d7fb17335c5c6.jpeg
1fe64996b8b34c30bf3491a9c7ff9eb2,0.4080527870003159,data/public_test/public_test/1fe64996b8b34c30bf3491a9c7ff9eb2.jpeg
1feaba389a8d45208ca15727d7125c86,0.3010828109296048,data/public_test/public_test/1feaba389a8d45208ca15727d7125c86.jpeg
1febb5f39b0f4e70aff0c7ed6c464460,0.7461566071957048,data/public_test/public_test/1febb5f39b0f4e70aff0c7ed6c464460.jpeg
1fec297363de4d10ab2045e82ffff65b,0.7919003210021446,data/public_test/public_test/1fec297363de4d10ab2045e82ffff65b.jpeg
1ff30e6ddb7745ab86422d307a884e31,0.3412169212923341,data/public_test/public_test/1ff30e6ddb7745ab86422d307a884e31.jpeg
1ff51f6aa23a411497ed35faed28e18b,0.1727386259473462,data/public_test/public_test/1ff51f6aa23a411497ed35faed28e18b.jpeg
1ff569211ea34dbcb1091ab457035639,0.7461566071957048,data/public_test/public_test/1ff569211ea34dbcb1091ab457035639.jpeg
1ffbabd1a9b947b5991ab1d8ed395b93,0.7372416152057645,data/public_test/public_test/1ffbabd1a9b947b5991ab1d8ed395b93.jpeg
2000404b238d43a7a06dec03eeccf1fe,0.8923860845306462,data/public_test/public_test/2000404b238d43a7a06dec03eeccf1fe.jpeg
2010cfdb37074b4fb557321e4654f0a6,0.7194564482682684,data/public_test/public_test/2010cfdb37074b4fb557321e4654f0a6.jpeg
2014368557224b03845cc35076ee3eb6,0.9640433094232352,data/public_test/public_test/2014368557224b03845cc35076ee3eb6.jpeg
201455170c344c9ca5efc7d1190a6b4f,0.5990926085874261,data/public_test/public_test/201455170c344c9ca5efc7d1190a6b4f.jpeg
201b34a0d03f4a50a693fc765490e14a,0.3700075470518023,data/public_test/public_test/201b34a0d03f4a50a693fc765490e14a.jpeg
2021296c373c4ee9b98c0d5eacf0c320,0.3514961137068815,data/public_test/public_test/2021296c373c4ee9b98c0d5eacf0c320.jpeg
20286e82200b42c49351d94c19f1e7b8,0.1506523191776075,data/public_test/public_test/20286e82200b42c49351d94c19f1e7b8.jpeg
20323cc1773d447c881b9837cb56f2a1,0.035442641311037,data/public_test/public_test/20323cc1773d447c881b9837cb56f2a1.jpeg
2035d3c6fd584bfc9958d51fd4c6f05c,0.4152393428785219,data/public_test/public_test/2035d3c6fd584bfc9958d51fd4c6f05c.jpeg
203ac3aa654c4e5fb40b4f9a5cb71ce6,0.2331342611061841,data/public_test/public_test/203ac3aa654c4e5fb40b4f9a5cb71ce6.jpeg
203f413d056c402ea2fc6f468023f68f,0.4775973794135022,data/public_test/public_test/203f413d056c402ea2fc6f468023f68f.jpeg
204555b0d4764da3b01c01377ca2bf26,0.7984458509975515,data/public_test/public_test/204555b0d4764da3b01c01377ca2bf26.jpeg
2045af6fd61f4a38bd94c6e5f1ef3e89,0.548166061575628,data/public_test/public_test/2045af6fd61f4a38bd94c6e5f1ef3e89.jpeg
2051788f6de747cd9c2803f37a760bf7,0.2844058799690171,data/public_test/public_test/2051788f6de747cd9c2803f37a760bf7.jpeg
205540e577ee4f7e974bf8d78cf8cf01,0.1353319940590929,data/public_test/public_test/205540e577ee4f7e974bf8d78cf8cf01.jpeg
205a0b5d490a4129ac919540b035d0cc,0.8922415623266536,data/public_test/public_test/205a0b5d490a4129ac919540b035d0cc.jpeg
206427d18a614ba691cc075c76d28697,0.8619337843067322,data/public_test/public_test/206427d18a614ba691cc075c76d28697.jpeg
2065bd0f0b9a420f8832b7ed7f7cab91,0.0911467183338599,data/public_test/public_test/2065bd0f0b9a420f8832b7ed7f7cab91.jpeg
206bcb252d444857a0d31e5dc20366e0,0.6159607944957706,data/public_test/public_test/206bcb252d444857a0d31e5dc20366e0.jpeg
20713f882c5f48fdaa3c6c82e4438b58,0.8487548476552064,data/public_test/public_test/20713f882c5f48fdaa3c6c82e4438b58.jpeg
2080c5da97ee49c5ab836b18d6128f1b,0.2304901402019866,data/public_test/public_test/2080c5da97ee49c5ab836b18d6128f1b.jpeg
2081b99120514d2083ea5561c9b4cf98,0.043930576526094,data/public_test/public_test/2081b99120514d2083ea5561c9b4cf98.jpeg
208580dfdd7546f6897a741c79c4ed87,0.5179462366261602,data/public_test/public_test/208580dfdd7546f6897a741c79c4ed87.jpeg
209a491efbeb41c091f9d64a20a6732d,0.4846773259641601,data/public_test/public_test/209a491efbeb41c091f9d64a20a6732d.jpeg
209acaef661e4fdd91452a673368a833,0.5654820754284418,data/public_test/public_test/209acaef661e4fdd91452a673368a833.jpeg
209b42f06478448283b7401edb087d85,0.9105787569003864,data/public_test/public_test/209b42f06478448283b7401edb087d85.jpeg
20a1bd8789dc478a99c19309f0be2e84,0.946044891083611,data/public_test/public_test/20a1bd8789dc478a99c19309f0be2e84.jpeg
20c2db5429fa400ca9dbd48755285532,0.4297632369799014,data/public_test/public_test/20c2db5429fa400ca9dbd48755285532.jpeg
20c60b49a16745b8982d90604f25ad20,0.0655970554282913,data/public_test/public_test/20c60b49a16745b8982d90604f25ad20.jpeg
20d219f18f9d4547966e56f0a8d8fea5,0.9595452412199196,data/public_test/public_test/20d219f18f9d4547966e56f0a8d8fea5.jpeg
20e21ee3ad024477958fa7ef6ef4d84c,0.5179462366261602,data/public_test/public_test/20e21ee3ad024477958fa7ef6ef4d84c.jpeg
20fc2e62c6024b0ca46cc5bff58b1646,0.2886715138316764,data/public_test/public_test/20fc2e62c6024b0ca46cc5bff58b1646.jpeg
20fc333336a9486b8bc4d7f53a72f33a,0.6323811524596458,data/public_test/public_test/20fc333336a9486b8bc4d7f53a72f33a.jpeg
210154bceda94a3aadedefac145a179c,0.2144592727093067,data/public_test/public_test/210154bceda94a3aadedefac145a179c.jpeg
21034b9d096f46e6b622693ea810f5a0,0.0709710617138262,data/public_test/public_test/21034b9d096f46e6b622693ea810f5a0.jpeg
2105cdda8e4b4a9c9ca577780bb0dde8,0.1726166459815937,data/public_test/public_test/2105cdda8e4b4a9c9ca577780bb0dde8.jpeg
2112ecee0400467db526fd61fd836a18,0.6600185341754669,data/public_test/public_test/2112ecee0400467db526fd61fd836a18.jpeg
21146f3fa5d24e2c8cb4a6ea6035cd06,0.7450892668040839,data/public_test/public_test/21146f3fa5d24e2c8cb4a6ea6035cd06.jpeg
2118e9dc952942e4a4f4e715716d52ed,0.8218171212898282,data/public_test/public_test/2118e9dc952942e4a4f4e715716d52ed.jpeg
211e4f7e52374c3daaf0472f6ede3a04,0.9891878355985502,data/public_test/public_test/211e4f7e52374c3daaf0472f6ede3a04.jpeg
211f3c4e7e3f427c9df0ec75aefe4360,0.2234958980922429,data/public_test/public_test/211f3c4e7e3f427c9df0ec75aefe4360.jpeg
21206b21149747f4a615aec1011d2e2e,0.177598945913426,data/public_test/public_test/21206b21149747f4a615aec1011d2e2e.jpeg
21361e5fcdb6428ca88df9374d3443b4,0.6473319887212962,data/public_test/public_test/21361e5fcdb6428ca88df9374d3443b4.jpeg
2137ed52b2254b47832b47c0ef71a352,0.097457895558312,data/public_test/public_test/2137ed52b2254b47832b47c0ef71a352.jpeg
21395779a2ac4ad38e5ba69d8095fa96,0.6293316574092118,data/public_test/public_test/21395779a2ac4ad38e5ba69d8095fa96.jpeg
2142122ca425418aa0dfa46a8c923f63,0.0539536871494109,data/public_test/public_test/2142122ca425418aa0dfa46a8c923f63.jpeg
214889e3a1d84418985464df20caad63,0.7279426069568325,data/public_test/public_test/214889e3a1d84418985464df20caad63.jpeg
21548b1e081046e1872b5f2bfd8bddc5,0.1586712104647562,data/public_test/public_test/21548b1e081046e1872b5f2bfd8bddc5.jpeg
21558aa06a83438aad3320bed85c7299,0.1519724420969722,data/public_test/public_test/21558aa06a83438aad3320bed85c7299.jpeg
215668ceb0ca443d9fa1416c193b6124,0.6473319887212962,data/public_test/public_test/215668ceb0ca443d9fa1416c193b6124.jpeg
215931a19479495cbcd88abc39958d8e,0.328037045892554,data/public_test/public_test/215931a19479495cbcd88abc39958d8e.jpeg
2166d47242ee469d8a6162d348e94e36,0.9966305278463736,data/public_test/public_test/2166d47242ee469d8a6162d348e94e36.jpeg
216cb275b5aa4f7198eb15ce37d6f2e3,0.0620570603216076,data/public_test/public_test/216cb275b5aa4f7198eb15ce37d6f2e3.jpeg
21769021513244d9b0f71ef86cb6edce,0.3919736367376846,data/public_test/public_test/21769021513244d9b0f71ef86cb6edce.jpeg
21806ee9d49f4f709bb2055012eaf6d0,0.6461998433175563,data/public_test/public_test/21806ee9d49f4f709bb2055012eaf6d0.jpeg
2180820f82d24be8b35b76b6cfcf3810,0.2242679694108548,data/public_test/public_test/2180820f82d24be8b35b76b6cfcf3810.jpeg
21826dc638ca419c84fe9495a29587ac,0.3720551425609417,data/public_test/public_test/21826dc638ca419c84fe9495a29587ac.jpeg
2182eead4a6d4dbaa145f3f6768c5d81,0.5346885729611226,data/public_test/public_test/2182eead4a6d4dbaa145f3f6768c5d81.jpeg
218bad9b54cb43c3a960eceef0a89cdd,0.8321425634294157,data/public_test/public_test/218bad9b54cb43c3a960eceef0a89cdd.jpeg
2190f93513da45938ac9e53b75c4b565,0.6155129665513012,data/public_test/public_test/2190f93513da45938ac9e53b75c4b565.jpeg
219678e3f4a84a1b86ad0f54d151b25d,0.5317436023438579,data/public_test/public_test/219678e3f4a84a1b86ad0f54d151b25d.jpeg
219c63db795045488e2bc54df5c85bdf,0.5185203234819132,data/public_test/public_test/219c63db795045488e2bc54df5c85bdf.jpeg
21b6a80ad005489b9e54874b0ea6e3bb,0.8329742438977159,data/public_test/public_test/21b6a80ad005489b9e54874b0ea6e3bb.jpeg
21c20682c9094207a510235927e60ab2,0.1990964665033657,data/public_test/public_test/21c20682c9094207a510235927e60ab2.jpeg
21d132998d0949749348bc6f0cc05c30,0.9073184364571208,data/public_test/public_test/21d132998d0949749348bc6f0cc05c30.jpeg
21db19f95f50408686b530838399ae35,0.8085126052279352,data/public_test/public_test/21db19f95f50408686b530838399ae35.jpeg
21e37bfd12e6422281d1354bb333fce7,0.1356370681393044,data/public_test/public_test/21e37bfd12e6422281d1354bb333fce7.jpeg
21e7307f5d734ee4b2c77c949f64afc1,0.5182661137293526,data/public_test/public_test/21e7307f5d734ee4b2c77c949f64afc1.jpeg
220435aec16b4f558cd854254b278d80,0.3082040596745325,data/public_test/public_test/220435aec16b4f558cd854254b278d80.jpeg
2208e45982cd4192b66244229245dcfb,0.9105787569003864,data/public_test/public_test/2208e45982cd4192b66244229245dcfb.jpeg
22100c76cd2e4f7382237c879c6d08c1,0.1438276521158932,data/public_test/public_test/22100c76cd2e4f7382237c879c6d08c1.jpeg
2216370932db42428264f736652f9c79,0.1404494710106248,data/public_test/public_test/2216370932db42428264f736652f9c79.jpeg
221ca06851764980a4602f94253827a5,0.6279385618221319,data/public_test/public_test/221ca06851764980a4602f94253827a5.jpeg
2228be2bf0534fda8929c26f2d23cad5,0.4984746916818579,data/public_test/public_test/2228be2bf0534fda8929c26f2d23cad5.jpeg
223fe962ecdc4cd38877994f0f1685f4,0.5990051958430026,data/public_test/public_test/223fe962ecdc4cd38877994f0f1685f4.jpeg
22400d441a66498faf39e76abce51c3f,0.6572462659477997,data/public_test/public_test/22400d441a66498faf39e76abce51c3f.jpeg
22405b32e1604076b1ff99534f02c5b0,0.783327614636589,data/public_test/public_test/22405b32e1604076b1ff99534f02c5b0.jpeg
225ab9162a204ebea2cb79b9839ebde0,0.4821822845592596,data/public_test/public_test/225ab9162a204ebea2cb79b9839ebde0.jpeg
225f9b8284aa408c82f0e152f130f1c2,0.6611506795792067,data/public_test/public_test/225f9b8284aa408c82f0e152f130f1c2.jpeg
226288d81d5544fd8db087ddd09cccb6,0.5185203234819132,data/public_test/public_test/226288d81d5544fd8db087ddd09cccb6.jpeg
226f1e2876344c4b859dbd18ba9058f6,0.8702719141299468,data/public_test/public_test/226f1e2876344c4b859dbd18ba9058f6.jpeg
2279fb3497314dbfbc79a86d3a39816f,0.4841655225990522,data/public_test/public_test/2279fb3497314dbfbc79a86d3a39816f.jpeg
227cbd768cac4866ae526b1bc7a43016,0.8321425634294157,data/public_test/public_test/227cbd768cac4866ae526b1bc7a43016.jpeg
229473daeb67438ba51718ece0be7123,0.9260205844237684,data/public_test/public_test/229473daeb67438ba51718ece0be7123.jpeg
2296ee4ad65b46d7a828ab25ae961be6,0.0848759591338102,data/public_test/public_test/2296ee4ad65b46d7a828ab25ae961be6.jpeg
229762e995cf407c8b2937a41566c22b,0.3620313442499501,data/public_test/public_test/229762e995cf407c8b2937a41566c22b.jpeg
229807435dd442d4ae766ebeb60255ab,0.2674291799474225,data/public_test/public_test/229807435dd442d4ae766ebeb60255ab.jpeg
22a02b2340e445c1be7f596c93509598,0.535836337334727,data/public_test/public_test/22a02b2340e445c1be7f596c93509598.jpeg
22a76bf114264a219d8ff0a8679ab4bf,0.1374296352200799,data/public_test/public_test/22a76bf114264a219d8ff0a8679ab4bf.jpeg
22ad43a065024c33b2a835b74eb8088c,0.8536596299041562,data/public_test/public_test/22ad43a065024c33b2a835b74eb8088c.jpeg
22bb2f97933545639dc66c942ec48c40,0.4912454691497102,data/public_test/public_test/22bb2f97933545639dc66c942ec48c40.jpeg
22cca91ee460407d9445443487fcfda6,0.4085847639016735,data/public_test/public_test/22cca91ee460407d9445443487fcfda6.jpeg
22cd1ad388704e64a28c2ff45e25ff81,0.2094184947648543,data/public_test/public_test/22cd1ad388704e64a28c2ff45e25ff81.jpeg
22cd3c55b4264e3385391f14e0e3c141,0.6461998433175563,data/public_test/public_test/22cd3c55b4264e3385391f14e0e3c141.jpeg
22db3d8b5bfb4b208c7ca506a4910278,0.9295392325588844,data/public_test/public_test/22db3d8b5bfb4b208c7ca506a4910278.jpeg
22e5522bbc534711af47aafb02cb8711,0.8702719141299468,data/public_test/public_test/22e5522bbc534711af47aafb02cb8711.jpeg
22ec1c36368e4baaa59599bb9ac40743,0.4136406941707828,data/public_test/public_test/22ec1c36368e4baaa59599bb9ac40743.jpeg
22f99e3d429941d58e5bc2e172e9058f,0.9105787569003864,data/public_test/public_test/22f99e3d429941d58e5bc2e172e9058f.jpeg
230a936dd1ee4c24b77784b68f29cc8b,0.9105787569003864,data/public_test/public_test/230a936dd1ee4c24b77784b68f29cc8b.jpeg
230d3795dcdd4880a27e1b69466649b5,0.6323811524596458,data/public_test/public_test/230d3795dcdd4880a27e1b69466649b5.jpeg
2313aec770aa4a1aa31bc74b88ecc6e3,0.4846773259641601,data/public_test/public_test/2313aec770aa4a1aa31bc74b88ecc6e3.jpeg
2313f9cf3f7e4d22b2b8d1a77200b389,0.4237276792447225,data/public_test/public_test/2313f9cf3f7e4d22b2b8d1a77200b389.jpeg
231420402a404babae86acbc375ffd05,0.2005952681456909,data/public_test/public_test/231420402a404babae86acbc375ffd05.jpeg
23263e9cf7704f629abf297d8c342870,0.9640433094232352,data/public_test/public_test/23263e9cf7704f629abf297d8c342870.jpeg
2328261764744c47bc8a2e2899a6ae68,0.8810885139953463,data/public_test/public_test/2328261764744c47bc8a2e2899a6ae68.jpeg
2336485448cf4259a4f3a200c4658bf9,0.2086942859626148,data/public_test/public_test/2336485448cf4259a4f3a200c4658bf9.jpeg
233a6d3078384e72b7424ed237df4b60,0.7857390583263087,data/public_test/public_test/233a6d3078384e72b7424ed237df4b60.jpeg
233daf8f774b42038edc4b4fbf2c6093,0.3790920294932723,data/public_test/public_test/233daf8f774b42038edc4b4fbf2c6093.jpeg
234c636b407c42b2ad366ee3e5f3c89d,0.6461998433175563,data/public_test/public_test/234c636b407c42b2ad366ee3e5f3c89d.jpeg
234f1e350f9b41778c724808a9e3ef40,0.1039819475940228,data/public_test/public_test/234f1e350f9b41778c724808a9e3ef40.jpeg
23648f8b051c4017a8b8d0c95ddc1893,0.9074250621581847,data/public_test/public_test/23648f8b051c4017a8b8d0c95ddc1893.jpeg
236828937f8e4762b3f25a319b8ed8dc,0.1377705045353251,data/public_test/public_test/236828937f8e4762b3f25a319b8ed8dc.jpeg
2374002f865345cd8502635bb7b67004,0.5994530237874719,data/public_test/public_test/2374002f865345cd8502635bb7b67004.jpeg
23789817f395426aaa80f078b71d9f5d,0.119127578211819,data/public_test/public_test/23789817f395426aaa80f078b71d9f5d.jpeg
23884b0677214ec4837f88f7514c0d3a,0.5044687480116549,data/public_test/public_test/23884b0677214ec4837f88f7514c0d3a.jpeg
238de9455451497ba0f1e824fc9122bf,0.2024301634944094,data/public_test/public_test/238de9455451497ba0f1e824fc9122bf.jpeg
239091b7a9e74f6199072df505de1d0b,0.8071655028474772,data/public_test/public_test/239091b7a9e74f6199072df505de1d0b.jpeg
2399306e19cc401e8c11436ec3531795,0.5865766642549578,data/public_test/public_test/2399306e19cc401e8c11436ec3531795.jpeg
2399a4d59e5b437d9a82192dc295ce40,0.548166061575628,data/public_test/public_test/2399a4d59e5b437d9a82192dc295ce40.jpeg
23a5c649af674bda8de2913d0a2547ad,0.1860471071290459,data/public_test/public_test/23a5c649af674bda8de2913d0a2547ad.jpeg
23a82a961c6a4a44b3eea7d23a522be3,0.7733664027262899,data/public_test/public_test/23a82a961c6a4a44b3eea7d23a522be3.jpeg
23b22499dce44497b5ccbb40fc953e70,0.8085126052279352,data/public_test/public_test/23b22499dce44497b5ccbb40fc953e70.jpeg
23b30b3401d84469beafd8593c589cbb,0.1900992276133199,data/public_test/public_test/23b30b3401d84469beafd8593c589cbb.jpeg
23bb90dbf0b44bedaa1ab4de6cfac144,0.7376894431502338,data/public_test/public_test/23bb90dbf0b44bedaa1ab4de6cfac144.jpeg
23d16ebe162a4a9096b6b599d28fd02c,0.5825848378791274,data/public_test/public_test/23d16ebe162a4a9096b6b599d28fd02c.jpeg
23dcd22161a9487aa373a45faf1d7c63,0.7097096120748673,data/public_test/public_test/23dcd22161a9487aa373a45faf1d7c63.jpeg
23df446f9f674b65a101f95e797163f3,0.2320679222279625,data/public_test/public_test/23df446f9f674b65a101f95e797163f3.jpeg
23e07b844bfa47df80d2f3be4c40d1a2,0.5179462366261602,data/public_test/public_test/23e07b844bfa47df80d2f3be4c40d1a2.jpeg
23e14067dadb40aabbd805ffda3dda8f,0.1271942174007277,data/public_test/public_test/23e14067dadb40aabbd805ffda3dda8f.jpeg
23f166946d824e8ebacbcd339fcc6c50,0.8669475200249463,data/public_test/public_test/23f166946d824e8ebacbcd339fcc6c50.jpeg
23f321a3222f4b3d91d90f6554ae8990,0.0777096477437569,data/public_test/public_test/23f321a3222f4b3d91d90f6554ae8990.jpeg
23f6fa9c9643436f823cef2cbe6986a3,0.4311275984107498,data/public_test/public_test/23f6fa9c9643436f823cef2cbe6986a3.jpeg
240ed379afde41a7b14560b017be9bbc,0.9415468228802952,data/public_test/public_test/240ed379afde41a7b14560b017be9bbc.jpeg
241c19014ae448acbd85866c09802c82,0.9640433094232352,data/public_test/public_test/241c19014ae448acbd85866c09802c82.jpeg
241f8a77386044428d848ed82c2ded56,0.7383919256611168,data/public_test/public_test/241f8a77386044428d848ed82c2ded56.jpeg
242ae541683749da8e820f6e7890fe01,0.7097096120748673,data/public_test/public_test/242ae541683749da8e820f6e7890fe01.jpeg
243d46aa2cde4edfaa41345a72b2207e,0.6972967922399449,data/public_test/public_test/243d46aa2cde4edfaa41345a72b2207e.jpeg
243e684623764e3cae2bada6ab459232,0.0489634133152558,data/public_test/public_test/243e684623764e3cae2bada6ab459232.jpeg
2444dad3d59b417ea7e666eb9b1d6794,0.0704171702256776,data/public_test/public_test/2444dad3d59b417ea7e666eb9b1d6794.jpeg
244dccd4bea3438d9e805a8890a2c185,0.5652688240263136,data/public_test/public_test/244dccd4bea3438d9e805a8890a2c185.jpeg
2450640c28b84a17ac53693f79094c2a,0.5044687480116549,data/public_test/public_test/2450640c28b84a17ac53693f79094c2a.jpeg
2450ad8eb4d04a3aaf5335bfff2d8648,0.1820801343861398,data/public_test/public_test/2450ad8eb4d04a3aaf5335bfff2d8648.jpeg
2458dabd5e374993b61e8c146c438198,0.0980567350769738,data/public_test/public_test/2458dabd5e374993b61e8c146c438198.jpeg
245a12f47a544cceb4133571bbbebb98,0.8669475200249463,data/public_test/public_test/245a12f47a544cceb4133571bbbebb98.jpeg
245d4ae181214ecb94ced9ae61284244,0.5685528956190886,data/public_test/public_test/245d4ae181214ecb94ced9ae61284244.jpeg
24655b1bb6c84df6829f5c8f70801ac5,0.8550884142984154,data/public_test/public_test/24655b1bb6c84df6829f5c8f70801ac5.jpeg
246f9f2fcbdc48bab55a702daed1fb6c,0.4266503286662138,data/public_test/public_test/246f9f2fcbdc48bab55a702daed1fb6c.jpeg
24739ca2113a4322b3b618200a0cc942,0.5825848378791274,data/public_test/public_test/24739ca2113a4322b3b618200a0cc942.jpeg
24877a90cdbe4f92bbc4ee1e354a4c2f,0.889061690425646,data/public_test/public_test/24877a90cdbe4f92bbc4ee1e354a4c2f.jpeg
248a35fc491f49909ffec1958430cc43,0.5990926085874261,data/public_test/public_test/248a35fc491f49909ffec1958430cc43.jpeg
24ac49802d2444b9b31e71f211efa5c5,0.1749973770485577,data/public_test/public_test/24ac49802d2444b9b31e71f211efa5c5.jpeg
24afef39ce944a5eb47e17e8b733b282,0.9295392325588844,data/public_test/public_test/24afef39ce944a5eb47e17e8b733b282.jpeg
24bd099ab6ec4a0c851459c8f9bf6302,0.5547208235051753,data/public_test/public_test/24bd099ab6ec4a0c851459c8f9bf6302.jpeg
24d756d8ec12497c87f39b9a3b091a7d,0.8345546320416654,data/public_test/public_test/24d756d8ec12497c87f39b9a3b091a7d.jpeg
24dbe5fede3e40a296ee1871c02543a1,0.5047928385663142,data/public_test/public_test/24dbe5fede3e40a296ee1871c02543a1.jpeg
24e0416c17a84894820616fb566349bc,0.3183984973120974,data/public_test/public_test/24e0416c17a84894820616fb566349bc.jpeg
24e04a9319554a3f91e41966e479d34c,0.3654868192667149,data/public_test/public_test/24e04a9319554a3f91e41966e479d34c.jpeg
24e7060b2e0548f683534ea706befae2,0.7562233614260885,data/public_test/public_test/24e7060b2e0548f683534ea706befae2.jpeg
24e86f1aedc04d94b0f5ed08d8bc8b9f,0.6155129665513012,data/public_test/public_test/24e86f1aedc04d94b0f5ed08d8bc8b9f.jpeg
24ea3c6e510149b397f319b8f9afb98a,0.765861036752355,data/public_test/public_test/24ea3c6e510149b397f319b8f9afb98a.jpeg
2503896546fc42cdba081992b5546dfc,0.0816331951931436,data/public_test/public_test/2503896546fc42cdba081992b5546dfc.jpeg
2513b2f1baca4ab6b8492f04aa7ecce6,0.5990926085874261,data/public_test/public_test/2513b2f1baca4ab6b8492f04aa7ecce6.jpeg
2513c338f56549f3b89d0641cf9dc2dd,0.2704156110362788,data/public_test/public_test/2513c338f56549f3b89d0641cf9dc2dd.jpeg
2516929982e841cdac565d08583299d8,0.908022166084144,data/public_test/public_test/2516929982e841cdac565d08583299d8.jpeg
251e53e00d5b4704bde3aee39d36ef10,0.9640433094232352,data/public_test/public_test/251e53e00d5b4704bde3aee39d36ef10.jpeg
252c0e55e9a14e93aaf33422e35e2d33,0.7084100256380251,data/public_test/public_test/252c0e55e9a14e93aaf33422e35e2d33.jpeg
2536f652fce34a11ad0c8fd133324d8e,0.6323811524596458,data/public_test/public_test/2536f652fce34a11ad0c8fd133324d8e.jpeg
2546b70adfcc4a4dbfaf86bc37a29815,0.3127674159086908,data/public_test/public_test/2546b70adfcc4a4dbfaf86bc37a29815.jpeg
2559897693954f0a832d34312e66e1f0,0.1359722885915078,data/public_test/public_test/2559897693954f0a832d34312e66e1f0.jpeg
255d3796d16b4d1780903bd0e1d3e08f,0.9285771752400106,data/public_test/public_test/255d3796d16b4d1780903bd0e1d3e08f.jpeg
255dec75208f467782374b0cc552f678,0.0270832463838351,data/public_test/public_test/255dec75208f467782374b0cc552f678.jpeg
255fd84a6c2c43119022f978079bed99,0.8702719141299468,data/public_test/public_test/255fd84a6c2c43119022f978079bed99.jpeg
2560cd78468643eab9c20a9b53cfd6d6,0.1869922083075764,data/public_test/public_test/2560cd78468643eab9c20a9b53cfd6d6.jpeg
25676d820f7b428085b4179085a0b282,0.4467811737017015,data/public_test/public_test/25676d820f7b428085b4179085a0b282.jpeg
256cb96d87644a72bdbab979219bed99,0.7621291372151107,data/public_test/public_test/256cb96d87644a72bdbab979219bed99.jpeg
25837537410147b6b2eac8ea0eb889b3,0.4181824059811651,data/public_test/public_test/25837537410147b6b2eac8ea0eb889b3.jpeg
259756105d1d42c4ba7eee61322ccd0f,0.8085126052279352,data/public_test/public_test/259756105d1d42c4ba7eee61322ccd0f.jpeg
259e896846e54307a74fcc8405d83441,0.3424967408019088,data/public_test/public_test/259e896846e54307a74fcc8405d83441.jpeg
25aba02b78504093b49d1627f5726edc,0.7639044425165764,data/public_test/public_test/25aba02b78504093b49d1627f5726edc.jpeg
25b49d6a8d724a19a72e805d216bcbb4,0.1912063065284264,data/public_test/public_test/25b49d6a8d724a19a72e805d216bcbb4.jpeg
25b4f5b7707a4fb0b9baf2dd3833456b,0.2723777695385996,data/public_test/public_test/25b4f5b7707a4fb0b9baf2dd3833456b.jpeg
25dd622e05bf42eea01fee3908faf41a,0.1677135611204759,data/public_test/public_test/25dd622e05bf42eea01fee3908faf41a.jpeg
25dfaeff94664f21bb313d2312621e41,0.2778356300577335,data/public_test/public_test/25dfaeff94664f21bb313d2312621e41.jpeg
25f0fa59b7a4430386232b0a6e75d30d,0.889061690425646,data/public_test/public_test/25f0fa59b7a4430386232b0a6e75d30d.jpeg
25f147ba4d814dea916cdf3403e76a31,0.1557196795253888,data/public_test/public_test/25f147ba4d814dea916cdf3403e76a31.jpeg
26099b21086744c588f9981f541971b7,0.7796560719729331,data/public_test/public_test/26099b21086744c588f9981f541971b7.jpeg
261924a9d79646a58da2047c43ee7b4d,0.4547352163140216,data/public_test/public_test/261924a9d79646a58da2047c43ee7b4d.jpeg
261e8b1e41ff4503a4c1e397433f9bb4,0.6611506795792067,data/public_test/public_test/261e8b1e41ff4503a4c1e397433f9bb4.jpeg
2621ca69718e4bd79d60c80f53760372,0.8543489740328579,data/public_test/public_test/2621ca69718e4bd79d60c80f53760372.jpeg
262b90b5ddb342ec87b49adf27fe8ccc,0.6873821902720395,data/public_test/public_test/262b90b5ddb342ec87b49adf27fe8ccc.jpeg
2635959aa8e744bf991993151478a675,0.345652457673344,data/public_test/public_test/2635959aa8e744bf991993151478a675.jpeg
26380260847f49eeb5b5cbfc8dd15536,0.2142364810051522,data/public_test/public_test/26380260847f49eeb5b5cbfc8dd15536.jpeg
265ab80400664495961a92da0b778977,0.9105787569003864,data/public_test/public_test/265ab80400664495961a92da0b778977.jpeg
26619ef7294f4efa947c228f32ed053e,0.6749693704371172,data/public_test/public_test/26619ef7294f4efa947c228f32ed053e.jpeg
266c4da94a05447482dab0fa2efb08fe,0.3570406337887,data/public_test/public_test/266c4da94a05447482dab0fa2efb08fe.jpeg
266d6dd5c9a046ffa19fcda52f7a11c2,0.3837412866505376,data/public_test/public_test/266d6dd5c9a046ffa19fcda52f7a11c2.jpeg
267d5376f9434895a6963f72e3934789,0.7623637137574516,data/public_test/public_test/267d5376f9434895a6963f72e3934789.jpeg
268e3c6c5ec746c9b8c50a6e3a507d20,0.6158733817513472,data/public_test/public_test/268e3c6c5ec746c9b8c50a6e3a507d20.jpeg
2691d5e4bc0349fa9a6b7ae50aa98f49,0.2234106139049077,data/public_test/public_test/2691d5e4bc0349fa9a6b7ae50aa98f49.jpeg
2693198494e5402497234cab72b65f04,0.8423620593688561,data/public_test/public_test/2693198494e5402497234cab72b65f04.jpeg
26bec9fda6af424fb9063920cccc8826,0.6155129665513012,data/public_test/public_test/26bec9fda6af424fb9063920cccc8826.jpeg
26c2c45432db472eab715cf800622356,0.1432443879043866,data/public_test/public_test/26c2c45432db472eab715cf800622356.jpeg
26c4953553454850910ebc80b75b45a8,0.9380281747451792,data/public_test/public_test/26c4953553454850910ebc80b75b45a8.jpeg
27001c9def7244bd8b022a95d12ff955,0.1828896273757145,data/public_test/public_test/27001c9def7244bd8b022a95d12ff955.jpeg
2702e460c44e4851be77a5c41174328f,0.2967313853006123,data/public_test/public_test/2702e460c44e4851be77a5c41174328f.jpeg
270447811a4c48d88c7bb3956dd41058,0.7097096120748673,data/public_test/public_test/270447811a4c48d88c7bb3956dd41058.jpeg
2706037f6fca4181ad516ee372bdf089,0.9595452412199196,data/public_test/public_test/2706037f6fca4181ad516ee372bdf089.jpeg
2707be26491a4b96aa4509611912ebbe,0.0856860579434792,data/public_test/public_test/2707be26491a4b96aa4509611912ebbe.jpeg
270bc7a0fa454620bec408d61d8e9b47,0.2075500473528026,data/public_test/public_test/270bc7a0fa454620bec408d61d8e9b47.jpeg
27100ec97b6e406f9d4d53199710de8c,0.7818335667717609,data/public_test/public_test/27100ec97b6e406f9d4d53199710de8c.jpeg
27178dc90c5645139f5ae262440a37d2,0.5825848378791274,data/public_test/public_test/27178dc90c5645139f5ae262440a37d2.jpeg
271d0bc32a5d494abb224fb72094af61,0.4775973794135022,data/public_test/public_test/271d0bc32a5d494abb224fb72094af61.jpeg
271fc12caf1641b3aa39490705200fc9,0.9640433094232352,data/public_test/public_test/271fc12caf1641b3aa39490705200fc9.jpeg
27234a94c76f488f8586ceb493b84f51,0.8922415623266536,data/public_test/public_test/27234a94c76f488f8586ceb493b84f51.jpeg
272b417e6b5a4d15b84172f354396dd0,0.505042834867408,data/public_test/public_test/272b417e6b5a4d15b84172f354396dd0.jpeg
27311793e23c485b98cc30f452624ceb,0.6323811524596458,data/public_test/public_test/27311793e23c485b98cc30f452624ceb.jpeg
2735374dd12b43c4a02ca6ac972bdc93,0.1672437421794738,data/public_test/public_test/2735374dd12b43c4a02ca6ac972bdc93.jpeg
27360360070a4b92887cd3554ac0ed6f,0.1004017473186456,data/public_test/public_test/27360360070a4b92887cd3554ac0ed6f.jpeg
2736a718953940428aa6d289f5f39c37,0.6461998433175563,data/public_test/public_test/2736a718953940428aa6d289f5f39c37.jpeg
273a73f4a4d24fd1b08c92e0fc2f1f80,0.8218211955664084,data/public_test/public_test/273a73f4a4d24fd1b08c92e0fc2f1f80.jpeg
273d23f449a147ae8ff2900d583101ba,0.7810031743533911,data/public_test/public_test/273d23f449a147ae8ff2900d583101ba.jpeg
27482fe8bccb4ef1a2296da6e877f980,0.8345546320416654,data/public_test/public_test/27482fe8bccb4ef1a2296da6e877f980.jpeg
275027ea94c040d7ba2d3bb6b49a4280,0.1324326427865001,data/public_test/public_test/275027ea94c040d7ba2d3bb6b49a4280.jpeg
27529a26ce2f4d59bb6809ccd3e2904e,0.5185203234819132,data/public_test/public_test/27529a26ce2f4d59bb6809ccd3e2904e.jpeg
2759c7eb82164a80bdd7d31321cd633d,0.103003436255965,data/public_test/public_test/2759c7eb82164a80bdd7d31321cd633d.jpeg
275a54f4978742c6b8dd551a5268c260,0.6984286129022829,data/public_test/public_test/275a54f4978742c6b8dd551a5268c260.jpeg
275a6e1bb7584e0a81fd3b33a3531da5,0.9074250621581847,data/public_test/public_test/275a6e1bb7584e0a81fd3b33a3531da5.jpeg
275edabd70bc4ea69195af2748fcf545,0.4164979846095283,data/public_test/public_test/275edabd70bc4ea69195af2748fcf545.jpeg
27652ffda3e749049f784aecea0dfa48,0.4217864829363417,data/public_test/public_test/27652ffda3e749049f784aecea0dfa48.jpeg
27702654632e4ce4a94fec5923f11a3a,0.6611506795792067,data/public_test/public_test/27702654632e4ce4a94fec5923f11a3a.jpeg
27770369c54c4eb09d1077ff7e191483,0.3886887410112677,data/public_test/public_test/27770369c54c4eb09d1077ff7e191483.jpeg
277c16a9ef234176bb31c9290df829fc,0.4535841936107205,data/public_test/public_test/277c16a9ef234176bb31c9290df829fc.jpeg
277e32f8d2584ef18e30145a46010dab,0.4292076863087917,data/public_test/public_test/277e32f8d2584ef18e30145a46010dab.jpeg
2782134c067a40aa9161df4c93f807ba,0.9475376508985086,data/public_test/public_test/2782134c067a40aa9161df4c93f807ba.jpeg
2782422430844f4187230245ea68f9e0,0.1196444955717773,data/public_test/public_test/2782422430844f4187230245ea68f9e0.jpeg
27827ca71c8945ab81402c1b748fb018,0.8487548476552064,data/public_test/public_test/27827ca71c8945ab81402c1b748fb018.jpeg
27891a35befc4a03bc2f040e2cb30ebc,0.8859079956834446,data/public_test/public_test/27891a35befc4a03bc2f040e2cb30ebc.jpeg
2793db53e0154933b4051bb3c2a82578,0.1569138928351457,data/public_test/public_test/2793db53e0154933b4051bb3c2a82578.jpeg
2794d8c788a74fcb8ed859798fb09300,0.1137577799199125,data/public_test/public_test/2794d8c788a74fcb8ed859798fb09300.jpeg
2796ad3e0e6744ad8a9c124f2305228e,0.5317436023438579,data/public_test/public_test/2796ad3e0e6744ad8a9c124f2305228e.jpeg
2797c48a5b1d41f692511d4aa8e775e7,0.3903097300172155,data/public_test/public_test/2797c48a5b1d41f692511d4aa8e775e7.jpeg
279a7026ad5143df82b1ef81468fd392,0.1529490104444572,data/public_test/public_test/279a7026ad5143df82b1ef81468fd392.jpeg
27a077943c804cbba741c97ad3592c52,0.6473319887212962,data/public_test/public_test/27a077943c804cbba741c97ad3592c52.jpeg
27b16709219e4fb68834ab432097f335,0.7376894431502338,data/public_test/public_test/27b16709219e4fb68834ab432097f335.jpeg
27b51e649c784910b2adaa17c1613885,0.8329742438977159,data/public_test/public_test/27b51e649c784910b2adaa17c1613885.jpeg
27bc37f272e8409f9e3dd83401813a1a,0.6618252657120968,data/public_test/public_test/27bc37f272e8409f9e3dd83401813a1a.jpeg
27d3b589c81e4e97822eacbaedcca195,0.0965210466318773,data/public_test/public_test/27d3b589c81e4e97822eacbaedcca195.jpeg
27df31cdec67410aa3c9f4b7897d861d,0.5661623786473574,data/public_test/public_test/27df31cdec67410aa3c9f4b7897d861d.jpeg
27e5076f84a249179940eec2f5b7be89,0.9760508997446462,data/public_test/public_test/27e5076f84a249179940eec2f5b7be89.jpeg
27e5f1c2cd56428a858e90caf5a601f1,0.5990926085874261,data/public_test/public_test/27e5f1c2cd56428a858e90caf5a601f1.jpeg
27ef653c2e1d4cafa19a6926ff9d286d,0.2451664376264239,data/public_test/public_test/27ef653c2e1d4cafa19a6926ff9d286d.jpeg
27f03fbfd7474c44ba10f9f3bfcc7c34,0.1778589955533826,data/public_test/public_test/27f03fbfd7474c44ba10f9f3bfcc7c34.jpeg
281acbca85d24eb6a3f485a1190dee63,0.6323811524596458,data/public_test/public_test/281acbca85d24eb6a3f485a1190dee63.jpeg
28248ae85c214d77b935b0d64f224289,0.3917374446750919,data/public_test/public_test/28248ae85c214d77b935b0d64f224289.jpeg
28267e30feab403bb6d53c9e9fa871d0,0.5825848378791274,data/public_test/public_test/28267e30feab403bb6d53c9e9fa871d0.jpeg
2833b42abf0044e8980cfc81cd17a245,0.4184604160037836,data/public_test/public_test/2833b42abf0044e8980cfc81cd17a245.jpeg
283b7c1815814412a191c394fad42166,0.0412442092215337,data/public_test/public_test/283b7c1815814412a191c394fad42166.jpeg
284b24bcc3b04d3998b7f03cd7079913,0.889061690425646,data/public_test/public_test/284b24bcc3b04d3998b7f03cd7079913.jpeg
28516a2eb4e245f6954d2201858fc6ab,0.3981995461483176,data/public_test/public_test/28516a2eb4e245f6954d2201858fc6ab.jpeg
2875880e2e424c419193c66b6dbff6e1,0.7450892668040839,data/public_test/public_test/2875880e2e424c419193c66b6dbff6e1.jpeg
2876d51bb5e8400abfaf82f7f8013010,0.6749693704371172,data/public_test/public_test/2876d51bb5e8400abfaf82f7f8013010.jpeg
2877854ea19345e4a4a62459e752cef9,0.1340604431751302,data/public_test/public_test/2877854ea19345e4a4a62459e752cef9.jpeg
28781e1e3e324c3ea3f13253a1fc954c,0.989848265462344,data/public_test/public_test/28781e1e3e324c3ea3f13253a1fc954c.jpeg
288382d5e0274938986c377f3826d0b8,0.9760508997446462,data/public_test/public_test/288382d5e0274938986c377f3826d0b8.jpeg
288d2cdb241b462ba55f64c369929791,0.1907383759996103,data/public_test/public_test/288d2cdb241b462ba55f64c369929791.jpeg
289fb40b6d544622821dc381e9e708b7,0.5182661137293526,data/public_test/public_test/289fb40b6d544622821dc381e9e708b7.jpeg
28a3601a020445b490e1f03472e6c98f,0.8234015837103579,data/public_test/public_test/28a3601a020445b490e1f03472e6c98f.jpeg
28a87f64781f48998ac3bafec1c85dcd,0.160972600930716,data/public_test/public_test/28a87f64781f48998ac3bafec1c85dcd.jpeg
28b3d345fd214dfe9dd73c12a4fc429d,0.908022166084144,data/public_test/public_test/28b3d345fd214dfe9dd73c12a4fc429d.jpeg
28b4e1e3a4124652b7a31dd23a0bc843,0.6611506795792067,data/public_test/public_test/28b4e1e3a4124652b7a31dd23a0bc843.jpeg
28b5234e6a5449c0bf19c0be0bfe7473,0.9295392325588844,data/public_test/public_test/28b5234e6a5449c0bf19c0be0bfe7473.jpeg
28bb89b2930646a7b700419006330e08,0.7074064969318822,data/public_test/public_test/28bb89b2930646a7b700419006330e08.jpeg
28bc7a3ba9cb46d4afaec51f4200db26,0.4784069324393025,data/public_test/public_test/28bc7a3ba9cb46d4afaec51f4200db26.jpeg
28d7b0e97bce4fb495313b98347ac1cd,0.6323811524596458,data/public_test/public_test/28d7b0e97bce4fb495313b98347ac1cd.jpeg
28db3bc3ace746f79d708c26480d3438,0.2678970286086582,data/public_test/public_test/28db3bc3ace746f79d708c26480d3438.jpeg
28f1d82a311e4e09b1c1b3de9e5ab3bc,0.7423873760418361,data/public_test/public_test/28f1d82a311e4e09b1c1b3de9e5ab3bc.jpeg
28f2663654fa43d78580a1786a75b23c,0.6611506795792067,data/public_test/public_test/28f2663654fa43d78580a1786a75b23c.jpeg
28f9ac7c6cc545febdcc6c00ca45fd3d,0.1184844565189639,data/public_test/public_test/28f9ac7c6cc545febdcc6c00ca45fd3d.jpeg
29039657fa0748c5b96898bccfbc5cde,0.5967274309962626,data/public_test/public_test/29039657fa0748c5b96898bccfbc5cde.jpeg
290474acf5744bb2945ae0271680f8a4,0.8922415623266536,data/public_test/public_test/290474acf5744bb2945ae0271680f8a4.jpeg
2907346a2cb44b4b8582d7299141a3a3,0.1578531322949257,data/public_test/public_test/2907346a2cb44b4b8582d7299141a3a3.jpeg
290e07135b7c4a8da10f1340faf828c5,0.1671167137129351,data/public_test/public_test/290e07135b7c4a8da10f1340faf828c5.jpeg
291638c1b30e43d39ca11974760ae412,0.1077799183619618,data/public_test/public_test/291638c1b30e43d39ca11974760ae412.jpeg
2939ee5197004b46b82c1b4f497447cd,0.2037049017561658,data/public_test/public_test/2939ee5197004b46b82c1b4f497447cd.jpeg
293b10e4ff554c038cf4c3f45e73d5ab,0.8583985648089003,data/public_test/public_test/293b10e4ff554c038cf4c3f45e73d5ab.jpeg
294f0a4d53af445b81d36e88c8c5d13c,0.1078648314162663,data/public_test/public_test/294f0a4d53af445b81d36e88c8c5d13c.jpeg
295404247e214e6eae3dbe119614d442,0.1138809551523376,data/public_test/public_test/295404247e214e6eae3dbe119614d442.jpeg
2976145241d04ae598670bffedc41ed2,0.2208546916739047,data/public_test/public_test/2976145241d04ae598670bffedc41ed2.jpeg
297b0ff063b84e97af77fe59ee0354ae,0.2185911049276158,data/public_test/public_test/297b0ff063b84e97af77fe59ee0354ae.jpeg
297bcc91515b4993a46d3e939092aed2,0.0861979104291352,data/public_test/public_test/297bcc91515b4993a46d3e939092aed2.jpeg
297dfd3551a0468fac425d8e69e35d8e,0.0780939368946828,data/public_test/public_test/297dfd3551a0468fac425d8e69e35d8e.jpeg
297efba48dc6443bb0e3199f8ff9cdfd,0.1396475698746648,data/public_test/public_test/297efba48dc6443bb0e3199f8ff9cdfd.jpeg
297f9f6cee434913bd61b02d28cee3d9,0.835446257316733,data/public_test/public_test/297f9f6cee434913bd61b02d28cee3d9.jpeg
298009be27524f0aab529a2f08b2f7d5,0.7450892668040839,data/public_test/public_test/298009be27524f0aab529a2f08b2f7d5.jpeg
29858dbec4f24ade99c14be8e70bdf70,0.208694509734001,data/public_test/public_test/29858dbec4f24ade99c14be8e70bdf70.jpeg
298a438a21d346f893e46127b43f5955,0.3646748811654081,data/public_test/public_test/298a438a21d346f893e46127b43f5955.jpeg
2997a4be36dc43cbb5ad7598ffa40b08,0.1867305922679164,data/public_test/public_test/2997a4be36dc43cbb5ad7598ffa40b08.jpeg
299ef2e3be494547bfab901065c320a9,0.1881777600273358,data/public_test/public_test/299ef2e3be494547bfab901065c320a9.jpeg
29a47d253adc42c79ab03842bdfc96ff,0.2145823114957647,data/public_test/public_test/29a47d253adc42c79ab03842bdfc96ff.jpeg
29a4c1b90ece47579ee20ef966f8d62c,0.5654820754284418,data/public_test/public_test/29a4c1b90ece47579ee20ef966f8d62c.jpeg
29a6288d218247d89bb3087858283575,0.1524753055223094,data/public_test/public_test/29a6288d218247d89bb3087858283575.jpeg
29b01d7ad38248e1a36714b8e688c3cc,0.5652688240263136,data/public_test/public_test/29b01d7ad38248e1a36714b8e688c3cc.jpeg
29b972ec87e24e6a88e2997fdb14f2de,0.0724655243743945,data/public_test/public_test/29b972ec87e24e6a88e2997fdb14f2de.jpeg
29c58359f8f14c299aaaf8eb7f97d1e1,0.8669475200249463,data/public_test/public_test/29c58359f8f14c299aaaf8eb7f97d1e1.jpeg
29cceca3232846f4a6f63e8c9d117273,0.0975843291204337,data/public_test/public_test/29cceca3232846f4a6f63e8c9d117273.jpeg
29e0cd051ad84370b5d0bce7d0f419be,0.6749693704371172,data/public_test/public_test/29e0cd051ad84370b5d0bce7d0f419be.jpeg
29ecbbb9191a4c8aa97a7c0f0a9e0526,0.7984458509975515,data/public_test/public_test/29ecbbb9191a4c8aa97a7c0f0a9e0526.jpeg
2a028c0915a448dc9006cfc4beec7b0c,0.2150985793729191,data/public_test/public_test/2a028c0915a448dc9006cfc4beec7b0c.jpeg
2a0bc9420ede441dafe93ff0c51bb8ef,0.0683690616797016,data/public_test/public_test/2a0bc9420ede441dafe93ff0c51bb8ef.jpeg
2a0d2ff294814e3fa0d44c288a1ff6c5,0.8052089113406179,data/public_test/public_test/2a0d2ff294814e3fa0d44c288a1ff6c5.jpeg
2a14db814dae4f529c9e79a4edaf5fa8,0.1079069632020166,data/public_test/public_test/2a14db814dae4f529c9e79a4edaf5fa8.jpeg
2a29ffc369d4432eaac353d427c684aa,0.1988432337039302,data/public_test/public_test/2a29ffc369d4432eaac353d427c684aa.jpeg
2a3254fa996447b7aa16be42ce5814c1,0.0169749880191502,data/public_test/public_test/2a3254fa996447b7aa16be42ce5814c1.jpeg
2a48ac52cc3e41fcb42e764757e9d687,0.8702719141299468,data/public_test/public_test/2a48ac52cc3e41fcb42e764757e9d687.jpeg
2a4bdd64f4d94d2dac04b9f50eda5d47,0.8406133978714042,data/public_test/public_test/2a4bdd64f4d94d2dac04b9f50eda5d47.jpeg
2a58e906eab24bce8b33056ad1b59653,0.9475376508985086,data/public_test/public_test/2a58e906eab24bce8b33056ad1b59653.jpeg
2a5b902e4ba840d8964485a9da3a5f82,0.1429268876899428,data/public_test/public_test/2a5b902e4ba840d8964485a9da3a5f82.jpeg
2a5f935bef3e48bb99fb1288f75e776a,0.5047229577642156,data/public_test/public_test/2a5f935bef3e48bb99fb1288f75e776a.jpeg
2a6b42eca9a7475ca6778dd1d88ab61f,0.2208986136307446,data/public_test/public_test/2a6b42eca9a7475ca6778dd1d88ab61f.jpeg
2a6f42c67be84738be4c351cbb87c2b2,0.9303084739881368,data/public_test/public_test/2a6f42c67be84738be4c351cbb87c2b2.jpeg
2a7cc41317f74d80b87aa71006c55b62,0.1514124760343641,data/public_test/public_test/2a7cc41317f74d80b87aa71006c55b62.jpeg
2a7de09f98e94bb4b772fc76c5570765,0.4398711296693942,data/public_test/public_test/2a7de09f98e94bb4b772fc76c5570765.jpeg
2a7de9fde2e04a07968898a30f139fb4,0.4188643001600582,data/public_test/public_test/2a7de9fde2e04a07968898a30f139fb4.jpeg
2a838bacba15403b8e00e82f6a08dc73,0.6323811524596458,data/public_test/public_test/2a838bacba15403b8e00e82f6a08dc73.jpeg
2a899108de71444e9406fc3e6eac47c8,0.6159607944957706,data/public_test/public_test/2a899108de71444e9406fc3e6eac47c8.jpeg
2a98572cc4a2426f845c868ea85cd624,0.505042834867408,data/public_test/public_test/2a98572cc4a2426f845c868ea85cd624.jpeg
2aa5c03eb75f4f58a90f180fc113c39f,0.4235780839796694,data/public_test/public_test/2aa5c03eb75f4f58a90f180fc113c39f.jpeg
2aa82dac88ee46bb95697a32bcc64d16,0.1580271827706789,data/public_test/public_test/2aa82dac88ee46bb95697a32bcc64d16.jpeg
2aae4a99fbc442969efcc01ccf69a598,0.8569633237914736,data/public_test/public_test/2aae4a99fbc442969efcc01ccf69a598.jpeg
2aafe1ecc14f4f3488c5a0194ceb54d0,0.8345546320416654,data/public_test/public_test/2aafe1ecc14f4f3488c5a0194ceb54d0.jpeg
2ac0d5f27c3844ccab1cf6165127827f,0.9640433094232352,data/public_test/public_test/2ac0d5f27c3844ccab1cf6165127827f.jpeg
2ac2968c76844484b6f6ae7cf319afa2,0.2261406521057282,data/public_test/public_test/2ac2968c76844484b6f6ae7cf319afa2.jpeg
2acf427aa6884bffb724b9d4f41893e4,0.1664716326559911,data/public_test/public_test/2acf427aa6884bffb724b9d4f41893e4.jpeg
2ae90a4b77fb46dd984403597aba22df,0.0786050361985998,data/public_test/public_test/2ae90a4b77fb46dd984403597aba22df.jpeg
2af54ca047db4d8c8030fbb12d186332,0.1314546171960855,data/public_test/public_test/2af54ca047db4d8c8030fbb12d186332.jpeg
2afcae2fd16b473bbee2ab5a7765a53c,0.7186874961044666,data/public_test/public_test/2afcae2fd16b473bbee2ab5a7765a53c.jpeg
2affe3dce42245d499514acaa90fdf83,0.1294551843844465,data/public_test/public_test/2affe3dce42245d499514acaa90fdf83.jpeg
2b09b9b49508409abb9d18eea71f9a4c,0.8569633237914736,data/public_test/public_test/2b09b9b49508409abb9d18eea71f9a4c.jpeg
2b0d1a806e8e4aebaa5ee2f737c8790e,0.094727409814719,data/public_test/public_test/2b0d1a806e8e4aebaa5ee2f737c8790e.jpeg
2b0e516b22c241629a94aa1a22f439f0,0.5825848378791274,data/public_test/public_test/2b0e516b22c241629a94aa1a22f439f0.jpeg
2b17cba12595424998a88b588808b1ee,0.3981997207991555,data/public_test/public_test/2b17cba12595424998a88b588808b1ee.jpeg
2b2094c8d1a0468991f4165f8d4dfdd1,0.5994530237874719,data/public_test/public_test/2b2094c8d1a0468991f4165f8d4dfdd1.jpeg
2b3573013f8f46969d2a17ddc0fe113d,0.1062942373638421,data/public_test/public_test/2b3573013f8f46969d2a17ddc0fe113d.jpeg
2b3b483f9b1449fc8b3e1901eb53d466,0.9285771752400106,data/public_test/public_test/2b3b483f9b1449fc8b3e1901eb53d466.jpeg
2b5ab3c41377438090c6089dc78d1ee0,0.958052481405022,data/public_test/public_test/2b5ab3c41377438090c6089dc78d1ee0.jpeg
2b5aea609b83415789f4c533ed0618f4,0.8329742438977159,data/public_test/public_test/2b5aea609b83415789f4c533ed0618f4.jpeg
2b5caaddd3ec4675a5c3dbb0da77e7f7,0.3617754480252349,data/public_test/public_test/2b5caaddd3ec4675a5c3dbb0da77e7f7.jpeg
2b623907ad534156ac7006b5135c8f40,0.6293914193783833,data/public_test/public_test/2b623907ad534156ac7006b5135c8f40.jpeg
2b7086b960e240938c38f26914abe0e6,0.6749693704371172,data/public_test/public_test/2b7086b960e240938c38f26914abe0e6.jpeg
2b742b399ecf42ba938c8245d596002d,0.3521362335884584,data/public_test/public_test/2b742b399ecf42ba938c8245d596002d.jpeg
2b742b39eac74139a13aa0f4d0e35cbf,0.4713269858886446,data/public_test/public_test/2b742b39eac74139a13aa0f4d0e35cbf.jpeg
2b8399ab12fa407ab7030e51a5a509c4,0.958052481405022,data/public_test/public_test/2b8399ab12fa407ab7030e51a5a509c4.jpeg
2ba2d0fcc8ea463fb5019a1896f58868,0.8669475200249463,data/public_test/public_test/2ba2d0fcc8ea463fb5019a1896f58868.jpeg
2ba75e4e15c64fff81418daedd300eba,0.1625458856976132,data/public_test/public_test/2ba75e4e15c64fff81418daedd300eba.jpeg
2babc4db680449c786471796fa7455c6,0.4489131310234378,data/public_test/public_test/2babc4db680449c786471796fa7455c6.jpeg
2bc7089957bd4acda5caf2973a06f9c5,0.6323811524596458,data/public_test/public_test/2bc7089957bd4acda5caf2973a06f9c5.jpeg
2bc71003186540faa3e8b965ed343ca9,0.5825848378791274,data/public_test/public_test/2bc71003186540faa3e8b965ed343ca9.jpeg
2bcc97e277794b34a114c571f3079760,0.5044687480116549,data/public_test/public_test/2bcc97e277794b34a114c571f3079760.jpeg
2bd2467c406a478ba7fb870a1d9ece4c,0.917061599525085,data/public_test/public_test/2bd2467c406a478ba7fb870a1d9ece4c.jpeg
2be37ac45c224b9db1d416f002892448,0.0992066662125374,data/public_test/public_test/2be37ac45c224b9db1d416f002892448.jpeg
2be991f207074bbcbeda0652361d2632,0.1214713897289796,data/public_test/public_test/2be991f207074bbcbeda0652361d2632.jpeg
2bf3e228071d49a4ae6029e400ea7f34,0.9380281747451792,data/public_test/public_test/2bf3e228071d49a4ae6029e400ea7f34.jpeg
2bfa019a4d2f4addb152aad032355c4c,0.383015838918916,data/public_test/public_test/2bfa019a4d2f4addb152aad032355c4c.jpeg
2c00462f5a9d4169b7cf750b588340f9,0.9811269325981024,data/public_test/public_test/2c00462f5a9d4169b7cf750b588340f9.jpeg
2c12138d048f4f25acc71ba58b67f154,0.5825848378791274,data/public_test/public_test/2c12138d048f4f25acc71ba58b67f154.jpeg
2c1d1de4150844fcb4e4e72238505e75,0.031305596856781,data/public_test/public_test/2c1d1de4150844fcb4e4e72238505e75.jpeg
2c1d413c37744de38a1d687aa47a7a3a,0.4841655225990522,data/public_test/public_test/2c1d413c37744de38a1d687aa47a7a3a.jpeg
2c322be1a7b34568a903008e044db400,0.6159607944957706,data/public_test/public_test/2c322be1a7b34568a903008e044db400.jpeg
2c3264932e97407bbfe1368ed1f99df9,0.8163619596719253,data/public_test/public_test/2c3264932e97407bbfe1368ed1f99df9.jpeg
2c335a5438484486a8216ed9c51bc465,0.156698709358122,data/public_test/public_test/2c335a5438484486a8216ed9c51bc465.jpeg
2c3f497d8dff4167beb0af85d815a2e3,0.1780723233652525,data/public_test/public_test/2c3f497d8dff4167beb0af85d815a2e3.jpeg
2c40565a718f42c396a27d60b821d7d8,0.548166061575628,data/public_test/public_test/2c40565a718f42c396a27d60b821d7d8.jpeg
2c434f43ce8c49428f0afb4a9623ec19,0.0593282010139436,data/public_test/public_test/2c434f43ce8c49428f0afb4a9623ec19.jpeg
2c46994e9972457da8a88fc4e8f6a5a7,0.4775973794135022,data/public_test/public_test/2c46994e9972457da8a88fc4e8f6a5a7.jpeg
2c4e0e2c5ba649efa5e4f1e4a2f60c24,0.3570833059004804,data/public_test/public_test/2c4e0e2c5ba649efa5e4f1e4a2f60c24.jpeg
2c51a0f3ff7749b1a57f423aa7868edc,0.7371787231661054,data/public_test/public_test/2c51a0f3ff7749b1a57f423aa7868edc.jpeg
2c52f237902140a5a8661eb01648f65a,0.1789731696587832,data/public_test/public_test/2c52f237902140a5a8661eb01648f65a.jpeg
2c571566230b430f84f300ff68e1e979,0.4841655225990522,data/public_test/public_test/2c571566230b430f84f300ff68e1e979.jpeg
2c578e496c474242bb7025541e617a6f,0.1870272612765487,data/public_test/public_test/2c578e496c474242bb7025541e617a6f.jpeg
2c6ec31f3ec04e07a2756ac3f8f90475,0.8550884142984154,data/public_test/public_test/2c6ec31f3ec04e07a2756ac3f8f90475.jpeg
2c7bf968fb1543da8c65f3bc73d72b53,0.7818335667717609,data/public_test/public_test/2c7bf968fb1543da8c65f3bc73d72b53.jpeg
2c8e70fadfe74f66a3f20f72471d5c8a,0.8702719141299468,data/public_test/public_test/2c8e70fadfe74f66a3f20f72471d5c8a.jpeg
2cae6567b7c04e1c99877fe4df2644a5,0.1700967536726881,data/public_test/public_test/2cae6567b7c04e1c99877fe4df2644a5.jpeg
2cb81ce1afe54b12894d1ec93880a7fa,0.8702719141299468,data/public_test/public_test/2cb81ce1afe54b12894d1ec93880a7fa.jpeg
2cb9577c37244fbab162043837e56bf3,0.671591205705365,data/public_test/public_test/2cb9577c37244fbab162043837e56bf3.jpeg
2cb9baf384f540c8ab034e869ef44012,0.1477019180108486,data/public_test/public_test/2cb9baf384f540c8ab034e869ef44012.jpeg
2cbdec82380f419e90a3acf795c10fdb,0.7818335667717609,data/public_test/public_test/2cbdec82380f419e90a3acf795c10fdb.jpeg
2cc3e6bd1ba84070abbb98f55d93c5ea,0.4557591368699618,data/public_test/public_test/2cc3e6bd1ba84070abbb98f55d93c5ea.jpeg
2cc507b50c2e4de493817ffa116176e0,0.5490596161966718,data/public_test/public_test/2cc507b50c2e4de493817ffa116176e0.jpeg
2cc574888e0a4333bc4116bdbb3664db,0.0703745254030906,data/public_test/public_test/2cc574888e0a4333bc4116bdbb3664db.jpeg
2cd53cbc45f04c989c7828f47971430c,0.7721958914454944,data/public_test/public_test/2cd53cbc45f04c989c7828f47971430c.jpeg
2cd868e1df0a422e8ca86e324adc2554,0.3207440062170898,data/public_test/public_test/2cd868e1df0a422e8ca86e324adc2554.jpeg
2cef50a5c9b04910b04c260dc8b3b3e6,0.7097096120748673,data/public_test/public_test/2cef50a5c9b04910b04c260dc8b3b3e6.jpeg
2cf893b10006475f8d4c2bf1c8d56400,0.3700490293547487,data/public_test/public_test/2cf893b10006475f8d4c2bf1c8d56400.jpeg
2cfb6fdadedc43c797665e0e926fdb72,0.2061771498622465,data/public_test/public_test/2cfb6fdadedc43c797665e0e926fdb72.jpeg
2cfe8ee1bba14f67af4b60ffc9707f8e,0.6611506795792067,data/public_test/public_test/2cfe8ee1bba14f67af4b60ffc9707f8e.jpeg
2d0b868b2cd34d90ae73101a39ad3c37,0.4308287953871906,data/public_test/public_test/2d0b868b2cd34d90ae73101a39ad3c37.jpeg
2d1544ccfedb4403961fecd27380f446,0.2591144819901542,data/public_test/public_test/2d1544ccfedb4403961fecd27380f446.jpeg
2d16b50df0404cf4ab89e0a2eda06d17,0.3756370402241508,data/public_test/public_test/2d16b50df0404cf4ab89e0a2eda06d17.jpeg
2d1d68c3dc254e709f557c98a97e0e5b,0.889061690425646,data/public_test/public_test/2d1d68c3dc254e709f557c98a97e0e5b.jpeg
2d23abc2ee6e4327b08a5195a1d980a0,0.888464586499687,data/public_test/public_test/2d23abc2ee6e4327b08a5195a1d980a0.jpeg
2d358cdfd5134bc0bea2e26d268e219e,0.1419502483905549,data/public_test/public_test/2d358cdfd5134bc0bea2e26d268e219e.jpeg
2d3f6a03b9924370a315fe37137e9f22,0.6159607944957706,data/public_test/public_test/2d3f6a03b9924370a315fe37137e9f22.jpeg
2d412ee950ef4cffafe9fc5fea437075,0.2104428273876153,data/public_test/public_test/2d412ee950ef4cffafe9fc5fea437075.jpeg
2d448c61f6064f31af4c2418349d9440,0.3917592501051093,data/public_test/public_test/2d448c61f6064f31af4c2418349d9440.jpeg
2d4ad17d2e1149bd8632f503d82e7455,0.4501071314774859,data/public_test/public_test/2d4ad17d2e1149bd8632f503d82e7455.jpeg
2d52924a73ce42f481cbbe63731a7541,0.3383166039822936,data/public_test/public_test/2d52924a73ce42f481cbbe63731a7541.jpeg
2d59275f6ed44813b51bcf9c116b3436,0.4542875957674224,data/public_test/public_test/2d59275f6ed44813b51bcf9c116b3436.jpeg
2d62d6c1ad5648bfb8eb01d090463aae,0.6461998433175563,data/public_test/public_test/2d62d6c1ad5648bfb8eb01d090463aae.jpeg
2d63039b48fb475ea1b49378af4ee469,0.1374717069696046,data/public_test/public_test/2d63039b48fb475ea1b49378af4ee469.jpeg
2d671ecdad884fdb920d27257f245d87,0.1745720913423286,data/public_test/public_test/2d671ecdad884fdb920d27257f245d87.jpeg
2d6c29f91fb54dd1b2a5599e29ed0774,0.9595452412199196,data/public_test/public_test/2d6c29f91fb54dd1b2a5599e29ed0774.jpeg
2d7ee3b6a8bc40ac96f59da7449a8a49,0.3938938872256414,data/public_test/public_test/2d7ee3b6a8bc40ac96f59da7449a8a49.jpeg
2d8b9ff82d69496ca9178b97a384f1e5,0.1808004458646936,data/public_test/public_test/2d8b9ff82d69496ca9178b97a384f1e5.jpeg
2d95afb23f4f48b4930baeeb320b41bc,0.7919003210021446,data/public_test/public_test/2d95afb23f4f48b4930baeeb320b41bc.jpeg
2db11b776a24450dbfd6c75d35345980,0.183955425927906,data/public_test/public_test/2db11b776a24450dbfd6c75d35345980.jpeg
2db1d0b21e2a4c88862dee3083938f4a,0.4356491639740757,data/public_test/public_test/2db1d0b21e2a4c88862dee3083938f4a.jpeg
2db2926e56e64471802a1c0299b8ea1d,0.169716033948264,data/public_test/public_test/2db2926e56e64471802a1c0299b8ea1d.jpeg
2db7c976e1174786a88266af7f2eb903,0.7279426069568325,data/public_test/public_test/2db7c976e1174786a88266af7f2eb903.jpeg
2dbba3ff7e5d4803be3d30e71d6b53bc,0.3372929917942393,data/public_test/public_test/2dbba3ff7e5d4803be3d30e71d6b53bc.jpeg
2dc30a422d1d4b12a74206b77fcd0da2,0.6749693704371172,data/public_test/public_test/2dc30a422d1d4b12a74206b77fcd0da2.jpeg
2dc36ecc32cd46358ee39de61f4004b3,0.3359708549323988,data/public_test/public_test/2dc36ecc32cd46358ee39de61f4004b3.jpeg
2dcbb0a2614d4e6f90f392327fec172f,0.0743862988148652,data/public_test/public_test/2dcbb0a2614d4e6f90f392327fec172f.jpeg
2dd5dd71598d4dc88add801571f76816,0.9295392325588844,data/public_test/public_test/2dd5dd71598d4dc88add801571f76816.jpeg
2dde321a6a0c43ab8e7000f473ff45c8,0.2242695521840743,data/public_test/public_test/2dde321a6a0c43ab8e7000f473ff45c8.jpeg
2de8a4e1e8d943ef8193b7761ad0c085,0.2147504129273483,data/public_test/public_test/2de8a4e1e8d943ef8193b7761ad0c085.jpeg
2df1811818e34a0b9fe96140ff421d90,0.9415468228802952,data/public_test/public_test/2df1811818e34a0b9fe96140ff421d90.jpeg
2e057d92b0274a93acddc39be18fb62b,0.7538965497119806,data/public_test/public_test/2e057d92b0274a93acddc39be18fb62b.jpeg
2e0dc4400112454d8eddfb5d2d292549,0.6155129665513012,data/public_test/public_test/2e0dc4400112454d8eddfb5d2d292549.jpeg
2e14dc642d1241d59802f6c4a32dec24,0.5825848378791274,data/public_test/public_test/2e14dc642d1241d59802f6c4a32dec24.jpeg
2e16b132b0a143eda55bb9c5a5ec1f41,0.9475376508985086,data/public_test/public_test/2e16b132b0a143eda55bb9c5a5ec1f41.jpeg
2e1fbc688a47472599c6120d6bc1c7a6,0.1127701921961169,data/public_test/public_test/2e1fbc688a47472599c6120d6bc1c7a6.jpeg
2e264a1274f74676ad9681e9005cadd6,0.4356490247991892,data/public_test/public_test/2e264a1274f74676ad9681e9005cadd6.jpeg
2e27b35a5ec44accafd88a977a882215,0.9295392325588844,data/public_test/public_test/2e27b35a5ec44accafd88a977a882215.jpeg
2e29b797ba25432c8a1a9bd3cbe0573c,0.3684722461132526,data/public_test/public_test/2e29b797ba25432c8a1a9bd3cbe0573c.jpeg
2e32132320004f41a8b7bdcd1ee7b28b,0.5654820754284418,data/public_test/public_test/2e32132320004f41a8b7bdcd1ee7b28b.jpeg
2e33fddf05e147558a43bdc35f4a3adf,0.2152656383573133,data/public_test/public_test/2e33fddf05e147558a43bdc35f4a3adf.jpeg
2e3d136bc5e24e69b02be8b9c1062816,0.8345546320416654,data/public_test/public_test/2e3d136bc5e24e69b02be8b9c1062816.jpeg
2e3d55185df54533beca04ff74349da0,0.946044891083611,data/public_test/public_test/2e3d55185df54533beca04ff74349da0.jpeg
2e64ad6e7e5b46179c2e144f26bb251e,0.3947876055818458,data/public_test/public_test/2e64ad6e7e5b46179c2e144f26bb251e.jpeg
2e855d92374a45cda8fd316802bab796,0.6461998433175563,data/public_test/public_test/2e855d92374a45cda8fd316802bab796.jpeg
2e8857e79e944ef697227ad997ecd1d6,0.4331111966678959,data/public_test/public_test/2e8857e79e944ef697227ad997ecd1d6.jpeg
2e91e870c8fb4baba9ed17ca61135af4,0.1863500799413625,data/public_test/public_test/2e91e870c8fb4baba9ed17ca61135af4.jpeg
2e9499d3b4cd4f50a63e0cd1b3f4f3f1,0.2314739620170876,data/public_test/public_test/2e9499d3b4cd4f50a63e0cd1b3f4f3f1.jpeg
2ea4ce2d7ba6431b9e62020b279ce58a,0.6323811524596458,data/public_test/public_test/2ea4ce2d7ba6431b9e62020b279ce58a.jpeg
2eaedbe9e5c84dc297685547bc1818e2,0.1522737775576825,data/public_test/public_test/2eaedbe9e5c84dc297685547bc1818e2.jpeg
2eb4ed6ceacc4fdda075660c09472955,0.1797752727347746,data/public_test/public_test/2eb4ed6ceacc4fdda075660c09472955.jpeg
2ec3126bd1c748e4ace729f952d0f77a,0.0864124444233551,data/public_test/public_test/2ec3126bd1c748e4ace729f952d0f77a.jpeg
2ec573e57f414ae6afdfc42a6d2d0008,0.5179462366261602,data/public_test/public_test/2ec573e57f414ae6afdfc42a6d2d0008.jpeg
2ec88412ef944fb5a7e2dc3975ad6dcf,0.6611506795792067,data/public_test/public_test/2ec88412ef944fb5a7e2dc3975ad6dcf.jpeg
2ecfe49c233f4df69eb631ff7022df36,0.6972967922399449,data/public_test/public_test/2ecfe49c233f4df69eb631ff7022df36.jpeg
2ee0bbe2e359460c96767a2817acf535,0.673563499414129,data/public_test/public_test/2ee0bbe2e359460c96767a2817acf535.jpeg
2ee832d7e3564380b13c7c28bfdbd3c4,0.6600185341754669,data/public_test/public_test/2ee832d7e3564380b13c7c28bfdbd3c4.jpeg
2ef12b1b937b41e292a6615501895112,0.6473319887212962,data/public_test/public_test/2ef12b1b937b41e292a6615501895112.jpeg
2ef24f14bb854e2da45826cf39612899,0.8979155860048555,data/public_test/public_test/2ef24f14bb854e2da45826cf39612899.jpeg
2ef463a696b244619ba27b637b1b6dba,0.9285771752400106,data/public_test/public_test/2ef463a696b244619ba27b637b1b6dba.jpeg
2ef53257a24740c2a52fd4b2c7cfd193,0.1533377913966231,data/public_test/public_test/2ef53257a24740c2a52fd4b2c7cfd193.jpeg
2f07f00f7574460c88b9cb222c886ff5,0.8163619596719253,data/public_test/public_test/2f07f00f7574460c88b9cb222c886ff5.jpeg
2f0a20ee9ddb4dea93f48d43fcefff5e,0.9295392325588844,data/public_test/public_test/2f0a20ee9ddb4dea93f48d43fcefff5e.jpeg
2f1727a3039a478c9bf8c7aae90ba3dd,0.4943627328186706,data/public_test/public_test/2f1727a3039a478c9bf8c7aae90ba3dd.jpeg
2f1a6f8407664d42b255395f0bce4307,0.908022166084144,data/public_test/public_test/2f1a6f8407664d42b255395f0bce4307.jpeg
2f1c816c188a42668097f08e2f21e586,0.4784069324393025,data/public_test/public_test/2f1c816c188a42668097f08e2f21e586.jpeg
2f2044ebb1fb43a280678e6edb041d12,0.2588994513326138,data/public_test/public_test/2f2044ebb1fb43a280678e6edb041d12.jpeg
2f22d1d10deb4b26a884afeff7f4b367,0.6473319887212962,data/public_test/public_test/2f22d1d10deb4b26a884afeff7f4b367.jpeg
2f285a16550345888b858e2bf4bb2f1f,0.5816891819901887,data/public_test/public_test/2f285a16550345888b858e2bf4bb2f1f.jpeg
2f33695cbf5d47d7a2a93a858e68d870,0.5317436023438579,data/public_test/public_test/2f33695cbf5d47d7a2a93a858e68d870.jpeg
2f564034ffc242ae9f46807997b78c03,0.1008745735287646,data/public_test/public_test/2f564034ffc242ae9f46807997b78c03.jpeg
2f5744154d5441e8a20159e61fbc37cb,0.5825848378791274,data/public_test/public_test/2f5744154d5441e8a20159e61fbc37cb.jpeg
2f5fa295ade943158a7e67716eed3268,0.5047229577642156,data/public_test/public_test/2f5fa295ade943158a7e67716eed3268.jpeg
2f6cf3bca2384129ae4eb753b46d8db1,0.6888572434937745,data/public_test/public_test/2f6cf3bca2384129ae4eb753b46d8db1.jpeg
2f6dd45ab9f141ddabe285a06ed3c9d5,0.1596879512339026,data/public_test/public_test/2f6dd45ab9f141ddabe285a06ed3c9d5.jpeg
2f7ae3fe87134377b7c6e15a2e9edcfc,0.2124549278428487,data/public_test/public_test/2f7ae3fe87134377b7c6e15a2e9edcfc.jpeg
2f82fabbc47844358cae02f5abce2740,0.0125819709304375,data/public_test/public_test/2f82fabbc47844358cae02f5abce2740.jpeg
2f842994420c4ab9896638acc43ea738,0.9105787569003864,data/public_test/public_test/2f842994420c4ab9896638acc43ea738.jpeg
2f87d46e046d4642a56a32708e9eede6,0.8163619596719253,data/public_test/public_test/2f87d46e046d4642a56a32708e9eede6.jpeg
2f95a37f1bbd48ef9dd4c174cbc7108d,0.7000437101713674,data/public_test/public_test/2f95a37f1bbd48ef9dd4c174cbc7108d.jpeg
2f9e0a78c28a45089f5374aa69bc7742,0.27604563361898,data/public_test/public_test/2f9e0a78c28a45089f5374aa69bc7742.jpeg
2fadb80b3f84442584a626db51ce20ca,0.1844329677106513,data/public_test/public_test/2fadb80b3f84442584a626db51ce20ca.jpeg
2faf05e2068f425d8d0093cfce73fc76,0.1533815714496571,data/public_test/public_test/2faf05e2068f425d8d0093cfce73fc76.jpeg
2fc4a3c0976544079ffbe03744b8bc3f,0.4821822845592596,data/public_test/public_test/2fc4a3c0976544079ffbe03744b8bc3f.jpeg
2ff070c30fdb4cc69694f4139d3d3fb3,0.9074250621581847,data/public_test/public_test/2ff070c30fdb4cc69694f4139d3d3fb3.jpeg
2ff18d68e0ed4c1298000875daf99da5,0.5661623786473574,data/public_test/public_test/2ff18d68e0ed4c1298000875daf99da5.jpeg
3019d3d399644cf5bfedb4d5d5518447,0.9697797721404852,data/public_test/public_test/3019d3d399644cf5bfedb4d5d5518447.jpeg
30220c9546d94cb19f87aa2a7e5e0ac5,0.5488463647945435,data/public_test/public_test/30220c9546d94cb19f87aa2a7e5e0ac5.jpeg
3024b1d8c8594ca69fa06558c2729b1d,0.6860157930673605,data/public_test/public_test/3024b1d8c8594ca69fa06558c2729b1d.jpeg
3024bb4fb3854db980c2f64e32aa2aae,0.4352227894290285,data/public_test/public_test/3024bb4fb3854db980c2f64e32aa2aae.jpeg
3028c0f0546342018808239cfa91885e,0.801318913225645,data/public_test/public_test/3028c0f0546342018808239cfa91885e.jpeg
3030a391ec6b4dceb44e6b0e0f0cc25b,0.926890161394997,data/public_test/public_test/3030a391ec6b4dceb44e6b0e0f0cc25b.jpeg
303c37d3a1fd45baa68e93314c776adb,0.7287115591206345,data/public_test/public_test/303c37d3a1fd45baa68e93314c776adb.jpeg
303e9ab475174f64b2a3aaa189629ffd,0.1062085001758958,data/public_test/public_test/303e9ab475174f64b2a3aaa189629ffd.jpeg
3055e434bdd941df8f98695649d029d2,0.097331309176707,data/public_test/public_test/3055e434bdd941df8f98695649d029d2.jpeg
305f9a9d4d68433e956ccfbae3c7b98d,0.3322593035822422,data/public_test/public_test/305f9a9d4d68433e956ccfbae3c7b98d.jpeg
3063f1e2f4754dd9b36f71ea8b6a31d9,0.8206466100090326,data/public_test/public_test/3063f1e2f4754dd9b36f71ea8b6a31d9.jpeg
306660c11dd341d9800d46ed24a60a08,0.8859079956834446,data/public_test/public_test/306660c11dd341d9800d46ed24a60a08.jpeg
306b8b13350d45d0a01f52a8108984fd,0.5353688761800381,data/public_test/public_test/306b8b13350d45d0a01f52a8108984fd.jpeg
306c7696be58421780b9756df3084072,0.4987724413425503,data/public_test/public_test/306c7696be58421780b9756df3084072.jpeg
306f28475cd8424f8e61b296fb6b5878,0.1638671602209409,data/public_test/public_test/306f28475cd8424f8e61b296fb6b5878.jpeg
308665f8071a4877891044f3af4b3d9f,0.6461998433175563,data/public_test/public_test/308665f8071a4877891044f3af4b3d9f.jpeg
308704bfdb9542c486c1dabcb36a7c67,0.5488463647945435,data/public_test/public_test/308704bfdb9542c486c1dabcb36a7c67.jpeg
308d4695a4fc47e9b0e7664ea470f832,0.1718033870833245,data/public_test/public_test/308d4695a4fc47e9b0e7664ea470f832.jpeg
309bedf57dd14c2b859b3f91e36711bc,0.7557755334816192,data/public_test/public_test/309bedf57dd14c2b859b3f91e36711bc.jpeg
309ce4da7cf547cc80f7218fa1c68d52,0.2162021980182975,data/public_test/public_test/309ce4da7cf547cc80f7218fa1c68d52.jpeg
309d718538744c4b841b64c8f6a54de7,0.4846773259641601,data/public_test/public_test/309d718538744c4b841b64c8f6a54de7.jpeg
30a668d5693f4406913fa7e1824f186c,0.6155129665513012,data/public_test/public_test/30a668d5693f4406913fa7e1824f186c.jpeg
30b7c4a34487490ea68ed6dccbfcbfe6,0.968864976975728,data/public_test/public_test/30b7c4a34487490ea68ed6dccbfcbfe6.jpeg
30bd7def67314e0f8160d3447826b880,0.2321327654449524,data/public_test/public_test/30bd7def67314e0f8160d3447826b880.jpeg
30bdef5402c947cda3dba184a5a137e1,0.1632772388106949,data/public_test/public_test/30bdef5402c947cda3dba184a5a137e1.jpeg
30c05da27a4c4a81a36facf542095c58,0.1224112295510151,data/public_test/public_test/30c05da27a4c4a81a36facf542095c58.jpeg
30c0702778aa4d2ea1bff1b541cf3b50,0.3831012049738316,data/public_test/public_test/30c0702778aa4d2ea1bff1b541cf3b50.jpeg
30c83b523f3a4c7dbdc2e8f8b34a3d86,0.4308289700380286,data/public_test/public_test/30c83b523f3a4c7dbdc2e8f8b34a3d86.jpeg
30d27502c5cb422ca2ad97c9ef5e66c7,0.8702719141299468,data/public_test/public_test/30d27502c5cb422ca2ad97c9ef5e66c7.jpeg
30da1afeea2247f29286fccfc86b419a,0.8619337843067322,data/public_test/public_test/30da1afeea2247f29286fccfc86b419a.jpeg
30dd7e89f3bb41eda0d9189a9ce3da8a,0.7709364201230073,data/public_test/public_test/30dd7e89f3bb41eda0d9189a9ce3da8a.jpeg
30f471d4fd0b4da3ab521efd3935d4b1,0.5508764665662289,data/public_test/public_test/30f471d4fd0b4da3ab521efd3935d4b1.jpeg
30fb8a4e3ea34c6a84785153fbac36c0,0.6158733817513472,data/public_test/public_test/30fb8a4e3ea34c6a84785153fbac36c0.jpeg
311327ba61cf4dfaaa2c3b2b3354f262,0.5063223432801774,data/public_test/public_test/311327ba61cf4dfaaa2c3b2b3354f262.jpeg
31162926d79047039e2c7ed012ce8595,0.8923860845306462,data/public_test/public_test/31162926d79047039e2c7ed012ce8595.jpeg
31184bcbe9444503aa63789abe031c36,0.1995236952001677,data/public_test/public_test/31184bcbe9444503aa63789abe031c36.jpeg
311aa75250dd4fffbb325785f859308d,0.7535564308495549,data/public_test/public_test/311aa75250dd4fffbb325785f859308d.jpeg
3121e3ea004d4023be46d4b6e6843e19,0.7241716756862125,data/public_test/public_test/3121e3ea004d4023be46d4b6e6843e19.jpeg
3128fc00946845bc832264171ff91c59,0.7146380499611494,data/public_test/public_test/3128fc00946845bc832264171ff91c59.jpeg
312a59a99c5b4a019aec333b9baa85c3,0.139299070500934,data/public_test/public_test/312a59a99c5b4a019aec333b9baa85c3.jpeg
3136f23644e84579a0c31e4d8216d355,0.4154741486500878,data/public_test/public_test/3136f23644e84579a0c31e4d8216d355.jpeg
313b456912e940fb9fee7a7423327104,0.1741873109859208,data/public_test/public_test/313b456912e940fb9fee7a7423327104.jpeg
313fa83f1bd7408c94f7fe9b61a66341,0.1721016552386922,data/public_test/public_test/313fa83f1bd7408c94f7fe9b61a66341.jpeg
31415cb0fb4a4feeb42620e4454e443b,0.1540557946362745,data/public_test/public_test/31415cb0fb4a4feeb42620e4454e443b.jpeg
31428189455740e3b6d4987b510b378f,0.4469084095661104,data/public_test/public_test/31428189455740e3b6d4987b510b378f.jpeg
314729058b3a440d92dc480e19be306d,0.1149012489744698,data/public_test/public_test/314729058b3a440d92dc480e19be306d.jpeg
314b5777ba764713b043abec047f5dd7,0.548166061575628,data/public_test/public_test/314b5777ba764713b043abec047f5dd7.jpeg
3151c01403c9490a9a77982dd5fb1d71,0.6972967922399449,data/public_test/public_test/3151c01403c9490a9a77982dd5fb1d71.jpeg
315ab888c5eb4974bc42017c8b50291c,0.8702719141299468,data/public_test/public_test/315ab888c5eb4974bc42017c8b50291c.jpeg
315d13d957cd4a409d8d542415dca181,0.0682845033849118,data/public_test/public_test/315d13d957cd4a409d8d542415dca181.jpeg
315e2e2356964d1189db4591ba13d50f,0.2260131106023528,data/public_test/public_test/315e2e2356964d1189db4591ba13d50f.jpeg
3162ec01769b42948da259a1e6bd0214,0.8163619596719253,data/public_test/public_test/3162ec01769b42948da259a1e6bd0214.jpeg
31652a68672741d4bf1b51a9f3b2f158,0.8908127779323943,data/public_test/public_test/31652a68672741d4bf1b51a9f3b2f158.jpeg
316abb15a9474515ac499515bb6d9553,0.1696735419451603,data/public_test/public_test/316abb15a9474515ac499515bb6d9553.jpeg
31715950e11a40d8a504a4e7edb92a30,0.2314715332788716,data/public_test/public_test/31715950e11a40d8a504a4e7edb92a30.jpeg
3180ad04f3b14ea5a23d997bcc7f685f,0.2928509083852301,data/public_test/public_test/3180ad04f3b14ea5a23d997bcc7f685f.jpeg
31827a4b5da246a9acbbddec7cc0bacc,0.8669475200249463,data/public_test/public_test/31827a4b5da246a9acbbddec7cc0bacc.jpeg
318e38c4d31946db955969c579067fe6,0.608475670281069,data/public_test/public_test/318e38c4d31946db955969c579067fe6.jpeg
319530694fa342e380ea8900b51967d6,0.5044687480116549,data/public_test/public_test/319530694fa342e380ea8900b51967d6.jpeg
31976fdcdce244709ce14313758fe5e5,0.9105787569003864,data/public_test/public_test/31976fdcdce244709ce14313758fe5e5.jpeg
319d4dc541fe4a8fb56cde14f50989a6,0.1335066117232071,data/public_test/public_test/319d4dc541fe4a8fb56cde14f50989a6.jpeg
319daa57b8de4b998d44413df5cfdb3e,0.1485396266619794,data/public_test/public_test/319daa57b8de4b998d44413df5cfdb3e.jpeg
31add6c7e06842a5a0e9b4f952eb6b52,0.1831025458496828,data/public_test/public_test/31add6c7e06842a5a0e9b4f952eb6b52.jpeg
31b875f571b34039900235de7cd20fb0,0.9676061442203676,data/public_test/public_test/31b875f571b34039900235de7cd20fb0.jpeg
31b9eb49a8b6410e925f0eaa3c7ae147,0.1056055727360568,data/public_test/public_test/31b9eb49a8b6410e925f0eaa3c7ae147.jpeg
31c3ad2fc092456d9b402758e3033c71,0.989848265462344,data/public_test/public_test/31c3ad2fc092456d9b402758e3033c71.jpeg
31cbacac08d2432785d53a7d89e266c2,0.2001262569648146,data/public_test/public_test/31cbacac08d2432785d53a7d89e266c2.jpeg
31d07cb7be214cc4b370b5536726738e,0.0671318924505525,data/public_test/public_test/31d07cb7be214cc4b370b5536726738e.jpeg
31db2c4aaf824a91bd8193e1c619ba7f,0.2111325126312352,data/public_test/public_test/31db2c4aaf824a91bd8193e1c619ba7f.jpeg
31e2e4a1471e431cb6f2bc5c94403a79,0.3800715341579713,data/public_test/public_test/31e2e4a1471e431cb6f2bc5c94403a79.jpeg
31e95b478b294dd3acb1f123741d7c91,0.2247322268142341,data/public_test/public_test/31e95b478b294dd3acb1f123741d7c91.jpeg
31eac64898004ccfb524c27d1d6c43d4,0.9760508997446462,data/public_test/public_test/31eac64898004ccfb524c27d1d6c43d4.jpeg
31f3b4136e4e49eeb2af3459b3e755df,0.908022166084144,data/public_test/public_test/31f3b4136e4e49eeb2af3459b3e755df.jpeg
31fac2cb5719427cb397033bfe9e8700,0.9074250621581847,data/public_test/public_test/31fac2cb5719427cb397033bfe9e8700.jpeg
3204813bfdb54c809fbbbffaa4e73b38,0.8908127779323943,data/public_test/public_test/3204813bfdb54c809fbbbffaa4e73b38.jpeg
3211c33cb0b4470c86e72c02dfa7c3e7,0.548166061575628,data/public_test/public_test/3211c33cb0b4470c86e72c02dfa7c3e7.jpeg
321359cd4f9e40c5a01e6354395c7b49,0.1092737479132423,data/public_test/public_test/321359cd4f9e40c5a01e6354395c7b49.jpeg
321c13b9533043299b005591fcec131d,0.3310229257397029,data/public_test/public_test/321c13b9533043299b005591fcec131d.jpeg
3225710a8889498f85aefa13ad0fde16,0.2015071952162175,data/public_test/public_test/3225710a8889498f85aefa13ad0fde16.jpeg
322d8a9ff6c04eaca36d79be4cbd9ea4,0.5179462366261602,data/public_test/public_test/322d8a9ff6c04eaca36d79be4cbd9ea4.jpeg
32349f1bc34c4f6896897f657ef586fe,0.1932138333148394,data/public_test/public_test/32349f1bc34c4f6896897f657ef586fe.jpeg
323dcb22d98d4c738a71d231636e0212,0.245336891386482,data/public_test/public_test/323dcb22d98d4c738a71d231636e0212.jpeg
323e07e04ba54937b6399c72176eb81f,0.9917888532217112,data/public_test/public_test/323e07e04ba54937b6399c72176eb81f.jpeg
3246b8e62aee43368b4217df3a4d8888,0.086754596330692,data/public_test/public_test/3246b8e62aee43368b4217df3a4d8888.jpeg
3253ee4618f440fd9cdf73c4a4cc1f0e,0.6158733817513472,data/public_test/public_test/3253ee4618f440fd9cdf73c4a4cc1f0e.jpeg
325fcdb2449849c6a4f3dc45394a892c,0.8718523022738962,data/public_test/public_test/325fcdb2449849c6a4f3dc45394a892c.jpeg
326663cbfd2d420796d31e9ace71d4dd,0.9676061442203676,data/public_test/public_test/326663cbfd2d420796d31e9ace71d4dd.jpeg
32769899d9a042898ba1cb5ef60fd81c,0.7097096120748673,data/public_test/public_test/32769899d9a042898ba1cb5ef60fd81c.jpeg
3289346469dc481d9aefbdd7a60184c0,0.7623637137574516,data/public_test/public_test/3289346469dc481d9aefbdd7a60184c0.jpeg
32a1ecb772e14c169589ef049cd5bcf3,0.0936229124573119,data/public_test/public_test/32a1ecb772e14c169589ef049cd5bcf3.jpeg
32a21817ff234441ba5f00070e87957a,0.5192866449674676,data/public_test/public_test/32a21817ff234441ba5f00070e87957a.jpeg
32a56f7d66aa4303b8069d31e6e94a78,0.8163619596719253,data/public_test/public_test/32a56f7d66aa4303b8069d31e6e94a78.jpeg
32a8ae1d4d364f3aab8f888b5d8c9faa,0.2045989584983689,data/public_test/public_test/32a8ae1d4d364f3aab8f888b5d8c9faa.jpeg
32b047a265a94fb5b081dc83f363f999,0.5317436023438579,data/public_test/public_test/32b047a265a94fb5b081dc83f363f999.jpeg
32b3150f3068486b82bf7c102f6e0a79,0.1964084072688122,data/public_test/public_test/32b3150f3068486b82bf7c102f6e0a79.jpeg
32b5e06a80284aaf9b76e02656e2bc16,0.6611506795792067,data/public_test/public_test/32b5e06a80284aaf9b76e02656e2bc16.jpeg
32b699fd66254f9b91177cc53d05d067,0.1605421575669269,data/public_test/public_test/32b699fd66254f9b91177cc53d05d067.jpeg
32ba68772fd14ce38269a4650cae7033,0.3987546110717839,data/public_test/public_test/32ba68772fd14ce38269a4650cae7033.jpeg
32bbfd16597f43fe8d1f8cb8beefc086,0.5182661137293526,data/public_test/public_test/32bbfd16597f43fe8d1f8cb8beefc086.jpeg
32bcb381b599477a8546f9e5707a338a,0.1544048015890032,data/public_test/public_test/32bcb381b599477a8546f9e5707a338a.jpeg
32be1bf9525448049ed999ec95d00d10,0.8511669162674561,data/public_test/public_test/32be1bf9525448049ed999ec95d00d10.jpeg
32c179471bd14cbdae4976701d1b12ed,0.6816867896041571,data/public_test/public_test/32c179471bd14cbdae4976701d1b12ed.jpeg
32ef31cff0704850b7003403cbf6e8a8,0.7097096120748673,data/public_test/public_test/32ef31cff0704850b7003403cbf6e8a8.jpeg
32f5945a1ba249d998909027441777d5,0.4155387626378528,data/public_test/public_test/32f5945a1ba249d998909027441777d5.jpeg
32fcd31beb084a339305a7f5f65863b5,0.4114218535149758,data/public_test/public_test/32fcd31beb084a339305a7f5f65863b5.jpeg
32fdf9761259402c884c67ef8c35d5ae,0.2002140845049783,data/public_test/public_test/32fdf9761259402c884c67ef8c35d5ae.jpeg
330ddaa411924d3c99ffcbfc061a7a9b,0.1571337100172154,data/public_test/public_test/330ddaa411924d3c99ffcbfc061a7a9b.jpeg
331af6de2c3c4e6c8de4b4880c41c7fc,0.6664421496991856,data/public_test/public_test/331af6de2c3c4e6c8de4b4880c41c7fc.jpeg
331ff6b1ce3b4f1a978e560fc844340c,0.8487548476552064,data/public_test/public_test/331ff6b1ce3b4f1a978e560fc844340c.jpeg
3322fbba69fe489f8b32accacfc9975d,0.8597782422995665,data/public_test/public_test/3322fbba69fe489f8b32accacfc9975d.jpeg
3331912a602b4b06bccf5ffd53889f0f,0.9295392325588844,data/public_test/public_test/3331912a602b4b06bccf5ffd53889f0f.jpeg
3343d2f7864942cabc29a430eaa9ed5a,0.1826354558280246,data/public_test/public_test/3343d2f7864942cabc29a430eaa9ed5a.jpeg
334ac5e3a7074a4b8ccdb8a02b28a2d1,0.8979155860048555,data/public_test/public_test/334ac5e3a7074a4b8ccdb8a02b28a2d1.jpeg
334bff1af0b5405fa900c1d6823b5eb2,0.4775973794135022,data/public_test/public_test/334bff1af0b5405fa900c1d6823b5eb2.jpeg
334f0dac1d99496b82082f29b5eb9cd6,0.9966305278463736,data/public_test/public_test/334f0dac1d99496b82082f29b5eb9cd6.jpeg
33502a99f0b34a28ae4089e5398ccf71,0.9285771752400106,data/public_test/public_test/33502a99f0b34a28ae4089e5398ccf71.jpeg
33599f71a2e040e4bf2f050d9b1d2833,0.7097096120748673,data/public_test/public_test/33599f71a2e040e4bf2f050d9b1d2833.jpeg
3367c1ebfea44faf84e862de7f0dc960,0.6323811524596458,data/public_test/public_test/3367c1ebfea44faf84e862de7f0dc960.jpeg
3375aecbf2f34403be8dceee3db8d764,0.2222199209011044,data/public_test/public_test/3375aecbf2f34403be8dceee3db8d764.jpeg
33770caf9b8b4c4f963460c892a3208a,0.1724402104303339,data/public_test/public_test/33770caf9b8b4c4f963460c892a3208a.jpeg
339bad3c93df40648ccc744c0434ab41,0.9295392325588844,data/public_test/public_test/339bad3c93df40648ccc744c0434ab41.jpeg
339cb9c1a56949f0b890a1d5c92f22c5,0.1369935320775716,data/public_test/public_test/339cb9c1a56949f0b890a1d5c92f22c5.jpeg
339e27f196a34f798b3070b6680d7e0a,0.888464586499687,data/public_test/public_test/339e27f196a34f798b3070b6680d7e0a.jpeg
33a9476e1f904cfdab5d1d70ccd08155,0.9105787569003864,data/public_test/public_test/33a9476e1f904cfdab5d1d70ccd08155.jpeg
33c2259c47b7470d8f1dd3914d3bb309,0.1354672092836633,data/public_test/public_test/33c2259c47b7470d8f1dd3914d3bb309.jpeg
33d5cd4255014a45bdccf2dda7926958,0.5654820754284418,data/public_test/public_test/33d5cd4255014a45bdccf2dda7926958.jpeg
33db46222c1c40839ca25e2b31991604,0.4912454691497102,data/public_test/public_test/33db46222c1c40839ca25e2b31991604.jpeg
33ece2ece06a404bbb107f2eb9053f6f,0.9640433094232352,data/public_test/public_test/33ece2ece06a404bbb107f2eb9053f6f.jpeg
33ed7d85533c45a280238a08fa4ea0f7,0.1557257377263323,data/public_test/public_test/33ed7d85533c45a280238a08fa4ea0f7.jpeg
33ee7cb5b0604c25bfa2ce105784e886,0.5816891819901887,data/public_test/public_test/33ee7cb5b0604c25bfa2ce105784e886.jpeg
33f4e678ac1949d990bf2b0a089cad0a,0.9285771752400106,data/public_test/public_test/33f4e678ac1949d990bf2b0a089cad0a.jpeg
3402e78739d94a70b1b341fd37ed57d4,0.3623726665658064,data/public_test/public_test/3402e78739d94a70b1b341fd37ed57d4.jpeg
340c2fd4d5434a23aec31855dbf401f3,0.889061690425646,data/public_test/public_test/340c2fd4d5434a23aec31855dbf401f3.jpeg
340cae5e54034be7b9b5150b6920f43d,0.888464586499687,data/public_test/public_test/340cae5e54034be7b9b5150b6920f43d.jpeg
34166d89f242464389309b64c96d5b86,0.5179462366261602,data/public_test/public_test/34166d89f242464389309b64c96d5b86.jpeg
3419b5e6613a4c33acabacafd7ec8803,0.888464586499687,data/public_test/public_test/3419b5e6613a4c33acabacafd7ec8803.jpeg
341aa22a76214ce1a28a540a3a40e927,0.5182661137293526,data/public_test/public_test/341aa22a76214ce1a28a540a3a40e927.jpeg
341b3f10ed03414285cef687c853a5d9,0.6749693704371172,data/public_test/public_test/341b3f10ed03414285cef687c853a5d9.jpeg
342975a5c2f746ecafb1c47e243a4081,0.3915463043419476,data/public_test/public_test/342975a5c2f746ecafb1c47e243a4081.jpeg
342c5c7ebc45463abe5d5dbfe653a750,0.6984286129022829,data/public_test/public_test/342c5c7ebc45463abe5d5dbfe653a750.jpeg
343cd91ac53b49dba487898f2ce880ae,0.0747264476954037,data/public_test/public_test/343cd91ac53b49dba487898f2ce880ae.jpeg
34473355de5f40b3883e6712722fc436,0.3820347678545137,data/public_test/public_test/34473355de5f40b3883e6712722fc436.jpeg
344a76ded9f34f2b919f8669135ef9a0,0.5047229577642156,data/public_test/public_test/344a76ded9f34f2b919f8669135ef9a0.jpeg
344e1444b4484b6d8c454823a65192c3,0.5825848378791274,data/public_test/public_test/344e1444b4484b6d8c454823a65192c3.jpeg
34504f611ada4411b88222d6b76e52a3,0.1424613913571814,data/public_test/public_test/34504f611ada4411b88222d6b76e52a3.jpeg
3454a93e41ed4cf7a8bcafdefb7d4786,0.673563499414129,data/public_test/public_test/3454a93e41ed4cf7a8bcafdefb7d4786.jpeg
345aab84bf5c415eb15c3fb0c42f0dcd,0.6749693704371172,data/public_test/public_test/345aab84bf5c415eb15c3fb0c42f0dcd.jpeg
34653547dd74405e90ece3f90e173af1,0.8474936734870488,data/public_test/public_test/34653547dd74405e90ece3f90e173af1.jpeg
34692dd5e1b242c3856a26c3a15333cb,0.6323811524596458,data/public_test/public_test/34692dd5e1b242c3856a26c3a15333cb.jpeg
346b71fb59aa4c9ea9224218c8b93873,0.7197134333318017,data/public_test/public_test/346b71fb59aa4c9ea9224218c8b93873.jpeg
3477235b4dc2456bb4631395101a08a3,0.888464586499687,data/public_test/public_test/3477235b4dc2456bb4631395101a08a3.jpeg
347d95bf682c4d6c855648e79c0d35b4,0.1794738008280971,data/public_test/public_test/347d95bf682c4d6c855648e79c0d35b4.jpeg
3482c2b21dd3426193ff54e0d648084f,0.8669475200249463,data/public_test/public_test/3482c2b21dd3426193ff54e0d648084f.jpeg
34906b0ee1084a44badea060d8974ada,0.7623637137574516,data/public_test/public_test/34906b0ee1084a44badea060d8974ada.jpeg
34944d6e48424454912d249c4a40c2ba,0.8148502024850153,data/public_test/public_test/34944d6e48424454912d249c4a40c2ba.jpeg
34984c6440d1494a85aa1129fe8b0fc8,0.6473319887212962,data/public_test/public_test/34984c6440d1494a85aa1129fe8b0fc8.jpeg
349b60a28651426d9b79bf263d06c2ca,0.8704061551303114,data/public_test/public_test/349b60a28651426d9b79bf263d06c2ca.jpeg
34a0a316c7274d7fb0949b2450c9ef21,0.2085267357727387,data/public_test/public_test/34a0a316c7274d7fb0949b2450c9ef21.jpeg
34aa5ab4db1347ffa31442918ef89d0a,0.8923860845306462,data/public_test/public_test/34aa5ab4db1347ffa31442918ef89d0a.jpeg
34adc316859147caa0add0a71578d843,0.4141092032304998,data/public_test/public_test/34adc316859147caa0add0a71578d843.jpeg
34bc9adaabb9459eb8beb0a337cc82ff,0.5825848378791274,data/public_test/public_test/34bc9adaabb9459eb8beb0a337cc82ff.jpeg
34bf05c3f80d46d486c0bd6c115b9226,0.6958932517140765,data/public_test/public_test/34bf05c3f80d46d486c0bd6c115b9226.jpeg
34c22369c44144d6896ca06d3b00b48a,0.5317436023438579,data/public_test/public_test/34c22369c44144d6896ca06d3b00b48a.jpeg
34c8e752b6e540ed991a653723471f11,0.4984746916818579,data/public_test/public_test/34c8e752b6e540ed991a653723471f11.jpeg
34cf7b35bba344298d7673f7c3f894fa,0.6873821902720395,data/public_test/public_test/34cf7b35bba344298d7673f7c3f894fa.jpeg
34d3db1e2bac4377bf0e6f7d9adf5e3f,0.4574441122122254,data/public_test/public_test/34d3db1e2bac4377bf0e6f7d9adf5e3f.jpeg
34da7ec321374de083b24f128d9f150c,0.5990926085874261,data/public_test/public_test/34da7ec321374de083b24f128d9f150c.jpeg
34e54a6936d148279dec55cc3e2abf36,0.5825848378791274,data/public_test/public_test/34e54a6936d148279dec55cc3e2abf36.jpeg
34ebdbd29e1e49699fa99a10a061c19a,0.889061690425646,data/public_test/public_test/34ebdbd29e1e49699fa99a10a061c19a.jpeg
34edaea5974f48b28ada51dedaabcfc6,0.6862503696097016,data/public_test/public_test/34edaea5974f48b28ada51dedaabcfc6.jpeg
34efaa4214e548a28d9bd2b97d6605ba,0.2477677226836804,data/public_test/public_test/34efaa4214e548a28d9bd2b97d6605ba.jpeg
34f63eef381241f5b70c649b743d3992,0.6323811524596458,data/public_test/public_test/34f63eef381241f5b70c649b743d3992.jpeg
34f83f8eb7ee4543954aeac0e7f2b9c4,0.7966362049750623,data/public_test/public_test/34f83f8eb7ee4543954aeac0e7f2b9c4.jpeg
34fbf16af85d49b1986e11723c8f2714,0.5994530237874719,data/public_test/public_test/34fbf16af85d49b1986e11723c8f2714.jpeg
34fc9d94c645496d89e0142c72c5b732,0.6749693704371172,data/public_test/public_test/34fc9d94c645496d89e0142c72c5b732.jpeg
350caa72ce5e44369cfc5114c070b050,0.3903098391739892,data/public_test/public_test/350caa72ce5e44369cfc5114c070b050.jpeg
350fd63bcdd94e19a82669c9dcf641bd,0.6816469746709298,data/public_test/public_test/350fd63bcdd94e19a82669c9dcf641bd.jpeg
35214647783b4629930d94b101e1eb55,0.7740061569326745,data/public_test/public_test/35214647783b4629930d94b101e1eb55.jpeg
3529ec0b71544f3a8b59b762c725a747,0.8317130697295584,data/public_test/public_test/3529ec0b71544f3a8b59b762c725a747.jpeg
3534db129f7b49199836262d5ef2c648,0.4843136224163049,data/public_test/public_test/3534db129f7b49199836262d5ef2c648.jpeg
353764eba2b84726b911206b627d0d23,0.3117022941284966,data/public_test/public_test/353764eba2b84726b911206b627d0d23.jpeg
3538d1e389394d62840121c7e29086ce,0.1054765849054292,data/public_test/public_test/3538d1e389394d62840121c7e29086ce.jpeg
353b7966b9574e8da9e76c247e923a86,0.1890581844529565,data/public_test/public_test/353b7966b9574e8da9e76c247e923a86.jpeg
355db20f54dd4e71800c5db03111e586,0.170395054575088,data/public_test/public_test/355db20f54dd4e71800c5db03111e586.jpeg
356b38979e0e473994ed6a8ab6c1a6f1,0.355120825385677,data/public_test/public_test/356b38979e0e473994ed6a8ab6c1a6f1.jpeg
3572be42f2134791a6dee6f73ae3d8da,0.5994530237874719,data/public_test/public_test/3572be42f2134791a6dee6f73ae3d8da.jpeg
357b2f6b1ca6427c8643f82d6e94e7b4,0.3704342681696063,data/public_test/public_test/357b2f6b1ca6427c8643f82d6e94e7b4.jpeg
357f9f45630a434dae795e6c8c7a4f0b,0.5654820754284418,data/public_test/public_test/357f9f45630a434dae795e6c8c7a4f0b.jpeg
3587176077fb4b0198fa283908abed53,0.5351811633695897,data/public_test/public_test/3587176077fb4b0198fa283908abed53.jpeg
359116e8fade43058482d158332f565e,0.9295392325588844,data/public_test/public_test/359116e8fade43058482d158332f565e.jpeg
35a6c4b98f0e4074a8318bdd17d96fe4,0.5652688240263136,data/public_test/public_test/35a6c4b98f0e4074a8318bdd17d96fe4.jpeg
35b35fe9dbf34caa8c43e8831463d83c,0.109143897744102,data/public_test/public_test/35b35fe9dbf34caa8c43e8831463d83c.jpeg
35ba90102c264a6998e7d06aa640105f,0.5317436023438579,data/public_test/public_test/35ba90102c264a6998e7d06aa640105f.jpeg
35c698619ea54b15a362c3dc89d3a094,0.6473319887212962,data/public_test/public_test/35c698619ea54b15a362c3dc89d3a094.jpeg
35d2611370cb46e69945504e6a2ad635,0.6296920726092577,data/public_test/public_test/35d2611370cb46e69945504e6a2ad635.jpeg
35d528fea8a04254a3c37f51f134ce50,0.8329742438977159,data/public_test/public_test/35d528fea8a04254a3c37f51f134ce50.jpeg
35de1b89d482427a8d0e8152331e6eb6,0.9105787569003864,data/public_test/public_test/35de1b89d482427a8d0e8152331e6eb6.jpeg
35e4784c7b804d979396ed08c69ac9c4,0.7287115591206345,data/public_test/public_test/35e4784c7b804d979396ed08c69ac9c4.jpeg
35ed771656204badb8a8dd93dc1610cb,0.4492118740107715,data/public_test/public_test/35ed771656204badb8a8dd93dc1610cb.jpeg
35f5a52433cb487dbc9d0deeb8e5c45a,0.3944471456045022,data/public_test/public_test/35f5a52433cb487dbc9d0deeb8e5c45a.jpeg
360dd419d25a4da499917ed890a94586,0.6873821902720395,data/public_test/public_test/360dd419d25a4da499917ed890a94586.jpeg
3622a351b8ba4f3b9222b51a620600ed,0.889061690425646,data/public_test/public_test/3622a351b8ba4f3b9222b51a620600ed.jpeg
36272dcd68654f6c8dabba9f707cfd0f,0.9285771752400106,data/public_test/public_test/36272dcd68654f6c8dabba9f707cfd0f.jpeg
3629bcd0e814417ca4806eade86143ee,0.1549561442664846,data/public_test/public_test/3629bcd0e814417ca4806eade86143ee.jpeg
36343cab741b452a8f73b5ecb8b8b0a3,0.889061690425646,data/public_test/public_test/36343cab741b452a8f73b5ecb8b8b0a3.jpeg
3637c68ebf9f403baf0789bc3f9965c5,0.8163619596719253,data/public_test/public_test/3637c68ebf9f403baf0789bc3f9965c5.jpeg
363e6ba1019f459088a901b12e74fa1b,0.1503540237330463,data/public_test/public_test/363e6ba1019f459088a901b12e74fa1b.jpeg
3640a76f38bb4e8c871e695b5e0e4f6d,0.67219710220945,data/public_test/public_test/3640a76f38bb4e8c871e695b5e0e4f6d.jpeg
3640cedde6de4067aacd1b7bcc869bfb,0.1413895182305304,data/public_test/public_test/3640cedde6de4067aacd1b7bcc869bfb.jpeg
3642b06b2bc749888fdaf0d2fc08235f,0.8575604277174326,data/public_test/public_test/3642b06b2bc749888fdaf0d2fc08235f.jpeg
36457bc76af84a94b0cc7020bec9bdab,0.7369014963433388,data/public_test/public_test/36457bc76af84a94b0cc7020bec9bdab.jpeg
364645add9cf416a8bc1b96a5ccf17e6,0.5652667227584187,data/public_test/public_test/364645add9cf416a8bc1b96a5ccf17e6.jpeg
36620b8317d8494f9900a9d2a5209bc5,0.4340281558656926,data/public_test/public_test/36620b8317d8494f9900a9d2a5209bc5.jpeg
36683496cc6943c7b5e1431458c4086d,0.1440776102121161,data/public_test/public_test/36683496cc6943c7b5e1431458c4086d.jpeg
366db1d2cf454047a5c0255967f5caa8,0.4912454691497102,data/public_test/public_test/366db1d2cf454047a5c0255967f5caa8.jpeg
36713b018ef84286a034ce0ac4fba03e,0.1964553255790918,data/public_test/public_test/36713b018ef84286a034ce0ac4fba03e.jpeg
367946cb4667400e8edec2114c5e3435,0.220808684822686,data/public_test/public_test/367946cb4667400e8edec2114c5e3435.jpeg
368055f8d3b740f082bd3a3018330757,0.3041532872764143,data/public_test/public_test/368055f8d3b740f082bd3a3018330757.jpeg
3689d905e1934354bbe44d566824e60a,0.1884405877071845,data/public_test/public_test/3689d905e1934354bbe44d566824e60a.jpeg
368b6ccf62c74907b455ea0606c0a50c,0.153124343512302,data/public_test/public_test/368b6ccf62c74907b455ea0606c0a50c.jpeg
36998282a5bc4bbd9b72ce827e60ab7a,0.5825848378791274,data/public_test/public_test/36998282a5bc4bbd9b72ce827e60ab7a.jpeg
369b3caad4f04ca1b74e41bdd4a6b33a,0.90706010876527,data/public_test/public_test/369b3caad4f04ca1b74e41bdd4a6b33a.jpeg
36a477d6485a4a5886095615986a9967,0.1547837093109829,data/public_test/public_test/36a477d6485a4a5886095615986a9967.jpeg
36afc2a72712436c83515d95e06be64f,0.6873821902720395,data/public_test/public_test/36afc2a72712436c83515d95e06be64f.jpeg
36b10149b98f415e8dcf9cbe84b21ada,0.548166061575628,data/public_test/public_test/36b10149b98f415e8dcf9cbe84b21ada.jpeg
36b2a45191174f7a967af05374610d55,0.1736787604926709,data/public_test/public_test/36b2a45191174f7a967af05374610d55.jpeg
36b4875a320b41879aa9e2deaae0fbd9,0.8908127779323943,data/public_test/public_test/36b4875a320b41879aa9e2deaae0fbd9.jpeg
36b65b414aff4213bc03fddf981dd3c8,0.5825848378791274,data/public_test/public_test/36b65b414aff4213bc03fddf981dd3c8.jpeg
36c096333c4f435894539edc068a67af,0.7097096120748673,data/public_test/public_test/36c096333c4f435894539edc068a67af.jpeg
36d173951ebf43cea0f9d90ba390acc9,0.3869826479266614,data/public_test/public_test/36d173951ebf43cea0f9d90ba390acc9.jpeg
36dd650905d349f38d5904fb9a20cd8c,0.888464586499687,data/public_test/public_test/36dd650905d349f38d5904fb9a20cd8c.jpeg
36eec859ce4845c88067770fe95fc4e3,0.1701435791997099,data/public_test/public_test/36eec859ce4845c88067770fe95fc4e3.jpeg
3703f6206803410a833099a690d59f65,0.5654820754284418,data/public_test/public_test/3703f6206803410a833099a690d59f65.jpeg
37044bab81344485b6097e76c3c7ec9a,0.0388549093478299,data/public_test/public_test/37044bab81344485b6097e76c3c7ec9a.jpeg
3708f18b0b134538a61302649f68039d,0.8669475200249463,data/public_test/public_test/3708f18b0b134538a61302649f68039d.jpeg
3723f3f3dcc24d8695afba1de52b6bef,0.5990926085874261,data/public_test/public_test/3723f3f3dcc24d8695afba1de52b6bef.jpeg
37296d952a9540868e476d97eb2583dd,0.4175853975673831,data/public_test/public_test/37296d952a9540868e476d97eb2583dd.jpeg
372aeb1eeede4432a77d70178912d350,0.0267207408315719,data/public_test/public_test/372aeb1eeede4432a77d70178912d350.jpeg
37313fa6ea424866aaef98be0d45d3f9,0.4394444631299771,data/public_test/public_test/37313fa6ea424866aaef98be0d45d3f9.jpeg
37387baa873f4217aca5bd19ac75c8d3,0.8799156312836408,data/public_test/public_test/37387baa873f4217aca5bd19ac75c8d3.jpeg
3738e2d9778b4816b7e87694e80353d2,0.571293448346141,data/public_test/public_test/3738e2d9778b4816b7e87694e80353d2.jpeg
373c631d61ed44d6a563cd03c021bb65,0.2049476325229377,data/public_test/public_test/373c631d61ed44d6a563cd03c021bb65.jpeg
373c6d51d359400fa0cbe960bd6ad639,0.7274947790123633,data/public_test/public_test/373c6d51d359400fa0cbe960bd6ad639.jpeg
375a22da47e949bd86aed80818d45f3b,0.0813359804006426,data/public_test/public_test/375a22da47e949bd86aed80818d45f3b.jpeg
375be2c7afba4a33b830b1a7f30e6a1b,0.2090395379223263,data/public_test/public_test/375be2c7afba4a33b830b1a7f30e6a1b.jpeg
3779cd0cf9b9477081f78cde38518e4d,0.09724386914309,data/public_test/public_test/3779cd0cf9b9477081f78cde38518e4d.jpeg
377f4ef5ed9448bd837142e47ad07fbd,0.4389328125843525,data/public_test/public_test/377f4ef5ed9448bd837142e47ad07fbd.jpeg
3790c6d433c543d6af2f9351c49fe678,0.8052089113406179,data/public_test/public_test/3790c6d433c543d6af2f9351c49fe678.jpeg
3798e71d401740d28b99682bf8314b88,0.9295392325588844,data/public_test/public_test/3798e71d401740d28b99682bf8314b88.jpeg
37a31a53484a4320bdea0888727269f3,0.8810885139953463,data/public_test/public_test/37a31a53484a4320bdea0888727269f3.jpeg
37afc51d3bba485383570c4c77abb02d,0.1528631586418984,data/public_test/public_test/37afc51d3bba485383570c4c77abb02d.jpeg
37c799e170754c47b2f45299961b9a59,0.3701354487725311,data/public_test/public_test/37c799e170754c47b2f45299961b9a59.jpeg
37d61162aa494a059a6e98748c895bc4,0.2086091545947628,data/public_test/public_test/37d61162aa494a059a6e98748c895bc4.jpeg
37dfb9e360224ecfafd5ca209d135be0,0.1897164229945172,data/public_test/public_test/37dfb9e360224ecfafd5ca209d135be0.jpeg
37e7f54075a849d5b3fbb2acb69aa53b,0.170015994033625,data/public_test/public_test/37e7f54075a849d5b3fbb2acb69aa53b.jpeg
37fbd311ac4345238027c56fa8d0fe32,0.1808023943131051,data/public_test/public_test/37fbd311ac4345238027c56fa8d0fe32.jpeg
3819aabf879e4d75ab16c8d7956ce222,0.8718523022738962,data/public_test/public_test/3819aabf879e4d75ab16c8d7956ce222.jpeg
382230bd81d1472a9f18f9eea4caaa02,0.1805006495144933,data/public_test/public_test/382230bd81d1472a9f18f9eea4caaa02.jpeg
38317f7ad5d0418194aab52f1ea69dfa,0.1376755872627059,data/public_test/public_test/38317f7ad5d0418194aab52f1ea69dfa.jpeg
3831e5bcfbbd4659afa0b0aa520b4612,0.6320539591236926,data/public_test/public_test/3831e5bcfbbd4659afa0b0aa520b4612.jpeg
383224406e4647408a77b3074b5fc3cf,0.8888674363955301,data/public_test/public_test/383224406e4647408a77b3074b5fc3cf.jpeg
3832fbc1f1a24a029aa15cf5af1f5e56,0.396452298231086,data/public_test/public_test/3832fbc1f1a24a029aa15cf5af1f5e56.jpeg
384453e1f44943ceb208f3a87d44bd6a,0.1933026214346122,data/public_test/public_test/384453e1f44943ceb208f3a87d44bd6a.jpeg
3850be1961b24c35969e51ee0998bdc2,0.8690107399617891,data/public_test/public_test/3850be1961b24c35969e51ee0998bdc2.jpeg
385385de6eee4077af9f0fc6f21c6311,0.6323811524596458,data/public_test/public_test/385385de6eee4077af9f0fc6f21c6311.jpeg
3853a47e9621486a8b037af4bc30d5da,0.1506924970571077,data/public_test/public_test/3853a47e9621486a8b037af4bc30d5da.jpeg
38628c034a4d47d9bc9e34d150480315,0.3707746244480149,data/public_test/public_test/38628c034a4d47d9bc9e34d150480315.jpeg
3868d8bab9de4cf697eacfbe04c2e06d,0.1587918532600302,data/public_test/public_test/3868d8bab9de4cf697eacfbe04c2e06d.jpeg
386ed2b67cd14030a85e642596351658,0.3530318949352358,data/public_test/public_test/386ed2b67cd14030a85e642596351658.jpeg
38774e850b3f44fbba764f56cd8f857d,0.2012311582022847,data/public_test/public_test/38774e850b3f44fbba764f56cd8f857d.jpeg
387bdbbba23144d9918a51b916352499,0.2566825154625087,data/public_test/public_test/387bdbbba23144d9918a51b916352499.jpeg
387e4fc7f7b84c128375b106ab272101,0.0948979945629056,data/public_test/public_test/387e4fc7f7b84c128375b106ab272101.jpeg
388da940099e46d3a51377f04ecf04de,0.5317436023438579,data/public_test/public_test/388da940099e46d3a51377f04ecf04de.jpeg
38a78d1ad7eb47aebca893c19eb2031e,0.1881769413515327,data/public_test/public_test/38a78d1ad7eb47aebca893c19eb2031e.jpeg
38c655fecf8144e0884e035e3679a36b,0.3391266755027691,data/public_test/public_test/38c655fecf8144e0884e035e3679a36b.jpeg
38ced0f675ea4e47acf0e56f0048ef2a,0.6293316574092118,data/public_test/public_test/38ced0f675ea4e47acf0e56f0048ef2a.jpeg
38ddd8ca564a49a0aef542846911ac81,0.8908127779323943,data/public_test/public_test/38ddd8ca564a49a0aef542846911ac81.jpeg
38dfd4dc8bb54757829d0ca540ab6218,0.747245477396489,data/public_test/public_test/38dfd4dc8bb54757829d0ca540ab6218.jpeg
38e39139a5ed404a90e6b9f806ca7826,0.9295392325588844,data/public_test/public_test/38e39139a5ed404a90e6b9f806ca7826.jpeg
38f0179db91242e08d5f1826bee6dead,0.220936390061222,data/public_test/public_test/38f0179db91242e08d5f1826bee6dead.jpeg
38f29cc25fa342dcb25b35b0d65c6a21,0.7376894431502338,data/public_test/public_test/38f29cc25fa342dcb25b35b0d65c6a21.jpeg
3902262a5cd648c88f7f909f447ad053,0.7732608604062051,data/public_test/public_test/3902262a5cd648c88f7f909f447ad053.jpeg
3909583545bc4969b4dab2c805b0ddb7,0.3422403861187438,data/public_test/public_test/3909583545bc4969b4dab2c805b0ddb7.jpeg
390c9783f86a42709ffb1fe2aca9f0ce,0.9103845028702704,data/public_test/public_test/390c9783f86a42709ffb1fe2aca9f0ce.jpeg
390dc2f38f4b49879b17fabc688635bc,0.130132201984472,data/public_test/public_test/390dc2f38f4b49879b17fabc688635bc.jpeg
392c6c0deeca4f4aa3b926c23c02b677,0.7943117646918644,data/public_test/public_test/392c6c0deeca4f4aa3b926c23c02b677.jpeg
393584ca15664261bd2a6d180fd8c480,0.2225145268467127,data/public_test/public_test/393584ca15664261bd2a6d180fd8c480.jpeg
3937ed19043a4033944ee6d3dbdf06e4,0.4912454691497102,data/public_test/public_test/3937ed19043a4033944ee6d3dbdf06e4.jpeg
393e7bcde29a417b8c982ee54435000f,0.6323811524596458,data/public_test/public_test/393e7bcde29a417b8c982ee54435000f.jpeg
3943c0db0fd643e892b4ef2bdb3efb56,0.4841655225990522,data/public_test/public_test/3943c0db0fd643e892b4ef2bdb3efb56.jpeg
394b4ffa9cc141dcbe6373a8e7c99814,0.157298962457004,data/public_test/public_test/394b4ffa9cc141dcbe6373a8e7c99814.jpeg
3954a0ae04284904ab8603640169581e,0.4298904346394394,data/public_test/public_test/3954a0ae04284904ab8603640169581e.jpeg
3959223a1df341dc9b6e3f2ae684dba5,0.3560601412551985,data/public_test/public_test/3959223a1df341dc9b6e3f2ae684dba5.jpeg
3966b6f15cf94be1ab20c6c7ff92d4e5,0.15052420460117,data/public_test/public_test/3966b6f15cf94be1ab20c6c7ff92d4e5.jpeg
396c721d05564ce7919567fef8e229bd,0.4713269858886446,data/public_test/public_test/396c721d05564ce7919567fef8e229bd.jpeg
397d356d11674a3b9007de1e410df79e,0.6600185341754669,data/public_test/public_test/397d356d11674a3b9007de1e410df79e.jpeg
398c06ad3d1948098ceae210180b1cd3,0.5317436023438579,data/public_test/public_test/398c06ad3d1948098ceae210180b1cd3.jpeg
3994fe0d3fd34f479e8b228703b4d7d3,0.5654820754284418,data/public_test/public_test/3994fe0d3fd34f479e8b228703b4d7d3.jpeg
39b116067aae4ab49fa96bbff10976c0,0.5317436023438579,data/public_test/public_test/39b116067aae4ab49fa96bbff10976c0.jpeg
39c3d0de53e44df19a9ac7bd1c816b7a,0.1678840203383726,data/public_test/public_test/39c3d0de53e44df19a9ac7bd1c816b7a.jpeg
39c67bd720ae47029a53599b7b5364c0,0.1209666870120046,data/public_test/public_test/39c67bd720ae47029a53599b7b5364c0.jpeg
39c76315b3604ca09f0f0db613792bf7,0.4713269858886446,data/public_test/public_test/39c76315b3604ca09f0f0db613792bf7.jpeg
39f103c6c6e9423bba8c5a42949dff41,0.0905067348982503,data/public_test/public_test/39f103c6c6e9423bba8c5a42949dff41.jpeg
39f9b990697c41868d2db2d9126d0126,0.1296682283887046,data/public_test/public_test/39f9b990697c41868d2db2d9126d0126.jpeg
39fb540acdf946b298a1d92ce1dd2e9d,0.1127727410067841,data/public_test/public_test/39fb540acdf946b298a1d92ce1dd2e9d.jpeg
39fb7104bcd44678b6794e2f632b2465,0.3969198139641618,data/public_test/public_test/39fb7104bcd44678b6794e2f632b2465.jpeg
39fc2f0122964dd8a248c7971980e9cf,0.7724304679878354,data/public_test/public_test/39fc2f0122964dd8a248c7971980e9cf.jpeg
39fe7532fdbd49c99a1b9e73abfd3cbe,0.17197131386407,data/public_test/public_test/39fe7532fdbd49c99a1b9e73abfd3cbe.jpeg
3a05475f2e4a48f097d8318a2db6204c,0.3670642192439827,data/public_test/public_test/3a05475f2e4a48f097d8318a2db6204c.jpeg
3a1db8ebcfb9453289e5f071ee81e151,0.6860157930673605,data/public_test/public_test/3a1db8ebcfb9453289e5f071ee81e151.jpeg
3a2c5412705d4b689ccd76f3d04eb717,0.8550884142984154,data/public_test/public_test/3a2c5412705d4b689ccd76f3d04eb717.jpeg
3a2f558d9865409f83057166fce01a86,0.4846773259641601,data/public_test/public_test/3a2f558d9865409f83057166fce01a86.jpeg
3a342aba2e074c37a30a1c375fa85a5b,0.3822905003440682,data/public_test/public_test/3a342aba2e074c37a30a1c375fa85a5b.jpeg
3a4587e17506409b84cf4c4dbb4f305b,0.2185445850395605,data/public_test/public_test/3a4587e17506409b84cf4c4dbb4f305b.jpeg
3a50c2af7340406392f43e5d185489ea,0.5316660164379918,data/public_test/public_test/3a50c2af7340406392f43e5d185489ea.jpeg
3a518f5807f045fdb20e81995fba55f8,0.4713269858886446,data/public_test/public_test/3a518f5807f045fdb20e81995fba55f8.jpeg
3a57cc8e1a6b47b1851e5fbeddec81a2,0.1862172388766213,data/public_test/public_test/3a57cc8e1a6b47b1851e5fbeddec81a2.jpeg
3a5926f0f28340b9a91057f3aba1439e,0.8718523022738962,data/public_test/public_test/3a5926f0f28340b9a91057f3aba1439e.jpeg
3a5ff2eb049441c4aa8eda62c46b7de3,0.6862503696097016,data/public_test/public_test/3a5ff2eb049441c4aa8eda62c46b7de3.jpeg
3a61c0e16d2d4ec4bd683ee9f6137be4,0.638355692922755,data/public_test/public_test/3a61c0e16d2d4ec4bd683ee9f6137be4.jpeg
3a64ac410c4e452a9cde0b7e8ec78c5e,0.9295392325588844,data/public_test/public_test/3a64ac410c4e452a9cde0b7e8ec78c5e.jpeg
3a6a426f1ead4173946562167c1067ca,0.411017008779092,data/public_test/public_test/3a6a426f1ead4173946562167c1067ca.jpeg
3a6fc5f174164fd8952be9d9e95311dd,0.3824610523452226,data/public_test/public_test/3a6fc5f174164fd8952be9d9e95311dd.jpeg
3a73eb7b2bf64c8cbc36ccb11fb9dcd8,0.5047229577642156,data/public_test/public_test/3a73eb7b2bf64c8cbc36ccb11fb9dcd8.jpeg
3a79ce076bc44008aa221dad44cee929,0.6873821902720395,data/public_test/public_test/3a79ce076bc44008aa221dad44cee929.jpeg
3a835b4ef56a411fbb575a5b42d0283a,0.8923860845306462,data/public_test/public_test/3a835b4ef56a411fbb575a5b42d0283a.jpeg
3a861fc5a0a84c4b9158f5d3e63c41fb,0.6600185341754669,data/public_test/public_test/3a861fc5a0a84c4b9158f5d3e63c41fb.jpeg
3a8db2ebfd4d4cf89115ed1da22c1bfd,0.6323811524596458,data/public_test/public_test/3a8db2ebfd4d4cf89115ed1da22c1bfd.jpeg
3a8f26fb1f0d446083b7be4bf0ff4666,0.2643598879516083,data/public_test/public_test/3a8f26fb1f0d446083b7be4bf0ff4666.jpeg
3a90c752ee104c0fac4272d65e16ef2b,0.0783929855209829,data/public_test/public_test/3a90c752ee104c0fac4272d65e16ef2b.jpeg
3aa1758b17494950bc82eced3217b194,0.5990926085874261,data/public_test/public_test/3aa1758b17494950bc82eced3217b194.jpeg
3aae0eea0a6244da81c4afa25d9f18ef,0.2466121918056232,data/public_test/public_test/3aae0eea0a6244da81c4afa25d9f18ef.jpeg
3ab01436840a481bad2cc95309c3d0dd,0.6473319887212962,data/public_test/public_test/3ab01436840a481bad2cc95309c3d0dd.jpeg
3ab2efa5e60c4a939027ba9edef9bcd1,0.6873821902720395,data/public_test/public_test/3ab2efa5e60c4a939027ba9edef9bcd1.jpeg
3acacad5642a41dab462f707a991ed66,0.9285771752400106,data/public_test/public_test/3acacad5642a41dab462f707a991ed66.jpeg
3ad04ded730e42499f7d0b70ba2143b0,0.6749693704371172,data/public_test/public_test/3ad04ded730e42499f7d0b70ba2143b0.jpeg
3ad072a174de4839a104470368dd0dfa,0.1550435624687468,data/public_test/public_test/3ad072a174de4839a104470368dd0dfa.jpeg
3ad6c0b6d3094e939974a1593b2631df,0.5654820754284418,data/public_test/public_test/3ad6c0b6d3094e939974a1593b2631df.jpeg
3ae103c99d0d4991abb4a96d21b2f2eb,0.1642928825542651,data/public_test/public_test/3ae103c99d0d4991abb4a96d21b2f2eb.jpeg
3ae31fa46ee840d683a1649b09dbb9ac,0.2004625362377234,data/public_test/public_test/3ae31fa46ee840d683a1649b09dbb9ac.jpeg
3aed9abbce8349f18f53d9976757f71d,0.6873821902720395,data/public_test/public_test/3aed9abbce8349f18f53d9976757f71d.jpeg
3aee539f7bea4aa496c8eba7005c821d,0.8922415623266536,data/public_test/public_test/3aee539f7bea4aa496c8eba7005c821d.jpeg
3af1f9f5a8f64a92a4e0b5e99d5958e5,0.3986687483535479,data/public_test/public_test/3af1f9f5a8f64a92a4e0b5e99d5958e5.jpeg
3af2c84c46e443cfb085e27ff9ebc7da,0.7097096120748673,data/public_test/public_test/3af2c84c46e443cfb085e27ff9ebc7da.jpeg
3af51534fada416c9835266fc7c1b549,0.2157309982441074,data/public_test/public_test/3af51534fada416c9835266fc7c1b549.jpeg
3af870c2026342fd9cfb63967cea8207,0.7461566071957048,data/public_test/public_test/3af870c2026342fd9cfb63967cea8207.jpeg
3b00ac6145bf4a18849aa49c5b5ef26e,0.7810031743533911,data/public_test/public_test/3b00ac6145bf4a18849aa49c5b5ef26e.jpeg
3b0af4745ce840edbb265c7cf2765c7f,0.888464586499687,data/public_test/public_test/3b0af4745ce840edbb265c7cf2765c7f.jpeg
3b14d08eb44f4d3592d71d0d43f6de42,0.1351251228703907,data/public_test/public_test/3b14d08eb44f4d3592d71d0d43f6de42.jpeg
3b183a94af4142479329bca588cd4499,0.1425829346958389,data/public_test/public_test/3b183a94af4142479329bca588cd4499.jpeg
3b1cbb8b1816403baa43ec29a46018ad,0.3906937790232391,data/public_test/public_test/3b1cbb8b1816403baa43ec29a46018ad.jpeg
3b2a584dfdda4ea09cbc0c5f10097f1b,0.7097096120748673,data/public_test/public_test/3b2a584dfdda4ea09cbc0c5f10097f1b.jpeg
3b397568446a420a9af101230fea2437,0.114776196245536,data/public_test/public_test/3b397568446a420a9af101230fea2437.jpeg
3b3e04484a234e7c918e00b5ad327ea5,0.5185203234819132,data/public_test/public_test/3b3e04484a234e7c918e00b5ad327ea5.jpeg
3b41b0bd7c31488685df3c1b24f16307,0.1740241761875431,data/public_test/public_test/3b41b0bd7c31488685df3c1b24f16307.jpeg
3b55508ca3f844a2abf737ca5b5751b3,0.5044687480116549,data/public_test/public_test/3b55508ca3f844a2abf737ca5b5751b3.jpeg
3b58c443ac3640a6b44c6a23be8f0a52,0.5990051958430026,data/public_test/public_test/3b58c443ac3640a6b44c6a23be8f0a52.jpeg
3b6d862055cd49fe98368b81ce67bce7,0.2020442533653933,data/public_test/public_test/3b6d862055cd49fe98368b81ce67bce7.jpeg
3b6f377e48c340899c3ed641e2750945,0.4849750756248525,data/public_test/public_test/3b6f377e48c340899c3ed641e2750945.jpeg
3b8d2e7a67524b9ebe126d4b1b649ad3,0.870127391925954,data/public_test/public_test/3b8d2e7a67524b9ebe126d4b1b649ad3.jpeg
3b8d9d586d9749919b39d63b0ee872f2,0.8690107399617891,data/public_test/public_test/3b8d9d586d9749919b39d63b0ee872f2.jpeg
3b956c83253f4400a4c9b55323965df8,0.7925400752085293,data/public_test/public_test/3b956c83253f4400a4c9b55323965df8.jpeg
3ba282eabf39488ba599ad467ae49ee0,0.6473319887212962,data/public_test/public_test/3ba282eabf39488ba599ad467ae49ee0.jpeg
3ba2de3baa984458a9e286792ac3e342,0.1070144946908716,data/public_test/public_test/3ba2de3baa984458a9e286792ac3e342.jpeg
3bab7acba8ef4677adccefaf5e742a5b,0.5825848378791274,data/public_test/public_test/3bab7acba8ef4677adccefaf5e742a5b.jpeg
3bba78a14b5f44788cbf5d296b43698f,0.3547379225257778,data/public_test/public_test/3bba78a14b5f44788cbf5d296b43698f.jpeg
3bc0b4cc4d8942e0a091f453ee0d71a8,0.1485958001022137,data/public_test/public_test/3bc0b4cc4d8942e0a091f453ee0d71a8.jpeg
3bca62ea2b0d4c27ba14099c4479c82b,0.151882000252077,data/public_test/public_test/3bca62ea2b0d4c27ba14099c4479c82b.jpeg
3bd5248a1a074902a386419bd81cb140,0.0862395564672423,data/public_test/public_test/3bd5248a1a074902a386419bd81cb140.jpeg
3be0e52b20cc4b519cf6011adb2ac162,0.0675585371586149,data/public_test/public_test/3be0e52b20cc4b519cf6011adb2ac162.jpeg
3be3e1c56b5f4e579f197617c1be0feb,0.1094435849375287,data/public_test/public_test/3be3e1c56b5f4e579f197617c1be0feb.jpeg
3be62d1a262843a99b54984bb8941356,0.9359383110043225,data/public_test/public_test/3be62d1a262843a99b54984bb8941356.jpeg
3be7f10945e347caab4aa6c393af869f,0.0708033095839186,data/public_test/public_test/3be7f10945e347caab4aa6c393af869f.jpeg
3be8febfd6e949c5bb722b3293fc6f47,0.8417798239599422,data/public_test/public_test/3be8febfd6e949c5bb722b3293fc6f47.jpeg
3bef75a341194f64bbb820f6b96f1efa,0.2808653172471099,data/public_test/public_test/3bef75a341194f64bbb820f6b96f1efa.jpeg
3bf673f39e6a4376b722d0cb303fede0,0.835446257316733,data/public_test/public_test/3bf673f39e6a4376b722d0cb303fede0.jpeg
3bf90545002648d084a00d01b3f8c8e5,0.1781539999212151,data/public_test/public_test/3bf90545002648d084a00d01b3f8c8e5.jpeg
3c145ba6680849a9ad5cb9e300b401a2,0.4084372835491119,data/public_test/public_test/3c145ba6680849a9ad5cb9e300b401a2.jpeg
3c19607aa22f475daddf75f8b98b1671,0.7074064969318822,data/public_test/public_test/3c19607aa22f475daddf75f8b98b1671.jpeg
3c1cb0e87d464f7896443052eba4aa9d,0.4912454691497102,data/public_test/public_test/3c1cb0e87d464f7896443052eba4aa9d.jpeg
3c1db0f14d59458eb979b701b78123d5,0.5825848378791274,data/public_test/public_test/3c1db0f14d59458eb979b701b78123d5.jpeg
3c1f490e97554d0b9f7270d362d03067,0.5825848378791274,data/public_test/public_test/3c1f490e97554d0b9f7270d362d03067.jpeg
3c28f896967247829df81d1e9b627286,0.1854496593592494,data/public_test/public_test/3c28f896967247829df81d1e9b627286.jpeg
3c2f65d96a6d4ea2a77bf50325f6a8f3,0.6323811524596458,data/public_test/public_test/3c2f65d96a6d4ea2a77bf50325f6a8f3.jpeg
3c545a23ed22454b92490425353a3d13,0.1029179501285983,data/public_test/public_test/3c545a23ed22454b92490425353a3d13.jpeg
3c56dfaab70642b18a9085b9cb9a7180,0.5317436023438579,data/public_test/public_test/3c56dfaab70642b18a9085b9cb9a7180.jpeg
3c5c3e09a98c42bc960f286390a4db61,0.3620306729357915,data/public_test/public_test/3c5c3e09a98c42bc960f286390a4db61.jpeg
3c5d3cfb543f44ab8a3a673f86929d54,0.0501162643945173,data/public_test/public_test/3c5d3cfb543f44ab8a3a673f86929d54.jpeg
3c636e492b6a454ba0525daa83a39c26,0.3839971119233499,data/public_test/public_test/3c636e492b6a454ba0525daa83a39c26.jpeg
3c6bbf8c1fb6439c8fc03fd4bf63b75f,0.6749693704371172,data/public_test/public_test/3c6bbf8c1fb6439c8fc03fd4bf63b75f.jpeg
3c74544568a7450ca0cc5a2c461e69c3,0.2906742322622055,data/public_test/public_test/3c74544568a7450ca0cc5a2c461e69c3.jpeg
3c74892f36c7443e8945ed54e605f6a0,0.9105787569003864,data/public_test/public_test/3c74892f36c7443e8945ed54e605f6a0.jpeg
3c7b7d4ebea54a6aa569f47fce966c84,0.6410604845262655,data/public_test/public_test/3c7b7d4ebea54a6aa569f47fce966c84.jpeg
3c88dc32a38248fc8d992155e3411b8d,0.7186874961044666,data/public_test/public_test/3c88dc32a38248fc8d992155e3411b8d.jpeg
3c894dce638a4cc89d9785be3da39462,0.5488463647945435,data/public_test/public_test/3c894dce638a4cc89d9785be3da39462.jpeg
3c8e20dcd4364bd681eff0b7177d624d,0.9832161468561552,data/public_test/public_test/3c8e20dcd4364bd681eff0b7177d624d.jpeg
3c94ba87feeb4d7d8ee944dfa39490c4,0.1689435205447184,data/public_test/public_test/3c94ba87feeb4d7d8ee944dfa39490c4.jpeg
3c9a35a587dd42849fbc80592ea8c1ed,0.5990926085874261,data/public_test/public_test/3c9a35a587dd42849fbc80592ea8c1ed.jpeg
3cac55dbe00a4bd2ae17e3fa00522c48,0.7461566071957048,data/public_test/public_test/3cac55dbe00a4bd2ae17e3fa00522c48.jpeg
3cad36bba0cf44e7adfbc9f6c1f68616,0.1553373388228746,data/public_test/public_test/3cad36bba0cf44e7adfbc9f6c1f68616.jpeg
3cb6c034a49b4e0195fc8f61283f14ca,0.6155129665513012,data/public_test/public_test/3cb6c034a49b4e0195fc8f61283f14ca.jpeg
3cc1614bd28f4609b0fb2bb458393a70,0.116529606062646,data/public_test/public_test/3cc1614bd28f4609b0fb2bb458393a70.jpeg
3cc65a76735847d18ef9de96b313cb4d,0.8487548476552064,data/public_test/public_test/3cc65a76735847d18ef9de96b313cb4d.jpeg
3cc698a43dd6495b8713144b02154cb2,0.8030533693334521,data/public_test/public_test/3cc698a43dd6495b8713144b02154cb2.jpeg
3cc9da118e384df48276de7fd024ece5,0.6749693704371172,data/public_test/public_test/3cc9da118e384df48276de7fd024ece5.jpeg
3cd23dfa420d4be7b4f22f23711fbf83,0.3776839098407445,data/public_test/public_test/3cd23dfa420d4be7b4f22f23711fbf83.jpeg
3cd2666f85fb42dc8cb15cf9cf752cab,0.8329742438977159,data/public_test/public_test/3cd2666f85fb42dc8cb15cf9cf752cab.jpeg
3cd4068405564bada51478bd8a902273,0.8163619596719253,data/public_test/public_test/3cd4068405564bada51478bd8a902273.jpeg
3ce8eae38c8e4df9a6e46c219ee7655f,0.2142816200600195,data/public_test/public_test/3ce8eae38c8e4df9a6e46c219ee7655f.jpeg
3ce8ee8f9bf5468da04d416bfc993305,0.186941687823763,data/public_test/public_test/3ce8ee8f9bf5468da04d416bfc993305.jpeg
3cf8dd21eccd4cc9a8b80b387014e9da,0.6159607944957706,data/public_test/public_test/3cf8dd21eccd4cc9a8b80b387014e9da.jpeg
3cff02edb43941269153639f85033b6e,0.3681302961459472,data/public_test/public_test/3cff02edb43941269153639f85033b6e.jpeg
3d0118c6c7f54b468a32c62fa4b35fb6,0.8955831527168995,data/public_test/public_test/3d0118c6c7f54b468a32c62fa4b35fb6.jpeg
3d08630788934e799732f7f78c1ecc3e,0.9380281747451792,data/public_test/public_test/3d08630788934e799732f7f78c1ecc3e.jpeg
3d09dbf0633a403faf5705fb853198fb,0.1682593804652053,data/public_test/public_test/3d09dbf0633a403faf5705fb853198fb.jpeg
3d11fd09e9cf44e383495b8e49c11ba0,0.7557755334816192,data/public_test/public_test/3d11fd09e9cf44e383495b8e49c11ba0.jpeg
3d1768380ebf4fc895fa91357107ad25,0.078712955407433,data/public_test/public_test/3d1768380ebf4fc895fa91357107ad25.jpeg
3d1d0eedb0f6438ea66ed1a986bbe4d5,0.6972967922399449,data/public_test/public_test/3d1d0eedb0f6438ea66ed1a986bbe4d5.jpeg
3d1e7a9b6dcc44bfa151372ffec4e0e9,0.7176651364903911,data/public_test/public_test/3d1e7a9b6dcc44bfa151372ffec4e0e9.jpeg
3d1e933035994bf7bfb56f50e75ac745,0.835446257316733,data/public_test/public_test/3d1e933035994bf7bfb56f50e75ac745.jpeg
3d20506a150a47cd91a24b3fe6d7e382,0.361178464171727,data/public_test/public_test/3d20506a150a47cd91a24b3fe6d7e382.jpeg
3d2141a84d38488a9129b590bb23a1c4,0.6860157930673605,data/public_test/public_test/3d2141a84d38488a9129b590bb23a1c4.jpeg
3d26ffcb59ed4c0ebf3dfee12291bd5e,0.4496384859718017,data/public_test/public_test/3d26ffcb59ed4c0ebf3dfee12291bd5e.jpeg
3d2c09fb366e4245a129a651096264e5,0.1922763403634396,data/public_test/public_test/3d2c09fb366e4245a129a651096264e5.jpeg
3d326d73989c4cc0b7232ff2ba3f86f8,0.5317436023438579,data/public_test/public_test/3d326d73989c4cc0b7232ff2ba3f86f8.jpeg
3d32be6e680c46719964b4117119c4be,0.0780947828596794,data/public_test/public_test/3d32be6e680c46719964b4117119c4be.jpeg
3d457c3e24994839a7d0ea292f7f1a7a,0.6611506795792067,data/public_test/public_test/3d457c3e24994839a7d0ea292f7f1a7a.jpeg
3d4bb0b5604b443f970a5d1e59323b1c,0.1651893625768456,data/public_test/public_test/3d4bb0b5604b443f970a5d1e59323b1c.jpeg
3d50f0d2d82e4e0cb8d4e49bd3dc954d,0.2246937736117593,data/public_test/public_test/3d50f0d2d82e4e0cb8d4e49bd3dc954d.jpeg
3d53819a92a94241a362c7f1e48cccb5,0.4413214466017365,data/public_test/public_test/3d53819a92a94241a362c7f1e48cccb5.jpeg
3d553ed92b9b41b495f14a03b77add8a,0.2238805420026835,data/public_test/public_test/3d553ed92b9b41b495f14a03b77add8a.jpeg
3d5ece0ebe1b4c2fa774697edeb764e4,0.6461998433175563,data/public_test/public_test/3d5ece0ebe1b4c2fa774697edeb764e4.jpeg
3d6461474dd94c23b439a0fab5f05ab3,0.1533321698227746,data/public_test/public_test/3d6461474dd94c23b439a0fab5f05ab3.jpeg
3d6f5681fdf144caac4c9c0484b4bd0c,0.7810031743533911,data/public_test/public_test/3d6f5681fdf144caac4c9c0484b4bd0c.jpeg
3d73e197ae2646ff86e13b497507928b,0.8702719141299468,data/public_test/public_test/3d73e197ae2646ff86e13b497507928b.jpeg
3d74c63be8b04d76896e9d062ea155fe,0.325861581409718,data/public_test/public_test/3d74c63be8b04d76896e9d062ea155fe.jpeg
3d788da453a24e77905d5b0fba085368,0.1441626269653556,data/public_test/public_test/3d788da453a24e77905d5b0fba085368.jpeg
3d7bd317580d44e89e3b304c2d1fd4f5,0.1489877684321733,data/public_test/public_test/3d7bd317580d44e89e3b304c2d1fd4f5.jpeg
3d82fe5bc3824eedb217b37bb4b8edcf,0.3328993743432708,data/public_test/public_test/3d82fe5bc3824eedb217b37bb4b8edcf.jpeg
3d8a087cf3a04424856da546baddd95a,0.4846773259641601,data/public_test/public_test/3d8a087cf3a04424856da546baddd95a.jpeg
3d9113e8003445d79ae0cd25290ace7b,0.1114922829300829,data/public_test/public_test/3d9113e8003445d79ae0cd25290ace7b.jpeg
3d927efa6f454eebb2adc0de8db93893,0.9239307206829114,data/public_test/public_test/3d927efa6f454eebb2adc0de8db93893.jpeg
3da6c60212a6429f97084c6bcc84ff82,0.1645957080049372,data/public_test/public_test/3da6c60212a6429f97084c6bcc84ff82.jpeg
3dab1ea5bcc8476e9d73fa793da0f970,0.8708690180559059,data/public_test/public_test/3dab1ea5bcc8476e9d73fa793da0f970.jpeg
3db280bcb17e4a02993d03e66407f990,0.1653633475585346,data/public_test/public_test/3db280bcb17e4a02993d03e66407f990.jpeg
3db478324f1345469dc05db94682726d,0.0750023373476919,data/public_test/public_test/3db478324f1345469dc05db94682726d.jpeg
3db4e94599834013b0bb8ba9c267b69e,0.1126849680450072,data/public_test/public_test/3db4e94599834013b0bb8ba9c267b69e.jpeg
3db9a3e96fd444cc9d5f72079a206d4a,0.7279426069568325,data/public_test/public_test/3db9a3e96fd444cc9d5f72079a206d4a.jpeg
3dba638ff8624347a071db0dd2e0a768,0.6473319887212962,data/public_test/public_test/3dba638ff8624347a071db0dd2e0a768.jpeg
3dc6026d3b4e4c3d9a4915bbb95f8473,0.8702719141299468,data/public_test/public_test/3dc6026d3b4e4c3d9a4915bbb95f8473.jpeg
3dce036a4b524d368fe7999f34ec67e7,0.4912454691497102,data/public_test/public_test/3dce036a4b524d368fe7999f34ec67e7.jpeg
3dd6abb0f8594f65bd884f9edece9e02,0.0558735392151434,data/public_test/public_test/3dd6abb0f8594f65bd884f9edece9e02.jpeg
3dfa15d0e5824e32ad90cafe756648f2,0.280994523391285,data/public_test/public_test/3dfa15d0e5824e32ad90cafe756648f2.jpeg
3e0763e7c1b443f0bc521f77e99c95ae,0.5825848378791274,data/public_test/public_test/3e0763e7c1b443f0bc521f77e99c95ae.jpeg
3e0b3b1bb4b64dd49fada0aa3101c038,0.3146874972036482,data/public_test/public_test/3e0b3b1bb4b64dd49fada0aa3101c038.jpeg
3e1a63989b92474ab759e217f8cc1e37,0.3487658408189975,data/public_test/public_test/3e1a63989b92474ab759e217f8cc1e37.jpeg
3e240262fa404a76a259521c1319ec01,0.6455387639709588,data/public_test/public_test/3e240262fa404a76a259521c1319ec01.jpeg
3e2574c3b04b4f56be3966a321007f1c,0.1380644773716456,data/public_test/public_test/3e2574c3b04b4f56be3966a321007f1c.jpeg
3e280ffa4b5e406da0567ed42ecd2517,0.2788619056710675,data/public_test/public_test/3e280ffa4b5e406da0567ed42ecd2517.jpeg
3e494138cfb543d0a24c539f5b23c7cd,0.1378149286133243,data/public_test/public_test/3e494138cfb543d0a24c539f5b23c7cd.jpeg
3e508ff551d44f6a80a7e6fe61a83e01,0.1510279358228586,data/public_test/public_test/3e508ff551d44f6a80a7e6fe61a83e01.jpeg
3e536dfeb24545b5a3f97454127f5f01,0.3677048412467188,data/public_test/public_test/3e536dfeb24545b5a3f97454127f5f01.jpeg
3e577884cf994ad0b00ab9d0c459b7f9,0.7921562226846985,data/public_test/public_test/3e577884cf994ad0b00ab9d0c459b7f9.jpeg
3e586bbcde0a4ac0bacba6d43ac54980,0.5825848378791274,data/public_test/public_test/3e586bbcde0a4ac0bacba6d43ac54980.jpeg
3e5beab5e97f4ec4905e2775633fe26a,0.2502794991864573,data/public_test/public_test/3e5beab5e97f4ec4905e2775633fe26a.jpeg
3e7b431b4f4a482c9f330fe900d31b7b,0.3483819337167797,data/public_test/public_test/3e7b431b4f4a482c9f330fe900d31b7b.jpeg
3e8b174f6fcc42d68c246dc203405adc,0.3721819145090621,data/public_test/public_test/3e8b174f6fcc42d68c246dc203405adc.jpeg
3e8b1d3c00a940c0a59815b33085073e,0.4259664560207963,data/public_test/public_test/3e8b1d3c00a940c0a59815b33085073e.jpeg
3e95100cf3074660985b1de0a7b1c6cf,0.3770021712102542,data/public_test/public_test/3e95100cf3074660985b1de0a7b1c6cf.jpeg
3ea4b02a283c445da73d7d1fcc32e99d,0.7857390583263087,data/public_test/public_test/3ea4b02a283c445da73d7d1fcc32e99d.jpeg
3eacd33890ae43c48d552fb92d51e751,0.9285771752400106,data/public_test/public_test/3eacd33890ae43c48d552fb92d51e751.jpeg
3eb72e04cc0a4458afba76267488b6fe,0.412020212743833,data/public_test/public_test/3eb72e04cc0a4458afba76267488b6fe.jpeg
3ebccbab250c44ee9cba1864810220ae,0.889061690425646,data/public_test/public_test/3ebccbab250c44ee9cba1864810220ae.jpeg
3ebdf78733cf4b949e3054df21d71a81,0.1971365730041003,data/public_test/public_test/3ebdf78733cf4b949e3054df21d71a81.jpeg
3ec38565b47e4b4ca6601468ae35d018,0.2022553652947559,data/public_test/public_test/3ec38565b47e4b4ca6601468ae35d018.jpeg
3ec99edf374147338c189fdb00778e8c,0.9105787569003864,data/public_test/public_test/3ec99edf374147338c189fdb00778e8c.jpeg
3ed3980db4694bcbbe41dfd2ae998746,0.0802262271445791,data/public_test/public_test/3ed3980db4694bcbbe41dfd2ae998746.jpeg
3edc81df4998458db887da13594f3965,0.889061690425646,data/public_test/public_test/3edc81df4998458db887da13594f3965.jpeg
3eee8cc5555a41aa86cea7ab167b5d1e,0.7868036124912794,data/public_test/public_test/3eee8cc5555a41aa86cea7ab167b5d1e.jpeg
3eef017d1868486bb922ee4f0af51947,0.889061690425646,data/public_test/public_test/3eef017d1868486bb922ee4f0af51947.jpeg
3ef57988c0d340169f3f8757e6c73d7b,0.199567611699169,data/public_test/public_test/3ef57988c0d340169f3f8757e6c73d7b.jpeg
3f07eeeb241743e89cccafd28cddf396,0.8669475200249463,data/public_test/public_test/3f07eeeb241743e89cccafd28cddf396.jpeg
3f0e022d27e5444b8e62d5ebe3d5dd59,0.9028203682538054,data/public_test/public_test/3f0e022d27e5444b8e62d5ebe3d5dd59.jpeg
3f0fc392024a4d5fa98345b347a30390,0.2217933744341385,data/public_test/public_test/3f0fc392024a4d5fa98345b347a30390.jpeg
3f104a1ce903429dbc5d8e0fba24d6a7,0.6155129665513012,data/public_test/public_test/3f104a1ce903429dbc5d8e0fba24d6a7.jpeg
3f1a3e73315842c4b2aca4673d74e26b,0.1015108838389374,data/public_test/public_test/3f1a3e73315842c4b2aca4673d74e26b.jpeg
3f24f30d4fa64d1d84ca26734693a63c,0.1442093597091197,data/public_test/public_test/3f24f30d4fa64d1d84ca26734693a63c.jpeg
3f345cc671ef4c63b60b61e82040809e,0.7733664027262899,data/public_test/public_test/3f345cc671ef4c63b60b61e82040809e.jpeg
3f3ef350836d4bc58d5dc3b2b3725190,0.1422056861568203,data/public_test/public_test/3f3ef350836d4bc58d5dc3b2b3725190.jpeg
3f4f9edd7c2f4fa0b4bae9f53a92524f,0.1287209822795697,data/public_test/public_test/3f4f9edd7c2f4fa0b4bae9f53a92524f.jpeg
3f5663bfecaa48bbafe77893de499104,0.879077494192173,data/public_test/public_test/3f5663bfecaa48bbafe77893de499104.jpeg
3f63948132f84919886a393dbd9f933b,0.3650593722563653,data/public_test/public_test/3f63948132f84919886a393dbd9f933b.jpeg
3f64f34ba25043e99d1e3b569beae527,0.7315023171413162,data/public_test/public_test/3f64f34ba25043e99d1e3b569beae527.jpeg
3f6bd8973ab0416b8f972d60ac77c0b2,0.0555344928180199,data/public_test/public_test/3f6bd8973ab0416b8f972d60ac77c0b2.jpeg
3f76d54cfac149cf9d1a229f96e84468,0.8669475200249463,data/public_test/public_test/3f76d54cfac149cf9d1a229f96e84468.jpeg
3f7b962b0913424eac35c1f3c1c682ad,0.1664302649676571,data/public_test/public_test/3f7b962b0913424eac35c1f3c1c682ad.jpeg
3f89343497204d0795cdf756e9f35757,0.8718523022738962,data/public_test/public_test/3f89343497204d0795cdf756e9f35757.jpeg
3f8c7141c7fa47e792bd110c556662e2,0.9475376508985086,data/public_test/public_test/3f8c7141c7fa47e792bd110c556662e2.jpeg
3f8d12cae47c480486b46202bfdae769,0.5661623786473574,data/public_test/public_test/3f8d12cae47c480486b46202bfdae769.jpeg
3f916cee451f4bb1bb71afda1e833223,0.135126934872835,data/public_test/public_test/3f916cee451f4bb1bb71afda1e833223.jpeg
3fa100cf937f4b4e95a38267aabdaca5,0.6293316574092118,data/public_test/public_test/3fa100cf937f4b4e95a38267aabdaca5.jpeg
3faa118bbd49482bbd7f7f04b43b6c08,0.4324923800951771,data/public_test/public_test/3faa118bbd49482bbd7f7f04b43b6c08.jpeg
3fb03867b11f488eb699f88a7d74d9b1,0.6684241406228382,data/public_test/public_test/3fb03867b11f488eb699f88a7d74d9b1.jpeg
3fb42a86306847a4996f57252b34c643,0.4167541755575327,data/public_test/public_test/3fb42a86306847a4996f57252b34c643.jpeg
3fb51412b9864456a2cba85eec4082ec,0.9949242983158,data/public_test/public_test/3fb51412b9864456a2cba85eec4082ec.jpeg
3fb8ee584c4e4432adf3b1e5698c5138,0.7194564482682684,data/public_test/public_test/3fb8ee584c4e4432adf3b1e5698c5138.jpeg
3fc08b0224b54ce283c307f83aa6756a,0.4089054651385077,data/public_test/public_test/3fc08b0224b54ce283c307f83aa6756a.jpeg
3fcadeb1000940f28c80b6f743eb1ef6,0.5994530237874719,data/public_test/public_test/3fcadeb1000940f28c80b6f743eb1ef6.jpeg
3fd4dfc98417445f96413082e919f757,0.5317436023438579,data/public_test/public_test/3fd4dfc98417445f96413082e919f757.jpeg
3fd507268bc345d3a01e40a5ca57be1f,0.9415468228802952,data/public_test/public_test/3fd507268bc345d3a01e40a5ca57be1f.jpeg
3fd54b5a323c493bbfad410e929e40cf,0.3133222843499645,data/public_test/public_test/3fd54b5a323c493bbfad410e929e40cf.jpeg
3fd706fa838542d59b30123b2aa3fcbd,0.1648460645233843,data/public_test/public_test/3fd706fa838542d59b30123b2aa3fcbd.jpeg
3fdf7656326542bcb50328207ad08711,0.3911621188899568,data/public_test/public_test/3fdf7656326542bcb50328207ad08711.jpeg
3fe8fc7a14dc4cb8aabb83efac75077e,0.5654820754284418,data/public_test/public_test/3fe8fc7a14dc4cb8aabb83efac75077e.jpeg
3fec022cefc149398d3745a214f373a8,0.1838355745192417,data/public_test/public_test/3fec022cefc149398d3745a214f373a8.jpeg
3fef6fbdb5514ca996384baafb1ba2a3,0.888464586499687,data/public_test/public_test/3fef6fbdb5514ca996384baafb1ba2a3.jpeg
3ffa2759a2b34fd39be5e941bb9a7b32,0.7371787231661054,data/public_test/public_test/3ffa2759a2b34fd39be5e941bb9a7b32.jpeg
3ffd271961b44c9dab5784c07eb9cddd,0.5652667227584187,data/public_test/public_test/3ffd271961b44c9dab5784c07eb9cddd.jpeg
4009c277ff4b469a9a4a18181117bba2,0.3673193950339911,data/public_test/public_test/4009c277ff4b469a9a4a18181117bba2.jpeg
40112c4af8ca46b88cf108a970d58b8c,0.1213414194873881,data/public_test/public_test/40112c4af8ca46b88cf108a970d58b8c.jpeg
4012a997a1a74d33bdd3401a4194c6e0,0.1747923069466224,data/public_test/public_test/4012a997a1a74d33bdd3401a4194c6e0.jpeg
40151d6d12f94e3ea9325de9f99f2456,0.5179462366261602,data/public_test/public_test/40151d6d12f94e3ea9325de9f99f2456.jpeg
401c465fbf92444aa14f8d784e419a29,0.7062746762695443,data/public_test/public_test/401c465fbf92444aa14f8d784e419a29.jpeg
40236b2c9f5749fc82af7f31b50d3137,0.3294022642040763,data/public_test/public_test/40236b2c9f5749fc82af7f31b50d3137.jpeg
40247f8d3a1440388c3d9cab9fb146d0,0.6461998433175563,data/public_test/public_test/40247f8d3a1440388c3d9cab9fb146d0.jpeg
40264589202246158a24bb55e658d8a7,0.6365538366005329,data/public_test/public_test/40264589202246158a24bb55e658d8a7.jpeg
40288b58642f469eb3fb5dda1e8c8c52,0.9295392325588844,data/public_test/public_test/40288b58642f469eb3fb5dda1e8c8c52.jpeg
4030be4e413c4ad9afa44de97afa7628,0.9049702450244134,data/public_test/public_test/4030be4e413c4ad9afa44de97afa7628.jpeg
4034d3e4048d45008757dd713a19cf6d,0.2056871655717528,data/public_test/public_test/4034d3e4048d45008757dd713a19cf6d.jpeg
403d2e331bb2463591168ab80940910c,0.835446257316733,data/public_test/public_test/403d2e331bb2463591168ab80940910c.jpeg
4045e0aea6e24edb803f4b1726e3b784,0.5317436023438579,data/public_test/public_test/4045e0aea6e24edb803f4b1726e3b784.jpeg
40565edb913846bdb71210d6f44d0099,0.2083520849347298,data/public_test/public_test/40565edb913846bdb71210d6f44d0099.jpeg
406870cc7c3541039b0df2b8c2190605,0.4713269858886446,data/public_test/public_test/406870cc7c3541039b0df2b8c2190605.jpeg
406dcc6e88ee4cee8c828fe1ef431b2c,0.8718523022738962,data/public_test/public_test/406dcc6e88ee4cee8c828fe1ef431b2c.jpeg
407b97c11242496d865bd16e12ff2fd5,0.1134124897553301,data/public_test/public_test/407b97c11242496d865bd16e12ff2fd5.jpeg
408c76b4def1489baff3d32a9e1cdb01,0.2359495070845983,data/public_test/public_test/408c76b4def1489baff3d32a9e1cdb01.jpeg
40a8eacd81d44b03a79e7ff891647d5f,0.4912454691497102,data/public_test/public_test/40a8eacd81d44b03a79e7ff891647d5f.jpeg
40ae429faa834a97a68f6fd6293d5e64,0.8922415623266536,data/public_test/public_test/40ae429faa834a97a68f6fd6293d5e64.jpeg
40ba9526c95740999fd04cea9c042cfa,0.1349116094920054,data/public_test/public_test/40ba9526c95740999fd04cea9c042cfa.jpeg
40bb614af0c64f238c4a238d66182b39,0.2021290463472466,data/public_test/public_test/40bb614af0c64f238c4a238d66182b39.jpeg
40c4efadb68a4d6e8a2a8efae2a7fb36,0.3930823912092683,data/public_test/public_test/40c4efadb68a4d6e8a2a8efae2a7fb36.jpeg
40cde8fdc6a642d081e6d2b8f51e9fa9,0.6155129665513012,data/public_test/public_test/40cde8fdc6a642d081e6d2b8f51e9fa9.jpeg
40d98b300107499eb413d95eeb87c099,0.4604933807623538,data/public_test/public_test/40d98b300107499eb413d95eeb87c099.jpeg
40dd1055fd7b4fedb5a34d3ad34e8960,0.3377194127309154,data/public_test/public_test/40dd1055fd7b4fedb5a34d3ad34e8960.jpeg
40e2fbeb7fc74155b3e7d48b1aad347c,0.5825848378791274,data/public_test/public_test/40e2fbeb7fc74155b3e7d48b1aad347c.jpeg
40e61074934d42a2bc26794acde7eb8f,0.6323811524596458,data/public_test/public_test/40e61074934d42a2bc26794acde7eb8f.jpeg
40e7e90bd76b4b089396dd55fea0c5f7,0.3583201312857921,data/public_test/public_test/40e7e90bd76b4b089396dd55fea0c5f7.jpeg
40ebd433a6e54f419a7601a4480419ca,0.0821061633070685,data/public_test/public_test/40ebd433a6e54f419a7601a4480419ca.jpeg
40f915a5db8a4ccba6605099b8ef1eb0,0.5654820754284418,data/public_test/public_test/40f915a5db8a4ccba6605099b8ef1eb0.jpeg
4100ee58dd684375817f0d466b3899c1,0.1847257343646217,data/public_test/public_test/4100ee58dd684375817f0d466b3899c1.jpeg
41047bc16bc44c6db628aff0c87dbf59,0.6461998433175563,data/public_test/public_test/41047bc16bc44c6db628aff0c87dbf59.jpeg
410eeaf913da4518a39ac8b3001afff0,0.9811269325981024,data/public_test/public_test/410eeaf913da4518a39ac8b3001afff0.jpeg
4110a40c705249298e430e3126ba55f9,0.8550884142984154,data/public_test/public_test/4110a40c705249298e430e3126ba55f9.jpeg
41130003679e43a78eac72fa24cfb920,0.8286825693222176,data/public_test/public_test/41130003679e43a78eac72fa24cfb920.jpeg
412151862dc74b0abbc2b6026c0f486d,0.2093356775206059,data/public_test/public_test/412151862dc74b0abbc2b6026c0f486d.jpeg
412d9f1ae37d4f66bc7c84d47cee06ea,0.1581490262904643,data/public_test/public_test/412d9f1ae37d4f66bc7c84d47cee06ea.jpeg
4132da170dbf4119801aa4d8af16eb19,0.0779254097516815,data/public_test/public_test/4132da170dbf4119801aa4d8af16eb19.jpeg
41566649b3ed405a923440f82bd74501,0.2363760317202095,data/public_test/public_test/41566649b3ed405a923440f82bd74501.jpeg
415feee155344e5c8f0a75f698e964ca,0.1964525038764902,data/public_test/public_test/415feee155344e5c8f0a75f698e964ca.jpeg
416177039bca41429929f6788f1d9351,0.6461998433175563,data/public_test/public_test/416177039bca41429929f6788f1d9351.jpeg
4168775be8024a28ac1acabbbfe15e17,0.8196656535592427,data/public_test/public_test/4168775be8024a28ac1acabbbfe15e17.jpeg
417470a060054e0faa3f401399b9665a,0.1965185096131205,data/public_test/public_test/417470a060054e0faa3f401399b9665a.jpeg
4181c272ca08448cb32dc16b6924bb59,0.8030533693334521,data/public_test/public_test/4181c272ca08448cb32dc16b6924bb59.jpeg
41ad9275e41242688843690d79d7e92c,0.073403530362631,data/public_test/public_test/41ad9275e41242688843690d79d7e92c.jpeg
41b0751e9550435c8c5f8fc1acb8225c,0.2790313169839362,data/public_test/public_test/41b0751e9550435c8c5f8fc1acb8225c.jpeg
41b44ac295404f5187e309c40ed4020e,0.6984286129022829,data/public_test/public_test/41b44ac295404f5187e309c40ed4020e.jpeg
41bdce76fcb64ce2b208556a298a355e,0.7623637137574516,data/public_test/public_test/41bdce76fcb64ce2b208556a298a355e.jpeg
41cacaedc8dc4306820d8683512a089e,0.5488463647945435,data/public_test/public_test/41cacaedc8dc4306820d8683512a089e.jpeg
41d9464eec4240839ac520c5873701a4,0.6749693704371172,data/public_test/public_test/41d9464eec4240839ac520c5873701a4.jpeg
41ddfc65468c4e9b9a20da082e2faa40,0.6447303216153314,data/public_test/public_test/41ddfc65468c4e9b9a20da082e2faa40.jpeg
41e1edea0a1942949db47e6bd821a75b,0.4467382832763736,data/public_test/public_test/41e1edea0a1942949db47e6bd821a75b.jpeg
41f550c1751c44439511c9512cb4148d,0.7097096120748673,data/public_test/public_test/41f550c1751c44439511c9512cb4148d.jpeg
420045435f6248ffb69f0038b8c2eda4,0.3840827017496516,data/public_test/public_test/420045435f6248ffb69f0038b8c2eda4.jpeg
4202703d7f7349a2b4145ebcb165ed34,0.5938818708173169,data/public_test/public_test/4202703d7f7349a2b4145ebcb165ed34.jpeg
4212e9c38cc64bb4b8b3941c753f0927,0.0718666684822166,data/public_test/public_test/4212e9c38cc64bb4b8b3941c753f0927.jpeg
4220f5831a3a4d9bbb1ccaf3be29bf5a,0.0425239686948828,data/public_test/public_test/4220f5831a3a4d9bbb1ccaf3be29bf5a.jpeg
422205068b434160b1dd2982af1833b1,0.8439353659671079,data/public_test/public_test/422205068b434160b1dd2982af1833b1.jpeg
422ab72b31294df59f3f9deffeff1cca,0.2197009946296465,data/public_test/public_test/422ab72b31294df59f3f9deffeff1cca.jpeg
422ba8f072434bb2b1a87b4143cb083b,0.1172127964782275,data/public_test/public_test/422ba8f072434bb2b1a87b4143cb083b.jpeg
42346b80f2e84cb4ac630ecfe9709726,0.6461998433175563,data/public_test/public_test/42346b80f2e84cb4ac630ecfe9709726.jpeg
424009b654214f5bae58d8b08bb31639,0.7919003210021446,data/public_test/public_test/424009b654214f5bae58d8b08bb31639.jpeg
424473f95d8845089812bb50f842f060,0.4912454691497102,data/public_test/public_test/424473f95d8845089812bb50f842f060.jpeg
4247e2f4b8504cb791f3ce8a760d93f1,0.1261046485965913,data/public_test/public_test/4247e2f4b8504cb791f3ce8a760d93f1.jpeg
424d877f4a9a4009b9771c7641d2f5cb,0.2062682411899455,data/public_test/public_test/424d877f4a9a4009b9771c7641d2f5cb.jpeg
4270b4d86f344192bf4a4b355b947ce5,0.6323811524596458,data/public_test/public_test/4270b4d86f344192bf4a4b355b947ce5.jpeg
4272966376cb4e10b56e0a7533667a12,0.2807803441565799,data/public_test/public_test/4272966376cb4e10b56e0a7533667a12.jpeg
4276e9d120d249f59601dd8e7d6f0391,0.0911035386430815,data/public_test/public_test/4276e9d120d249f59601dd8e7d6f0391.jpeg
4277940dee594af8991efbb17fb393bb,0.1623341352011241,data/public_test/public_test/4277940dee594af8991efbb17fb393bb.jpeg
42812f2686fb4039b3c4287df7f9e129,0.3844226268588038,data/public_test/public_test/42812f2686fb4039b3c4287df7f9e129.jpeg
4287228bc577469a8e7cb6c16887b121,0.3359707184864317,data/public_test/public_test/4287228bc577469a8e7cb6c16887b121.jpeg
428a94bb35894a9bb484ab3025ed6121,0.4849750756248525,data/public_test/public_test/428a94bb35894a9bb484ab3025ed6121.jpeg
42917c45deaf49939e93588e43d60f69,0.870127391925954,data/public_test/public_test/42917c45deaf49939e93588e43d60f69.jpeg
429661d5dd7345279f2fd54ff8f96251,0.7439151369762386,data/public_test/public_test/429661d5dd7345279f2fd54ff8f96251.jpeg
42a382da15564b28a5a4d4773dbff216,0.6473319887212962,data/public_test/public_test/42a382da15564b28a5a4d4773dbff216.jpeg
42ac9a66a9224b6da92d8bf3b4315608,0.39064989527127,data/public_test/public_test/42ac9a66a9224b6da92d8bf3b4315608.jpeg
42b5c2c1569142658a19d46c830e7e17,0.7097096120748673,data/public_test/public_test/42b5c2c1569142658a19d46c830e7e17.jpeg
42b6958b25544ee0af41d62ef849fe1e,0.1451504766654082,data/public_test/public_test/42b6958b25544ee0af41d62ef849fe1e.jpeg
42b7b07040ba486f95f3b156e6b44710,0.0709720386669513,data/public_test/public_test/42b7b07040ba486f95f3b156e6b44710.jpeg
42b8941ef524465caf5c53a2fc91ecea,0.2192326984256384,data/public_test/public_test/42b8941ef524465caf5c53a2fc91ecea.jpeg
42c204c191ed4c13835b6d81accfe851,0.889061690425646,data/public_test/public_test/42c204c191ed4c13835b6d81accfe851.jpeg
42c282c556624d44b56d8edde3ff070f,0.071823510622793,data/public_test/public_test/42c282c556624d44b56d8edde3ff070f.jpeg
42cfa2b1b98d48f9baf60d4a7c18c980,0.8923860845306462,data/public_test/public_test/42cfa2b1b98d48f9baf60d4a7c18c980.jpeg
42d6893b3bb145278dc42ae14cdb681c,0.9640433094232352,data/public_test/public_test/42d6893b3bb145278dc42ae14cdb681c.jpeg
42e3d4815ca34165a8d7a7c7cbd2dde2,0.3940637788283145,data/public_test/public_test/42e3d4815ca34165a8d7a7c7cbd2dde2.jpeg
42e8cc009a3043f9afe0f2c8f1261254,0.6873821902720395,data/public_test/public_test/42e8cc009a3043f9afe0f2c8f1261254.jpeg
42f1c41b4a82423b921f04fbe194a0a5,0.0190865316597346,data/public_test/public_test/42f1c41b4a82423b921f04fbe194a0a5.jpeg
42f979b4fedc42ecba75ad98e7f7b2dc,0.5666909853333252,data/public_test/public_test/42f979b4fedc42ecba75ad98e7f7b2dc.jpeg
430443dbf00e4af787d510d1411e540a,0.8859079956834446,data/public_test/public_test/430443dbf00e4af787d510d1411e540a.jpeg
432c35841a3f4531ba7c0797fc682ba6,0.6159607944957706,data/public_test/public_test/432c35841a3f4531ba7c0797fc682ba6.jpeg
432cab5b98ae48d39c32167acbf6fc27,0.1848083005482904,data/public_test/public_test/432cab5b98ae48d39c32167acbf6fc27.jpeg
432d575e323647088b561cb47709d8de,0.7709364201230073,data/public_test/public_test/432d575e323647088b561cb47709d8de.jpeg
434958bfa1e14125a14acfb514ae892f,0.2735704764848787,data/public_test/public_test/434958bfa1e14125a14acfb514ae892f.jpeg
434b3d48f102430db1481069e74f7277,0.548166061575628,data/public_test/public_test/434b3d48f102430db1481069e74f7277.jpeg
43521112895c47e8895d3afca0dd0a90,0.8196656535592427,data/public_test/public_test/43521112895c47e8895d3afca0dd0a90.jpeg
43596584cd4f4179859f2a4acbfaf4b1,0.5317436023438579,data/public_test/public_test/43596584cd4f4179859f2a4acbfaf4b1.jpeg
435a6936e5d84b828d99a06bb51e8fde,0.1912991116174734,data/public_test/public_test/435a6936e5d84b828d99a06bb51e8fde.jpeg
43630b465e5c4ff1a20970cf8463908b,0.1866038694403442,data/public_test/public_test/43630b465e5c4ff1a20970cf8463908b.jpeg
436e79de01e7422ebb8082b4121d47f1,0.2462743188438176,data/public_test/public_test/436e79de01e7422ebb8082b4121d47f1.jpeg
437cd97558994471a59c0d9607df0e64,0.1284739113800126,data/public_test/public_test/437cd97558994471a59c0d9607df0e64.jpeg
43863f1840bd4c23b175b0fa00b33420,0.8912795050077799,data/public_test/public_test/43863f1840bd4c23b175b0fa00b33420.jpeg
438889cf10be40a2a215e833f78be56b,0.7193621859362919,data/public_test/public_test/438889cf10be40a2a215e833f78be56b.jpeg
4390883572ae4a9fbdf19bf1bd74ddc8,0.4912454691497102,data/public_test/public_test/4390883572ae4a9fbdf19bf1bd74ddc8.jpeg
439e2c2f2ed44fd1b92adae88f212569,0.889061690425646,data/public_test/public_test/439e2c2f2ed44fd1b92adae88f212569.jpeg
43a27e7a1d6b4c94a203dbc67547e2d6,0.8702719141299468,data/public_test/public_test/43a27e7a1d6b4c94a203dbc67547e2d6.jpeg
43c03f88345f49b69759b16d5edd3090,0.1216844119018829,data/public_test/public_test/43c03f88345f49b69759b16d5edd3090.jpeg
43c21a41d8424318be69a1c653b140e1,0.9949242983158,data/public_test/public_test/43c21a41d8424318be69a1c653b140e1.jpeg
43d6ef39521f40e6b3d69d4f292d7626,0.4188858436138186,data/public_test/public_test/43d6ef39521f40e6b3d69d4f292d7626.jpeg
43d7f6067bfa423aae39570626eb59a8,0.90706010876527,data/public_test/public_test/43d7f6067bfa423aae39570626eb59a8.jpeg
43dbc64e67af4e4789bdb84ced3d6966,0.5488463647945435,data/public_test/public_test/43dbc64e67af4e4789bdb84ced3d6966.jpeg
43e03e8e30b2472fb0db88dc1d55d61c,0.1318782764663856,data/public_test/public_test/43e03e8e30b2472fb0db88dc1d55d61c.jpeg
43ec397dbe1e460ca750248cd9fd3c13,0.7194564482682684,data/public_test/public_test/43ec397dbe1e460ca750248cd9fd3c13.jpeg
43f524100afb4948a4bbfc46808b6b6f,0.8345546320416654,data/public_test/public_test/43f524100afb4948a4bbfc46808b6b6f.jpeg
440039a47556498498ffd02f88d9e5c0,0.5044687480116549,data/public_test/public_test/440039a47556498498ffd02f88d9e5c0.jpeg
4403479572a54993a0441eb79d7d1c64,0.0844292937089814,data/public_test/public_test/4403479572a54993a0441eb79d7d1c64.jpeg
4405a8f47d814b20817a4b1ffb3b0e58,0.8908127779323943,data/public_test/public_test/4405a8f47d814b20817a4b1ffb3b0e58.jpeg
4407c338cfd4408caa3e50e3330aa52e,0.7461566071957048,data/public_test/public_test/4407c338cfd4408caa3e50e3330aa52e.jpeg
4407c3d4cef44977b187c876f86e3f2f,0.0864954363184414,data/public_test/public_test/4407c3d4cef44977b187c876f86e3f2f.jpeg
4410b5d5419a4b94993e3be0a8179193,0.0773285623441408,data/public_test/public_test/4410b5d5419a4b94993e3be0a8179193.jpeg
44163b072f6c42d8a8526fa67c5c263d,0.2336884527754605,data/public_test/public_test/44163b072f6c42d8a8526fa67c5c263d.jpeg
4424d52ef2634185b2f869dd105496e2,0.400929480650203,data/public_test/public_test/4424d52ef2634185b2f869dd105496e2.jpeg
442699b5419c4803a53a468ddc8143ab,0.783327614636589,data/public_test/public_test/442699b5419c4803a53a468ddc8143ab.jpeg
442a2a637b2342aa946337eed8247e96,0.4506195297470107,data/public_test/public_test/442a2a637b2342aa946337eed8247e96.jpeg
4430f36291c7410a9a22c7cc833a59c6,0.6323811524596458,data/public_test/public_test/4430f36291c7410a9a22c7cc833a59c6.jpeg
44511cfc36af406e8f4d802a3988011b,0.1883927797691989,data/public_test/public_test/44511cfc36af406e8f4d802a3988011b.jpeg
445b6af0fccf40c29948eecb642830dd,0.4107833655271666,data/public_test/public_test/445b6af0fccf40c29948eecb642830dd.jpeg
445f59914c6f4e04a230aa1ca26cbef6,0.1020235386268805,data/public_test/public_test/445f59914c6f4e04a230aa1ca26cbef6.jpeg
4464b198fdb340c993dcee00ac9b8858,0.1058176670763832,data/public_test/public_test/4464b198fdb340c993dcee00ac9b8858.jpeg
4473d987677c4aabaf98dc7f1ee0eaa0,0.5816891819901887,data/public_test/public_test/4473d987677c4aabaf98dc7f1ee0eaa0.jpeg
447ae4d328f4424cba3e5c381aa8423f,0.5488463647945435,data/public_test/public_test/447ae4d328f4424cba3e5c381aa8423f.jpeg
448575cb3aac43eaa9e7c53c1dd52056,0.1438279577548597,data/public_test/public_test/448575cb3aac43eaa9e7c53c1dd52056.jpeg
44a2251459fd43d9b029fced9e5f62ff,0.0472160234942184,data/public_test/public_test/44a2251459fd43d9b029fced9e5f62ff.jpeg
44a3d067e91b48f188b1558b282a750a,0.1325177632386747,data/public_test/public_test/44a3d067e91b48f188b1558b282a750a.jpeg
44a84eb3e9434b1090b6accd09f31c8c,0.963128514258478,data/public_test/public_test/44a84eb3e9434b1090b6accd09f31c8c.jpeg
44af1f5718e34e73ad22c2bcd4fbd250,0.6611506795792067,data/public_test/public_test/44af1f5718e34e73ad22c2bcd4fbd250.jpeg
44b9b4ee947f4ff48d48194229885168,0.8030533693334521,data/public_test/public_test/44b9b4ee947f4ff48d48194229885168.jpeg
44bc9d61e1c34e798a4d7be1eac9ccff,0.3923133981116762,data/public_test/public_test/44bc9d61e1c34e798a4d7be1eac9ccff.jpeg
44c10cc690d04930a631a82c1b629e02,0.1868114938107854,data/public_test/public_test/44c10cc690d04930a631a82c1b629e02.jpeg
44d1aecbc230478593f3a1cb3d46d582,0.1192546994616154,data/public_test/public_test/44d1aecbc230478593f3a1cb3d46d582.jpeg
44d662ba32ff43afacef6070949410fa,0.5652688240263136,data/public_test/public_test/44d662ba32ff43afacef6070949410fa.jpeg
44dfa9e405c54d0c9ee3744272bed5d1,0.505042834867408,data/public_test/public_test/44dfa9e405c54d0c9ee3744272bed5d1.jpeg
44e1179f261f4544b931d1e7472afe9e,0.2144550974627106,data/public_test/public_test/44e1179f261f4544b931d1e7472afe9e.jpeg
44fd20fc0c584a60ae861f5571ad3864,0.0995505864596091,data/public_test/public_test/44fd20fc0c584a60ae861f5571ad3864.jpeg
44fd785d23bd48baaac2166f67d64d9a,0.3079898149457631,data/public_test/public_test/44fd785d23bd48baaac2166f67d64d9a.jpeg
44ff7b65ed61499486c2ca5dc9019632,0.6600185341754669,data/public_test/public_test/44ff7b65ed61499486c2ca5dc9019632.jpeg
45024267c0274676817040a8b41a28b7,0.5661623786473574,data/public_test/public_test/45024267c0274676817040a8b41a28b7.jpeg
4506291d0fe54b5c8dd0e064d8b44dbb,0.1062864872329055,data/public_test/public_test/4506291d0fe54b5c8dd0e064d8b44dbb.jpeg
4507092073dc4c1aa58b3a0a233b5bcb,0.6473319887212962,data/public_test/public_test/4507092073dc4c1aa58b3a0a233b5bcb.jpeg
451186a4041045ad962f87e4f80ee64c,0.1473593895126423,data/public_test/public_test/451186a4041045ad962f87e4f80ee64c.jpeg
4512015dcab34a4e91bc5ef0b5c924c6,0.9295392325588844,data/public_test/public_test/4512015dcab34a4e91bc5ef0b5c924c6.jpeg
451726c5dc4648a1a5536248e945f4c1,0.5047229577642156,data/public_test/public_test/451726c5dc4648a1a5536248e945f4c1.jpeg
451765c0697f4b2e9482bd6033baa477,0.6328324816076334,data/public_test/public_test/451765c0697f4b2e9482bd6033baa477.jpeg
45195fae20cb4a0b90aa6694ca25c284,0.7194564482682684,data/public_test/public_test/45195fae20cb4a0b90aa6694ca25c284.jpeg
452aa52ae35340e9a0dc330cf7ea76af,0.1937246488111447,data/public_test/public_test/452aa52ae35340e9a0dc330cf7ea76af.jpeg
452be371a843473cb023df6f28e90658,0.4462683770099525,data/public_test/public_test/452be371a843473cb023df6f28e90658.jpeg
4533693d66d74814a2ba95814acbf843,0.2036671471570431,data/public_test/public_test/4533693d66d74814a2ba95814acbf843.jpeg
453caf4086ab4a698a2caa1edecefedc,0.4841655225990522,data/public_test/public_test/453caf4086ab4a698a2caa1edecefedc.jpeg
453fa4107ced465d9253136dd9b5274e,0.7033256804962473,data/public_test/public_test/453fa4107ced465d9253136dd9b5274e.jpeg
45403c5160924959861f301159b35116,0.3676613504591352,data/public_test/public_test/45403c5160924959861f301159b35116.jpeg
4546e1fce29c40e6aecf57fd39c06345,0.5182661137293526,data/public_test/public_test/4546e1fce29c40e6aecf57fd39c06345.jpeg
4548900e2faf4861b184283d9d194168,0.408074248586496,data/public_test/public_test/4548900e2faf4861b184283d9d194168.jpeg
454a8c3ce5da4716b90e1a081495ab28,0.7919003210021446,data/public_test/public_test/454a8c3ce5da4716b90e1a081495ab28.jpeg
455189791ff642d7b11df9f6e8e47787,0.4201868081549293,data/public_test/public_test/455189791ff642d7b11df9f6e8e47787.jpeg
456f0746080e43a0b55159f37c8ce3f5,0.4118055914241942,data/public_test/public_test/456f0746080e43a0b55159f37c8ce3f5.jpeg
457378651ec74ac281135aba09da38bc,0.5825848378791274,data/public_test/public_test/457378651ec74ac281135aba09da38bc.jpeg
457eff1e74c44dd2b8a4d5e038729170,0.3737185962807997,data/public_test/public_test/457eff1e74c44dd2b8a4d5e038729170.jpeg
4584b2a173844590afbfca84c095ba4c,0.4912454691497102,data/public_test/public_test/4584b2a173844590afbfca84c095ba4c.jpeg
45853c4f87084a60b6742ede3f3e6460,0.5179462366261602,data/public_test/public_test/45853c4f87084a60b6742ede3f3e6460.jpeg
459384be4f284094bd6f69e5b4d2fb15,0.2450391744728216,data/public_test/public_test/459384be4f284094bd6f69e5b4d2fb15.jpeg
4593c7b4cc884e8a89f7c312a5640407,0.7450892668040839,data/public_test/public_test/4593c7b4cc884e8a89f7c312a5640407.jpeg
459785c285c04fff91c3c6b793f66bd6,0.6505520848934326,data/public_test/public_test/459785c285c04fff91c3c6b793f66bd6.jpeg
45a22fedcb084089b002e10ef15f26b1,0.9105787569003864,data/public_test/public_test/45a22fedcb084089b002e10ef15f26b1.jpeg
45a9e5aacec74014b812add2cc6221f2,0.9811269325981024,data/public_test/public_test/45a9e5aacec74014b812add2cc6221f2.jpeg
45bf41db9e6349c897d6a4808758764f,0.5317436023438579,data/public_test/public_test/45bf41db9e6349c897d6a4808758764f.jpeg
45c588352d654d67a50bed2d7ffc25e1,0.1405007173869837,data/public_test/public_test/45c588352d654d67a50bed2d7ffc25e1.jpeg
45cec8b0189a4bed8f2a78b68548064d,0.889061690425646,data/public_test/public_test/45cec8b0189a4bed8f2a78b68548064d.jpeg
45d36d2878ac4d1ebc70c65e4981490f,0.3893289973388117,data/public_test/public_test/45d36d2878ac4d1ebc70c65e4981490f.jpeg
45d8079fe52841c0a12fc03331fcb2e0,0.9295392325588844,data/public_test/public_test/45d8079fe52841c0a12fc03331fcb2e0.jpeg
45d9fe1e12fe4e40aa15a0a4973e2fa6,0.8403510395656828,data/public_test/public_test/45d9fe1e12fe4e40aa15a0a4973e2fa6.jpeg
45ee0c71f1304c66bf2b9cae26e0c38a,0.9285771752400106,data/public_test/public_test/45ee0c71f1304c66bf2b9cae26e0c38a.jpeg
45eeff2a94cc49e4ba18ceeefd41fec2,0.067346399155579,data/public_test/public_test/45eeff2a94cc49e4ba18ceeefd41fec2.jpeg
45fa477eb2034e25b854132de230679d,0.4295919645440402,data/public_test/public_test/45fa477eb2034e25b854132de230679d.jpeg
46010c5c895445d784c49c1638bdcc38,0.9760508997446462,data/public_test/public_test/46010c5c895445d784c49c1638bdcc38.jpeg
460e15dca774429c8795f8e4d371bc20,0.162081628294234,data/public_test/public_test/460e15dca774429c8795f8e4d371bc20.jpeg
460e726608014c4a8b98f2f7970086be,0.8329742438977159,data/public_test/public_test/460e726608014c4a8b98f2f7970086be.jpeg
461643ab73f94a1e81fcb68bde963239,0.8163619596719253,data/public_test/public_test/461643ab73f94a1e81fcb68bde963239.jpeg
4616dc40c1c54772907cade0e377a5b4,0.2824850727815142,data/public_test/public_test/4616dc40c1c54772907cade0e377a5b4.jpeg
46175d17732b441c8811ed9555d41977,0.1468041226491443,data/public_test/public_test/46175d17732b441c8811ed9555d41977.jpeg
46450a840081439fbfc35a4e77045139,0.5825848378791274,data/public_test/public_test/46450a840081439fbfc35a4e77045139.jpeg
46461a0322804f9480513044431d986e,0.1702274279754702,data/public_test/public_test/46461a0322804f9480513044431d986e.jpeg
4660be16e53144a28c96f41ce07f431e,0.1645038525798219,data/public_test/public_test/4660be16e53144a28c96f41ce07f431e.jpeg
4662027698f24f528ea52f418b108bda,0.3678750166570038,data/public_test/public_test/4662027698f24f528ea52f418b108bda.jpeg
46708d129b60461d9828fc9ccc9dcbd1,0.5182661137293526,data/public_test/public_test/46708d129b60461d9828fc9ccc9dcbd1.jpeg
4670f17136e243b5a7093305eeac661c,0.6473319887212962,data/public_test/public_test/4670f17136e243b5a7093305eeac661c.jpeg
46774f49df7c4345969b34f0135da734,0.9285771752400106,data/public_test/public_test/46774f49df7c4345969b34f0135da734.jpeg
467876d59166402ea3c5d2f4a08d62cc,0.3371224452509235,data/public_test/public_test/467876d59166402ea3c5d2f4a08d62cc.jpeg
4681a65e700049148666e89358bfbcad,0.1415665978067554,data/public_test/public_test/4681a65e700049148666e89358bfbcad.jpeg
46822c6d21a64ebf84fbaa71bdfaeb4c,0.1349140600615762,data/public_test/public_test/46822c6d21a64ebf84fbaa71bdfaeb4c.jpeg
468abbd1dc394bf0a28fdadbc8817b70,0.1908226614024657,data/public_test/public_test/468abbd1dc394bf0a28fdadbc8817b70.jpeg
46ac59ef1b694df6a9f31bb7f8fd41d6,0.3970044432108546,data/public_test/public_test/46ac59ef1b694df6a9f31bb7f8fd41d6.jpeg
46b0d4cfa8dc44dcb7dc7a923452b836,0.1444670570206019,data/public_test/public_test/46b0d4cfa8dc44dcb7dc7a923452b836.jpeg
46bbe8a6c9f8478ba7d70eec60a66fbe,0.3547803326613012,data/public_test/public_test/46bbe8a6c9f8478ba7d70eec60a66fbe.jpeg
46caa134d77a40bbacf46baddc387213,0.303215243083307,data/public_test/public_test/46caa134d77a40bbacf46baddc387213.jpeg
46d9c733ec454ec4bd1443b9aa595e98,0.8487548476552064,data/public_test/public_test/46d9c733ec454ec4bd1443b9aa595e98.jpeg
46d9ca76cfaf450d92f6da8b1ff6f700,0.203619311929864,data/public_test/public_test/46d9ca76cfaf450d92f6da8b1ff6f700.jpeg
46f91ec06caf492682a9dc1ed84fc9c5,0.2155624383540741,data/public_test/public_test/46f91ec06caf492682a9dc1ed84fc9c5.jpeg
4705fb371c3a437c9cb6096d908cfcbe,0.5990926085874261,data/public_test/public_test/4705fb371c3a437c9cb6096d908cfcbe.jpeg
4706c828f5ef4b66b134478bf5dda5a2,0.757393872706884,data/public_test/public_test/4706c828f5ef4b66b134478bf5dda5a2.jpeg
470b5a9763b64d0ea9c3619ef11c5520,0.5047229577642156,data/public_test/public_test/470b5a9763b64d0ea9c3619ef11c5520.jpeg
470ed0642a5e48b5b1894aab506f74fb,0.67219710220945,data/public_test/public_test/470ed0642a5e48b5b1894aab506f74fb.jpeg
471057f051e2477ea09bc7358b298f24,0.8511669162674561,data/public_test/public_test/471057f051e2477ea09bc7358b298f24.jpeg
4729e5a120d34c90a8b96cdccde243c2,0.5490596161966718,data/public_test/public_test/4729e5a120d34c90a8b96cdccde243c2.jpeg
4732bc15ecf842dfa2a6d191c2fc7265,0.1162232221011495,data/public_test/public_test/4732bc15ecf842dfa2a6d191c2fc7265.jpeg
473c1f898d1e4b16bd31a8b95b4f3fa5,0.3808835650425357,data/public_test/public_test/473c1f898d1e4b16bd31a8b95b4f3fa5.jpeg
473d3d2b0d6c4f0faef0c979c1c6f6c7,0.2965609588297477,data/public_test/public_test/473d3d2b0d6c4f0faef0c979c1c6f6c7.jpeg
4754df1835d64145867954759967e940,0.7197481397280173,data/public_test/public_test/4754df1835d64145867954759967e940.jpeg
476112e13c644b6b9f1f1e4e77f7d419,0.5179462366261602,data/public_test/public_test/476112e13c644b6b9f1f1e4e77f7d419.jpeg
47624055f6a54102a95089e3e14e9226,0.7833489397768019,data/public_test/public_test/47624055f6a54102a95089e3e14e9226.jpeg
476c6e2fc85b497ab8a6dbe3768042db,0.1850700966966272,data/public_test/public_test/476c6e2fc85b497ab8a6dbe3768042db.jpeg
476fd8b77933436786dccea600e67d81,0.548166061575628,data/public_test/public_test/476fd8b77933436786dccea600e67d81.jpeg
477466b9d9df45ed9fbe0b99b73f7fca,0.6323811524596458,data/public_test/public_test/477466b9d9df45ed9fbe0b99b73f7fca.jpeg
4778484ae58d4eaf93ceca3d6897b216,0.0539551662236952,data/public_test/public_test/4778484ae58d4eaf93ceca3d6897b216.jpeg
477c47fe622540cdaf8d7518a494adc6,0.2289977569779583,data/public_test/public_test/477c47fe622540cdaf8d7518a494adc6.jpeg
478aa579f5894c90b900d5cbc0542705,0.2826564762055039,data/public_test/public_test/478aa579f5894c90b900d5cbc0542705.jpeg
478badcb333d4754a5d177ee335d3fae,0.5260464415229987,data/public_test/public_test/478badcb333d4754a5d177ee335d3fae.jpeg
478dcde716144c9e97e12cc628105023,0.2455467425551078,data/public_test/public_test/478dcde716144c9e97e12cc628105023.jpeg
478eacbccb1b4ffca375550870ed2ccb,0.1743629442348936,data/public_test/public_test/478eacbccb1b4ffca375550870ed2ccb.jpeg
479d6d6a80264168a02dc7d7c3727a33,0.6473319887212962,data/public_test/public_test/479d6d6a80264168a02dc7d7c3727a33.jpeg
479ff0b410e04b4db3a95bab0aaadd44,0.0807402081873233,data/public_test/public_test/479ff0b410e04b4db3a95bab0aaadd44.jpeg
47aabb53e1c7488887e0ea4359262f32,0.6558736931986456,data/public_test/public_test/47aabb53e1c7488887e0ea4359262f32.jpeg
47b4831ac061457a91f14d8a0fe6b657,0.1319211887230683,data/public_test/public_test/47b4831ac061457a91f14d8a0fe6b657.jpeg
47b664ce66634be5814c6af849ba1994,0.115311415103074,data/public_test/public_test/47b664ce66634be5814c6af849ba1994.jpeg
47c0740c783345748f6753c5e8606e9a,0.4110806731029253,data/public_test/public_test/47c0740c783345748f6753c5e8606e9a.jpeg
47c360bbf66d4d5c85fbb723860fb14e,0.3826316698404413,data/public_test/public_test/47c360bbf66d4d5c85fbb723860fb14e.jpeg
47d23bc825c64e349208c575e8d74b33,0.6611506795792067,data/public_test/public_test/47d23bc825c64e349208c575e8d74b33.jpeg
47df202e68ee4aa08ec1d5478746a236,0.7549638901036014,data/public_test/public_test/47df202e68ee4aa08ec1d5478746a236.jpeg
47e04b7eeca44b41beda689057f8273e,0.1155910051699926,data/public_test/public_test/47e04b7eeca44b41beda689057f8273e.jpeg
47f134c27fb644de9adc63a95a2d37f9,0.8669475200249463,data/public_test/public_test/47f134c27fb644de9adc63a95a2d37f9.jpeg
47f62ba1846c444fb8844103c66d746a,0.0838734646880986,data/public_test/public_test/47f62ba1846c444fb8844103c66d746a.jpeg
480540e400944953a541fcd1d00f389e,0.1017241243253883,data/public_test/public_test/480540e400944953a541fcd1d00f389e.jpeg
481092975eae4755bb4a2e40ee0541f4,0.9074250621581847,data/public_test/public_test/481092975eae4755bb4a2e40ee0541f4.jpeg
4813d3cb366b4e10acfc700d23038536,0.5990926085874261,data/public_test/public_test/4813d3cb366b4e10acfc700d23038536.jpeg
48172477714749b485e3c08c1aa3ea2e,0.1113194058896475,data/public_test/public_test/48172477714749b485e3c08c1aa3ea2e.jpeg
48179f311f804c59851fe0ee02ab8523,0.8550884142984154,data/public_test/public_test/48179f311f804c59851fe0ee02ab8523.jpeg
482bb81590c04dfcb7237124d1032f6d,0.8294538929169293,data/public_test/public_test/482bb81590c04dfcb7237124d1032f6d.jpeg
4849dcee7c1340e7bcea13f425ffe317,0.8730868326380397,data/public_test/public_test/4849dcee7c1340e7bcea13f425ffe317.jpeg
484f7713c35f47d7a58ed5269d5b152b,0.8979155860048555,data/public_test/public_test/484f7713c35f47d7a58ed5269d5b152b.jpeg
4851597b6d4949fca8912d987263144b,0.057791852170366,data/public_test/public_test/4851597b6d4949fca8912d987263144b.jpeg
48555852fdef466d9936ae3bcd35a5f2,0.7528681946621066,data/public_test/public_test/48555852fdef466d9936ae3bcd35a5f2.jpeg
485bff2e52ba44eaa9712702f3cb25f5,0.2939591334464611,data/public_test/public_test/485bff2e52ba44eaa9712702f3cb25f5.jpeg
48950d5c11bf41cbaf30160ca0277fbe,0.9295392325588844,data/public_test/public_test/48950d5c11bf41cbaf30160ca0277fbe.jpeg
48961f57fdc9463a814e4f78e1166e28,0.5685528956190886,data/public_test/public_test/48961f57fdc9463a814e4f78e1166e28.jpeg
489aaebfdb9e49dcb938c461c270c950,0.9105787569003864,data/public_test/public_test/489aaebfdb9e49dcb938c461c270c950.jpeg
48af19df64094c69af23492607008615,0.1931254490751295,data/public_test/public_test/48af19df64094c69af23492607008615.jpeg
48af659d5f7740b286961fcf11398047,0.9285771752400106,data/public_test/public_test/48af659d5f7740b286961fcf11398047.jpeg
48b168e3097b47fd8429771e1077ba31,0.1752973043868866,data/public_test/public_test/48b168e3097b47fd8429771e1077ba31.jpeg
48c534a80c7a449aac018724717534ac,0.0821031287487581,data/public_test/public_test/48c534a80c7a449aac018724717534ac.jpeg
48d67afada9c43b5b9a7f8a0952372fc,0.2242209310281242,data/public_test/public_test/48d67afada9c43b5b9a7f8a0952372fc.jpeg
48d995e28ba64d38a226efcce41a5ba6,0.1678753860375685,data/public_test/public_test/48d995e28ba64d38a226efcce41a5ba6.jpeg
48e401efaf9d4218a1d5864b7273c118,0.107308713129933,data/public_test/public_test/48e401efaf9d4218a1d5864b7273c118.jpeg
48ea19ea991d43ad996169c8715624b8,0.908022166084144,data/public_test/public_test/48ea19ea991d43ad996169c8715624b8.jpeg
48f1eae32b3f4bbc86c0368d13675fde,0.1341888961375665,data/public_test/public_test/48f1eae32b3f4bbc86c0368d13675fde.jpeg
49062cbe47a948fca72ec278f86561dd,0.7269773622601651,data/public_test/public_test/49062cbe47a948fca72ec278f86561dd.jpeg
491b0830613c4832bd5e20111bd476bc,0.7709364201230073,data/public_test/public_test/491b0830613c4832bd5e20111bd476bc.jpeg
492d4badf6d44f46b87fe5decd2aad43,0.374827514487544,data/public_test/public_test/492d4badf6d44f46b87fe5decd2aad43.jpeg
49368dc976794c33b42c2ca80c644f08,0.4240050288688597,data/public_test/public_test/49368dc976794c33b42c2ca80c644f08.jpeg
494d463aa70a4d5a81b567f17dbf43d3,0.783327614636589,data/public_test/public_test/494d463aa70a4d5a81b567f17dbf43d3.jpeg
494efdaac1fe41a9a35c159f7d67e462,0.3966642943303161,data/public_test/public_test/494efdaac1fe41a9a35c159f7d67e462.jpeg
49529c72dfd94334bb8c83854d4e9990,0.2429062401979602,data/public_test/public_test/49529c72dfd94334bb8c83854d4e9990.jpeg
49558993474e48faa3660ff22759f61c,0.6860157930673605,data/public_test/public_test/49558993474e48faa3660ff22759f61c.jpeg
496494cffa5e4798b499c012adeb9341,0.2378670231953724,data/public_test/public_test/496494cffa5e4798b499c012adeb9341.jpeg
49667403aa854c72871246a0461cfc4e,0.9295392325588844,data/public_test/public_test/49667403aa854c72871246a0461cfc4e.jpeg
49694df8a57c4261a09565a2b49f9c61,0.346591118602223,data/public_test/public_test/49694df8a57c4261a09565a2b49f9c61.jpeg
496f9bbf6fef4f63a34dbb4289685d06,0.8403510395656828,data/public_test/public_test/496f9bbf6fef4f63a34dbb4289685d06.jpeg
497030823edb441697038c327cbff5cb,0.7919003210021446,data/public_test/public_test/497030823edb441697038c327cbff5cb.jpeg
497ffe31aff640a094e40e93b29b6d7e,0.9105787569003864,data/public_test/public_test/497ffe31aff640a094e40e93b29b6d7e.jpeg
498b4fca83ca402ea89307cc05075aa3,0.1329011682197332,data/public_test/public_test/498b4fca83ca402ea89307cc05075aa3.jpeg
49945605645a42459a3d9bc234810558,0.3849775335049484,data/public_test/public_test/49945605645a42459a3d9bc234810558.jpeg
499bd48e7078415bbff54489bfcc6ee1,0.888464586499687,data/public_test/public_test/499bd48e7078415bbff54489bfcc6ee1.jpeg
49ab46904a5a48748f869df74298fca8,0.3767890671697704,data/public_test/public_test/49ab46904a5a48748f869df74298fca8.jpeg
49ad915705a147b6b699239e48e75f91,0.8345546320416654,data/public_test/public_test/49ad915705a147b6b699239e48e75f91.jpeg
49bd86ae870445a495f8a4bb19e979db,0.8692957114576538,data/public_test/public_test/49bd86ae870445a495f8a4bb19e979db.jpeg
49c41d82914a4009986f297474325846,0.109811542870641,data/public_test/public_test/49c41d82914a4009986f297474325846.jpeg
49c47f64f5b0449eb555c7c11b221be3,0.8708690180559059,data/public_test/public_test/49c47f64f5b0449eb555c7c11b221be3.jpeg
49c8b192104d4723a62bd99cdcaddaba,0.2331786142322804,data/public_test/public_test/49c8b192104d4723a62bd99cdcaddaba.jpeg
49cb4e11750c4861b3e62bf12f08c340,0.8964212898083673,data/public_test/public_test/49cb4e11750c4861b3e62bf12f08c340.jpeg
49cf660db114477c8cf264b4c9d2f3bf,0.1732099949145356,data/public_test/public_test/49cf660db114477c8cf264b4c9d2f3bf.jpeg
49cf8ba7162046168acd7d47a29859c4,0.1834906336563354,data/public_test/public_test/49cf8ba7162046168acd7d47a29859c4.jpeg
49d822916708408abf6c551e074c0990,0.1483921272069825,data/public_test/public_test/49d822916708408abf6c551e074c0990.jpeg
49deceda10794a8bb0f113a06593c1c3,0.0919974807706722,data/public_test/public_test/49deceda10794a8bb0f113a06593c1c3.jpeg
49e8bddf720f4ea092a14bd2cb5c91c8,0.1970068647387659,data/public_test/public_test/49e8bddf720f4ea092a14bd2cb5c91c8.jpeg
49fbb7169048479b90be1407ed437a28,0.6860157930673605,data/public_test/public_test/49fbb7169048479b90be1407ed437a28.jpeg
4a1a97589d2c402d88d744d1245679ae,0.6473319887212962,data/public_test/public_test/4a1a97589d2c402d88d744d1245679ae.jpeg
4a1d4431b3524185b42bffdb41b3922a,0.5661623786473574,data/public_test/public_test/4a1d4431b3524185b42bffdb41b3922a.jpeg
4a2132ef9df44c37b0341ea369f6ce13,0.4125742515936263,data/public_test/public_test/4a2132ef9df44c37b0341ea369f6ce13.jpeg
4a270b1c1ea244758a4f23f25f403fc4,0.2864935223695281,data/public_test/public_test/4a270b1c1ea244758a4f23f25f403fc4.jpeg
4a2cba6778fc46e6a3f7c047d4bbb7f0,0.4533065710946489,data/public_test/public_test/4a2cba6778fc46e6a3f7c047d4bbb7f0.jpeg
4a2f10031cc2472e9ff5323a4bd32ff0,0.9949242983158,data/public_test/public_test/4a2f10031cc2472e9ff5323a4bd32ff0.jpeg
4a423a7412ae498bb6bd1880a7e69d49,0.4267974542592606,data/public_test/public_test/4a423a7412ae498bb6bd1880a7e69d49.jpeg
4a43b72cac1a44cfa30bb58a8f05ef24,0.1934259658600367,data/public_test/public_test/4a43b72cac1a44cfa30bb58a8f05ef24.jpeg
4a4a173d72d7472f9780fcbc9c03e6d1,0.1159249048252335,data/public_test/public_test/4a4a173d72d7472f9780fcbc9c03e6d1.jpeg
4a4b67f87c1d45e59c5a90be9e0797fb,0.4396153207700981,data/public_test/public_test/4a4b67f87c1d45e59c5a90be9e0797fb.jpeg
4a651ea5ad8d4002b377a38a553a4eff,0.2008898631756217,data/public_test/public_test/4a651ea5ad8d4002b377a38a553a4eff.jpeg
4a6e8d4483814916936b797d3bf89d61,0.5654820754284418,data/public_test/public_test/4a6e8d4483814916936b797d3bf89d61.jpeg
4a7350d3f1514462a55483145a54639f,0.2124482638218109,data/public_test/public_test/4a7350d3f1514462a55483145a54639f.jpeg
4a77b2afdb8f4391b16ada1f6033e865,0.8218211955664084,data/public_test/public_test/4a77b2afdb8f4391b16ada1f6033e865.jpeg
4a7b83329a0d4ed099745f82cdbb3e47,0.2903763952760941,data/public_test/public_test/4a7b83329a0d4ed099745f82cdbb3e47.jpeg
4a7c7f9bfdb54aaaaf72580b0ab42f5a,0.1661351569008895,data/public_test/public_test/4a7c7f9bfdb54aaaaf72580b0ab42f5a.jpeg
4a7cdc957e38400fb9a779446480dd19,0.1562383379358885,data/public_test/public_test/4a7cdc957e38400fb9a779446480dd19.jpeg
4a8af9152e9945a495da0da2600b729c,0.1063721480111101,data/public_test/public_test/4a8af9152e9945a495da0da2600b729c.jpeg
4a8be3daa7114ae2809a9153154e3e6a,0.1603337909304242,data/public_test/public_test/4a8be3daa7114ae2809a9153154e3e6a.jpeg
4a9a5461d77948dd942158da79a93ae3,0.5825848378791274,data/public_test/public_test/4a9a5461d77948dd942158da79a93ae3.jpeg
4a9f0b8954c04cc78814ca86655223d4,0.1664303686665922,data/public_test/public_test/4a9f0b8954c04cc78814ca86655223d4.jpeg
4a9f84ec1c094fedbb4371b39cd9bad6,0.5488463647945435,data/public_test/public_test/4a9f84ec1c094fedbb4371b39cd9bad6.jpeg
4aa72dca2a354af3bcbacfaecac1692a,0.8132484892008529,data/public_test/public_test/4aa72dca2a354af3bcbacfaecac1692a.jpeg
4aa7d7d4e63749429e76fb5d482eaa52,0.2048985529085379,data/public_test/public_test/4aa7d7d4e63749429e76fb5d482eaa52.jpeg
4ab575da7f1d4d8683efbba38a60d298,0.156787633923862,data/public_test/public_test/4ab575da7f1d4d8683efbba38a60d298.jpeg
4abb7f1ce30b41d1bcf78e19413cc441,0.9475376508985086,data/public_test/public_test/4abb7f1ce30b41d1bcf78e19413cc441.jpeg
4ad98309de444b609808bea1781adb46,0.889061690425646,data/public_test/public_test/4ad98309de444b609808bea1781adb46.jpeg
4ae38b2c95584db9888cae592e302dcf,0.0583046161150828,data/public_test/public_test/4ae38b2c95584db9888cae592e302dcf.jpeg
4ae43e4cb581423b8d3e6570f8f030f4,0.4285897266167469,data/public_test/public_test/4ae43e4cb581423b8d3e6570f8f030f4.jpeg
4ae54060b70346bbb99da87c5ef2cbb9,0.1547027531897271,data/public_test/public_test/4ae54060b70346bbb99da87c5ef2cbb9.jpeg
4aeeac63e3a04c02972da40d96bddac3,0.5183982780220965,data/public_test/public_test/4aeeac63e3a04c02972da40d96bddac3.jpeg
4af017fdf0d5489c9d81f8cbfe01dbef,0.0754918495351392,data/public_test/public_test/4af017fdf0d5489c9d81f8cbfe01dbef.jpeg
4b10c0adb0dd4fdab910c3fca6490ae3,0.155676281521063,data/public_test/public_test/4b10c0adb0dd4fdab910c3fca6490ae3.jpeg
4b1a7a8277f4462b8059f47b32e2e825,0.4693437478488518,data/public_test/public_test/4b1a7a8277f4462b8059f47b32e2e825.jpeg
4b1ac3662fe1440abfe334c3e41fde95,0.7367498898647292,data/public_test/public_test/4b1ac3662fe1440abfe334c3e41fde95.jpeg
4b396a536b9a45e3a9c39e7e63f6571e,0.9475376508985086,data/public_test/public_test/4b396a536b9a45e3a9c39e7e63f6571e.jpeg
4b3cafb151a64413bf1983a56d1497d4,0.143135559965412,data/public_test/public_test/4b3cafb151a64413bf1983a56d1497d4.jpeg
4b406d70c2dc417d879382756238825c,0.8536596299041562,data/public_test/public_test/4b406d70c2dc417d879382756238825c.jpeg
4b43752516a9487eb87e31c11e03e000,0.3479138449106417,data/public_test/public_test/4b43752516a9487eb87e31c11e03e000.jpeg
4b45fb901d014c589b314b71021f4eb7,0.8163619596719253,data/public_test/public_test/4b45fb901d014c589b314b71021f4eb7.jpeg
4b46bc30d0124156935d1d6a6014eb76,0.497428359875806,data/public_test/public_test/4b46bc30d0124156935d1d6a6014eb76.jpeg
4b48ba1d29274de791e0bac58b8867da,0.1948305815801267,data/public_test/public_test/4b48ba1d29274de791e0bac58b8867da.jpeg
4b4e83be419e401ab92ff8515a69f8e3,0.1612707544714713,data/public_test/public_test/4b4e83be419e401ab92ff8515a69f8e3.jpeg
4b5b2815531140b38be3e896d17bbad7,0.3639932516916913,data/public_test/public_test/4b5b2815531140b38be3e896d17bbad7.jpeg
4b5c09d7e7204fbdb409f786baa13f6d,0.8329742438977159,data/public_test/public_test/4b5c09d7e7204fbdb409f786baa13f6d.jpeg
4b77e9a864844b3a8f5095e1f644384e,0.5679077790861932,data/public_test/public_test/4b77e9a864844b3a8f5095e1f644384e.jpeg
4b7d44b95c1b43b09724a19830074e25,0.1665119906441679,data/public_test/public_test/4b7d44b95c1b43b09724a19830074e25.jpeg
4b7ec631b2a54a58a5c184231a77f534,0.879077494192173,data/public_test/public_test/4b7ec631b2a54a58a5c184231a77f534.jpeg
4b80ca4cdb674c9fa5d7f97f592fb639,0.6860157930673605,data/public_test/public_test/4b80ca4cdb674c9fa5d7f97f592fb639.jpeg
4b9656ba3e4e4d9eac4966e027c66912,0.4467801257966735,data/public_test/public_test/4b9656ba3e4e4d9eac4966e027c66912.jpeg
4b9c1c53a22c4b298b7f249d18373698,0.5317436023438579,data/public_test/public_test/4b9c1c53a22c4b298b7f249d18373698.jpeg
4ba1e0676fd041eca52df852146dc536,0.294342582090229,data/public_test/public_test/4ba1e0676fd041eca52df852146dc536.jpeg
4ba945d34d2542af86df1bd2d652407a,0.2085318279362344,data/public_test/public_test/4ba945d34d2542af86df1bd2d652407a.jpeg
4baf6892481446d0b8abc37bb5ce6b54,0.2305306564674853,data/public_test/public_test/4baf6892481446d0b8abc37bb5ce6b54.jpeg
4bb84e70ada64e939a7bc2d06219eab7,0.4166258044626768,data/public_test/public_test/4bb84e70ada64e939a7bc2d06219eab7.jpeg
4bc73a2c08ec45a4b30eb1165a102e0b,0.6155129665513012,data/public_test/public_test/4bc73a2c08ec45a4b30eb1165a102e0b.jpeg
4bc80ce7e4724f66a2c6ddd6a624158e,0.9575391416583235,data/public_test/public_test/4bc80ce7e4724f66a2c6ddd6a624158e.jpeg
4bcdcc2632d74e4da089790c0e74d36b,0.7189647229272332,data/public_test/public_test/4bcdcc2632d74e4da089790c0e74d36b.jpeg
4bcdfc34bcf94bcfa3ea880efdc36b88,0.1874536221769993,data/public_test/public_test/4bcdfc34bcf94bcfa3ea880efdc36b88.jpeg
4bda739a38f14dcca99556eb837d8fc3,0.6323811524596458,data/public_test/public_test/4bda739a38f14dcca99556eb837d8fc3.jpeg
4bdb1472a7524cdab7902f0e1a73e41d,0.1976055732692992,data/public_test/public_test/4bdb1472a7524cdab7902f0e1a73e41d.jpeg
4bde4056810d44ec955688172dc41895,0.4849750756248525,data/public_test/public_test/4bde4056810d44ec955688172dc41895.jpeg
4bdf78108d0a480eb3f469e032060490,0.7623637137574516,data/public_test/public_test/4bdf78108d0a480eb3f469e032060490.jpeg
4be0b373fe0048fe8480e4590b3995ac,0.2254154718082024,data/public_test/public_test/4be0b373fe0048fe8480e4590b3995ac.jpeg
4be5118d7b7b4c21a2d54bd0c5333fc1,0.223288251890447,data/public_test/public_test/4be5118d7b7b4c21a2d54bd0c5333fc1.jpeg
4beb0ec499f9418a819de82c64c6433c,0.889061690425646,data/public_test/public_test/4beb0ec499f9418a819de82c64c6433c.jpeg
4bf21fae025e456aa5ad9164bff06e7c,0.7376894431502338,data/public_test/public_test/4bf21fae025e456aa5ad9164bff06e7c.jpeg
4bf8a715ff72453badb98aa3518d0f8b,0.8702719141299468,data/public_test/public_test/4bf8a715ff72453badb98aa3518d0f8b.jpeg
4c015dd08fc8423f8ff79f86608a0ecf,0.4565266208751566,data/public_test/public_test/4c015dd08fc8423f8ff79f86608a0ecf.jpeg
4c1ac0279e114232bda980437acac11c,0.9949242983158,data/public_test/public_test/4c1ac0279e114232bda980437acac11c.jpeg
4c285ab6e3bd4a2e96a848375385b500,0.5220389716170294,data/public_test/public_test/4c285ab6e3bd4a2e96a848375385b500.jpeg
4c3d21127953451fabc193cbb05bbd07,0.3605803505456106,data/public_test/public_test/4c3d21127953451fabc193cbb05bbd07.jpeg
4c3db5979a904b90a37fa3c2d357db65,0.8597782422995665,data/public_test/public_test/4c3db5979a904b90a37fa3c2d357db65.jpeg
4c46c0e126b844fd8f6f8f43c45c3cab,0.9295392325588844,data/public_test/public_test/4c46c0e126b844fd8f6f8f43c45c3cab.jpeg
4c5164573aa54d098daf0c234ab32549,0.4122324053252559,data/public_test/public_test/4c5164573aa54d098daf0c234ab32549.jpeg
4c53e96315fe44bfbba50e65b13bbff5,0.2279310142196738,data/public_test/public_test/4c53e96315fe44bfbba50e65b13bbff5.jpeg
4c545573e9c44c0bb8138bb8b6995006,0.1169921333311612,data/public_test/public_test/4c545573e9c44c0bb8138bb8b6995006.jpeg
4c5aed0261d24fc690ba27835eba62ae,0.8923860845306462,data/public_test/public_test/4c5aed0261d24fc690ba27835eba62ae.jpeg
4c5d8f686c5748399f84c060fcc24ab5,0.0254198527002027,data/public_test/public_test/4c5d8f686c5748399f84c060fcc24ab5.jpeg
4c5db82b292f418b9ae8ae438b3f9547,0.1558124409517264,data/public_test/public_test/4c5db82b292f418b9ae8ae438b3f9547.jpeg
4c68a2f784aa4f4e872e823c9099f9c5,0.0415442893793458,data/public_test/public_test/4c68a2f784aa4f4e872e823c9099f9c5.jpeg
4c6ec475808c4079892595e1e7ba9ee0,0.448805784887667,data/public_test/public_test/4c6ec475808c4079892595e1e7ba9ee0.jpeg
4c7f1d18e599452cb882c661e8b35bf9,0.3075643764200507,data/public_test/public_test/4c7f1d18e599452cb882c661e8b35bf9.jpeg
4c81552b2bda4c5e9bfb811f2dbda713,0.7186874961044666,data/public_test/public_test/4c81552b2bda4c5e9bfb811f2dbda713.jpeg
4c8759b7ae364beabb15d0ee9ab41680,0.888464586499687,data/public_test/public_test/4c8759b7ae364beabb15d0ee9ab41680.jpeg
4c93f7794a664872a49b76ff88833f1a,0.0931074032197351,data/public_test/public_test/4c93f7794a664872a49b76ff88833f1a.jpeg
4c9cef79ca164a308925eaaa28e43dbd,0.8345546320416654,data/public_test/public_test/4c9cef79ca164a308925eaaa28e43dbd.jpeg
4ca56eeb647242d08a9ef1b918e9944a,0.8669475200249463,data/public_test/public_test/4ca56eeb647242d08a9ef1b918e9944a.jpeg
4cb242aa8dac45f787751316cc8b85d7,0.8321235660574033,data/public_test/public_test/4cb242aa8dac45f787751316cc8b85d7.jpeg
4ccc91875e024155a9ea594d2aba571f,0.5823502613367864,data/public_test/public_test/4ccc91875e024155a9ea594d2aba571f.jpeg
4cced0ac80c445298f5dd811af0a19eb,0.2354792788056946,data/public_test/public_test/4cced0ac80c445298f5dd811af0a19eb.jpeg
4cd5cc750b364c818c8a4761334fab62,0.1012546546860622,data/public_test/public_test/4cd5cc750b364c818c8a4761334fab62.jpeg
4cd62f41832d4a5a882fe6b6cd3e8f0f,0.3736320404170501,data/public_test/public_test/4cd62f41832d4a5a882fe6b6cd3e8f0f.jpeg
4cd6a9b2aa82432688b79cc9fcb5bf7a,0.8511669162674561,data/public_test/public_test/4cd6a9b2aa82432688b79cc9fcb5bf7a.jpeg
4ce66b65d7e941f982afb1866fb52283,0.2013579847287919,data/public_test/public_test/4ce66b65d7e941f982afb1866fb52283.jpeg
4ced07e18726460d962f1c2acfd4a4c7,0.6611506795792067,data/public_test/public_test/4ced07e18726460d962f1c2acfd4a4c7.jpeg
4cf9053fca6c439bb4c00842fc505ca9,0.1426764329303993,data/public_test/public_test/4cf9053fca6c439bb4c00842fc505ca9.jpeg
4cfc8e36cefe4ef59314d476f405f71d,0.1670239850336297,data/public_test/public_test/4cfc8e36cefe4ef59314d476f405f71d.jpeg
4d0921e19ea5481b92a00ed581577c87,0.4414066707528461,data/public_test/public_test/4d0921e19ea5481b92a00ed581577c87.jpeg
4d0f8da2861949ee8a397a9eaec5a627,0.5222600413730779,data/public_test/public_test/4d0f8da2861949ee8a397a9eaec5a627.jpeg
4d145806e7f34de1a90dee6f4cb77ab1,0.5524897982244977,data/public_test/public_test/4d145806e7f34de1a90dee6f4cb77ab1.jpeg
4d1d39c9c3964d0489544960ad43e056,0.1349986620190755,data/public_test/public_test/4d1d39c9c3964d0489544960ad43e056.jpeg
4d1fd5e58cac4aa785854461a72555a4,0.4000771299823325,data/public_test/public_test/4d1fd5e58cac4aa785854461a72555a4.jpeg
4d23c1e5c24d4576bf43e724d5c4b989,0.1213861382886764,data/public_test/public_test/4d23c1e5c24d4576bf43e724d5c4b989.jpeg
4d27a5f239af4426a29f01f2743a5ec8,0.4846773259641601,data/public_test/public_test/4d27a5f239af4426a29f01f2743a5ec8.jpeg
4d353782a4a440e485d8f4b5c4f21373,0.9891878355985502,data/public_test/public_test/4d353782a4a440e485d8f4b5c4f21373.jpeg
4d559474121d42edb16b6e3b6fc35e37,0.0853039901328993,data/public_test/public_test/4d559474121d42edb16b6e3b6fc35e37.jpeg
4d56f571f3c44c4689531794ad289ba9,0.2261392385255081,data/public_test/public_test/4d56f571f3c44c4689531794ad289ba9.jpeg
4d5efb25ba8140fc8fb5288ce3bdc3a1,0.2140752673659926,data/public_test/public_test/4d5efb25ba8140fc8fb5288ce3bdc3a1.jpeg
4d763a8201b940c793e78e79d5117dba,0.6560113207879158,data/public_test/public_test/4d763a8201b940c793e78e79d5117dba.jpeg
4d796c0659d548b995472da3732f95fe,0.8702719141299468,data/public_test/public_test/4d796c0659d548b995472da3732f95fe.jpeg
4d86c163d289454f8ebec07ee18b9f2a,0.2057938485801231,data/public_test/public_test/4d86c163d289454f8ebec07ee18b9f2a.jpeg
4d9a8cb391054dd1bfda6c00b01df81e,0.4325346756160881,data/public_test/public_test/4d9a8cb391054dd1bfda6c00b01df81e.jpeg
4d9e1efeb0bc4f98a7ad563a68326511,0.4091619508098012,data/public_test/public_test/4d9e1efeb0bc4f98a7ad563a68326511.jpeg
4d9e936ee67441418dc0e3336737ead5,0.7623637137574516,data/public_test/public_test/4d9e936ee67441418dc0e3336737ead5.jpeg
4d9f7ba31b8444d5a7ecbccb054bedb2,0.4436455212097422,data/public_test/public_test/4d9f7ba31b8444d5a7ecbccb054bedb2.jpeg
4db382d051d04d59b764cea61d52a34d,0.9105787569003864,data/public_test/public_test/4db382d051d04d59b764cea61d52a34d.jpeg
4dc1bfcd00cd4c6e9510a14139822b76,0.4713269858886446,data/public_test/public_test/4dc1bfcd00cd4c6e9510a14139822b76.jpeg
4dc30bfaa21f4ffca2abc1e9b98f8b1c,0.1359727525077962,data/public_test/public_test/4dc30bfaa21f4ffca2abc1e9b98f8b1c.jpeg
4dc7f91c5b804c7ea7b97cc085d8527d,0.2192313721708372,data/public_test/public_test/4dc7f91c5b804c7ea7b97cc085d8527d.jpeg
4deb8425cae543c8b4e70a3b04cf278a,0.2641044010647946,data/public_test/public_test/4deb8425cae543c8b4e70a3b04cf278a.jpeg
4ded97bad5d54606821e56c811713075,0.6461998433175563,data/public_test/public_test/4ded97bad5d54606821e56c811713075.jpeg
4df4517f49e843e7a2e10effffa85ac4,0.7709364201230073,data/public_test/public_test/4df4517f49e843e7a2e10effffa85ac4.jpeg
4df5481ccd1742b28af5eb21bf407448,0.2031520854622387,data/public_test/public_test/4df5481ccd1742b28af5eb21bf407448.jpeg
4df70dc527f04f1d8a89f6ee87566e65,0.7186874961044666,data/public_test/public_test/4df70dc527f04f1d8a89f6ee87566e65.jpeg
4e197bbb63af4f2e805279e446787cb0,0.7732608604062051,data/public_test/public_test/4e197bbb63af4f2e805279e446787cb0.jpeg
4e26ee04480849239ae370d278fbb928,0.4082662294267982,data/public_test/public_test/4e26ee04480849239ae370d278fbb928.jpeg
4e4771925cd34608a6dc47aad7dfd5aa,0.8511669162674561,data/public_test/public_test/4e4771925cd34608a6dc47aad7dfd5aa.jpeg
4e5031c616004ffda0af85065e4a0c61,0.7284343322978678,data/public_test/public_test/4e5031c616004ffda0af85065e4a0c61.jpeg
4e5f5ff7f71a4b8abc895b7a43ab026b,0.1677477572087742,data/public_test/public_test/4e5f5ff7f71a4b8abc895b7a43ab026b.jpeg
4e6550605ccf4b47a8e43c08807236ac,0.968864976975728,data/public_test/public_test/4e6550605ccf4b47a8e43c08807236ac.jpeg
4e6a2c9e1dec4649b30c463382839204,0.5825848378791274,data/public_test/public_test/4e6a2c9e1dec4649b30c463382839204.jpeg
4e6dece798d44372a5a294b7468c77fb,0.9475376508985086,data/public_test/public_test/4e6dece798d44372a5a294b7468c77fb.jpeg
4e6feb04c48f4dd19b7d28eecde83de0,0.1668542462504398,data/public_test/public_test/4e6feb04c48f4dd19b7d28eecde83de0.jpeg
4e7262056bcf45729d8d725f674ebc82,0.908022166084144,data/public_test/public_test/4e7262056bcf45729d8d725f674ebc82.jpeg
4e7ced1da1124c02a56b600ab1fbe363,0.1488943848122254,data/public_test/public_test/4e7ced1da1124c02a56b600ab1fbe363.jpeg
4e88e2e159b846948c69e3f2f83cb659,0.6094187247700917,data/public_test/public_test/4e88e2e159b846948c69e3f2f83cb659.jpeg
4e8c5c0f34644942b748b33e447c6b48,0.1692187716298802,data/public_test/public_test/4e8c5c0f34644942b748b33e447c6b48.jpeg
4e8e71851c92489eb6c392ae75849054,0.6461998433175563,data/public_test/public_test/4e8e71851c92489eb6c392ae75849054.jpeg
4e979ab10a634462899ecaa4924c2932,0.4841655225990522,data/public_test/public_test/4e979ab10a634462899ecaa4924c2932.jpeg
4e9b2d2e4adf457bba615784106e9452,0.2173956908933476,data/public_test/public_test/4e9b2d2e4adf457bba615784106e9452.jpeg
4e9da7451016482f9d2748b0dd9464d3,0.5825848378791274,data/public_test/public_test/4e9da7451016482f9d2748b0dd9464d3.jpeg
4eb14e83a4be4f3d8767f13e05b9184f,0.8859079956834446,data/public_test/public_test/4eb14e83a4be4f3d8767f13e05b9184f.jpeg
4eb48d26ec444498852df07258821924,0.0550199332443747,data/public_test/public_test/4eb48d26ec444498852df07258821924.jpeg
4ebf31a8b5dc4be5a9347dbeaa331846,0.984111802745094,data/public_test/public_test/4ebf31a8b5dc4be5a9347dbeaa331846.jpeg
4ecbf73626ad4752a2137964c93808a9,0.7372416152057645,data/public_test/public_test/4ecbf73626ad4752a2137964c93808a9.jpeg
4eda144880764236a41d0dff12c57ee0,0.2220072043671676,data/public_test/public_test/4eda144880764236a41d0dff12c57ee0.jpeg
4edd36c7f4964ca1935184b9fbf3ec58,0.7709364201230073,data/public_test/public_test/4edd36c7f4964ca1935184b9fbf3ec58.jpeg
4edfefec7568412a8b715eb5dde9c82c,0.7097096120748673,data/public_test/public_test/4edfefec7568412a8b715eb5dde9c82c.jpeg
4ee1ec58234043d3878da8f4c8c153e1,0.0908537169928258,data/public_test/public_test/4ee1ec58234043d3878da8f4c8c153e1.jpeg
4eede228ef1843e9ae366672dbbe1811,0.889061690425646,data/public_test/public_test/4eede228ef1843e9ae366672dbbe1811.jpeg
4ef2b6b6ebdc4931ab7bf5a3bb4d4931,0.3385724510864605,data/public_test/public_test/4ef2b6b6ebdc4931ab7bf5a3bb4d4931.jpeg
4f0a6d7684364a0bad4a6b17840b0054,0.246274870085525,data/public_test/public_test/4f0a6d7684364a0bad4a6b17840b0054.jpeg
4f0fd277b39d4d0f9963bf45fbc7d824,0.6159607944957706,data/public_test/public_test/4f0fd277b39d4d0f9963bf45fbc7d824.jpeg
4f10b2cfd3094092ba62401974904ea9,0.4089898105775886,data/public_test/public_test/4f10b2cfd3094092ba62401974904ea9.jpeg
4f12f14ef4454df48ddea6c753edf4cb,0.3481692444720363,data/public_test/public_test/4f12f14ef4454df48ddea6c753edf4cb.jpeg
4f15707f307649a8a146624143d2cba1,0.6873821902720395,data/public_test/public_test/4f15707f307649a8a146624143d2cba1.jpeg
4f2625d66ec640d99cb5ef3613f3a87d,0.1364489352887082,data/public_test/public_test/4f2625d66ec640d99cb5ef3613f3a87d.jpeg
4f2b8310230943bd9da2761406e0e059,0.7279426069568325,data/public_test/public_test/4f2b8310230943bd9da2761406e0e059.jpeg
4f2da24c47414adcba080b8025f907ac,0.1556001665027232,data/public_test/public_test/4f2da24c47414adcba080b8025f907ac.jpeg
4f3902e20c464eddbebe465c62d1fe9f,0.3671060344750891,data/public_test/public_test/4f3902e20c464eddbebe465c62d1fe9f.jpeg
4f404ca0a20f44dd932b141c45da5b6f,0.5490596161966718,data/public_test/public_test/4f404ca0a20f44dd932b141c45da5b6f.jpeg
4f448107079349fb8e4808f673d743f7,0.8163619596719253,data/public_test/public_test/4f448107079349fb8e4808f673d743f7.jpeg
4f49d18368214d8b9abc1bb2d12708c2,0.7709364201230073,data/public_test/public_test/4f49d18368214d8b9abc1bb2d12708c2.jpeg
4f4b9ad7aae548efb5c0d32d5509d5d0,0.5317436023438579,data/public_test/public_test/4f4b9ad7aae548efb5c0d32d5509d5d0.jpeg
4f4c0597ba0b4ba28607e4c2adf7196e,0.1017250521579652,data/public_test/public_test/4f4c0597ba0b4ba28607e4c2adf7196e.jpeg
4f5b7f6fd915473497881dada5d15f80,0.5825848378791274,data/public_test/public_test/4f5b7f6fd915473497881dada5d15f80.jpeg
4f5fad5d2c6c41199ed3a632ae274f58,0.7162137798397789,data/public_test/public_test/4f5fad5d2c6c41199ed3a632ae274f58.jpeg
4f60452574a446a5b2e0abee4b3b52c5,0.9595452412199196,data/public_test/public_test/4f60452574a446a5b2e0abee4b3b52c5.jpeg
4f741f0681ce4ad3a0992e79112c9f94,0.757393872706884,data/public_test/public_test/4f741f0681ce4ad3a0992e79112c9f94.jpeg
4f785e179aa04abc8fd0bb23b8973702,0.8521478727172459,data/public_test/public_test/4f785e179aa04abc8fd0bb23b8973702.jpeg
4f83bb9bbf5943cc8dcff96d13e3a0dd,0.1369164073590746,data/public_test/public_test/4f83bb9bbf5943cc8dcff96d13e3a0dd.jpeg
4f87f957e6cf4d608a27472528c1e7b2,0.889061690425646,data/public_test/public_test/4f87f957e6cf4d608a27472528c1e7b2.jpeg
4f8bb3bdc56a41808ebd047225fc2912,0.1160958006702253,data/public_test/public_test/4f8bb3bdc56a41808ebd047225fc2912.jpeg
4f9680cef4de486bacf1108eb480d60e,0.1535846003199231,data/public_test/public_test/4f9680cef4de486bacf1108eb480d60e.jpeg
4f9835a010c64926b374c33561fdeec3,0.393038458336751,data/public_test/public_test/4f9835a010c64926b374c33561fdeec3.jpeg
4f994fdcb58b4ad89655934e7399d1d0,0.8503352357991559,data/public_test/public_test/4f994fdcb58b4ad89655934e7399d1d0.jpeg
4f9bebe49cdd4fc3ae302a409882bf3b,0.1399871238507863,data/public_test/public_test/4f9bebe49cdd4fc3ae302a409882bf3b.jpeg
4f9d057f16ca463e980e9e3752490fe5,0.958052481405022,data/public_test/public_test/4f9d057f16ca463e980e9e3752490fe5.jpeg
4fa0a23bf5c24ead8ecef4f55e295723,0.4325132304034242,data/public_test/public_test/4fa0a23bf5c24ead8ecef4f55e295723.jpeg
4fa9c9857b094d99a0e7dcf825f34dee,0.3801584720704289,data/public_test/public_test/4fa9c9857b094d99a0e7dcf825f34dee.jpeg
4fbe39465d934b43943dbc2c3e9afd19,0.9270844154251128,data/public_test/public_test/4fbe39465d934b43943dbc2c3e9afd19.jpeg
4fccebdaa2734e0184a47594bc19e826,0.8345546320416654,data/public_test/public_test/4fccebdaa2734e0184a47594bc19e826.jpeg
4fd29f291341476c992890dc210dcac8,0.5652688240263136,data/public_test/public_test/4fd29f291341476c992890dc210dcac8.jpeg
4fd4a5dae771449295abf7a9b0ae22cc,0.5488463647945435,data/public_test/public_test/4fd4a5dae771449295abf7a9b0ae22cc.jpeg
4fe07b139f6b466bb8982c02046822b6,0.1884783859690167,data/public_test/public_test/4fe07b139f6b466bb8982c02046822b6.jpeg
4feab24df30e4190b288fc9cf260c1aa,0.4964258026649495,data/public_test/public_test/4feab24df30e4190b288fc9cf260c1aa.jpeg
4ff8c7fa8d584355922d05115797fb68,0.1700141874890194,data/public_test/public_test/4ff8c7fa8d584355922d05115797fb68.jpeg
4ffa31c4e2e743d1996112b215e4d45c,0.3179287274916436,data/public_test/public_test/4ffa31c4e2e743d1996112b215e4d45c.jpeg
4fffdeb7f0ad4e3d949f31e51ac7baf1,0.7450892668040839,data/public_test/public_test/4fffdeb7f0ad4e3d949f31e51ac7baf1.jpeg
5003e745b9044ef4bb416bbdafafa4c2,0.984111802745094,data/public_test/public_test/5003e745b9044ef4bb416bbdafafa4c2.jpeg
5010f0e752d44affb2ad4064ea90197b,0.984111802745094,data/public_test/public_test/5010f0e752d44affb2ad4064ea90197b.jpeg
501354f1985e46b992033a0a2594cdbc,0.1489881504808814,data/public_test/public_test/501354f1985e46b992033a0a2594cdbc.jpeg
501be46e0d334a48beec9643f06f83c8,0.4912454691497102,data/public_test/public_test/501be46e0d334a48beec9643f06f83c8.jpeg
501c97ea4b8a4170b690c6b8c63430fd,0.2008093491392997,data/public_test/public_test/501c97ea4b8a4170b690c6b8c63430fd.jpeg
501f2fac9f4d4e27997a962d3cc29ca4,0.0667514838229337,data/public_test/public_test/501f2fac9f4d4e27997a962d3cc29ca4.jpeg
5023f19f09a844089959dd73a9fd89c7,0.90706010876527,data/public_test/public_test/5023f19f09a844089959dd73a9fd89c7.jpeg
5024252d2bf544fd986ee13034f1169e,0.2662337495396382,data/public_test/public_test/5024252d2bf544fd986ee13034f1169e.jpeg
502cb93dfbe843e38bdba0a517d2ad0b,0.548166061575628,data/public_test/public_test/502cb93dfbe843e38bdba0a517d2ad0b.jpeg
5030b16f1c3c45d7bae8262223f4b2ab,0.5994530237874719,data/public_test/public_test/5030b16f1c3c45d7bae8262223f4b2ab.jpeg
503b339fbf14481fb016d478b13dc3ed,0.5317436023438579,data/public_test/public_test/503b339fbf14481fb016d478b13dc3ed.jpeg
503f18be69dc45db8b8fb570586f62a6,0.6473319887212962,data/public_test/public_test/503f18be69dc45db8b8fb570586f62a6.jpeg
503f864805ea4c289e5178928c650d7a,0.8468965695610898,data/public_test/public_test/503f864805ea4c289e5178928c650d7a.jpeg
50582fff9b71417782ee6a1e9a2b3139,0.1648090467324844,data/public_test/public_test/50582fff9b71417782ee6a1e9a2b3139.jpeg
505b7561fc1c4cfb8ddbfb2dc83b2e43,0.2453557632282047,data/public_test/public_test/505b7561fc1c4cfb8ddbfb2dc83b2e43.jpeg
50661d85e5fd426097a73b4f6c6c0379,0.2273400558200772,data/public_test/public_test/50661d85e5fd426097a73b4f6c6c0379.jpeg
506d60e1e48b48179fb6626c90af9f3a,0.1000169724200765,data/public_test/public_test/506d60e1e48b48179fb6626c90af9f3a.jpeg
507a41306a974894a43563feca9626f1,0.8317130697295584,data/public_test/public_test/507a41306a974894a43563feca9626f1.jpeg
507b084a00304282b4f9fe6a6e03ba75,0.149499380772927,data/public_test/public_test/507b084a00304282b4f9fe6a6e03ba75.jpeg
5082f9fef326405cbaf7b78b20626a9a,0.9105787569003864,data/public_test/public_test/5082f9fef326405cbaf7b78b20626a9a.jpeg
5088a45d5eb142f9bf2b70515b39a0d0,0.7647936963607341,data/public_test/public_test/5088a45d5eb142f9bf2b70515b39a0d0.jpeg
508cdd2c0a664842add8744ab5d765d2,0.3289337606021981,data/public_test/public_test/508cdd2c0a664842add8744ab5d765d2.jpeg
5093881f3a5d42d9ad9a91b01e3b73cc,0.1155862022719473,data/public_test/public_test/5093881f3a5d42d9ad9a91b01e3b73cc.jpeg
5094a2cf189b47b4b677c4a7ca2b4cf4,0.4283544187240216,data/public_test/public_test/5094a2cf189b47b4b677c4a7ca2b4cf4.jpeg
5098cd5a08d648dabd685f277bcca1e8,0.5185203234819132,data/public_test/public_test/5098cd5a08d648dabd685f277bcca1e8.jpeg
509b39ee912b444baa19d608d40665bc,0.1551314718764909,data/public_test/public_test/509b39ee912b444baa19d608d40665bc.jpeg
50a648519a7447c38639e85733a391ea,0.4413425698019178,data/public_test/public_test/50a648519a7447c38639e85733a391ea.jpeg
50a65f182f214df1bcbc96267c7cc596,0.4775973794135022,data/public_test/public_test/50a65f182f214df1bcbc96267c7cc596.jpeg
50ad672708e4424aa404f278be380482,0.6323811524596458,data/public_test/public_test/50ad672708e4424aa404f278be380482.jpeg
50b0bab6cfd64361876b940bb99487ff,0.4095879460350597,data/public_test/public_test/50b0bab6cfd64361876b940bb99487ff.jpeg
50b1f9c67e7e4d71b872f3bee8456fbd,0.8597782422995665,data/public_test/public_test/50b1f9c67e7e4d71b872f3bee8456fbd.jpeg
50b707470b5649a0b98eb47e2ea6f18a,0.1355948544859737,data/public_test/public_test/50b707470b5649a0b98eb47e2ea6f18a.jpeg
50bb9e5f15f64346a9690e0a4b5546d4,0.9295392325588844,data/public_test/public_test/50bb9e5f15f64346a9690e0a4b5546d4.jpeg
50c70c23d30c400bad316ed3c0c12bdb,0.8329742438977159,data/public_test/public_test/50c70c23d30c400bad316ed3c0c12bdb.jpeg
50cd89781bde4c358ba2cc9071d54d36,0.1740637264155941,data/public_test/public_test/50cd89781bde4c358ba2cc9071d54d36.jpeg
50eb563f47154c88a4d7dfdd4c995bbb,0.2907607117162133,data/public_test/public_test/50eb563f47154c88a4d7dfdd4c995bbb.jpeg
50f11f1ced9644d2b7a2ef5c028d603e,0.1498842157077216,data/public_test/public_test/50f11f1ced9644d2b7a2ef5c028d603e.jpeg
50f3d0358ca3411cbf8702a5dd6a74a7,0.8569633237914736,data/public_test/public_test/50f3d0358ca3411cbf8702a5dd6a74a7.jpeg
50f3daf848ba474189692b40ffff4de2,0.7857390583263087,data/public_test/public_test/50f3daf848ba474189692b40ffff4de2.jpeg
50f41754e68e4883919e36a89780446c,0.213861846770865,data/public_test/public_test/50f41754e68e4883919e36a89780446c.jpeg
50f7c19e4eda44e48de04e05c7aae4e8,0.143907331102896,data/public_test/public_test/50f7c19e4eda44e48de04e05c7aae4e8.jpeg
5101a502ee11420b8329f56516a558be,0.222172756988084,data/public_test/public_test/5101a502ee11420b8329f56516a558be.jpeg
5107d7d90ac8471e805c29c12928c904,0.4912454691497102,data/public_test/public_test/5107d7d90ac8471e805c29c12928c904.jpeg
510b7521dfdd46ddad3a728f83e77099,0.226055018616717,data/public_test/public_test/510b7521dfdd46ddad3a728f83e77099.jpeg
510b9bc829824d059785c0d45c5c9166,0.6989440348144407,data/public_test/public_test/510b9bc829824d059785c0d45c5c9166.jpeg
511f3b477be14c138a05bbc717a3b34c,0.6749693704371172,data/public_test/public_test/511f3b477be14c138a05bbc717a3b34c.jpeg
511f730f4e7046f385150629f4866164,0.1981184572864672,data/public_test/public_test/511f730f4e7046f385150629f4866164.jpeg
5121f23c576e4ebcae7e09a027a68675,0.7367498898647292,data/public_test/public_test/5121f23c576e4ebcae7e09a027a68675.jpeg
512348158da44166991e186ef644c27a,0.6972967922399449,data/public_test/public_test/512348158da44166991e186ef644c27a.jpeg
5125fd8f757347e9ad57e397fbfcaca0,0.1566988348884118,data/public_test/public_test/5125fd8f757347e9ad57e397fbfcaca0.jpeg
512f5f320a8a448bb49ad855f88b0dbe,0.6873821902720395,data/public_test/public_test/512f5f320a8a448bb49ad855f88b0dbe.jpeg
5130537f28504aecb29f07dad5ebc76e,0.1921942271803819,data/public_test/public_test/5130537f28504aecb29f07dad5ebc76e.jpeg
5133180bf68a4adf9f31906cb22101d4,0.3074792341365213,data/public_test/public_test/5133180bf68a4adf9f31906cb22101d4.jpeg
514601e60863441d8e5fa15ac0cdff6d,0.1547403713428826,data/public_test/public_test/514601e60863441d8e5fa15ac0cdff6d.jpeg
5148d7ee21f54fea82325e55e79e72b4,0.5825848378791274,data/public_test/public_test/5148d7ee21f54fea82325e55e79e72b4.jpeg
514e684ed4de4bcbaddf70bb6202efe9,0.4713269858886446,data/public_test/public_test/514e684ed4de4bcbaddf70bb6202efe9.jpeg
516c165fc9ee4761b7a24968eb50a414,0.4148342852869293,data/public_test/public_test/516c165fc9ee4761b7a24968eb50a414.jpeg
516e794ca8254d19ada66f137160c2b3,0.1860476092502051,data/public_test/public_test/516e794ca8254d19ada66f137160c2b3.jpeg
516ecd412ddb439ebba286a0146d5cdd,0.7018886070094811,data/public_test/public_test/516ecd412ddb439ebba286a0146d5cdd.jpeg
518f5b41b04445ea87c755051fe2ef04,0.7383919256611168,data/public_test/public_test/518f5b41b04445ea87c755051fe2ef04.jpeg
519f3801b15045778db629e61a72320a,0.8774608141498691,data/public_test/public_test/519f3801b15045778db629e61a72320a.jpeg
51a1c35800a34fa9a5c09589601b2f0f,0.7709364201230073,data/public_test/public_test/51a1c35800a34fa9a5c09589601b2f0f.jpeg
51ad99d487364d51bb6ea019a401434e,0.0963529888630032,data/public_test/public_test/51ad99d487364d51bb6ea019a401434e.jpeg
51b3dbe38aa94b828ef8dcc68dcecfc8,0.9295392325588844,data/public_test/public_test/51b3dbe38aa94b828ef8dcc68dcecfc8.jpeg
51b870666adb45a289e865e6f60c7ee4,0.1557185442949418,data/public_test/public_test/51b870666adb45a289e865e6f60c7ee4.jpeg
51bbbcf3bedb47748be0e8fa2abec7aa,0.6749693704371172,data/public_test/public_test/51bbbcf3bedb47748be0e8fa2abec7aa.jpeg
51d6f41892d14d7f9251251b57f2bcf7,0.2092544048447061,data/public_test/public_test/51d6f41892d14d7f9251251b57f2bcf7.jpeg
51e3c37e16a74d0186e1b8132826f94b,0.4912454691497102,data/public_test/public_test/51e3c37e16a74d0186e1b8132826f94b.jpeg
51e54c8537b1494f9e2bfdef949bd843,0.4368852334487292,data/public_test/public_test/51e54c8537b1494f9e2bfdef949bd843.jpeg
51f62aa5090140748bc85eb825031eed,0.8575604277174326,data/public_test/public_test/51f62aa5090140748bc85eb825031eed.jpeg
51f7aee267464d67b9c865bac6688fd2,0.1874589381118812,data/public_test/public_test/51f7aee267464d67b9c865bac6688fd2.jpeg
5209d9f18a4b4654bb94f5481e2f45f9,0.3457379765477428,data/public_test/public_test/5209d9f18a4b4654bb94f5481e2f45f9.jpeg
520f5236f7c04e00bd5693531d649593,0.820560021398251,data/public_test/public_test/520f5236f7c04e00bd5693531d649593.jpeg
521f164a59f74a8198f4842dc50fa660,0.2051560100751178,data/public_test/public_test/521f164a59f74a8198f4842dc50fa660.jpeg
5222cc7253274bae8a84306e087ef8d1,0.8085126052279352,data/public_test/public_test/5222cc7253274bae8a84306e087ef8d1.jpeg
5233fb19474e4891a216dca5ce0021a1,0.1200646290782851,data/public_test/public_test/5233fb19474e4891a216dca5ce0021a1.jpeg
5240f3fb1d3543eba92ead1d9e04bc12,0.4155602242240328,data/public_test/public_test/5240f3fb1d3543eba92ead1d9e04bc12.jpeg
524d99149f854c25b6ec360cdc8fa43f,0.5488463647945435,data/public_test/public_test/524d99149f854c25b6ec360cdc8fa43f.jpeg
52691de4856143d9ac27b083dd7330ff,0.4335158503794256,data/public_test/public_test/52691de4856143d9ac27b083dd7330ff.jpeg
52897d707b2e4763a16549aa4d26a5aa,0.5179462366261602,data/public_test/public_test/52897d707b2e4763a16549aa4d26a5aa.jpeg
528a158e5c3a42978e9b8d7673075f20,0.5825848378791274,data/public_test/public_test/528a158e5c3a42978e9b8d7673075f20.jpeg
528e80c66f194214bfde417df00fb7a6,0.4424307905198983,data/public_test/public_test/528e80c66f194214bfde417df00fb7a6.jpeg
529133b5ee7543f2aa3c77c2b1151446,0.0650645272852264,data/public_test/public_test/529133b5ee7543f2aa3c77c2b1151446.jpeg
52989adaad554a19a28a1fe34322fc56,0.7461566071957048,data/public_test/public_test/52989adaad554a19a28a1fe34322fc56.jpeg
52a1583f724042dfa1d56b45f92c3a8e,0.2197844668145374,data/public_test/public_test/52a1583f724042dfa1d56b45f92c3a8e.jpeg
52a3a7fc464d4f3297829ded92722486,0.2101902822758544,data/public_test/public_test/52a3a7fc464d4f3297829ded92722486.jpeg
52a7f57cd45243448c2c977bf44deaad,0.1364027974493611,data/public_test/public_test/52a7f57cd45243448c2c977bf44deaad.jpeg
52aa76f52a594629aa038afef6b490ac,0.2479824040395449,data/public_test/public_test/52aa76f52a594629aa038afef6b490ac.jpeg
52b07ccab4524fa8b3afd8f5b031d0fa,0.7450892668040839,data/public_test/public_test/52b07ccab4524fa8b3afd8f5b031d0fa.jpeg
52c4d7cfab64473695939c8f7522abbc,0.2663647021921935,data/public_test/public_test/52c4d7cfab64473695939c8f7522abbc.jpeg
52cf528f70ea4e3e84c27916b6520245,0.8669475200249463,data/public_test/public_test/52cf528f70ea4e3e84c27916b6520245.jpeg
52d15c2f06a24870a07ba8eec00d0de8,0.2335645298191352,data/public_test/public_test/52d15c2f06a24870a07ba8eec00d0de8.jpeg
52eee0f18b214c55b3c6a745e5230cfa,0.5182661137293526,data/public_test/public_test/52eee0f18b214c55b3c6a745e5230cfa.jpeg
5304ca3b7d1c43bf82b41987c7d3997c,0.5433834175697527,data/public_test/public_test/5304ca3b7d1c43bf82b41987c7d3997c.jpeg
530c79f8c2df4a049d2de668c6995a9a,0.1397762629820033,data/public_test/public_test/530c79f8c2df4a049d2de668c6995a9a.jpeg
531545edc5af4c86bfbd906b719887d9,0.5990926085874261,data/public_test/public_test/531545edc5af4c86bfbd906b719887d9.jpeg
53219e54f6dd477db2ef73e647ab7c40,0.1630984782201541,data/public_test/public_test/53219e54f6dd477db2ef73e647ab7c40.jpeg
53279a611088495f90199698a4b6b73d,0.7097096120748673,data/public_test/public_test/53279a611088495f90199698a4b6b73d.jpeg
5329121a62d94fa7a67d2bfdd986c149,0.5825848378791274,data/public_test/public_test/5329121a62d94fa7a67d2bfdd986c149.jpeg
532b7ceced7b45d4b1af40d858cc25ce,0.4778951290741946,data/public_test/public_test/532b7ceced7b45d4b1af40d858cc25ce.jpeg
532bc8b6b9c9496184a7741f52902366,0.6433244505923432,data/public_test/public_test/532bc8b6b9c9496184a7741f52902366.jpeg
53395fac3c2a434cb312466f019f6857,0.228656347336683,data/public_test/public_test/53395fac3c2a434cb312466f019f6857.jpeg
5342676fff564483bcac69fc8e4f12e3,0.90706010876527,data/public_test/public_test/5342676fff564483bcac69fc8e4f12e3.jpeg
5347de9fba4e41acbebb2972be372367,0.5185203234819132,data/public_test/public_test/5347de9fba4e41acbebb2972be372367.jpeg
5350a64a02ba4719ba67fd1e87fecf7e,0.1603309419386292,data/public_test/public_test/5350a64a02ba4719ba67fd1e87fecf7e.jpeg
5355eaa072a542cdbcae55a38e9b7883,0.7279426069568325,data/public_test/public_test/5355eaa072a542cdbcae55a38e9b7883.jpeg
5356a09fd3784fc48dd76d2b021ffa9e,0.7810031743533911,data/public_test/public_test/5356a09fd3784fc48dd76d2b021ffa9e.jpeg
5363ca623e234fd2b7ab0b012f8cb5ce,0.5825848378791274,data/public_test/public_test/5363ca623e234fd2b7ab0b012f8cb5ce.jpeg
53676ebc31ca4f2c96e082fa30f07897,0.0592415687404525,data/public_test/public_test/53676ebc31ca4f2c96e082fa30f07897.jpeg
537421c994ed448dbaa4c37b865fd312,0.3843803367957316,data/public_test/public_test/537421c994ed448dbaa4c37b865fd312.jpeg
53765b1054e04b2fbcb97401ffd475f4,0.7724304679878354,data/public_test/public_test/53765b1054e04b2fbcb97401ffd475f4.jpeg
537da3e9a68b490b85633a94884bf739,0.148857743612195,data/public_test/public_test/537da3e9a68b490b85633a94884bf739.jpeg
5380c1a1dc29421691981618ef5e41ec,0.3098685503837411,data/public_test/public_test/5380c1a1dc29421691981618ef5e41ec.jpeg
53826d6ca1d345d2895923d07c70eae0,0.9891878355985502,data/public_test/public_test/53826d6ca1d345d2895923d07c70eae0.jpeg
53969ca90f52438fa7107046e6f2af97,0.9295392325588844,data/public_test/public_test/53969ca90f52438fa7107046e6f2af97.jpeg
53a2fee0e58e4c84b867c814ed540ff2,0.1322211433505906,data/public_test/public_test/53a2fee0e58e4c84b867c814ed540ff2.jpeg
53a3de586aae46e5b5aa90732ed7ff12,0.1789251161180567,data/public_test/public_test/53a3de586aae46e5b5aa90732ed7ff12.jpeg
53ad90d2bcda422d9c39869ffc6635e0,0.6155129665513012,data/public_test/public_test/53ad90d2bcda422d9c39869ffc6635e0.jpeg
53b0edc29aa646709c25f462ec7af268,0.1658300064109364,data/public_test/public_test/53b0edc29aa646709c25f462ec7af268.jpeg
53b61058ee4f467c978af00c3b0d9b36,0.0582182294443326,data/public_test/public_test/53b61058ee4f467c978af00c3b0d9b36.jpeg
53b7d3199ab44991a7be7aebaedd6881,0.103814741247984,data/public_test/public_test/53b7d3199ab44991a7be7aebaedd6881.jpeg
53c89703d5c0481ba843daa75f6e5c3f,0.4064310775596614,data/public_test/public_test/53c89703d5c0481ba843daa75f6e5c3f.jpeg
53cfc22b2f374020953f97bd7024c66d,0.173655093939661,data/public_test/public_test/53cfc22b2f374020953f97bd7024c66d.jpeg
53d6c7a7babd496bbc0685bbb294f15d,0.5317436023438579,data/public_test/public_test/53d6c7a7babd496bbc0685bbb294f15d.jpeg
53d9f320a8ac4085b073392fd1f7f223,0.8306308062425055,data/public_test/public_test/53d9f320a8ac4085b073392fd1f7f223.jpeg
53e411032a2840bbabdb26176d2d8af7,0.0960931411630781,data/public_test/public_test/53e411032a2840bbabdb26176d2d8af7.jpeg
53e7e6ca8f744aa9bafec77e70aaf090,0.6611506795792067,data/public_test/public_test/53e7e6ca8f744aa9bafec77e70aaf090.jpeg
53f4682818b64ee28f7c7d6417d7c2a2,0.8487548476552064,data/public_test/public_test/53f4682818b64ee28f7c7d6417d7c2a2.jpeg
53f531026f3a494b989c127ae10b2e23,0.5044687480116549,data/public_test/public_test/53f531026f3a494b989c127ae10b2e23.jpeg
53f621fb9455432ebc489eebc01889e5,0.7171533331252834,data/public_test/public_test/53f621fb9455432ebc489eebc01889e5.jpeg
53f858b6e83e4e64a47f12d0bf4b7393,0.9295392325588844,data/public_test/public_test/53f858b6e83e4e64a47f12d0bf4b7393.jpeg
53f95d68ecff4e11a35c49fd738347f1,0.5179462366261602,data/public_test/public_test/53f95d68ecff4e11a35c49fd738347f1.jpeg
53fc38db2b1d49de87f7935ad9dc2eae,0.9415468228802952,data/public_test/public_test/53fc38db2b1d49de87f7935ad9dc2eae.jpeg
53fc9d236d5c4fc0a25b0b3464aaa313,0.6473319887212962,data/public_test/public_test/53fc9d236d5c4fc0a25b0b3464aaa313.jpeg
53fe82d306674fdb96690fb2470aba3b,0.1484273111640833,data/public_test/public_test/53fe82d306674fdb96690fb2470aba3b.jpeg
53feb5c758834554af4368b2412c58e6,0.123989082528894,data/public_test/public_test/53feb5c758834554af4368b2412c58e6.jpeg
5403c5229e8d46dd98716799c077bb6e,0.9760508997446462,data/public_test/public_test/5403c5229e8d46dd98716799c077bb6e.jpeg
540814688ff948e599c846f544847b13,0.548166061575628,data/public_test/public_test/540814688ff948e599c846f544847b13.jpeg
5408f424f07e44f09e743a0cc4208c29,0.9285771752400106,data/public_test/public_test/5408f424f07e44f09e743a0cc4208c29.jpeg
5408faf0224c46fca0f23aaae749afb5,0.3371220632022154,data/public_test/public_test/5408faf0224c46fca0f23aaae749afb5.jpeg
5410269a8d744d86a7e62c3b80e6671e,0.0749378707215716,data/public_test/public_test/5410269a8d744d86a7e62c3b80e6671e.jpeg
5410b4c9ac1547d4882763458a374a9f,0.963128514258478,data/public_test/public_test/5410b4c9ac1547d4882763458a374a9f.jpeg
5412b0aea4fa42eaabdaa6ef2641c7bf,0.1941081902381704,data/public_test/public_test/5412b0aea4fa42eaabdaa6ef2641c7bf.jpeg
5416a066498a4854aec1c7ce938852a4,0.958052481405022,data/public_test/public_test/5416a066498a4854aec1c7ce938852a4.jpeg
541774c5493941e5806b58930d939c0e,0.2634638718453162,data/public_test/public_test/541774c5493941e5806b58930d939c0e.jpeg
54183a57919b4375b456b8cbc088f200,0.5825848378791274,data/public_test/public_test/54183a57919b4375b456b8cbc088f200.jpeg
5427d8030545438db2de555e47153a06,0.1331224535604098,data/public_test/public_test/5427d8030545438db2de555e47153a06.jpeg
542a26e814f64091869012a930485c6a,0.2275907234353295,data/public_test/public_test/542a26e814f64091869012a930485c6a.jpeg
542af55496cb4683b5dee91bcf913a51,0.8669475200249463,data/public_test/public_test/542af55496cb4683b5dee91bcf913a51.jpeg
542c6a15a3d44bfc8156f9c1f6d7fbf1,0.9285771752400106,data/public_test/public_test/542c6a15a3d44bfc8156f9c1f6d7fbf1.jpeg
542e6d03be9e4672a167ed907750e6f2,0.5654820754284418,data/public_test/public_test/542e6d03be9e4672a167ed907750e6f2.jpeg
54399a4850e34be6848c70131f448851,0.1398531366399207,data/public_test/public_test/54399a4850e34be6848c70131f448851.jpeg
543bdeea8b134ee09747798c05ac3ddb,0.1975636106765482,data/public_test/public_test/543bdeea8b134ee09747798c05ac3ddb.jpeg
543ebb93ade54835852fcca20e5e47c4,0.9295392325588844,data/public_test/public_test/543ebb93ade54835852fcca20e5e47c4.jpeg
543f4afd1df5441baaea85760d5a7072,0.2359531583786804,data/public_test/public_test/543f4afd1df5441baaea85760d5a7072.jpeg
5442c1027fb74f67ab54e1e44c497b16,0.0179986984483009,data/public_test/public_test/5442c1027fb74f67ab54e1e44c497b16.jpeg
544b77f614864d0db9bbc6c98c699002,0.5343686958579302,data/public_test/public_test/544b77f614864d0db9bbc6c98c699002.jpeg
545c924a2e92427ea338f822135328d5,0.8439353659671079,data/public_test/public_test/545c924a2e92427ea338f822135328d5.jpeg
545f299bd3f147d0add62f1a8cab2611,0.2488758058411055,data/public_test/public_test/545f299bd3f147d0add62f1a8cab2611.jpeg
54978e22421c49c799183eb530fa3a0c,0.3804142045599835,data/public_test/public_test/54978e22421c49c799183eb530fa3a0c.jpeg
54bc4fe08e08489f9ecfec020e282e3a,0.2261382451988669,data/public_test/public_test/54bc4fe08e08489f9ecfec020e282e3a.jpeg
54cd171b00a24652b4e7b546a606bfef,0.2261388892238321,data/public_test/public_test/54cd171b00a24652b4e7b546a606bfef.jpeg
54cde85fcc0b421c8b27d91e54b4a448,0.22038247128388,data/public_test/public_test/54cde85fcc0b421c8b27d91e54b4a448.jpeg
54d2063b491541bfadb5b73adcfeb44d,0.4508117780214087,data/public_test/public_test/54d2063b491541bfadb5b73adcfeb44d.jpeg
54da361184a94a6189cd23b78f9c300d,0.1338902786805226,data/public_test/public_test/54da361184a94a6189cd23b78f9c300d.jpeg
54e7342f069343b6b3203ddbb36c73ee,0.8487548476552064,data/public_test/public_test/54e7342f069343b6b3203ddbb36c73ee.jpeg
54fc45fb2cdb43a7a957c7c1fdefdaf0,0.3343499587097088,data/public_test/public_test/54fc45fb2cdb43a7a957c7c1fdefdaf0.jpeg
54ffb268de3f4f479832e182fd985291,0.1966232414441599,data/public_test/public_test/54ffb268de3f4f479832e182fd985291.jpeg
5503c01518fd4cd1a188761807980052,0.7074064969318822,data/public_test/public_test/5503c01518fd4cd1a188761807980052.jpeg
55162dfc78e9430bb006eb0d516cadd4,0.5047229577642156,data/public_test/public_test/55162dfc78e9430bb006eb0d516cadd4.jpeg
551bf16a519141b1b91fa8eea1d59f68,0.1599862685098186,data/public_test/public_test/551bf16a519141b1b91fa8eea1d59f68.jpeg
552cc2b3edc949ebb307c87cfc0466f0,0.3595573441776507,data/public_test/public_test/552cc2b3edc949ebb307c87cfc0466f0.jpeg
55323a7cf2b34cd28b7a1c7223c80b79,0.2596253520648464,data/public_test/public_test/55323a7cf2b34cd28b7a1c7223c80b79.jpeg
553a28387a8c4dff8f406e6d4327847c,0.180461890673052,data/public_test/public_test/553a28387a8c4dff8f406e6d4327847c.jpeg
5542f45f55a74485802f33efdd58d677,0.4170095751189273,data/public_test/public_test/5542f45f55a74485802f33efdd58d677.jpeg
554eca30a978437ea73d1863e66731f0,0.8196656535592427,data/public_test/public_test/554eca30a978437ea73d1863e66731f0.jpeg
55502e51959941338a4e147c85c76d95,0.9676061442203676,data/public_test/public_test/55502e51959941338a4e147c85c76d95.jpeg
5550bbae9e254f56b322e9a674451d3b,0.4602805632584013,data/public_test/public_test/5550bbae9e254f56b322e9a674451d3b.jpeg
555b5715a32441a394265459112e91ef,0.6155129665513012,data/public_test/public_test/555b5715a32441a394265459112e91ef.jpeg
55631e6778c749f498ea4f17e106ccb1,0.1973490548509736,data/public_test/public_test/55631e6778c749f498ea4f17e106ccb1.jpeg
55763b5ecf384a20babbafba2fe6d6fa,0.908022166084144,data/public_test/public_test/55763b5ecf384a20babbafba2fe6d6fa.jpeg
5581d81220b84b0fb39440557aab14df,0.1524384678400862,data/public_test/public_test/5581d81220b84b0fb39440557aab14df.jpeg
558f92191f9b4fd280cb4e9e5378c8f5,0.3773858381675696,data/public_test/public_test/558f92191f9b4fd280cb4e9e5378c8f5.jpeg
5595261b951c4407941698941dd597a1,0.5825848378791274,data/public_test/public_test/5595261b951c4407941698941dd597a1.jpeg
559f9dce11124ed1bd4a95e39dd3f7ed,0.1492874119628904,data/public_test/public_test/559f9dce11124ed1bd4a95e39dd3f7ed.jpeg
55a046bd06a1430480d20f202ed0ef4f,0.1967105886945192,data/public_test/public_test/55a046bd06a1430480d20f202ed0ef4f.jpeg
55a5d7a08165470ca911fa0727857887,0.8321425634294157,data/public_test/public_test/55a5d7a08165470ca911fa0727857887.jpeg
55aaa84481d44730af610c776b9d1eb1,0.8052089113406179,data/public_test/public_test/55aaa84481d44730af610c776b9d1eb1.jpeg
55b47b61e3754b14ab8a1200975b13c4,0.7186874961044666,data/public_test/public_test/55b47b61e3754b14ab8a1200975b13c4.jpeg
55b84ec9867c499e902acb2fd0050ad4,0.5317436023438579,data/public_test/public_test/55b84ec9867c499e902acb2fd0050ad4.jpeg
55be879a1c80499e9926baab40a6804e,0.1486470628520887,data/public_test/public_test/55be879a1c80499e9926baab40a6804e.jpeg
55c14104f5d8474fad7ed9a311176f9d,0.5990926085874261,data/public_test/public_test/55c14104f5d8474fad7ed9a311176f9d.jpeg
55cc9068f989427d87504e97cd269a48,0.8732810866681554,data/public_test/public_test/55cc9068f989427d87504e97cd269a48.jpeg
55ce2561d41240f69742f42d741021df,0.8732810866681554,data/public_test/public_test/55ce2561d41240f69742f42d741021df.jpeg
55d2840a9bb245aeb6bf402aca1b81a0,0.5990051958430026,data/public_test/public_test/55d2840a9bb245aeb6bf402aca1b81a0.jpeg
55d6e92244654f94b1942daa12ce799d,0.1332422176436551,data/public_test/public_test/55d6e92244654f94b1942daa12ce799d.jpeg
55dd620bc12f41fa9ffbc7440a4d8239,0.2436317588814847,data/public_test/public_test/55dd620bc12f41fa9ffbc7440a4d8239.jpeg
55edb072b99f4f41b0cf5f5d90f53dfa,0.2155630660055232,data/public_test/public_test/55edb072b99f4f41b0cf5f5d90f53dfa.jpeg
55ee214285814c9a82b9b196c30ec1e9,0.2615007964260958,data/public_test/public_test/55ee214285814c9a82b9b196c30ec1e9.jpeg
55eedc2659d04e688962192da67e6b0e,0.8163619596719253,data/public_test/public_test/55eedc2659d04e688962192da67e6b0e.jpeg
55f5193f105e4e40b0e69b60fcf75769,0.5654820754284418,data/public_test/public_test/55f5193f105e4e40b0e69b60fcf75769.jpeg
55fea2881ce74a15bb85ddf3dea4b958,0.1300516824903112,data/public_test/public_test/55fea2881ce74a15bb85ddf3dea4b958.jpeg
55ff7117001a4301a40ab8b70fa45abf,0.7636231850799388,data/public_test/public_test/55ff7117001a4301a40ab8b70fa45abf.jpeg
560707648dee48b0990331cf597b43d3,0.9270844154251128,data/public_test/public_test/560707648dee48b0990331cf597b43d3.jpeg
5610c0b020784023bd3413182d5ccbe0,0.1768325834940815,data/public_test/public_test/5610c0b020784023bd3413182d5ccbe0.jpeg
56167c9dfbb04e539c8725f6b92eb6d2,0.9285771752400106,data/public_test/public_test/56167c9dfbb04e539c8725f6b92eb6d2.jpeg
5625007d9aad4fa89018699b09ec0577,0.2155186091804919,data/public_test/public_test/5625007d9aad4fa89018699b09ec0577.jpeg
562d092dbe2249cca14ff96ffe24e135,0.6710649568057102,data/public_test/public_test/562d092dbe2249cca14ff96ffe24e135.jpeg
563b12a33ee04435930c7c6011120b67,0.1377235480201748,data/public_test/public_test/563b12a33ee04435930c7c6011120b67.jpeg
563beac669684a41906eb2e3d8c0047d,0.5652104619927655,data/public_test/public_test/563beac669684a41906eb2e3d8c0047d.jpeg
56414653e63c4b19bf63986b790ef82b,0.6984286129022829,data/public_test/public_test/56414653e63c4b19bf63986b790ef82b.jpeg
564335c579a4437d82d88b1c36a96ebe,0.2650418230642915,data/public_test/public_test/564335c579a4437d82d88b1c36a96ebe.jpeg
5644de7da7364ad89b2bdd9d985e97ba,0.9285771752400106,data/public_test/public_test/5644de7da7364ad89b2bdd9d985e97ba.jpeg
5648ae6c334e426f920e10e5e3bb18ee,0.1205327506314553,data/public_test/public_test/5648ae6c334e426f920e10e5e3bb18ee.jpeg
5652500ac0574e2891f98fd153ddd509,0.5825848378791274,data/public_test/public_test/5652500ac0574e2891f98fd153ddd509.jpeg
56547d5333a34570a000eb032f3a93b0,0.1242465506111513,data/public_test/public_test/56547d5333a34570a000eb032f3a93b0.jpeg
56569ee1c57648328ba6408d0eaed0fe,0.8922415623266536,data/public_test/public_test/56569ee1c57648328ba6408d0eaed0fe.jpeg
565d7c8ff8da419aa36c4d4670e4bdaf,0.6972967922399449,data/public_test/public_test/565d7c8ff8da419aa36c4d4670e4bdaf.jpeg
566296448b094092865120c82ef869c8,0.9380281747451792,data/public_test/public_test/566296448b094092865120c82ef869c8.jpeg
5663f3d0989e4d4689389017a8a9db77,0.3806698660976351,data/public_test/public_test/5663f3d0989e4d4689389017a8a9db77.jpeg
56661f23496e40fbaeafc472501c8337,0.7820894684543148,data/public_test/public_test/56661f23496e40fbaeafc472501c8337.jpeg
56718effce9043e6ab098641187ea56c,0.1536812804744384,data/public_test/public_test/56718effce9043e6ab098641187ea56c.jpeg
56724fa818f4475e874ae9dc24f56b38,0.3488093698114518,data/public_test/public_test/56724fa818f4475e874ae9dc24f56b38.jpeg
567791e738924660bb5b5a255a35cbe4,0.5317436023438579,data/public_test/public_test/567791e738924660bb5b5a255a35cbe4.jpeg
5678aa9d3929402fb8737113c68832d5,0.6461998433175563,data/public_test/public_test/5678aa9d3929402fb8737113c68832d5.jpeg
5679778f2aac4e7abf1719f995f9e972,0.384210172301124,data/public_test/public_test/5679778f2aac4e7abf1719f995f9e972.jpeg
567f0ba6b56646f78cedc28f1d31b7bf,0.4426225748780079,data/public_test/public_test/567f0ba6b56646f78cedc28f1d31b7bf.jpeg
56836d96fd3740f28e26a261fd22ab8c,0.8240413379167427,data/public_test/public_test/56836d96fd3740f28e26a261fd22ab8c.jpeg
568c5fe928514d1a9ff197bbf4c42f4e,0.1544920178512339,data/public_test/public_test/568c5fe928514d1a9ff197bbf4c42f4e.jpeg
56a66f6aac0143e9b9d35fa7022e368a,0.4869821330371384,data/public_test/public_test/56a66f6aac0143e9b9d35fa7022e368a.jpeg
56bf7e33c3354cbf8c36e12fa72eb778,0.1433078475592691,data/public_test/public_test/56bf7e33c3354cbf8c36e12fa72eb778.jpeg
56c75780884643c0b39dacdedf678f8d,0.1787555137808339,data/public_test/public_test/56c75780884643c0b39dacdedf678f8d.jpeg
56c8b507c14b4c43b4caf4bbb19a8d39,0.1567414797109988,data/public_test/public_test/56c8b507c14b4c43b4caf4bbb19a8d39.jpeg
56ce87e85a264b90a3442dcdc5b25a78,0.0800981016524641,data/public_test/public_test/56ce87e85a264b90a3442dcdc5b25a78.jpeg
56df782739944ccabbdb523e01a2e2bd,0.6814591226855948,data/public_test/public_test/56df782739944ccabbdb523e01a2e2bd.jpeg
56dfc481bd5e464198f42b3428b98d33,0.4343688232409063,data/public_test/public_test/56dfc481bd5e464198f42b3428b98d33.jpeg
56e4c8e26d38490ea3169d06d15bb418,0.5488463647945435,data/public_test/public_test/56e4c8e26d38490ea3169d06d15bb418.jpeg
56e7691508624ad1bcbd344bbb36d1a6,0.1074023423526219,data/public_test/public_test/56e7691508624ad1bcbd344bbb36d1a6.jpeg
56e7c5812109433cbbf7d5f9cced5537,0.5825848378791274,data/public_test/public_test/56e7c5812109433cbbf7d5f9cced5537.jpeg
56ea285f32564e38b59881a6bedef12a,0.4152612629231517,data/public_test/public_test/56ea285f32564e38b59881a6bedef12a.jpeg
56f6379fcc6841b3995b5ae8ed70eb28,0.1720127688778231,data/public_test/public_test/56f6379fcc6841b3995b5ae8ed70eb28.jpeg
56fdb76a072c4079bc97416dd0c712e6,0.1481305002516451,data/public_test/public_test/56fdb76a072c4079bc97416dd0c712e6.jpeg
570465996825423db4cf06c9daa989f8,0.4476333606344114,data/public_test/public_test/570465996825423db4cf06c9daa989f8.jpeg
5705b51e4d36471492e3e867ebad500e,0.2264381889107118,data/public_test/public_test/5705b51e4d36471492e3e867ebad500e.jpeg
5706c3bd671542e295e5b72ddd46f567,0.1868980878794057,data/public_test/public_test/5706c3bd671542e295e5b72ddd46f567.jpeg
5717ede934314faa80998974ffbcc1af,0.2037481796880405,data/public_test/public_test/5717ede934314faa80998974ffbcc1af.jpeg
5726792e4aee4934afbf39eed7acdd13,0.6749693704371172,data/public_test/public_test/5726792e4aee4934afbf39eed7acdd13.jpeg
5728fb57284d41c5b925d2251bc5589b,0.1302629854440279,data/public_test/public_test/5728fb57284d41c5b925d2251bc5589b.jpeg
572ae31f31494574a75b19a10bf5e6a4,0.9295392325588844,data/public_test/public_test/572ae31f31494574a75b19a10bf5e6a4.jpeg
5737d2cfb5e5407c88dbb4bb86c6996e,0.43053153693198,data/public_test/public_test/5737d2cfb5e5407c88dbb4bb86c6996e.jpeg
573eb031369b4d2aae3bc206f67d69b1,0.889061690425646,data/public_test/public_test/573eb031369b4d2aae3bc206f67d69b1.jpeg
574ed1d002c847ffa0d186760423d831,0.9295392325588844,data/public_test/public_test/574ed1d002c847ffa0d186760423d831.jpeg
57671bd5510841979fbb1890adbbb381,0.905136815532245,data/public_test/public_test/57671bd5510841979fbb1890adbbb381.jpeg
576e3a2cbccf4f1e9e6584aee7cc312b,0.0223492235339099,data/public_test/public_test/576e3a2cbccf4f1e9e6584aee7cc312b.jpeg
5771e1f9b0164d588a3dd01e42cadada,0.7284343322978678,data/public_test/public_test/5771e1f9b0164d588a3dd01e42cadada.jpeg
577990f1afd5444c80ee50cbf21a9cb4,0.8888674363955301,data/public_test/public_test/577990f1afd5444c80ee50cbf21a9cb4.jpeg
57864afc51ba45dc89dc7b03a4c27005,0.6873821902720395,data/public_test/public_test/57864afc51ba45dc89dc7b03a4c27005.jpeg
578bad41a31e41cb8d25eedffa19555a,0.7361113827744847,data/public_test/public_test/578bad41a31e41cb8d25eedffa19555a.jpeg
5791e022889e46daab4d749a30f221d6,0.1057324483831123,data/public_test/public_test/5791e022889e46daab4d749a30f221d6.jpeg
57999b07ff8e426f963d923c0a360645,0.8732810866681554,data/public_test/public_test/57999b07ff8e426f963d923c0a360645.jpeg
579d1cc158404adebb03d914b6634265,0.2683692872035537,data/public_test/public_test/579d1cc158404adebb03d914b6634265.jpeg
57a133a71804475ea4a4d040fda213d4,0.4110383939555304,data/public_test/public_test/57a133a71804475ea4a4d040fda213d4.jpeg
57a6cd5cd3914344bbaf91889cf7591b,0.5185203234819132,data/public_test/public_test/57a6cd5cd3914344bbaf91889cf7591b.jpeg
57a7724221f2494597082c0e6a0b900f,0.1245401250252476,data/public_test/public_test/57a7724221f2494597082c0e6a0b900f.jpeg
57be3a0a8f47445585533f96cb3116e9,0.3163932737336106,data/public_test/public_test/57be3a0a8f47445585533f96cb3116e9.jpeg
57c0e06ffb5146a68eadfc38744c8472,0.5654820754284418,data/public_test/public_test/57c0e06ffb5146a68eadfc38744c8472.jpeg
57c6415108a04bc5ad9ea65efbd8cb81,0.7171533331252834,data/public_test/public_test/57c6415108a04bc5ad9ea65efbd8cb81.jpeg
57d745733428497db5698ba272961166,0.7966362049750623,data/public_test/public_test/57d745733428497db5698ba272961166.jpeg
57e5b0a6a6a1496f81120c8c77b2a529,0.6749693704371172,data/public_test/public_test/57e5b0a6a6a1496f81120c8c77b2a529.jpeg
57ee446deb184de8843aaeae7d7db968,0.5488463647945435,data/public_test/public_test/57ee446deb184de8843aaeae7d7db968.jpeg
57ee7130ce084556a682c5dc69a6890d,0.6823459559782945,data/public_test/public_test/57ee7130ce084556a682c5dc69a6890d.jpeg
57f3f6a788054bc3b00c076adbc67637,0.7535564308495549,data/public_test/public_test/57f3f6a788054bc3b00c076adbc67637.jpeg
5805f4d039624b8a8917d5e3d58e9f3b,0.1914626339223979,data/public_test/public_test/5805f4d039624b8a8917d5e3d58e9f3b.jpeg
58138c1457f64271b1636a0f95af92de,0.1224088335598312,data/public_test/public_test/58138c1457f64271b1636a0f95af92de.jpeg
581438b45163433386adabcb1d1523bb,0.6873821902720395,data/public_test/public_test/581438b45163433386adabcb1d1523bb.jpeg
581d64e0a7464f9e9eaddaa9d7efa6da,0.9760508997446462,data/public_test/public_test/581d64e0a7464f9e9eaddaa9d7efa6da.jpeg
581e640871314916b2819d6c54ef71b1,0.889061690425646,data/public_test/public_test/581e640871314916b2819d6c54ef71b1.jpeg
5824835ec4f9470383ae53d0dcb8bad6,0.8503352357991559,data/public_test/public_test/5824835ec4f9470383ae53d0dcb8bad6.jpeg
5842856e49864276867382b888f33579,0.7721958914454944,data/public_test/public_test/5842856e49864276867382b888f33579.jpeg
585414cccec6496c92d11f84865c59e6,0.1883488523545203,data/public_test/public_test/585414cccec6496c92d11f84865c59e6.jpeg
58638746391b40888e9998ae274210f4,0.5317436023438579,data/public_test/public_test/58638746391b40888e9998ae274210f4.jpeg
586ebee531454e808cd3bc850d8eff80,0.6506781227622496,data/public_test/public_test/586ebee531454e808cd3bc850d8eff80.jpeg
58708dddf11043dba7823c1dc6934ed1,0.9475376508985086,data/public_test/public_test/58708dddf11043dba7823c1dc6934ed1.jpeg
58768ccac05b4e70811d35ff7ac47b44,0.5990051958430026,data/public_test/public_test/58768ccac05b4e70811d35ff7ac47b44.jpeg
5879c841bc9541068eefb701cdbfb585,0.9260205844237684,data/public_test/public_test/5879c841bc9541068eefb701cdbfb585.jpeg
58869a267a274130a48ca53604973b0c,0.5994530237874719,data/public_test/public_test/58869a267a274130a48ca53604973b0c.jpeg
58932a1287fc44cca7b43d34bd644b22,0.984111802745094,data/public_test/public_test/58932a1287fc44cca7b43d34bd644b22.jpeg
58d8b4753bc645c58abaab6f7ba62549,0.4360328882386974,data/public_test/public_test/58d8b4753bc645c58abaab6f7ba62549.jpeg
58df25ea1a5e49238ba255ce906d5eab,0.889061690425646,data/public_test/public_test/58df25ea1a5e49238ba255ce906d5eab.jpeg
58e71991c0d942b391577f79cc2818ba,0.2643176470090842,data/public_test/public_test/58e71991c0d942b391577f79cc2818ba.jpeg
58e94dcf5968458ca13df744ade278cc,0.1328666610346296,data/public_test/public_test/58e94dcf5968458ca13df744ade278cc.jpeg
58ed3def910d4be6bb89f0ec48449782,0.3195925741758871,data/public_test/public_test/58ed3def910d4be6bb89f0ec48449782.jpeg
58ef6811e1dd4c36affaf278cf9f8458,0.7279426069568325,data/public_test/public_test/58ef6811e1dd4c36affaf278cf9f8458.jpeg
58f59ccdc5984162b53cbeff76f8b0c1,0.0516092479808013,data/public_test/public_test/58f59ccdc5984162b53cbeff76f8b0c1.jpeg
58f990f876de4a8f9f1f0b0a06663737,0.2288708158368386,data/public_test/public_test/58f990f876de4a8f9f1f0b0a06663737.jpeg
59011a312d2741da812dbde8b643a539,0.1607824866712449,data/public_test/public_test/59011a312d2741da812dbde8b643a539.jpeg
59067e5c721345d29af262f5e57d3159,0.5047229577642156,data/public_test/public_test/59067e5c721345d29af262f5e57d3159.jpeg
590a56feed6646e8882a579163c1021e,0.8605435759163181,data/public_test/public_test/590a56feed6646e8882a579163c1021e.jpeg
590d4bf423894068b9ddfb701f5ca05d,0.4912454691497102,data/public_test/public_test/590d4bf423894068b9ddfb701f5ca05d.jpeg
592b6ee59a4547939a4238c6f50f783b,0.2040030116342116,data/public_test/public_test/592b6ee59a4547939a4238c6f50f783b.jpeg
593d57a29fc24889ae4e537d40569db2,0.6323811524596458,data/public_test/public_test/593d57a29fc24889ae4e537d40569db2.jpeg
5944fce88b5243b094c4c9fc21369aed,0.4102274600965421,data/public_test/public_test/5944fce88b5243b094c4c9fc21369aed.jpeg
5945272b2cb645b6b60ffd7cb74b3a35,0.4912454691497102,data/public_test/public_test/5945272b2cb645b6b60ffd7cb74b3a35.jpeg
59564e434add4cfebb2ae5482756111f,0.7549638901036014,data/public_test/public_test/59564e434add4cfebb2ae5482756111f.jpeg
5957601091c24555a7837c9e9ba657ea,0.7535564308495549,data/public_test/public_test/5957601091c24555a7837c9e9ba657ea.jpeg
5967e063b66c4425a9a09ad0f8e38905,0.6323811524596458,data/public_test/public_test/5967e063b66c4425a9a09ad0f8e38905.jpeg
596b48c82bbc4c79b8a6012ee6d36ac7,0.285216104308976,data/public_test/public_test/596b48c82bbc4c79b8a6012ee6d36ac7.jpeg
596fe55c0cfd4d8c9135fe700c753d73,0.0857708236361391,data/public_test/public_test/596fe55c0cfd4d8c9135fe700c753d73.jpeg
597d0ebba19b4a1aab9f9e81f7639a73,0.222775089523506,data/public_test/public_test/597d0ebba19b4a1aab9f9e81f7639a73.jpeg
597fc2e29c4e430e99814ef4df67529a,0.1193024364476981,data/public_test/public_test/597fc2e29c4e430e99814ef4df67529a.jpeg
59826513cf63473f8aba55ef17db1244,0.5646738322839265,data/public_test/public_test/59826513cf63473f8aba55ef17db1244.jpeg
5982c0284eb94995a77c0a2250307767,0.4369276490420913,data/public_test/public_test/5982c0284eb94995a77c0a2250307767.jpeg
598e5454b7ed4fc596109c90db77c772,0.8511669162674561,data/public_test/public_test/598e5454b7ed4fc596109c90db77c772.jpeg
5994b703e7d34d5991c8363be109175d,0.6159607944957706,data/public_test/public_test/5994b703e7d34d5991c8363be109175d.jpeg
59958a0eaf6d4b0a94226fa70e9f2057,0.548166061575628,data/public_test/public_test/59958a0eaf6d4b0a94226fa70e9f2057.jpeg
59a3ff0949b7406598ac3af3276ac6ee,0.6323811524596458,data/public_test/public_test/59a3ff0949b7406598ac3af3276ac6ee.jpeg
59a837099c414492adb8d2c64a6f8ad1,0.5488463647945435,data/public_test/public_test/59a837099c414492adb8d2c64a6f8ad1.jpeg
59aa4230c49241b48ec4f265ab8040d2,0.3888589655421008,data/public_test/public_test/59aa4230c49241b48ec4f265ab8040d2.jpeg
59af9d439b854e2cb713064d139b36b5,0.888464586499687,data/public_test/public_test/59af9d439b854e2cb713064d139b36b5.jpeg
59b49f6295a046aa90929965ea0d0215,0.9450828337647372,data/public_test/public_test/59b49f6295a046aa90929965ea0d0215.jpeg
59b7508c015e4ff0aa8d141629ee2483,0.210192596399458,data/public_test/public_test/59b7508c015e4ff0aa8d141629ee2483.jpeg
59b7632460054daaa9d06dcbf20f390c,0.889061690425646,data/public_test/public_test/59b7632460054daaa9d06dcbf20f390c.jpeg
59b95d3a243b495baa7994f07337c690,0.8503352357991559,data/public_test/public_test/59b95d3a243b495baa7994f07337c690.jpeg
59ca0e39733545f58c0c8c62287013a8,0.9760508997446462,data/public_test/public_test/59ca0e39733545f58c0c8c62287013a8.jpeg
59d05765239c47a298059bb9af6f4b2d,0.7919003210021446,data/public_test/public_test/59d05765239c47a298059bb9af6f4b2d.jpeg
59e35b6d88a144ab9c07192cacb12433,0.4159860011357438,data/public_test/public_test/59e35b6d88a144ab9c07192cacb12433.jpeg
59e4a8cfd6854d439da905cdbd147104,0.6860157930673605,data/public_test/public_test/59e4a8cfd6854d439da905cdbd147104.jpeg
59f434c76785452c839a56aaed49a5e2,0.1321830776546627,data/public_test/public_test/59f434c76785452c839a56aaed49a5e2.jpeg
59f64335ab394bbaa2b4548d19293d54,0.1692855141747333,data/public_test/public_test/59f64335ab394bbaa2b4548d19293d54.jpeg
59f90cd224ca446b9b8c141b8baf4693,0.90706010876527,data/public_test/public_test/59f90cd224ca446b9b8c141b8baf4693.jpeg
59f9f7ff511f4cc085f7df82fab05e94,0.9285771752400106,data/public_test/public_test/59f9f7ff511f4cc085f7df82fab05e94.jpeg
59ffb4878bfc4255bbbdd4618f511914,0.1656131964979838,data/public_test/public_test/59ffb4878bfc4255bbbdd4618f511914.jpeg
5a127b26963b48649b4d00500ad2f991,0.4110804711628939,data/public_test/public_test/5a127b26963b48649b4d00500ad2f991.jpeg
5a27a1fbe3f54458a44825dd5b1cc080,0.946044891083611,data/public_test/public_test/5a27a1fbe3f54458a44825dd5b1cc080.jpeg
5a2a987d0f6142148dcd586cc132252f,0.984111802745094,data/public_test/public_test/5a2a987d0f6142148dcd586cc132252f.jpeg
5a3e5e66ce0c4b1ba056efdb80f2a3a0,0.9295392325588844,data/public_test/public_test/5a3e5e66ce0c4b1ba056efdb80f2a3a0.jpeg
5a3f309f54174f53ad901b6f21499baf,0.6155129665513012,data/public_test/public_test/5a3f309f54174f53ad901b6f21499baf.jpeg
5a415f4c8f6c44e5a3459bb1b8746008,0.2225129877362027,data/public_test/public_test/5a415f4c8f6c44e5a3459bb1b8746008.jpeg
5a476ace273045828166925b3d657641,0.8669475200249463,data/public_test/public_test/5a476ace273045828166925b3d657641.jpeg
5a4d3f0a85fb4c8da4e7e9cbdeea3cb0,0.6984286129022829,data/public_test/public_test/5a4d3f0a85fb4c8da4e7e9cbdeea3cb0.jpeg
5a4ddc85e18b4d2883e5af21bc496c38,0.1414745186102539,data/public_test/public_test/5a4ddc85e18b4d2883e5af21bc496c38.jpeg
5a507e4812b948a4b8538affdcdec42a,0.673563499414129,data/public_test/public_test/5a507e4812b948a4b8538affdcdec42a.jpeg
5a5cafa6f1d9456b88fe19ac38c2718b,0.4363516683163136,data/public_test/public_test/5a5cafa6f1d9456b88fe19ac38c2718b.jpeg
5a617c1587d24e0dbde3d38e52d8e156,0.5185203234819132,data/public_test/public_test/5a617c1587d24e0dbde3d38e52d8e156.jpeg
5a6d2f532bb14f4a9452ecd8564caef5,0.5552604154559618,data/public_test/public_test/5a6d2f532bb14f4a9452ecd8564caef5.jpeg
5a74cfa0453149199c452152c8879395,0.8329742438977159,data/public_test/public_test/5a74cfa0453149199c452152c8879395.jpeg
5a7eaf90d9354a8a94e47792fbe1306b,0.8218211955664084,data/public_test/public_test/5a7eaf90d9354a8a94e47792fbe1306b.jpeg
5a8216912bf0409ca137e7a6cfc6cfbe,0.1898889561911152,data/public_test/public_test/5a8216912bf0409ca137e7a6cfc6cfbe.jpeg
5a883f0c94174773a4175591bd983126,0.0092558548773311,data/public_test/public_test/5a883f0c94174773a4175591bd983126.jpeg
5a8bdc3d569a42439ee88459248da54c,0.1700575691198292,data/public_test/public_test/5a8bdc3d569a42439ee88459248da54c.jpeg
5a93c7da32064586a1b5e1322c123b4b,0.0973513408091508,data/public_test/public_test/5a93c7da32064586a1b5e1322c123b4b.jpeg
5a9a836849f44b6f8f9d1f1b820d8c42,0.5179462366261602,data/public_test/public_test/5a9a836849f44b6f8f9d1f1b820d8c42.jpeg
5a9f07cc60be4314b832b72773da4c12,0.8163619596719253,data/public_test/public_test/5a9f07cc60be4314b832b72773da4c12.jpeg
5aa094b73adc4a1e9b38acec760efaf1,0.8030533693334521,data/public_test/public_test/5aa094b73adc4a1e9b38acec760efaf1.jpeg
5aafcc9203424455bcb7af5c1365f4bf,0.3965376479124855,data/public_test/public_test/5aafcc9203424455bcb7af5c1365f4bf.jpeg
5ab193a027c44c9f87627824df0c3233,0.6611506795792067,data/public_test/public_test/5ab193a027c44c9f87627824df0c3233.jpeg
5ab2b50805b84e88a6f0b2dba0dd11db,0.2261400080807631,data/public_test/public_test/5ab2b50805b84e88a6f0b2dba0dd11db.jpeg
5ab3ade8e92f43799432da536ad5eb90,0.5578425339482066,data/public_test/public_test/5ab3ade8e92f43799432da536ad5eb90.jpeg
5abe8de013c540118c4db3107df4d70a,0.7371787231661054,data/public_test/public_test/5abe8de013c540118c4db3107df4d70a.jpeg
5abf428dfca14281aeb726b2353cf7c4,0.1015517275747574,data/public_test/public_test/5abf428dfca14281aeb726b2353cf7c4.jpeg
5ac1b3c313a84482980157900d6d34a1,0.5317436023438579,data/public_test/public_test/5ac1b3c313a84482980157900d6d34a1.jpeg
5ac24f01186f4d95bfaa47751201c947,0.1572595377592428,data/public_test/public_test/5ac24f01186f4d95bfaa47751201c947.jpeg
5adb31c54c8e4d2b9ada60ac6800b597,0.1694537629679615,data/public_test/public_test/5adb31c54c8e4d2b9ada60ac6800b597.jpeg
5ae1ace2161940c9beb1b58b17aee13f,0.7361990547662458,data/public_test/public_test/5ae1ace2161940c9beb1b58b17aee13f.jpeg
5ae2a86b5fc5498ba91928ebc21ad9ec,0.1079505631463739,data/public_test/public_test/5ae2a86b5fc5498ba91928ebc21ad9ec.jpeg
5ae499767ca14d4992a87635393ed475,0.4912454691497102,data/public_test/public_test/5ae499767ca14d4992a87635393ed475.jpeg
5ae7048d8814490da5c57d45e1a3387f,0.4841655225990522,data/public_test/public_test/5ae7048d8814490da5c57d45e1a3387f.jpeg
5ae75d33e32840d8867923580cfe0b97,0.6473319887212962,data/public_test/public_test/5ae75d33e32840d8867923580cfe0b97.jpeg
5afc18ea787e4f8791e2915f42020e2e,0.9828331621286758,data/public_test/public_test/5afc18ea787e4f8791e2915f42020e2e.jpeg
5afe9e3030b040b996792db2898d7ab8,0.1297100490776497,data/public_test/public_test/5afe9e3030b040b996792db2898d7ab8.jpeg
5b0b6ed25b68467ea045a04c7155b9d0,0.0971155580844597,data/public_test/public_test/5b0b6ed25b68467ea045a04c7155b9d0.jpeg
5b0eca6a93d648bf9de7764f71242576,0.1888239981460816,data/public_test/public_test/5b0eca6a93d648bf9de7764f71242576.jpeg
5b10fe7ec6864420984a48efb4d6bf06,0.9949242983158,data/public_test/public_test/5b10fe7ec6864420984a48efb4d6bf06.jpeg
5b248b9a08ee47a4894ac8abde9f9a2c,0.3685997767009506,data/public_test/public_test/5b248b9a08ee47a4894ac8abde9f9a2c.jpeg
5b2f243fe11944a788fd2b8115ba3c79,0.8487548476552064,data/public_test/public_test/5b2f243fe11944a788fd2b8115ba3c79.jpeg
5b3a9b216aec4fc1a4c62f30fe1f087f,0.7376894431502338,data/public_test/public_test/5b3a9b216aec4fc1a4c62f30fe1f087f.jpeg
5b3aafd0b8fc432798dcb26cf49f6c13,0.7810031743533911,data/public_test/public_test/5b3aafd0b8fc432798dcb26cf49f6c13.jpeg
5b4184e9134444108596e8a9cdf3fe04,0.8163619596719253,data/public_test/public_test/5b4184e9134444108596e8a9cdf3fe04.jpeg
5b46bfedad29428696be87a5bcb126e1,0.7919003210021446,data/public_test/public_test/5b46bfedad29428696be87a5bcb126e1.jpeg
5b5a0ccf61ba48958b767863c9e85fb0,0.9475376508985086,data/public_test/public_test/5b5a0ccf61ba48958b767863c9e85fb0.jpeg
5b5bf315914747afa869fd1201d3e3d3,0.5994530237874719,data/public_test/public_test/5b5bf315914747afa869fd1201d3e3d3.jpeg
5b5e3e95b33f41d68237c937c4601682,0.2530144057793874,data/public_test/public_test/5b5e3e95b33f41d68237c937c4601682.jpeg
5b5f16846a374e01b009a8faafa29871,0.1477889323330478,data/public_test/public_test/5b5f16846a374e01b009a8faafa29871.jpeg
5b6fc743cec747a899ad0e432acbf040,0.3078622898159037,data/public_test/public_test/5b6fc743cec747a899ad0e432acbf040.jpeg
5b71b2b9010845719eebd4e411e64b5e,0.059756401206032,data/public_test/public_test/5b71b2b9010845719eebd4e411e64b5e.jpeg
5b794357cd5c42fa9a1fce99b1444ed4,0.1488550747290767,data/public_test/public_test/5b794357cd5c42fa9a1fce99b1444ed4.jpeg
5b7fdffe99194b4c8400a0891c3db47b,0.4212318382664542,data/public_test/public_test/5b7fdffe99194b4c8400a0891c3db47b.jpeg
5b89fbe8a0dd464eac1ff883facf9901,0.7765265977543683,data/public_test/public_test/5b89fbe8a0dd464eac1ff883facf9901.jpeg
5b8a2939aebe4f998f1b5e42e981393c,0.6749693704371172,data/public_test/public_test/5b8a2939aebe4f998f1b5e42e981393c.jpeg
5b8abaf0f9e8486992f870600ff11930,0.1889094951891257,data/public_test/public_test/5b8abaf0f9e8486992f870600ff11930.jpeg
5b9236490ea1495abda9ecbf6f0dc6a7,0.7372416152057645,data/public_test/public_test/5b9236490ea1495abda9ecbf6f0dc6a7.jpeg
5b967f6580a34dbe8d383c1b3cb68dc6,0.7097096120748673,data/public_test/public_test/5b967f6580a34dbe8d383c1b3cb68dc6.jpeg
5baac1c1373840d8ba4ba92a1e886785,0.2194449019227385,data/public_test/public_test/5baac1c1373840d8ba4ba92a1e886785.jpeg
5bb3defcb1f74ef194f2084f08bf8724,0.3851063739739315,data/public_test/public_test/5bb3defcb1f74ef194f2084f08bf8724.jpeg
5bb6814d7d1248c989e3c4f594985fad,0.1454815709915637,data/public_test/public_test/5bb6814d7d1248c989e3c4f594985fad.jpeg
5bbde01f84314dccaffdbab6c9f38979,0.7464967260581304,data/public_test/public_test/5bbde01f84314dccaffdbab6c9f38979.jpeg
5bc1a21d454b4213abe726bcd9b5aeb3,0.8052089113406179,data/public_test/public_test/5bc1a21d454b4213abe726bcd9b5aeb3.jpeg
5bc93505badd469faad5987e1e37b42f,0.6997157704759734,data/public_test/public_test/5bc93505badd469faad5987e1e37b42f.jpeg
5bcb10bb20f4443aba88356795c4e11b,0.1179742959633011,data/public_test/public_test/5bcb10bb20f4443aba88356795c4e11b.jpeg
5bd0cf3822de475fa0f6deba30c9d77f,0.9285771752400106,data/public_test/public_test/5bd0cf3822de475fa0f6deba30c9d77f.jpeg
5bd23f1d245e4ec689f520d2ec156172,0.5317436023438579,data/public_test/public_test/5bd23f1d245e4ec689f520d2ec156172.jpeg
5bd4fbe34d2a4cb682a3592188407456,0.8321425634294157,data/public_test/public_test/5bd4fbe34d2a4cb682a3592188407456.jpeg
5bd5ba5c554b4a02a458c07a90fb3e94,0.1641712518901886,data/public_test/public_test/5bd5ba5c554b4a02a458c07a90fb3e94.jpeg
5bdc9b1aff28475fb5b8333f05e7ae3a,0.2751494428618499,data/public_test/public_test/5bdc9b1aff28475fb5b8333f05e7ae3a.jpeg
5be979e5b02b4cba8b11feda13a97f4f,0.3969195356143887,data/public_test/public_test/5be979e5b02b4cba8b11feda13a97f4f.jpeg
5bf34dc2161d4158bebfea76b8207993,0.8439353659671079,data/public_test/public_test/5bf34dc2161d4158bebfea76b8207993.jpeg
5bf41c3012c94fe98a6df6cfd507abad,0.179516865904263,data/public_test/public_test/5bf41c3012c94fe98a6df6cfd507abad.jpeg
5c11d6f87f684894946e02bee156de55,0.6971290264654407,data/public_test/public_test/5c11d6f87f684894946e02bee156de55.jpeg
5c1220205c8940319d148fb15be97069,0.6873821902720395,data/public_test/public_test/5c1220205c8940319d148fb15be97069.jpeg
5c1698f999734eb492c9ddd3307d2d11,0.5317436023438579,data/public_test/public_test/5c1698f999734eb492c9ddd3307d2d11.jpeg
5c1aa765a0ae4b2a84e5da0fc8fbecc4,0.1741068351544695,data/public_test/public_test/5c1aa765a0ae4b2a84e5da0fc8fbecc4.jpeg
5c246e2145b04f32a9122da740de0e60,0.256127908997492,data/public_test/public_test/5c246e2145b04f32a9122da740de0e60.jpeg
5c3b252035774541af70aa582940642f,0.9811269325981024,data/public_test/public_test/5c3b252035774541af70aa582940642f.jpeg
5c3bc286048b4734954e13b689275cad,0.3883905820126737,data/public_test/public_test/5c3bc286048b4734954e13b689275cad.jpeg
5c3c5b953fc3428caa59bec96a0f31db,0.4060265493784216,data/public_test/public_test/5c3c5b953fc3428caa59bec96a0f31db.jpeg
5c4207a8ad9d4f8286031da04f89d1d0,0.4564627982740014,data/public_test/public_test/5c4207a8ad9d4f8286031da04f89d1d0.jpeg
5c460ddeba5a47809cffd98e01300de0,0.9868633953153522,data/public_test/public_test/5c460ddeba5a47809cffd98e01300de0.jpeg
5c480c89216b44c287130bd7678d3f5b,0.8329742438977159,data/public_test/public_test/5c480c89216b44c287130bd7678d3f5b.jpeg
5c4972bbb7b64e3190297eedda00748c,0.4028497420538371,data/public_test/public_test/5c4972bbb7b64e3190297eedda00748c.jpeg
5c6930d562844d1db0114033a2e76ba9,0.2115075616612627,data/public_test/public_test/5c6930d562844d1db0114033a2e76ba9.jpeg
5c70a9190726424385d8b421da75592a,0.6611506795792067,data/public_test/public_test/5c70a9190726424385d8b421da75592a.jpeg
5c7663f76a384dbb87183739e3516b26,0.6155129665513012,data/public_test/public_test/5c7663f76a384dbb87183739e3516b26.jpeg
5c7ccfaf347f4b0eb0ecb4bd927bf297,0.2577051725287926,data/public_test/public_test/5c7ccfaf347f4b0eb0ecb4bd927bf297.jpeg
5c7db01648b14c26910dca0650622691,0.5654820754284418,data/public_test/public_test/5c7db01648b14c26910dca0650622691.jpeg
5c85e1b7da4241acb1197308fb088d34,0.5646738322839265,data/public_test/public_test/5c85e1b7da4241acb1197308fb088d34.jpeg
5c8b0a7f503e4f08bf12c4ad7ad7e937,0.9295392325588844,data/public_test/public_test/5c8b0a7f503e4f08bf12c4ad7ad7e937.jpeg
5c94ac913f384d329f2170cdfaeb908c,0.8302842853352992,data/public_test/public_test/5c94ac913f384d329f2170cdfaeb908c.jpeg
5c957b6224ef4215b7ab447d6cf38ba2,0.0706312239300929,data/public_test/public_test/5c957b6224ef4215b7ab447d6cf38ba2.jpeg
5ca8f2a7d0cf4b8aa84ed60da3a72081,0.8353626596015523,data/public_test/public_test/5ca8f2a7d0cf4b8aa84ed60da3a72081.jpeg
5cc9e8dd322843b88c61fc105a1b2389,0.7263645465810836,data/public_test/public_test/5cc9e8dd322843b88c61fc105a1b2389.jpeg
5ccebafbc24c4b8197f28c707ae87db7,0.6611506795792067,data/public_test/public_test/5ccebafbc24c4b8197f28c707ae87db7.jpeg
5cf45dcd82ad44b6a343308ad946193d,0.7943117646918644,data/public_test/public_test/5cf45dcd82ad44b6a343308ad946193d.jpeg
5cf5c6091d9c480d9d8a73c6bdf48a34,0.1973509596366756,data/public_test/public_test/5cf5c6091d9c480d9d8a73c6bdf48a34.jpeg
5cfb0b1cc2c94371adcb57c962ce9713,0.5047229577642156,data/public_test/public_test/5cfb0b1cc2c94371adcb57c962ce9713.jpeg
5d057c7d49474ee9ad9fbea9f062cd08,0.2269925988935358,data/public_test/public_test/5d057c7d49474ee9ad9fbea9f062cd08.jpeg
5d12338ebeb1433b9addc9f92b1e09ac,0.8196656535592427,data/public_test/public_test/5d12338ebeb1433b9addc9f92b1e09ac.jpeg
5d192ab162c44060a38a4a049aa3efa7,0.9295392325588844,data/public_test/public_test/5d192ab162c44060a38a4a049aa3efa7.jpeg
5d2a6715c5194f388229301c3611a004,0.1352995062743039,data/public_test/public_test/5d2a6715c5194f388229301c3611a004.jpeg
5d309ebda6bf4ec8ba7d948704975b23,0.1360994698775297,data/public_test/public_test/5d309ebda6bf4ec8ba7d948704975b23.jpeg
5d3cbb4abfb649d7ba544ee573f6c17c,0.2776229026081193,data/public_test/public_test/5d3cbb4abfb649d7ba544ee573f6c17c.jpeg
5d450320534e44409390f016b33cd830,0.607593837733067,data/public_test/public_test/5d450320534e44409390f016b33cd830.jpeg
5d4f087edcc9407086403fc46e00899f,0.3752094294786407,data/public_test/public_test/5d4f087edcc9407086403fc46e00899f.jpeg
5d599066cb6e43979db2ced69c6af3f6,0.1734704811815873,data/public_test/public_test/5d599066cb6e43979db2ced69c6af3f6.jpeg
5d6463c2205742edb0f7d19b7855ded4,0.0798012634508325,data/public_test/public_test/5d6463c2205742edb0f7d19b7855ded4.jpeg
5d669938aee74b9283ef7449effe0a1d,0.5472223821640756,data/public_test/public_test/5d669938aee74b9283ef7449effe0a1d.jpeg
5d6f1ac0ffcc4c4d841ce1eb53e170d6,0.854625551372821,data/public_test/public_test/5d6f1ac0ffcc4c4d841ce1eb53e170d6.jpeg
5d72b4bc79bd4a4b966decaa209c6bc4,0.380968745530936,data/public_test/public_test/5d72b4bc79bd4a4b966decaa209c6bc4.jpeg
5d7d57b8b6e4438c82f6f6f4346913ec,0.0927236543948393,data/public_test/public_test/5d7d57b8b6e4438c82f6f6f4346913ec.jpeg
5d8822f484fc48f185a518223ebf41a9,0.7810031743533911,data/public_test/public_test/5d8822f484fc48f185a518223ebf41a9.jpeg
5d8e32836c0c4a91a69d72a545b3ca98,0.1121728808722877,data/public_test/public_test/5d8e32836c0c4a91a69d72a545b3ca98.jpeg
5d92a255348e4a49b00eab77d9d360e3,0.2689236535236682,data/public_test/public_test/5d92a255348e4a49b00eab77d9d360e3.jpeg
5daf591cde8647d98e049624931b596a,0.2035349719486218,data/public_test/public_test/5daf591cde8647d98e049624931b596a.jpeg
5db73ae35b854d74b97a8f2a9ba8f67e,0.7999398988623797,data/public_test/public_test/5db73ae35b854d74b97a8f2a9ba8f67e.jpeg
5dbbd367b81548af9f9163f10f7c3831,0.0672170947703074,data/public_test/public_test/5dbbd367b81548af9f9163f10f7c3831.jpeg
5dc3c84421a74b8b95068052a8c27161,0.2616702732330287,data/public_test/public_test/5dc3c84421a74b8b95068052a8c27161.jpeg
5dc7510e483e473ea46da0d05ddfab22,0.8923860845306462,data/public_test/public_test/5dc7510e483e473ea46da0d05ddfab22.jpeg
5dcabf981d42413688f3b1ddb2fa3c1a,0.9475376508985086,data/public_test/public_test/5dcabf981d42413688f3b1ddb2fa3c1a.jpeg
5dd02e85d05a48f9bc40a718b68108ba,0.5317436023438579,data/public_test/public_test/5dd02e85d05a48f9bc40a718b68108ba.jpeg
5dda2034c4a645a1a9c47590f18a9fc1,0.5490596161966718,data/public_test/public_test/5dda2034c4a645a1a9c47590f18a9fc1.jpeg
5de24176478e4c23afcc7f98ab084e34,0.5317436023438579,data/public_test/public_test/5de24176478e4c23afcc7f98ab084e34.jpeg
5de89a82e0a84463959c84f0f0f6207c,0.1430078219798438,data/public_test/public_test/5de89a82e0a84463959c84f0f0f6207c.jpeg
5df77e7283c94d399912b77bcb1aeddd,0.8569633237914736,data/public_test/public_test/5df77e7283c94d399912b77bcb1aeddd.jpeg
5dfdad172fb64782a58d27007ddb581f,0.9049702450244134,data/public_test/public_test/5dfdad172fb64782a58d27007ddb581f.jpeg
5e0d8622bfed4874b4f50ef7126dc005,0.1349120788661326,data/public_test/public_test/5e0d8622bfed4874b4f50ef7126dc005.jpeg
5e1a3c4235b64f0684ddfe60e6d419a1,0.1501301350033156,data/public_test/public_test/5e1a3c4235b64f0684ddfe60e6d419a1.jpeg
5e2a9ab53f454f20b6657d19e23f701d,0.3558467261179096,data/public_test/public_test/5e2a9ab53f454f20b6657d19e23f701d.jpeg
5e2d35bda5c24f6989c7fce2943d7d89,0.0999327361377694,data/public_test/public_test/5e2d35bda5c24f6989c7fce2943d7d89.jpeg
5e3e4d83513449648f151afcb54b1649,0.6873821902720395,data/public_test/public_test/5e3e4d83513449648f151afcb54b1649.jpeg
5e3ff88ea059452da9fe27352af0e719,0.8732810866681554,data/public_test/public_test/5e3ff88ea059452da9fe27352af0e719.jpeg
5e5260cadb9545c892e5d913649806ec,0.4846773259641601,data/public_test/public_test/5e5260cadb9545c892e5d913649806ec.jpeg
5e564ac411ec41b89222415afa792de4,0.0310504592716434,data/public_test/public_test/5e564ac411ec41b89222415afa792de4.jpeg
5e5bc7fa614e48f6ac76346af91bde2d,0.8511669162674561,data/public_test/public_test/5e5bc7fa614e48f6ac76346af91bde2d.jpeg
5e5e767fb4b14dc09d4468debe5a242e,0.4912454691497102,data/public_test/public_test/5e5e767fb4b14dc09d4468debe5a242e.jpeg
5e632d98561b4f099c9838fd79c19d07,0.6611506795792067,data/public_test/public_test/5e632d98561b4f099c9838fd79c19d07.jpeg
5e8181fe554049bd9f8144dfe95976e3,0.9410143438577786,data/public_test/public_test/5e8181fe554049bd9f8144dfe95976e3.jpeg
5e8317f7238c4d96b240dec0cc9cdbf3,0.0583477139382808,data/public_test/public_test/5e8317f7238c4d96b240dec0cc9cdbf3.jpeg
5e8c149c447947bb89e563eef3a7c030,0.2077134932479855,data/public_test/public_test/5e8c149c447947bb89e563eef3a7c030.jpeg
5e922568a03b40caba41d8301407f643,0.7186874961044666,data/public_test/public_test/5e922568a03b40caba41d8301407f643.jpeg
5e9593f68ada40ec8cb0161b4d1ef625,0.1730438583048796,data/public_test/public_test/5e9593f68ada40ec8cb0161b4d1ef625.jpeg
5ea08392e5c24703a3be7139b7b9c06b,0.1035126635212122,data/public_test/public_test/5ea08392e5c24703a3be7139b7b9c06b.jpeg
5ea5f15be48b4482a472bc91d8ee1a09,0.7464967260581304,data/public_test/public_test/5ea5f15be48b4482a472bc91d8ee1a09.jpeg
5ebec39092594eccb12ba942a4b8f30b,0.1634044801329425,data/public_test/public_test/5ebec39092594eccb12ba942a4b8f30b.jpeg
5ebf28d1e6584c988191bace18d76dc9,0.5825848378791274,data/public_test/public_test/5ebf28d1e6584c988191bace18d76dc9.jpeg
5ec0223db2f246f8885bcb4735523cab,0.8669475200249463,data/public_test/public_test/5ec0223db2f246f8885bcb4735523cab.jpeg
5ec7e230d09e4047a4048a44c56a3e31,0.173254135184923,data/public_test/public_test/5ec7e230d09e4047a4048a44c56a3e31.jpeg
5ec9d64dee8b417896e227588147777c,0.216969504643735,data/public_test/public_test/5ec9d64dee8b417896e227588147777c.jpeg
5ecbbbd340bf40278d159279a223aacb,0.5990926085874261,data/public_test/public_test/5ecbbbd340bf40278d159279a223aacb.jpeg
5ecd6c21acd441d8bd80a97d542f32c7,0.8669475200249463,data/public_test/public_test/5ecd6c21acd441d8bd80a97d542f32c7.jpeg
5eec2cb8620a40fa8edf8300d4330ed2,0.084320102823734,data/public_test/public_test/5eec2cb8620a40fa8edf8300d4330ed2.jpeg
5eec326e508744a097772cf6b51b1cc2,0.1996951532025443,data/public_test/public_test/5eec326e508744a097772cf6b51b1cc2.jpeg
5ef73f02b2b44718acd67885e7e8cc13,0.5652688240263136,data/public_test/public_test/5ef73f02b2b44718acd67885e7e8cc13.jpeg
5ef94c0220c043d7a96fd93b5b11683d,0.3956828139280121,data/public_test/public_test/5ef94c0220c043d7a96fd93b5b11683d.jpeg
5f00fdfe08b24604991a53965679937a,0.9882921797096116,data/public_test/public_test/5f00fdfe08b24604991a53965679937a.jpeg
5f037dc6e7644ea8b543540c83d33bcf,0.5990926085874261,data/public_test/public_test/5f037dc6e7644ea8b543540c83d33bcf.jpeg
5f050430fec0485a8f8a49a0f2814198,0.5346885729611226,data/public_test/public_test/5f050430fec0485a8f8a49a0f2814198.jpeg
5f0b93a565f24f6fa01c24aa5dd54350,0.1279547017278055,data/public_test/public_test/5f0b93a565f24f6fa01c24aa5dd54350.jpeg
5f0c2a4848374f1faf995d7cdc4d524b,0.6972967922399449,data/public_test/public_test/5f0c2a4848374f1faf995d7cdc4d524b.jpeg
5f11811d318c4f11b8cb1382b28da4d7,0.4440507971148824,data/public_test/public_test/5f11811d318c4f11b8cb1382b28da4d7.jpeg
5f12f5511fa94c8b92f2888c211d60b8,0.3815240560571434,data/public_test/public_test/5f12f5511fa94c8b92f2888c211d60b8.jpeg
5f16a8c6854a4e95925ec135e5c0d9b5,0.0824875488878125,data/public_test/public_test/5f16a8c6854a4e95925ec135e5c0d9b5.jpeg
5f176316c46f4867a2ccf8b9b4053541,0.8511669162674561,data/public_test/public_test/5f176316c46f4867a2ccf8b9b4053541.jpeg
5f19475195e54d84b83c1983e3c24af2,0.8487548476552064,data/public_test/public_test/5f19475195e54d84b83c1983e3c24af2.jpeg
5f1bcdc6734b4990ac1d56617bcf9d51,0.3370366480267517,data/public_test/public_test/5f1bcdc6734b4990ac1d56617bcf9d51.jpeg
5f21269baa67470a9f6241193cd015c9,0.1288993662792411,data/public_test/public_test/5f21269baa67470a9f6241193cd015c9.jpeg
5f26015f900d4ded85aa4d37e082a202,0.6473319887212962,data/public_test/public_test/5f26015f900d4ded85aa4d37e082a202.jpeg
5f2dd33dcefd4132849c64ec56df32db,0.8702719141299468,data/public_test/public_test/5f2dd33dcefd4132849c64ec56df32db.jpeg
5f34456245cb4a30980a28cc5ec6eb60,0.5488463647945435,data/public_test/public_test/5f34456245cb4a30980a28cc5ec6eb60.jpeg
5f54f93fae1b471493dff6f7371f7dba,0.7921562226846985,data/public_test/public_test/5f54f93fae1b471493dff6f7371f7dba.jpeg
5f57f03aeaa94d9b953a1147442e91b8,0.8314974878303105,data/public_test/public_test/5f57f03aeaa94d9b953a1147442e91b8.jpeg
5f62fd904a864a5ea1b9ea03d76ef18c,0.7724304679878354,data/public_test/public_test/5f62fd904a864a5ea1b9ea03d76ef18c.jpeg
5f6b3780d9b14ca8b9a683ffe848ec4a,0.9105787569003864,data/public_test/public_test/5f6b3780d9b14ca8b9a683ffe848ec4a.jpeg
5f75c081497a4504a3916647a060403f,0.1019007509010022,data/public_test/public_test/5f75c081497a4504a3916647a060403f.jpeg
5f8275a12a9a4759b6fc4a677cae3ef8,0.1977323506752583,data/public_test/public_test/5f8275a12a9a4759b6fc4a677cae3ef8.jpeg
5f87b3dcb70b4cdb83254de060f79552,0.4004596944562331,data/public_test/public_test/5f87b3dcb70b4cdb83254de060f79552.jpeg
5f950e3f057949238f423c9e517a5ea1,0.6984286129022829,data/public_test/public_test/5f950e3f057949238f423c9e517a5ea1.jpeg
5fa358e7eb4a4c8d9e2073f1abf89aaa,0.9475376508985086,data/public_test/public_test/5fa358e7eb4a4c8d9e2073f1abf89aaa.jpeg
5faab4575820421c8105c9ff922eca56,0.181694813703702,data/public_test/public_test/5faab4575820421c8105c9ff922eca56.jpeg
5facb1c9dccd4cdfa8b87cde9c4f447d,0.4922042981570002,data/public_test/public_test/5facb1c9dccd4cdfa8b87cde9c4f447d.jpeg
5fb5ef519a04476fbb50f846e69aae8f,0.9103845028702704,data/public_test/public_test/5fb5ef519a04476fbb50f846e69aae8f.jpeg
5fbb69de97f04805b6f7f08b4e688d7d,0.0980962853050248,data/public_test/public_test/5fbb69de97f04805b6f7f08b4e688d7d.jpeg
5fbe1c969cc540d7969b03887c9b6abe,0.1291115370293092,data/public_test/public_test/5fbe1c969cc540d7969b03887c9b6abe.jpeg
5fca2ee584fe4bce9d89a2cb3cebac10,0.1271862216670501,data/public_test/public_test/5fca2ee584fe4bce9d89a2cb3cebac10.jpeg
5fccc6e4363f448486dc0b7da7f079c1,0.5044687480116549,data/public_test/public_test/5fccc6e4363f448486dc0b7da7f079c1.jpeg
5fd2233a268d4c1ea036bc03d383d962,0.3701359126888195,data/public_test/public_test/5fd2233a268d4c1ea036bc03d383d962.jpeg
5fd7a060aa46444baff1cd4ce73915ff,0.1137568684608516,data/public_test/public_test/5fd7a060aa46444baff1cd4ce73915ff.jpeg
5fe295e00dd84fbd8cd6689c480771cc,0.8030533693334521,data/public_test/public_test/5fe295e00dd84fbd8cd6689c480771cc.jpeg
5fe464630075408989b98ab15f1ea78a,0.6473319887212962,data/public_test/public_test/5fe464630075408989b98ab15f1ea78a.jpeg
5fe7de5f1e144a379b71de9c7d6745db,0.8163619596719253,data/public_test/public_test/5fe7de5f1e144a379b71de9c7d6745db.jpeg
5fe9b9ce224c4e229afc733e0377ea38,0.1183991341267579,data/public_test/public_test/5fe9b9ce224c4e229afc733e0377ea38.jpeg
5fef2ec1222445ea8d8f8443e643ec16,0.3770873462408156,data/public_test/public_test/5fef2ec1222445ea8d8f8443e643ec16.jpeg
5ff691f8485940fd95d860df4001a460,0.8052089113406179,data/public_test/public_test/5ff691f8485940fd95d860df4001a460.jpeg
5ffd27787236440a8ac481f970ed170c,0.9760508997446462,data/public_test/public_test/5ffd27787236440a8ac481f970ed170c.jpeg
60041476848e47ed9b36c6e85b1a7a85,0.9295392325588844,data/public_test/public_test/60041476848e47ed9b36c6e85b1a7a85.jpeg
6004a195329f4fa9b878dac88efcc9f5,0.9380281747451792,data/public_test/public_test/6004a195329f4fa9b878dac88efcc9f5.jpeg
6008fa945ff84db484b72130341a9d90,0.8511669162674561,data/public_test/public_test/6008fa945ff84db484b72130341a9d90.jpeg
600c9341eb9a42e1b59d618904ffa562,0.6473319887212962,data/public_test/public_test/600c9341eb9a42e1b59d618904ffa562.jpeg
600e84651ae344ce8878d22177135416,0.1410079252519163,data/public_test/public_test/600e84651ae344ce8878d22177135416.jpeg
600ed7ddcadf4a0399893d1328eb568b,0.0298553945390512,data/public_test/public_test/600ed7ddcadf4a0399893d1328eb568b.jpeg
601b431972ca4a0da78a2742ee7b43f1,0.5990926085874261,data/public_test/public_test/601b431972ca4a0da78a2742ee7b43f1.jpeg
601e1c1a72424a7d93c8192a3c69a8ac,0.835446257316733,data/public_test/public_test/601e1c1a72424a7d93c8192a3c69a8ac.jpeg
60279e2b4578458bb98ab4b8080dad40,0.6986631894446239,data/public_test/public_test/60279e2b4578458bb98ab4b8080dad40.jpeg
602fc2206af9428da17031441017dfa8,0.8317130697295584,data/public_test/public_test/602fc2206af9428da17031441017dfa8.jpeg
603095ca1ea64d59ba99951c218afb8c,0.5990051958430026,data/public_test/public_test/603095ca1ea64d59ba99951c218afb8c.jpeg
603bc484b35d4e108b2f122a06598dd7,0.6611506795792067,data/public_test/public_test/603bc484b35d4e108b2f122a06598dd7.jpeg
6047a1fd787645c0a1abb8604f07bc30,0.7287115591206345,data/public_test/public_test/6047a1fd787645c0a1abb8604f07bc30.jpeg
6049f9c020914ad9b6005799703bd311,0.1677556001229685,data/public_test/public_test/6049f9c020914ad9b6005799703bd311.jpeg
6050ff8acd53494e8e75c705968bcf7e,0.9760508997446462,data/public_test/public_test/6050ff8acd53494e8e75c705968bcf7e.jpeg
60586ddcf31a4e07a3765aef708cc8b9,0.6461998433175563,data/public_test/public_test/60586ddcf31a4e07a3765aef708cc8b9.jpeg
60641b5f183944f98c632818be4d2836,0.7724304679878354,data/public_test/public_test/60641b5f183944f98c632818be4d2836.jpeg
60644138d09e4ac686e03b5f818c33af,0.447697647151855,data/public_test/public_test/60644138d09e4ac686e03b5f818c33af.jpeg
606c242c205849e5a373f1501efcd6c6,0.3908639926383948,data/public_test/public_test/606c242c205849e5a373f1501efcd6c6.jpeg
607e736f8552486a82ec1b4e3bd6166e,0.1840423365511701,data/public_test/public_test/607e736f8552486a82ec1b4e3bd6166e.jpeg
607e7c3f5a8e4c0fa7cf15b7b60549f3,0.5654820754284418,data/public_test/public_test/607e7c3f5a8e4c0fa7cf15b7b60549f3.jpeg
6094e1f84bdd4dd39c4713983ebd4241,0.7450892668040839,data/public_test/public_test/6094e1f84bdd4dd39c4713983ebd4241.jpeg
60962d8900cd4f73997d79f67f68719d,0.6461998433175563,data/public_test/public_test/60962d8900cd4f73997d79f67f68719d.jpeg
6096947100414c01aae708b86d6098c3,0.8923860845306462,data/public_test/public_test/6096947100414c01aae708b86d6098c3.jpeg
60a02150afe641fa92408fa54f6cfe89,0.0383007558834243,data/public_test/public_test/60a02150afe641fa92408fa54f6cfe89.jpeg
60a8faeaf795491c8edbd444a31025e8,0.9074250621581847,data/public_test/public_test/60a8faeaf795491c8edbd444a31025e8.jpeg
60aa1a85721f4a79b4665a2cd30d4bcc,0.5994530237874719,data/public_test/public_test/60aa1a85721f4a79b4665a2cd30d4bcc.jpeg
60b8beccd7a7404e920daea7f35edf40,0.3784512655867303,data/public_test/public_test/60b8beccd7a7404e920daea7f35edf40.jpeg
60d11a013722458880fa2ce238c81ce4,0.0658547691132896,data/public_test/public_test/60d11a013722458880fa2ce238c81ce4.jpeg
60d4e5b4bf374b1c87aa360d32d8af60,0.6461998433175563,data/public_test/public_test/60d4e5b4bf374b1c87aa360d32d8af60.jpeg
60d75319276043389794bd37c0416a92,0.8692957114576538,data/public_test/public_test/60d75319276043389794bd37c0416a92.jpeg
60e0c25ac9604e1fb678cd03fcc0740e,0.0959639950551285,data/public_test/public_test/60e0c25ac9604e1fb678cd03fcc0740e.jpeg
60efb056a7744ae19b50de7c49f7ff31,0.6611506795792067,data/public_test/public_test/60efb056a7744ae19b50de7c49f7ff31.jpeg
60efec7906a64b7c9f1cf3d7a99f506c,0.1518463905835586,data/public_test/public_test/60efec7906a64b7c9f1cf3d7a99f506c.jpeg
60fb35fb82894bdfa146f03082c15542,0.8922415623266536,data/public_test/public_test/60fb35fb82894bdfa146f03082c15542.jpeg
6105b58fae984814938e0eb71aa2df74,0.9295392325588844,data/public_test/public_test/6105b58fae984814938e0eb71aa2df74.jpeg
6109a506666041189ff61ac552f52229,0.3494068830753125,data/public_test/public_test/6109a506666041189ff61ac552f52229.jpeg
6110232af6e84ce8af345f4541f4359a,0.783327614636589,data/public_test/public_test/6110232af6e84ce8af345f4541f4359a.jpeg
6116c2f6ef624b00b399b61e81748b34,0.8163619596719253,data/public_test/public_test/6116c2f6ef624b00b399b61e81748b34.jpeg
6119a342c94d4f6b9c9f9df69af7ab74,0.7724304679878354,data/public_test/public_test/6119a342c94d4f6b9c9f9df69af7ab74.jpeg
6135f40750af432ba91a22fdf7d8947b,0.1396905858302825,data/public_test/public_test/6135f40750af432ba91a22fdf7d8947b.jpeg
613c470aafe643e29e2ed703d4c88ea5,0.9640433094232352,data/public_test/public_test/613c470aafe643e29e2ed703d4c88ea5.jpeg
6148b04556464389a5e755a6b759f582,0.1698021804741119,data/public_test/public_test/6148b04556464389a5e755a6b759f582.jpeg
61493f65d0624f9d847154945856d3cf,0.1508649101812546,data/public_test/public_test/61493f65d0624f9d847154945856d3cf.jpeg
615a34e8a00a43d1808bb3cb769b7994,0.1622462803717669,data/public_test/public_test/615a34e8a00a43d1808bb3cb769b7994.jpeg
61783de0579942ca98de12c156ab6267,0.3764902914354047,data/public_test/public_test/61783de0579942ca98de12c156ab6267.jpeg
617b930d64d64bc3b5e9dc32822b5005,0.6984286129022829,data/public_test/public_test/617b930d64d64bc3b5e9dc32822b5005.jpeg
617cb00ed9b34090b5c2a100ee15c90c,0.0980133589040027,data/public_test/public_test/617cb00ed9b34090b5c2a100ee15c90c.jpeg
6183d7eb7c7c4dd5bce7ec5796d89365,0.3979447524070172,data/public_test/public_test/6183d7eb7c7c4dd5bce7ec5796d89365.jpeg
6184cd2d12a4489fafac777f358428d0,0.1991898828703458,data/public_test/public_test/6184cd2d12a4489fafac777f358428d0.jpeg
61a49cb733e74fc3a4e8c8f55546f98c,0.6749693704371172,data/public_test/public_test/61a49cb733e74fc3a4e8c8f55546f98c.jpeg
61b11b822d8642d6a1df2df3d42d9f49,0.0998039175001411,data/public_test/public_test/61b11b822d8642d6a1df2df3d42d9f49.jpeg
61b2e7cae2d641b5b93aa46491cdb79e,0.5047229577642156,data/public_test/public_test/61b2e7cae2d641b5b93aa46491cdb79e.jpeg
61b443c8eedb43ca850e350150dfd79c,0.3665526778551319,data/public_test/public_test/61b443c8eedb43ca850e350150dfd79c.jpeg
61cfa472004c4224899202bf6f831d07,0.6873821902720395,data/public_test/public_test/61cfa472004c4224899202bf6f831d07.jpeg
61d276e3814d40f8b260697156541ed0,0.0876905228823884,data/public_test/public_test/61d276e3814d40f8b260697156541ed0.jpeg
61d5f72a9dc4442395ec5fc33c609a20,0.6984286129022829,data/public_test/public_test/61d5f72a9dc4442395ec5fc33c609a20.jpeg
61dbbf8bed6d4027abec0ac470161545,0.1776902610125112,data/public_test/public_test/61dbbf8bed6d4027abec0ac470161545.jpeg
61dd6bf962b74665bd81c427234287af,0.2256336134337949,data/public_test/public_test/61dd6bf962b74665bd81c427234287af.jpeg
61df1099a4b8416b8e99374a37765e46,0.6323811524596458,data/public_test/public_test/61df1099a4b8416b8e99374a37765e46.jpeg
61e7baf7a2804dde86b69759e55c71e1,0.2458015963326336,data/public_test/public_test/61e7baf7a2804dde86b69759e55c71e1.jpeg
61eff95a184b4d32b29d8951c91b7b77,0.8163619596719253,data/public_test/public_test/61eff95a184b4d32b29d8951c91b7b77.jpeg
61f616faf9444423954146a8064320e7,0.4460131520993959,data/public_test/public_test/61f616faf9444423954146a8064320e7.jpeg
61ffdbc2d7844eb88f00a63ef841d484,0.7528681946621066,data/public_test/public_test/61ffdbc2d7844eb88f00a63ef841d484.jpeg
6201fc7554534a62a059c88bb2f7e56b,0.1307760386541952,data/public_test/public_test/6201fc7554534a62a059c88bb2f7e56b.jpeg
62088d5f6a3f45f9953ff35d8b82e4a5,0.5652688240263136,data/public_test/public_test/62088d5f6a3f45f9953ff35d8b82e4a5.jpeg
6209bd8465df41269e2559a3f2c84f00,0.7919003210021446,data/public_test/public_test/6209bd8465df41269e2559a3f2c84f00.jpeg
620b20a319134e409badbce3d3076833,0.9475376508985086,data/public_test/public_test/620b20a319134e409badbce3d3076833.jpeg
62305f275614409c8ff92cca0c142f25,0.0606510255634587,data/public_test/public_test/62305f275614409c8ff92cca0c142f25.jpeg
623249b9bf7d4a3f821656627af09b3e,0.9891878355985502,data/public_test/public_test/623249b9bf7d4a3f821656627af09b3e.jpeg
62386ad2bcb1465db2a27c2c2d008161,0.0851317243703969,data/public_test/public_test/62386ad2bcb1465db2a27c2c2d008161.jpeg
623aa2c5fe4a46b798437413f170e8b5,0.1589185870032798,data/public_test/public_test/623aa2c5fe4a46b798437413f170e8b5.jpeg
623eb54f7bc5465b9dedd6e335d09ff5,0.1643347305324036,data/public_test/public_test/623eb54f7bc5465b9dedd6e335d09ff5.jpeg
623f600cd0344e0c80f38147f7a12f29,0.3754234504360239,data/public_test/public_test/623f600cd0344e0c80f38147f7a12f29.jpeg
624cd7887b6e4dd6a9b4b477fed01e9c,0.6543708732225865,data/public_test/public_test/624cd7887b6e4dd6a9b4b477fed01e9c.jpeg
624d84df6ecf457888a1504ceca25e95,0.1813118780967707,data/public_test/public_test/624d84df6ecf457888a1504ceca25e95.jpeg
6253ab13a2ad4360b0e3e042cf272903,0.1671516193202628,data/public_test/public_test/6253ab13a2ad4360b0e3e042cf272903.jpeg
625485a542014c5693043dbdbac293e5,0.8030533693334521,data/public_test/public_test/625485a542014c5693043dbdbac293e5.jpeg
625563ba97c04d40a4353b3866fea5d4,0.2203808011852415,data/public_test/public_test/625563ba97c04d40a4353b3866fea5d4.jpeg
625a7ae83cf2415097d7e9d9216ebc0c,0.1412226939331998,data/public_test/public_test/625a7ae83cf2415097d7e9d9216ebc0c.jpeg
6263f9d9bc854630a37cb5f73830d5f4,0.1011669799653818,data/public_test/public_test/6263f9d9bc854630a37cb5f73830d5f4.jpeg
6264fb7d21e04d129a64d87ab60c37e6,0.3806282528065601,data/public_test/public_test/6264fb7d21e04d129a64d87ab60c37e6.jpeg
627ef97b1a674fc1b5a3e59300a1faab,0.6323811524596458,data/public_test/public_test/627ef97b1a674fc1b5a3e59300a1faab.jpeg
62831ea0ba964ccfa3c796706faa236e,0.1005300256302439,data/public_test/public_test/62831ea0ba964ccfa3c796706faa236e.jpeg
6285e3b1cd5f4a6aa1f91084b974e4f9,0.254034377589037,data/public_test/public_test/6285e3b1cd5f4a6aa1f91084b974e4f9.jpeg
62870cebdbd9418cae7f03275f07ba95,0.5488463647945435,data/public_test/public_test/62870cebdbd9418cae7f03275f07ba95.jpeg
628a1d23e12c4336b5f337cb7ec4352a,0.5047229577642156,data/public_test/public_test/628a1d23e12c4336b5f337cb7ec4352a.jpeg
62a3e3f678d64202a0ecab3d57fa6353,0.67219710220945,data/public_test/public_test/62a3e3f678d64202a0ecab3d57fa6353.jpeg
62a765544be14cd4be894f664cddbe0b,0.8669475200249463,data/public_test/public_test/62a765544be14cd4be894f664cddbe0b.jpeg
62a7c31ad9b34bf694fe8e4493cb0064,0.1765369241856065,data/public_test/public_test/62a7c31ad9b34bf694fe8e4493cb0064.jpeg
62b21f072a6444d6b833d5c6b2c605ad,0.2548909035035036,data/public_test/public_test/62b21f072a6444d6b833d5c6b2c605ad.jpeg
62b593954002428fac61e769932a906b,0.3872389807784716,data/public_test/public_test/62b593954002428fac61e769932a906b.jpeg
62bccc645d44447e899e4993bba2058f,0.6155129665513012,data/public_test/public_test/62bccc645d44447e899e4993bba2058f.jpeg
62bd74315dab43d8af2be027743c9063,0.4355631784544692,data/public_test/public_test/62bd74315dab43d8af2be027743c9063.jpeg
62c0584e192b497ab8f3f75c7a6dba34,0.4912454691497102,data/public_test/public_test/62c0584e192b497ab8f3f75c7a6dba34.jpeg
62c20bc006cd4d1e9d77d0f5b3ee7c3c,0.6720334107115261,data/public_test/public_test/62c20bc006cd4d1e9d77d0f5b3ee7c3c.jpeg
62c5ad6e7db24a2086b88fa5a8e9f857,0.8321425634294157,data/public_test/public_test/62c5ad6e7db24a2086b88fa5a8e9f857.jpeg
62db12ba885a4dc58eeaf7d28d1a3fe1,0.8923860845306462,data/public_test/public_test/62db12ba885a4dc58eeaf7d28d1a3fe1.jpeg
62e0bdaee28e4ffb826250c2e4d96775,0.4517502779440464,data/public_test/public_test/62e0bdaee28e4ffb826250c2e4d96775.jpeg
62e2ffdaa29945948d0da939339c1d23,0.4553748122430844,data/public_test/public_test/62e2ffdaa29945948d0da939339c1d23.jpeg
62e594ba920944c3b1e40d90c75bd065,0.2219212597813511,data/public_test/public_test/62e594ba920944c3b1e40d90c75bd065.jpeg
62e995af8d644ca190ba42e84b8be164,0.9868633953153522,data/public_test/public_test/62e995af8d644ca190ba42e84b8be164.jpeg
62ef9411e0a14fe584f4ecc9c767471f,0.6309116307574208,data/public_test/public_test/62ef9411e0a14fe584f4ecc9c767471f.jpeg
62f185e3cfaf43348ac84fd59bf5c227,0.9295392325588844,data/public_test/public_test/62f185e3cfaf43348ac84fd59bf5c227.jpeg
62f7dbf078484fe0bae3d012ff638224,0.9295392325588844,data/public_test/public_test/62f7dbf078484fe0bae3d012ff638224.jpeg
62f8d492168c4c209ff5fdc2d2082759,0.6323811524596458,data/public_test/public_test/62f8d492168c4c209ff5fdc2d2082759.jpeg
63053f74658044c49e9387d2db2efadd,0.5317436023438579,data/public_test/public_test/63053f74658044c49e9387d2db2efadd.jpeg
631073772041427ea05abfba309800d9,0.6873821902720395,data/public_test/public_test/631073772041427ea05abfba309800d9.jpeg
63139a23521e498ca751a7728c93819d,0.3478704523641545,data/public_test/public_test/63139a23521e498ca751a7728c93819d.jpeg
6313c9fe53d54a96b474ce67e4493c8a,0.1955652257699373,data/public_test/public_test/6313c9fe53d54a96b474ce67e4493c8a.jpeg
63149b4c9f6b4e85b313bf538ef86854,0.4440507861992049,data/public_test/public_test/63149b4c9f6b4e85b313bf538ef86854.jpeg
63149da3bd6f4b8dbcfe0db4743514b9,0.2906331920441927,data/public_test/public_test/63149da3bd6f4b8dbcfe0db4743514b9.jpeg
6319ae3f128f469a8d2a87190337b80e,0.3041525668417075,data/public_test/public_test/6319ae3f128f469a8d2a87190337b80e.jpeg
631e2403e49748db97d26d394e57a14b,0.4029773763404702,data/public_test/public_test/631e2403e49748db97d26d394e57a14b.jpeg
6320693a985e40e5bda870dfe6d7bb00,0.4912454691497102,data/public_test/public_test/6320693a985e40e5bda870dfe6d7bb00.jpeg
634768d0f2614fd78fe062e32a0d87a9,0.6297794853536811,data/public_test/public_test/634768d0f2614fd78fe062e32a0d87a9.jpeg
6356b8d2206e476d9135b995b8f10b77,0.6140434448490764,data/public_test/public_test/6356b8d2206e476d9135b995b8f10b77.jpeg
6358b4727cd54153aede55fc499abdf2,0.1044142411651271,data/public_test/public_test/6358b4727cd54153aede55fc499abdf2.jpeg
6362a17ced1242178e477a9487d3e0ba,0.981787362461896,data/public_test/public_test/6362a17ced1242178e477a9487d3e0ba.jpeg
6369e84aa42740159a0485a6c8c72990,0.0924688060751521,data/public_test/public_test/6369e84aa42740159a0485a6c8c72990.jpeg
636f4849fdc445a792382141ddbf408f,0.2132593122954116,data/public_test/public_test/636f4849fdc445a792382141ddbf408f.jpeg
637d389f4b244bdf9797db89d2829890,0.8888674363955301,data/public_test/public_test/637d389f4b244bdf9797db89d2829890.jpeg
6381899a19d64cf7aafe118febd57311,0.368472240655414,data/public_test/public_test/6381899a19d64cf7aafe118febd57311.jpeg
6384e2e2290642ba8d4184e95bcee00e,0.3052619489647402,data/public_test/public_test/6384e2e2290642ba8d4184e95bcee00e.jpeg
63908d48dc9045ceb3b4a7923d746397,0.6749693704371172,data/public_test/public_test/63908d48dc9045ceb3b4a7923d746397.jpeg
6393e7341e97410590dafe0ef8189e0b,0.1925316798886087,data/public_test/public_test/6393e7341e97410590dafe0ef8189e0b.jpeg
63978e9f349840868a183b67a556441a,0.2396589462511828,data/public_test/public_test/63978e9f349840868a183b67a556441a.jpeg
6399e5570f0b4ddca61ea9dc68242376,0.3842537231249332,data/public_test/public_test/6399e5570f0b4ddca61ea9dc68242376.jpeg
63a8feb8512a4718975f80a937093d62,0.128977260552993,data/public_test/public_test/63a8feb8512a4718975f80a937093d62.jpeg
63b0e3f1a5554622a3ddad71d1683059,0.7284343322978678,data/public_test/public_test/63b0e3f1a5554622a3ddad71d1683059.jpeg
63b7df344efc40d8919e0169bfde0d51,0.4264788979530307,data/public_test/public_test/63b7df344efc40d8919e0169bfde0d51.jpeg
63b808de484b49088f724f4e8f663dc2,0.1878366069044788,data/public_test/public_test/63b808de484b49088f724f4e8f663dc2.jpeg
63c56fab605d4723a7580a4ce2d8cdce,0.4101847061171814,data/public_test/public_test/63c56fab605d4723a7580a4ce2d8cdce.jpeg
63ced4d8f6314e5c9912caa3a105f5cf,0.9074250621581847,data/public_test/public_test/63ced4d8f6314e5c9912caa3a105f5cf.jpeg
63d3946ec60e479ca3e34a62509c9114,0.7097096120748673,data/public_test/public_test/63d3946ec60e479ca3e34a62509c9114.jpeg
63d4de1b4ce24e809427fe2fcdc3df32,0.8403510395656828,data/public_test/public_test/63d4de1b4ce24e809427fe2fcdc3df32.jpeg
63db5b0f4d444d0bb40e356a11e3c832,0.6323811524596458,data/public_test/public_test/63db5b0f4d444d0bb40e356a11e3c832.jpeg
63dd2515567340d19b0edde49d331ba2,0.5317436023438579,data/public_test/public_test/63dd2515567340d19b0edde49d331ba2.jpeg
63e012d53c6141498ee8400f5934f676,0.6611506795792067,data/public_test/public_test/63e012d53c6141498ee8400f5934f676.jpeg
6407bce6bffa452fbe76b39052a296a8,0.3918878013086419,data/public_test/public_test/6407bce6bffa452fbe76b39052a296a8.jpeg
64283979782d4c9898e38198b4484d89,0.6984286129022829,data/public_test/public_test/64283979782d4c9898e38198b4484d89.jpeg
643860d0622f4b74b14725c7970549d3,0.9285771752400106,data/public_test/public_test/643860d0622f4b74b14725c7970549d3.jpeg
643ea957af684726b94845371f31f225,0.1851933701701487,data/public_test/public_test/643ea957af684726b94845371f31f225.jpeg
6442bc8dfc3f4baebec96a0eaf11c31f,0.1129891142926417,data/public_test/public_test/6442bc8dfc3f4baebec96a0eaf11c31f.jpeg
64439e9370744d25b1b8e94f6c54f951,0.5825848378791274,data/public_test/public_test/64439e9370744d25b1b8e94f6c54f951.jpeg
64447edc781c4062888df55188613a52,0.4473783485795635,data/public_test/public_test/64447edc781c4062888df55188613a52.jpeg
64492cab18284706907ac62b9296dfb3,0.6159607944957706,data/public_test/public_test/64492cab18284706907ac62b9296dfb3.jpeg
644b70672a3042fc83f173b45020dbf5,0.1302120174174421,data/public_test/public_test/644b70672a3042fc83f173b45020dbf5.jpeg
6456ea2cfa3541e59441ffd017f14788,0.8708690180559059,data/public_test/public_test/6456ea2cfa3541e59441ffd017f14788.jpeg
6458861055f44de589012dc57fcd0cac,0.8511669162674561,data/public_test/public_test/6458861055f44de589012dc57fcd0cac.jpeg
6459279f0840475f86105810fc2e8094,0.5990926085874261,data/public_test/public_test/6459279f0840475f86105810fc2e8094.jpeg
645946c75e6f4d829d7859ae564b9a60,0.1602069862352717,data/public_test/public_test/645946c75e6f4d829d7859ae564b9a60.jpeg
6463f6e45b784a5f8b061b3f8ea2b52e,0.7097096120748673,data/public_test/public_test/6463f6e45b784a5f8b061b3f8ea2b52e.jpeg
646520279c034eada0ec7a1bea141034,0.5317436023438579,data/public_test/public_test/646520279c034eada0ec7a1bea141034.jpeg
646722cc93bb466088d3971cd81c0f3a,0.7097096120748673,data/public_test/public_test/646722cc93bb466088d3971cd81c0f3a.jpeg
646982f23f874042a482ed12bbcf1dc1,0.4213386850099851,data/public_test/public_test/646982f23f874042a482ed12bbcf1dc1.jpeg
6472452ba52e43ad8632fceddf596803,0.7233677769812928,data/public_test/public_test/6472452ba52e43ad8632fceddf596803.jpeg
6479469dcb57481893784d86117e5ed5,0.8163619596719253,data/public_test/public_test/6479469dcb57481893784d86117e5ed5.jpeg
648637f09d4b4ad894fd3d4573ebae02,0.0629550739968594,data/public_test/public_test/648637f09d4b4ad894fd3d4573ebae02.jpeg
6487fadcba414d4cb244e4f1f0d68bf7,0.5596042806139122,data/public_test/public_test/6487fadcba414d4cb244e4f1f0d68bf7.jpeg
649e6922a2e74d74ace6e7bc2fdfc7cd,0.8487548476552064,data/public_test/public_test/649e6922a2e74d74ace6e7bc2fdfc7cd.jpeg
64c6eec10bfc4a3eb62162db9cfead94,0.8755588460570568,data/public_test/public_test/64c6eec10bfc4a3eb62162db9cfead94.jpeg
64cb253692f94ed6be52f1b14585810a,0.6846099220443723,data/public_test/public_test/64cb253692f94ed6be52f1b14585810a.jpeg
64d212b29ab249259697c7d7bedde1ae,0.3921450074146422,data/public_test/public_test/64d212b29ab249259697c7d7bedde1ae.jpeg
64d316945d3748a0873319e3f5ea6617,0.5825848378791274,data/public_test/public_test/64d316945d3748a0873319e3f5ea6617.jpeg
64d946c08b504f36a0930e4ec018e3b6,0.4218934770415172,data/public_test/public_test/64d946c08b504f36a0930e4ec018e3b6.jpeg
64dac2b5ef2c4bd290879a963e52ae20,0.5825848378791274,data/public_test/public_test/64dac2b5ef2c4bd290879a963e52ae20.jpeg
64ddae66a1644a9ead048ba645fa272d,0.4912454691497102,data/public_test/public_test/64ddae66a1644a9ead048ba645fa272d.jpeg
64e79688e49e452285b21ea027c35c96,0.889061690425646,data/public_test/public_test/64e79688e49e452285b21ea027c35c96.jpeg
64eb8b0e0b084d8c9980cdc39e7b72b9,0.1527000947954236,data/public_test/public_test/64eb8b0e0b084d8c9980cdc39e7b72b9.jpeg
64ed8211732e410a9ee42a0958713b05,0.161955216563467,data/public_test/public_test/64ed8211732e410a9ee42a0958713b05.jpeg
6503f6a015cb45369850fe802e703424,0.8234015837103579,data/public_test/public_test/6503f6a015cb45369850fe802e703424.jpeg
6521d374cf414de69e4341b443084175,0.4841655225990522,data/public_test/public_test/6521d374cf414de69e4341b443084175.jpeg
654902c1908a472fbf2c3b49ae44af88,0.9676061442203676,data/public_test/public_test/654902c1908a472fbf2c3b49ae44af88.jpeg
654c70727d1a489b9078d191251b42d5,0.4513661197812491,data/public_test/public_test/654c70727d1a489b9078d191251b42d5.jpeg
654da759291243e3ac9183f1e2c05cc4,0.6833103356075302,data/public_test/public_test/654da759291243e3ac9183f1e2c05cc4.jpeg
654ec3cb307d4cca98a78e3fb49b3666,0.888464586499687,data/public_test/public_test/654ec3cb307d4cca98a78e3fb49b3666.jpeg
655b1d2e316749ffa6e36d50bb9ea65d,0.4495534937788363,data/public_test/public_test/655b1d2e316749ffa6e36d50bb9ea65d.jpeg
657f277ef50b4ae2951a4c0d1ecb32db,0.3665528907108408,data/public_test/public_test/657f277ef50b4ae2951a4c0d1ecb32db.jpeg
658b82e6af0144d6befd768a20af90ff,0.8321425634294157,data/public_test/public_test/658b82e6af0144d6befd768a20af90ff.jpeg
658cefd22f584c2c800abdd784de47c4,0.6473319887212962,data/public_test/public_test/658cefd22f584c2c800abdd784de47c4.jpeg
6590b0fbc3ba42f4b6d8f09baf9c568e,0.2013567512572485,data/public_test/public_test/6590b0fbc3ba42f4b6d8f09baf9c568e.jpeg
659503831c3f4578b2a58abc83dd6c26,0.888464586499687,data/public_test/public_test/659503831c3f4578b2a58abc83dd6c26.jpeg
659edd19dd5944d39f3b3f02fe797e10,0.6323811524596458,data/public_test/public_test/659edd19dd5944d39f3b3f02fe797e10.jpeg
65a1d158e69c42598f8892c6c421797f,0.5654820754284418,data/public_test/public_test/65a1d158e69c42598f8892c6c421797f.jpeg
65a944075aae442293e61e1b93e07671,0.2030226118839678,data/public_test/public_test/65a944075aae442293e61e1b93e07671.jpeg
65ad4a5366df4eb4aaffceed9f4ab622,0.1466829941062271,data/public_test/public_test/65ad4a5366df4eb4aaffceed9f4ab622.jpeg
65af56af00ee483a93ce8a7a08350ba3,0.1087615188367169,data/public_test/public_test/65af56af00ee483a93ce8a7a08350ba3.jpeg
65b12d160e674562a4c830f6a0694f97,0.4912454691497102,data/public_test/public_test/65b12d160e674562a4c830f6a0694f97.jpeg
65b1ffd6d4c4488baf07ab61aeede1e2,0.3562734472357136,data/public_test/public_test/65b1ffd6d4c4488baf07ab61aeede1e2.jpeg
65b9fb94e0514b449c79a342ca24b80b,0.9475376508985086,data/public_test/public_test/65b9fb94e0514b449c79a342ca24b80b.jpeg
65ccd97ce52e47ed894e5bae8fee3bcb,0.2815484148794336,data/public_test/public_test/65ccd97ce52e47ed894e5bae8fee3bcb.jpeg
65d41f19050a4b87a750509d0ef01aff,0.5652688240263136,data/public_test/public_test/65d41f19050a4b87a750509d0ef01aff.jpeg
65d6af6235704167b5d8ced14caabff8,0.0372355849826819,data/public_test/public_test/65d6af6235704167b5d8ced14caabff8.jpeg
65d89f882b504cee9b1154599d711208,0.0180411740778885,data/public_test/public_test/65d89f882b504cee9b1154599d711208.jpeg
65d933199d3a482daa3fef56b67b38f7,0.7279426069568325,data/public_test/public_test/65d933199d3a482daa3fef56b67b38f7.jpeg
65dca155f6774e7482d6fe1ca90d0551,0.3380604348656439,data/public_test/public_test/65dca155f6774e7482d6fe1ca90d0551.jpeg
65dcb958bc6f4e7681dfd3a4e7e840e8,0.5346885729611226,data/public_test/public_test/65dcb958bc6f4e7681dfd3a4e7e840e8.jpeg
65e105d22c794a8baf7e2d9f10f87ef2,0.6473319887212962,data/public_test/public_test/65e105d22c794a8baf7e2d9f10f87ef2.jpeg
65eb2aa814a5426c8b0e8440f4d8c100,0.3849350742488768,data/public_test/public_test/65eb2aa814a5426c8b0e8440f4d8c100.jpeg
65f503906270499d8ac8bc3c6bca0bba,0.6155129665513012,data/public_test/public_test/65f503906270499d8ac8bc3c6bca0bba.jpeg
65fe4470d6ae4c4386f4e674bc7efc54,0.5047229577642156,data/public_test/public_test/65fe4470d6ae4c4386f4e674bc7efc54.jpeg
65ff5779acb84edeb8abb203c051d14a,0.8859079956834446,data/public_test/public_test/65ff5779acb84edeb8abb203c051d14a.jpeg
66001097d18043f69f342b70aa6af3ef,0.5471585049845334,data/public_test/public_test/66001097d18043f69f342b70aa6af3ef.jpeg
66265e4eec0d42e8882348159e2905f1,0.8487548476552064,data/public_test/public_test/66265e4eec0d42e8882348159e2905f1.jpeg
663307790da749398bed227ca71fde57,0.3382742047624476,data/public_test/public_test/663307790da749398bed227ca71fde57.jpeg
663b76d368e24cd983a5ef9011304d4f,0.0727191337646995,data/public_test/public_test/663b76d368e24cd983a5ef9011304d4f.jpeg
6641cca82702430098faeea49c6de0ae,0.6155129665513012,data/public_test/public_test/6641cca82702430098faeea49c6de0ae.jpeg
6642d07d49b84bbe944ba79a40624076,0.5819898461367404,data/public_test/public_test/6642d07d49b84bbe944ba79a40624076.jpeg
66480d1c40424c0f925750bc52308adb,0.1082499010381245,data/public_test/public_test/66480d1c40424c0f925750bc52308adb.jpeg
664f9b15989046b79eb5957f54809f39,0.4003762113556647,data/public_test/public_test/664f9b15989046b79eb5957f54809f39.jpeg
6650a1f35595446eaad6410ea56e9cc9,0.3532871362193084,data/public_test/public_test/6650a1f35595446eaad6410ea56e9cc9.jpeg
665e00961fbf4b6a8f65c331625d0a5a,0.6013242383237383,data/public_test/public_test/665e00961fbf4b6a8f65c331625d0a5a.jpeg
666fd96007c44d3a8aa2e2bf372661b9,0.2285324953322605,data/public_test/public_test/666fd96007c44d3a8aa2e2bf372661b9.jpeg
667120f8bfe0496ea6ea9fd4c3639653,0.7186874961044666,data/public_test/public_test/667120f8bfe0496ea6ea9fd4c3639653.jpeg
667190edd31040eab509fb31a0ab0972,0.5488463647945435,data/public_test/public_test/667190edd31040eab509fb31a0ab0972.jpeg
6688294323fc4a3ba83a1d931472b303,0.1724875053314828,data/public_test/public_test/6688294323fc4a3ba83a1d931472b303.jpeg
6691bc255e8f4126bd5e4d119a5597b6,0.8030533693334521,data/public_test/public_test/6691bc255e8f4126bd5e4d119a5597b6.jpeg
66a4bc8e46c64409b3de2cb3360fa400,0.7650306443339852,data/public_test/public_test/66a4bc8e46c64409b3de2cb3360fa400.jpeg
66a564760d8b4ebe86f5a915730bce4b,0.3944047900473656,data/public_test/public_test/66a564760d8b4ebe86f5a915730bce4b.jpeg
66ae146208554506a9cbf7fd2cd0290d,0.2436700428909601,data/public_test/public_test/66ae146208554506a9cbf7fd2cd0290d.jpeg
66b0827f5f4c45d68db5350a7dce1be5,0.8708690180559059,data/public_test/public_test/66b0827f5f4c45d68db5350a7dce1be5.jpeg
66bb178419b84f2aa2dd6cb3b0d489fb,0.9760508997446462,data/public_test/public_test/66bb178419b84f2aa2dd6cb3b0d489fb.jpeg
66bb4ec45b714cd6887fb15799350b25,0.1273149366057434,data/public_test/public_test/66bb4ec45b714cd6887fb15799350b25.jpeg
66bb5a16889a4091af8d80972bd93064,0.9295392325588844,data/public_test/public_test/66bb5a16889a4091af8d80972bd93064.jpeg
66c08f57956b4065ba13c08e42705b05,0.2427730825785751,data/public_test/public_test/66c08f57956b4065ba13c08e42705b05.jpeg
66ca7d44f8af4d77b3169098aefa5576,0.3833561624502925,data/public_test/public_test/66ca7d44f8af4d77b3169098aefa5576.jpeg
66cc0c80cd594571b5bd62cedea1403b,0.9908940651291236,data/public_test/public_test/66cc0c80cd594571b5bd62cedea1403b.jpeg
66cca87dc5f145579f5aba4a88978755,0.908022166084144,data/public_test/public_test/66cca87dc5f145579f5aba4a88978755.jpeg
66cd1cc6844f4c36af4ecd431b576cc3,0.5356230859325989,data/public_test/public_test/66cd1cc6844f4c36af4ecd431b576cc3.jpeg
66d30c23fdaf476cb93fc138037438a2,0.4290805213962858,data/public_test/public_test/66d30c23fdaf476cb93fc138037438a2.jpeg
66e6f5c2b969488395038339f815535d,0.8030533693334521,data/public_test/public_test/66e6f5c2b969488395038339f815535d.jpeg
66e8dd7bf6684cc7b3edf176f9ac2280,0.1672860759052556,data/public_test/public_test/66e8dd7bf6684cc7b3edf176f9ac2280.jpeg
66fc3060e2d14ea8a2981ab0f31457d9,0.5654820754284418,data/public_test/public_test/66fc3060e2d14ea8a2981ab0f31457d9.jpeg
6710b3d3e486459aa0280da55ba83985,0.3542687257783861,data/public_test/public_test/6710b3d3e486459aa0280da55ba83985.jpeg
671a8c0cd97e4ed89dc3cc1d376b2f69,0.1397252185456758,data/public_test/public_test/671a8c0cd97e4ed89dc3cc1d376b2f69.jpeg
6722cc4a73c64edda944b0eaa1f0c082,0.9415468228802952,data/public_test/public_test/6722cc4a73c64edda944b0eaa1f0c082.jpeg
6725b2e4d3894ee898bf28397b994c3b,0.1413046597546129,data/public_test/public_test/6725b2e4d3894ee898bf28397b994c3b.jpeg
672dd5b5148d41c289aae9250ea4aff5,0.4262226142217686,data/public_test/public_test/672dd5b5148d41c289aae9250ea4aff5.jpeg
67364b64dc56481b9d0d91a6d8a17ed9,0.7919003210021446,data/public_test/public_test/67364b64dc56481b9d0d91a6d8a17ed9.jpeg
673b1dab2bb2443891909011c855efcf,0.0977554487368117,data/public_test/public_test/673b1dab2bb2443891909011c855efcf.jpeg
674a323e21594b50b967a73dc340ae51,0.3155837479970038,data/public_test/public_test/674a323e21594b50b967a73dc340ae51.jpeg
675034bdb4ec4aec9c0cd755f1428cb1,0.9285771752400106,data/public_test/public_test/675034bdb4ec4aec9c0cd755f1428cb1.jpeg
67669e60f8f54fb8b8ccc28260831cfa,0.4152609299949918,data/public_test/public_test/67669e60f8f54fb8b8ccc28260831cfa.jpeg
6770c2650ef449c3a0bc0748398684e1,0.165963120367612,data/public_test/public_test/6770c2650ef449c3a0bc0748398684e1.jpeg
677276c017e1467783d156fecb43df18,0.3907357307003127,data/public_test/public_test/677276c017e1467783d156fecb43df18.jpeg
6773c96e5e784cf2825892b0a5600beb,0.6535285445110065,data/public_test/public_test/6773c96e5e784cf2825892b0a5600beb.jpeg
678e990ad2c146e29d14693d4b0a1b70,0.2620132492740075,data/public_test/public_test/678e990ad2c146e29d14693d4b0a1b70.jpeg
678ed78b3ab94c63888a76b25d79fbc0,0.0768157329053596,data/public_test/public_test/678ed78b3ab94c63888a76b25d79fbc0.jpeg
679084e411a648bebe65e6a70de8a89e,0.7186874961044666,data/public_test/public_test/679084e411a648bebe65e6a70de8a89e.jpeg
67a079ca69ca4881836f3e7cfd96ea67,0.6862503696097016,data/public_test/public_test/67a079ca69ca4881836f3e7cfd96ea67.jpeg
67a3086c3fcb42cda072b3aaec5dfd90,0.5654820754284418,data/public_test/public_test/67a3086c3fcb42cda072b3aaec5dfd90.jpeg
67a423d10a9e4597a3367de048b2b71e,0.1297897226068139,data/public_test/public_test/67a423d10a9e4597a3367de048b2b71e.jpeg
67a81003a33c4a21aede32e39a241615,0.5044687480116549,data/public_test/public_test/67a81003a33c4a21aede32e39a241615.jpeg
67ae70d03f2f436c9afcfd798797d263,0.5317436023438579,data/public_test/public_test/67ae70d03f2f436c9afcfd798797d263.jpeg
67c9040f7ffd4603bf1b92e660cfb92e,0.4912454691497102,data/public_test/public_test/67c9040f7ffd4603bf1b92e660cfb92e.jpeg
67e1774d9dc241bf8af1df69769e52da,0.1342232068404772,data/public_test/public_test/67e1774d9dc241bf8af1df69769e52da.jpeg
67e53e0aa5634e11922b9e1b18ba3049,0.8669475200249463,data/public_test/public_test/67e53e0aa5634e11922b9e1b18ba3049.jpeg
67e720d73c6640778e1d2784161139c5,0.4031044157226862,data/public_test/public_test/67e720d73c6640778e1d2784161139c5.jpeg
67f381b4d93a4fa292a7b55da48985c0,0.0687101220193009,data/public_test/public_test/67f381b4d93a4fa292a7b55da48985c0.jpeg
6800b4ea105b485e94e41f95d01eb836,0.3621591258982278,data/public_test/public_test/6800b4ea105b485e94e41f95d01eb836.jpeg
6800dfb24816401c8ff5a0d0d914c0c8,0.1283463262139277,data/public_test/public_test/6800dfb24816401c8ff5a0d0d914c0c8.jpeg
6805950796844a819c7b8442e604bfed,0.6461998433175563,data/public_test/public_test/6805950796844a819c7b8442e604bfed.jpeg
681fbc01e9a64400b156de72d8c09e70,0.7636231850799388,data/public_test/public_test/681fbc01e9a64400b156de72d8c09e70.jpeg
6835d6766a82403ea893b63eeced066a,0.548166061575628,data/public_test/public_test/6835d6766a82403ea893b63eeced066a.jpeg
683a836bdbad47e0a4bb36e5a5ee0d1e,0.4695168432028347,data/public_test/public_test/683a836bdbad47e0a4bb36e5a5ee0d1e.jpeg
683e944204db497aaf6468a33083455e,0.1807152599184548,data/public_test/public_test/683e944204db497aaf6468a33083455e.jpeg
6842db674ac64a0d990b3703641e309e,0.3558038629817752,data/public_test/public_test/6842db674ac64a0d990b3703641e309e.jpeg
6863fbb298854a2db19d5da5c60ec812,0.6860157930673605,data/public_test/public_test/6863fbb298854a2db19d5da5c60ec812.jpeg
687de4a14daf419a8cf631b2262289f8,0.226657105549398,data/public_test/public_test/687de4a14daf419a8cf631b2262289f8.jpeg
688e79fa74e14136bd67d54902a7087f,0.8859079956834446,data/public_test/public_test/688e79fa74e14136bd67d54902a7087f.jpeg
6893534532f74777a41282792b9a96b3,0.7186874961044666,data/public_test/public_test/6893534532f74777a41282792b9a96b3.jpeg
689876839f3c4ebdba519310ff86713b,0.5317436023438579,data/public_test/public_test/689876839f3c4ebdba519310ff86713b.jpeg
68a1686f54b240e786b878c75877ccc1,0.9295392325588844,data/public_test/public_test/68a1686f54b240e786b878c75877ccc1.jpeg
68a224ba7a184084b1e68c445b6306ec,0.6873821902720395,data/public_test/public_test/68a224ba7a184084b1e68c445b6306ec.jpeg
68a72b32ebdf4682a5bc21aa2fe9238d,0.3396812383050763,data/public_test/public_test/68a72b32ebdf4682a5bc21aa2fe9238d.jpeg
68ba0cb7377746869277c866ee338714,0.1805874891858545,data/public_test/public_test/68ba0cb7377746869277c866ee338714.jpeg
68c29a2e52a6456e82b1964b55e00ec6,0.7999398988623797,data/public_test/public_test/68c29a2e52a6456e82b1964b55e00ec6.jpeg
68c49f54999b4554900c8fa26ef32323,0.9760508997446462,data/public_test/public_test/68c49f54999b4554900c8fa26ef32323.jpeg
68c864bfd3ee4e84a44e6daf9bd31c29,0.1143064209672434,data/public_test/public_test/68c864bfd3ee4e84a44e6daf9bd31c29.jpeg
68ca1dfb764645e4a6c16cfdb2471e63,0.34496981849947,data/public_test/public_test/68ca1dfb764645e4a6c16cfdb2471e63.jpeg
68db4fed09514d6a911a519247a6cd0e,0.908022166084144,data/public_test/public_test/68db4fed09514d6a911a519247a6cd0e.jpeg
68dd29340d6f4a7b8016886c20ff8fe7,0.4491058786900758,data/public_test/public_test/68dd29340d6f4a7b8016886c20ff8fe7.jpeg
68e035a2561344899232d9eabe21775b,0.2072841087049018,data/public_test/public_test/68e035a2561344899232d9eabe21775b.jpeg
68e163d56d9849e196a748e878930037,0.7376894431502338,data/public_test/public_test/68e163d56d9849e196a748e878930037.jpeg
68e6cc6725114ec2ac4a45fe962a3eda,0.4033186386201009,data/public_test/public_test/68e6cc6725114ec2ac4a45fe962a3eda.jpeg
68f5efcc09504f3fa5262799a26462f5,0.2298938222047985,data/public_test/public_test/68f5efcc09504f3fa5262799a26462f5.jpeg
6909753b9edb431f93020e67492ca753,0.5823502613367864,data/public_test/public_test/6909753b9edb431f93020e67492ca753.jpeg
691be7b53a304c02bad2917798140574,0.4912454691497102,data/public_test/public_test/691be7b53a304c02bad2917798140574.jpeg
69234ac97c4e4ddaa1b74e8e3cf574bf,0.1995674916267178,data/public_test/public_test/69234ac97c4e4ddaa1b74e8e3cf574bf.jpeg
6929553809794c2187e6056f59979052,0.8188339730909425,data/public_test/public_test/6929553809794c2187e6056f59979052.jpeg
693456e83da8414c8703447ce2a63db3,0.2107845372100185,data/public_test/public_test/693456e83da8414c8703447ce2a63db3.jpeg
69461d9a18f84cd8b950da0218b570a1,0.9595452412199196,data/public_test/public_test/69461d9a18f84cd8b950da0218b570a1.jpeg
6949dbbbbe2944a89be83dc135a3f6c1,0.3456948077726419,data/public_test/public_test/6949dbbbbe2944a89be83dc135a3f6c1.jpeg
695355b052124e9391fd95992ee13ca3,0.8132484892008529,data/public_test/public_test/695355b052124e9391fd95992ee13ca3.jpeg
695afdb7bb4740e5b6a829f5e0cfd690,0.4095878205047699,data/public_test/public_test/695afdb7bb4740e5b6a829f5e0cfd690.jpeg
695d7abab6a846c6a986b45412884ab7,0.220850560090018,data/public_test/public_test/695d7abab6a846c6a986b45412884ab7.jpeg
695efc47e26a41dc82f4d65719f10595,0.7919003210021446,data/public_test/public_test/695efc47e26a41dc82f4d65719f10595.jpeg
695f33235be14b0d9ae94cba93be853f,0.7709364201230073,data/public_test/public_test/695f33235be14b0d9ae94cba93be853f.jpeg
69600cff40c048d3bf0fc6e058f71c5c,0.9270844154251128,data/public_test/public_test/69600cff40c048d3bf0fc6e058f71c5c.jpeg
6966b625716b481e92ae780918b9b12c,0.1239928538954273,data/public_test/public_test/6966b625716b481e92ae780918b9b12c.jpeg
696cb2f7e01847e28aec6323aaa83db8,0.1535090092540974,data/public_test/public_test/696cb2f7e01847e28aec6323aaa83db8.jpeg
697081718d704dfdb8546c61417c1c95,0.1018074436907959,data/public_test/public_test/697081718d704dfdb8546c61417c1c95.jpeg
697b7d298ef64cd493ef030b2020deae,0.6873821902720395,data/public_test/public_test/697b7d298ef64cd493ef030b2020deae.jpeg
69897881ee0d4ed29864a059538d7cf9,0.6749693704371172,data/public_test/public_test/69897881ee0d4ed29864a059538d7cf9.jpeg
698b09e76af64960a1efc83f0fcb0db0,0.5490596161966718,data/public_test/public_test/698b09e76af64960a1efc83f0fcb0db0.jpeg
699f87f608ba441599426b9ed08059bb,0.908022166084144,data/public_test/public_test/699f87f608ba441599426b9ed08059bb.jpeg
69a6e62eb60e41df8fc544f8ca9e44e6,0.4912454691497102,data/public_test/public_test/69a6e62eb60e41df8fc544f8ca9e44e6.jpeg
69ab3b7c392345568bafeb91f834b1e0,0.4180330617766918,data/public_test/public_test/69ab3b7c392345568bafeb91f834b1e0.jpeg
69b7b31079254657ae829f2c85985d96,0.5488463647945435,data/public_test/public_test/69b7b31079254657ae829f2c85985d96.jpeg
69c0ba330b71474194db26676294fc7f,0.4249856469326509,data/public_test/public_test/69c0ba330b71474194db26676294fc7f.jpeg
69c69078a676463b8dcf1f9af237fb3c,0.3305963901884143,data/public_test/public_test/69c69078a676463b8dcf1f9af237fb3c.jpeg
69c91bb045364dd5a107e97375753b29,0.1772841500580519,data/public_test/public_test/69c91bb045364dd5a107e97375753b29.jpeg
69d6d50daa784174b96bd6b2d3df9cab,0.8052089113406179,data/public_test/public_test/69d6d50daa784174b96bd6b2d3df9cab.jpeg
69e7ec0d375b4c7ca3c6babce660e1d6,0.946044891083611,data/public_test/public_test/69e7ec0d375b4c7ca3c6babce660e1d6.jpeg
69e9664e73b844858c57709e3e9dac49,0.6473319887212962,data/public_test/public_test/69e9664e73b844858c57709e3e9dac49.jpeg
69ed4c06b0d248bbb4f019ac10307825,0.1577221196061449,data/public_test/public_test/69ed4c06b0d248bbb4f019ac10307825.jpeg
69f657debb154608848d1c0099e83cdf,0.1910341826697299,data/public_test/public_test/69f657debb154608848d1c0099e83cdf.jpeg
69fd538a95c34fa3974cd9163a83eaf7,0.2318551784048323,data/public_test/public_test/69fd538a95c34fa3974cd9163a83eaf7.jpeg
6a00a693d64245a890b761eb9c902cc0,0.888464586499687,data/public_test/public_test/6a00a693d64245a890b761eb9c902cc0.jpeg
6a13fff2fa16471cbe5b2031dbaa4dad,0.796120327333374,data/public_test/public_test/6a13fff2fa16471cbe5b2031dbaa4dad.jpeg
6a210947f5c54ffe872b235ba29df1af,0.3946174137980449,data/public_test/public_test/6a210947f5c54ffe872b235ba29df1af.jpeg
6a291e1b31214983b121f328036c0b8b,0.8511669162674561,data/public_test/public_test/6a291e1b31214983b121f328036c0b8b.jpeg
6a39162ccc4d4641bb079f06ab0a8388,0.447122291348607,data/public_test/public_test/6a39162ccc4d4641bb079f06ab0a8388.jpeg
6a3aef71e67d483eb3bc18912e656b7d,0.7367498898647292,data/public_test/public_test/6a3aef71e67d483eb3bc18912e656b7d.jpeg
6a3c140d177b4386b067633b3420e985,0.7287115591206345,data/public_test/public_test/6a3c140d177b4386b067633b3420e985.jpeg
6a422a37f82845d4911b863e9ab97ad9,0.1779023062322895,data/public_test/public_test/6a422a37f82845d4911b863e9ab97ad9.jpeg
6a445f4d38af49a78e464ba408d0e194,0.6323811524596458,data/public_test/public_test/6a445f4d38af49a78e464ba408d0e194.jpeg
6a492c2cacae4e6e9a108d3c0f7b72cc,0.2960071546670181,data/public_test/public_test/6a492c2cacae4e6e9a108d3c0f7b72cc.jpeg
6a52bc98461a414e826076bd71d6423b,0.8859079956834446,data/public_test/public_test/6a52bc98461a414e826076bd71d6423b.jpeg
6a56cba6654d47d5b21ec94726dc06ec,0.7810031743533911,data/public_test/public_test/6a56cba6654d47d5b21ec94726dc06ec.jpeg
6a824993cc8f471791c8fdc3b884eba9,0.6158733817513472,data/public_test/public_test/6a824993cc8f471791c8fdc3b884eba9.jpeg
6a84512723c74f4693210ef81d8c147a,0.0741491106967121,data/public_test/public_test/6a84512723c74f4693210ef81d8c147a.jpeg
6a864909b1f5492fb382e4d46140d472,0.8487548476552064,data/public_test/public_test/6a864909b1f5492fb382e4d46140d472.jpeg
6a8db2c5c131424690e7f7cc6ad47684,0.2390259379334161,data/public_test/public_test/6a8db2c5c131424690e7f7cc6ad47684.jpeg
6aa25413fde24b528911c74fa4023773,0.1085462098294034,data/public_test/public_test/6aa25413fde24b528911c74fa4023773.jpeg
6aa4c9d4a9a04be98fc9cfb9a772b477,0.5816891819901887,data/public_test/public_test/6aa4c9d4a9a04be98fc9cfb9a772b477.jpeg
6abbde82d69c48549a1cc1b82978fa13,0.4447973080104597,data/public_test/public_test/6abbde82d69c48549a1cc1b82978fa13.jpeg
6abfdc37b2c24aea8d8f08064df48904,0.1429301787666715,data/public_test/public_test/6abfdc37b2c24aea8d8f08064df48904.jpeg
6ac0a298d3fd4ca7be0c3abe282019a3,0.5817765947346122,data/public_test/public_test/6ac0a298d3fd4ca7be0c3abe282019a3.jpeg
6ac0bb95f155465faebf9d5deee62abc,0.3111474420607389,data/public_test/public_test/6ac0bb95f155465faebf9d5deee62abc.jpeg
6aca91adcdac418dbc5c58bc4a786833,0.0982690313573317,data/public_test/public_test/6aca91adcdac418dbc5c58bc4a786833.jpeg
6ad7bddaa2cf4e218246d0e7f706465b,0.8216529222129063,data/public_test/public_test/6ad7bddaa2cf4e218246d0e7f706465b.jpeg
6ada8b9100fa48bdbe079086bf725a9f,0.1741530657770743,data/public_test/public_test/6ada8b9100fa48bdbe079086bf725a9f.jpeg
6ae34f3dfde44da9abafe7a3c921290c,0.5047229577642156,data/public_test/public_test/6ae34f3dfde44da9abafe7a3c921290c.jpeg
6aee3125f16d4ddc93bfdf5861f16d33,0.7079183002969899,data/public_test/public_test/6aee3125f16d4ddc93bfdf5861f16d33.jpeg
6af3b835544b4f4ba1f5c300425a9d16,0.2477234841721967,data/public_test/public_test/6af3b835544b4f4ba1f5c300425a9d16.jpeg
6af3ef7324b542c1b2216d077f71290c,0.2181194084901051,data/public_test/public_test/6af3ef7324b542c1b2216d077f71290c.jpeg
6afaa636cc054ceba78232cf511986b9,0.7535564308495549,data/public_test/public_test/6afaa636cc054ceba78232cf511986b9.jpeg
6b0302cabf4b4a659dd7211642a4f8e3,0.5317436023438579,data/public_test/public_test/6b0302cabf4b4a659dd7211642a4f8e3.jpeg
6b070868246d4c8cbe7e6b3d91fe140f,0.3763613254361318,data/public_test/public_test/6b070868246d4c8cbe7e6b3d91fe140f.jpeg
6b0917aa9f6c4e94a9ffb45003a75336,0.889061690425646,data/public_test/public_test/6b0917aa9f6c4e94a9ffb45003a75336.jpeg
6b0e772de2ef43ae81e7748505a0a05b,0.5317436023438579,data/public_test/public_test/6b0e772de2ef43ae81e7748505a0a05b.jpeg
6b20e8f11fdd44baa835c79d0867839c,0.1254442623955071,data/public_test/public_test/6b20e8f11fdd44baa835c79d0867839c.jpeg
6b3d8d33e87547cb84d4ad0e9a11a995,0.5652667227584187,data/public_test/public_test/6b3d8d33e87547cb84d4ad0e9a11a995.jpeg
6b6a092992c54b07931f9b08597215dc,0.3656993447762977,data/public_test/public_test/6b6a092992c54b07931f9b08597215dc.jpeg
6b78970df87e443eb0f564d250dde464,0.889061690425646,data/public_test/public_test/6b78970df87e443eb0f564d250dde464.jpeg
6b7ed14593a44885b71a4921030a07af,0.7709364201230073,data/public_test/public_test/6b7ed14593a44885b71a4921030a07af.jpeg
6b9b734475054c31bfc9c096bf6a13dd,0.548166061575628,data/public_test/public_test/6b9b734475054c31bfc9c096bf6a13dd.jpeg
6ba08158910a4010b87fe313e60c1127,0.209425928341147,data/public_test/public_test/6ba08158910a4010b87fe313e60c1127.jpeg
6ba3227f4dec41eb9f1a6fda189ba722,0.3499183862592925,data/public_test/public_test/6ba3227f4dec41eb9f1a6fda189ba722.jpeg
6bb2af13689e47f2a708a4193e3252f2,0.9595452412199196,data/public_test/public_test/6bb2af13689e47f2a708a4193e3252f2.jpeg
6bb3d011fd5e4f5e945ea520166079c6,0.90706010876527,data/public_test/public_test/6bb3d011fd5e4f5e945ea520166079c6.jpeg
6bc36673adf8451eae95de45114be2e4,0.3664670279926046,data/public_test/public_test/6bc36673adf8451eae95de45114be2e4.jpeg
6bc5f09d96f8474da501ee628c6b029e,0.5317436023438579,data/public_test/public_test/6bc5f09d96f8474da501ee628c6b029e.jpeg
6be977c354af4595a9d4a93118abe4c6,0.2334334843833223,data/public_test/public_test/6be977c354af4595a9d4a93118abe4c6.jpeg
6bfc7accd40741a783d2679adc9f41b5,0.67219710220945,data/public_test/public_test/6bfc7accd40741a783d2679adc9f41b5.jpeg
6c087421cb314bdf92f6669a8dacb216,0.3211693410438671,data/public_test/public_test/6c087421cb314bdf92f6669a8dacb216.jpeg
6c10e12a74b9427b8bed08d4f45e2517,0.3639504322182663,data/public_test/public_test/6c10e12a74b9427b8bed08d4f45e2517.jpeg
6c15be9bcda144bea8069112c6c3c15f,0.3892432874400588,data/public_test/public_test/6c15be9bcda144bea8069112c6c3c15f.jpeg
6c219d8930574899989a5fc32d2f7f69,0.8058486655470026,data/public_test/public_test/6c219d8930574899989a5fc32d2f7f69.jpeg
6c326dffb8bd4715b3f354dcd9d41aa4,0.6984286129022829,data/public_test/public_test/6c326dffb8bd4715b3f354dcd9d41aa4.jpeg
6c36c13d05ba458ca2ab8e45be001839,0.2146188435390213,data/public_test/public_test/6c36c13d05ba458ca2ab8e45be001839.jpeg
6c3db955695148708c65d5a4d6fafcab,0.136662072076224,data/public_test/public_test/6c3db955695148708c65d5a4d6fafcab.jpeg
6c3e0692900142a98cf0656db1b03073,0.3689836073934268,data/public_test/public_test/6c3e0692900142a98cf0656db1b03073.jpeg
6c3fcf326b9d447f95b135286f9010dc,0.377044625008487,data/public_test/public_test/6c3fcf326b9d447f95b135286f9010dc.jpeg
6c42fae40d2749838c63b4aab888a3ef,0.5654820754284418,data/public_test/public_test/6c42fae40d2749838c63b4aab888a3ef.jpeg
6c4871297a7e4f06a8bc6100327e3412,0.1406276094075552,data/public_test/public_test/6c4871297a7e4f06a8bc6100327e3412.jpeg
6c4c68ceb73c4851b4d15ef288e8d25b,0.7097096120748673,data/public_test/public_test/6c4c68ceb73c4851b4d15ef288e8d25b.jpeg
6c5297e9d1c44adb9306e00823a58ed1,0.5654820754284418,data/public_test/public_test/6c5297e9d1c44adb9306e00823a58ed1.jpeg
6c65c96534824609a17de5091d735913,0.9891878355985502,data/public_test/public_test/6c65c96534824609a17de5091d735913.jpeg
6c7721a497be43368a8f71d54ff5d32e,0.1694115220254374,data/public_test/public_test/6c7721a497be43368a8f71d54ff5d32e.jpeg
6c7e24305f3f404293802167673d2ded,0.3263732537866973,data/public_test/public_test/6c7e24305f3f404293802167673d2ded.jpeg
6c802d0459574d918426d6f053700d72,0.3251365866787075,data/public_test/public_test/6c802d0459574d918426d6f053700d72.jpeg
6c844c54866140daafa819b4f7175dc6,0.5990926085874261,data/public_test/public_test/6c844c54866140daafa819b4f7175dc6.jpeg
6c9c2242c82e4e93bfcc9f8e860b2780,0.5825848378791274,data/public_test/public_test/6c9c2242c82e4e93bfcc9f8e860b2780.jpeg
6cb7ced2c2cd492cb013ab6bf7144b75,0.1170411856563676,data/public_test/public_test/6cb7ced2c2cd492cb013ab6bf7144b75.jpeg
6cbab0fba3f44248b98d4bbf73cc5f87,0.5182661137293526,data/public_test/public_test/6cbab0fba3f44248b98d4bbf73cc5f87.jpeg
6cc2c25b07cc4df59c623ce7a8c3cd5b,0.0322439357731775,data/public_test/public_test/6cc2c25b07cc4df59c623ce7a8c3cd5b.jpeg
6cc56440a4be437090edd71dafd197e6,0.8423620593688561,data/public_test/public_test/6cc56440a4be437090edd71dafd197e6.jpeg
6cc752a4fe034106b1e014090eaf9e7c,0.5317436023438579,data/public_test/public_test/6cc752a4fe034106b1e014090eaf9e7c.jpeg
6cc7db0626394a2e88feb9910cd7a0fb,0.2504126022274556,data/public_test/public_test/6cc7db0626394a2e88feb9910cd7a0fb.jpeg
6cce0fc4d5f4466fa5087ccdcb72187a,0.5825848378791274,data/public_test/public_test/6cce0fc4d5f4466fa5087ccdcb72187a.jpeg
6cd47c83b4434d319444053a29f5b14d,0.2646589202043923,data/public_test/public_test/6cd47c83b4434d319444053a29f5b14d.jpeg
6cdaba8f206b424fbd0c0e94606b6189,0.7186874961044666,data/public_test/public_test/6cdaba8f206b424fbd0c0e94606b6189.jpeg
6ce5e08da8084754816c433690012140,0.1974791779120483,data/public_test/public_test/6ce5e08da8084754816c433690012140.jpeg
6ce848e7fa87446ab3005839488b5dbc,0.5654820754284418,data/public_test/public_test/6ce848e7fa87446ab3005839488b5dbc.jpeg
6cef2fb88ab646bb8593f8e403a0d692,0.5108662900755023,data/public_test/public_test/6cef2fb88ab646bb8593f8e403a0d692.jpeg
6cf26c970b6e4fe4b1f3009470dfd6cf,0.1802890518374874,data/public_test/public_test/6cf26c970b6e4fe4b1f3009470dfd6cf.jpeg
6d003848eb3d4099bed63f6fd3b3d793,0.1083324617639545,data/public_test/public_test/6d003848eb3d4099bed63f6fd3b3d793.jpeg
6d0d8a2f07e944ffa11f53fc57854caf,0.5182661137293526,data/public_test/public_test/6d0d8a2f07e944ffa11f53fc57854caf.jpeg
6d1261da514a4f06a2e4a3d5300063a7,0.8321425634294157,data/public_test/public_test/6d1261da514a4f06a2e4a3d5300063a7.jpeg
6d1e5cf093a84236a7a636ced342ad60,0.3965364526458129,data/public_test/public_test/6d1e5cf093a84236a7a636ced342ad60.jpeg
6d31972ca4964f1cac93676e597deede,0.888464586499687,data/public_test/public_test/6d31972ca4964f1cac93676e597deede.jpeg
6d325ed895024b5e827d5ffcd543dcee,0.1712951640603959,data/public_test/public_test/6d325ed895024b5e827d5ffcd543dcee.jpeg
6d44d1e415f042328d48d20a2013086a,0.0801828400559306,data/public_test/public_test/6d44d1e415f042328d48d20a2013086a.jpeg
6d4b3a4f2e2749e38c460929322264fc,0.0813781613069411,data/public_test/public_test/6d4b3a4f2e2749e38c460929322264fc.jpeg
6d788261201c4f8cb12eaa76b8894a9f,0.1587555449881598,data/public_test/public_test/6d788261201c4f8cb12eaa76b8894a9f.jpeg
6d865944bd7e4f5cbc124e562cf43e04,0.3872383531270225,data/public_test/public_test/6d865944bd7e4f5cbc124e562cf43e04.jpeg
6d8787927ad6493c82b0873e0d79778b,0.6323811524596458,data/public_test/public_test/6d8787927ad6493c82b0873e0d79778b.jpeg
6d91e54d99764026a045dc176320e8c8,0.4047678094063187,data/public_test/public_test/6d91e54d99764026a045dc176320e8c8.jpeg
6d95d631042b41e4ad3ce349f5d0ffd5,0.7636231850799388,data/public_test/public_test/6d95d631042b41e4ad3ce349f5d0ffd5.jpeg
6d9c0e40dcee4bdaaad1945a0b36a53e,0.7636231850799388,data/public_test/public_test/6d9c0e40dcee4bdaaad1945a0b36a53e.jpeg
6d9d01d86b324d43a096beb53eb29003,0.1728246087380335,data/public_test/public_test/6d9d01d86b324d43a096beb53eb29003.jpeg
6d9f2aae673a41d7970749e179f4e951,0.1729114320358787,data/public_test/public_test/6d9f2aae673a41d7970749e179f4e951.jpeg
6da93682c3684042a6bc339e48a48959,0.5047229577642156,data/public_test/public_test/6da93682c3684042a6bc339e48a48959.jpeg
6db8dc44460e4a1e84ecd23395560c80,0.6473319887212962,data/public_test/public_test/6db8dc44460e4a1e84ecd23395560c80.jpeg
6dbe271c387648f1923db039a466e051,0.9415468228802952,data/public_test/public_test/6dbe271c387648f1923db039a466e051.jpeg
6dca7c9baba947acbf9337a81dd9a461,0.2749803753928186,data/public_test/public_test/6dca7c9baba947acbf9337a81dd9a461.jpeg
6dcbad6e81f84376bb75068b76a349ff,0.3752101280819926,data/public_test/public_test/6dcbad6e81f84376bb75068b76a349ff.jpeg
6dd0754053824f5e95588cdc81babdbf,0.1134160919288641,data/public_test/public_test/6dd0754053824f5e95588cdc81babdbf.jpeg
6ddf56376a824666b16ffec9dfc8a942,0.9475376508985086,data/public_test/public_test/6ddf56376a824666b16ffec9dfc8a942.jpeg
6de9ab83a2d64c80bd8ec899234936a0,0.1652336993294257,data/public_test/public_test/6de9ab83a2d64c80bd8ec899234936a0.jpeg
6df4b924829741929b30bb44b7bd63b6,0.0828073222920698,data/public_test/public_test/6df4b924829741929b30bb44b7bd63b6.jpeg
6df776aea5bf44e683251ec739d65833,0.2853429908717088,data/public_test/public_test/6df776aea5bf44e683251ec739d65833.jpeg
6dfe85b5940b4a6589c3ddc7caaad280,0.3383166749341965,data/public_test/public_test/6dfe85b5940b4a6589c3ddc7caaad280.jpeg
6e0089435f7349aca5bd4d8c903b161d,0.0850029712268328,data/public_test/public_test/6e0089435f7349aca5bd4d8c903b161d.jpeg
6e06a439a4554c98bb383a499fe7498c,0.7810031743533911,data/public_test/public_test/6e06a439a4554c98bb383a499fe7498c.jpeg
6e0bdc68fc9d4e94884b5d52b9a4fcbb,0.2198705423884824,data/public_test/public_test/6e0bdc68fc9d4e94884b5d52b9a4fcbb.jpeg
6e1cde5058804d3bab3e5c64929890f6,0.229683845505883,data/public_test/public_test/6e1cde5058804d3bab3e5c64929890f6.jpeg
6e30f41c33084041ba24743303ff233c,0.5317436023438579,data/public_test/public_test/6e30f41c33084041ba24743303ff233c.jpeg
6e337d6ae5154030af5a9b8a382262e7,0.7921562226846985,data/public_test/public_test/6e337d6ae5154030af5a9b8a382262e7.jpeg
6e4478ec7fa747d19c93ccd3894514ac,0.9105787569003864,data/public_test/public_test/6e4478ec7fa747d19c93ccd3894514ac.jpeg
6e455bc1628c4d1f990fc995ff0f95fc,0.7097096120748673,data/public_test/public_test/6e455bc1628c4d1f990fc995ff0f95fc.jpeg
6e48457895994cd290bc80e0dba6b0ed,0.9105787569003864,data/public_test/public_test/6e48457895994cd290bc80e0dba6b0ed.jpeg
6e637ae719e84e278034c5d06f0db3f9,0.862128038336848,data/public_test/public_test/6e637ae719e84e278034c5d06f0db3f9.jpeg
6e63f6cee0354e219901e755d59d8400,0.6276078222554912,data/public_test/public_test/6e63f6cee0354e219901e755d59d8400.jpeg
6e652bf839824bbd9f9fa42ecc637094,0.9295392325588844,data/public_test/public_test/6e652bf839824bbd9f9fa42ecc637094.jpeg
6e6b4889ed1649d5b1ab3e03481c2433,0.6461998433175563,data/public_test/public_test/6e6b4889ed1649d5b1ab3e03481c2433.jpeg
6e6f335847644ec0922e00e022a033dc,0.9105787569003864,data/public_test/public_test/6e6f335847644ec0922e00e022a033dc.jpeg
6e77494579974bfba7471ee4f3895e20,0.4237287598967826,data/public_test/public_test/6e77494579974bfba7471ee4f3895e20.jpeg
6e914f6c85a84abebf08a8b5059bf1ae,0.5805540620643641,data/public_test/public_test/6e914f6c85a84abebf08a8b5059bf1ae.jpeg
6e943bd899ac4b8b9f5d0c45286341ad,0.8218211955664084,data/public_test/public_test/6e943bd899ac4b8b9f5d0c45286341ad.jpeg
6ea79b7aaa424da3ad3a6c95eaa06101,0.7549638901036014,data/public_test/public_test/6ea79b7aaa424da3ad3a6c95eaa06101.jpeg
6eab01479043409eb27adba1a8d39cb9,0.0998463058043097,data/public_test/public_test/6eab01479043409eb27adba1a8d39cb9.jpeg
6eac4a968d5141d29f47916a125400a5,0.7732821855464181,data/public_test/public_test/6eac4a968d5141d29f47916a125400a5.jpeg
6ebd7e2b63944c608c25d79afdd72bcf,0.8669475200249463,data/public_test/public_test/6ebd7e2b63944c608c25d79afdd72bcf.jpeg
6ec4595dc64241cbb3680d409add3306,0.5044687480116549,data/public_test/public_test/6ec4595dc64241cbb3680d409add3306.jpeg
6ec7983f0c9645fdb60c127599d9198e,0.7898731446319959,data/public_test/public_test/6ec7983f0c9645fdb60c127599d9198e.jpeg
6ecadff314aa42fbb92023da92e24e2a,0.8511669162674561,data/public_test/public_test/6ecadff314aa42fbb92023da92e24e2a.jpeg
6ecb1f339be14c099e5fcdbc8aafc623,0.1603326993626866,data/public_test/public_test/6ecb1f339be14c099e5fcdbc8aafc623.jpeg
6ed0a0fe33d24ac3af883169d49d3128,0.4289522976630744,data/public_test/public_test/6ed0a0fe33d24ac3af883169d49d3128.jpeg
6ee53276be5b4ca19106ff487e88d3a3,0.7344277800786511,data/public_test/public_test/6ee53276be5b4ca19106ff487e88d3a3.jpeg
6ee63575d04a48c3b87329276c99fd9a,0.1199783570221474,data/public_test/public_test/6ee63575d04a48c3b87329276c99fd9a.jpeg
6eff326ee55a442280efebdf25f9d006,0.2159479063981565,data/public_test/public_test/6eff326ee55a442280efebdf25f9d006.jpeg
6f0c0a3d8fb84c02b1aa2875a47757fa,0.9295392325588844,data/public_test/public_test/6f0c0a3d8fb84c02b1aa2875a47757fa.jpeg
6f0f0e54facd4d008df08d832c108cfb,0.5317436023438579,data/public_test/public_test/6f0f0e54facd4d008df08d832c108cfb.jpeg
6f15ef9c10a54783b98aa7fe011c99ab,0.1269370549574369,data/public_test/public_test/6f15ef9c10a54783b98aa7fe011c99ab.jpeg
6f1ae5370887464ca77227770c5cdb25,0.5317436023438579,data/public_test/public_test/6f1ae5370887464ca77227770c5cdb25.jpeg
6f257be8f3344e60bef6ac095a83388c,0.7999398988623797,data/public_test/public_test/6f257be8f3344e60bef6ac095a83388c.jpeg
6f25d9dee78e425b8720d9c27ca9337c,0.6972967922399449,data/public_test/public_test/6f25d9dee78e425b8720d9c27ca9337c.jpeg
6f2773a03772402285a7f2e57a9cabdd,0.1649722579406038,data/public_test/public_test/6f2773a03772402285a7f2e57a9cabdd.jpeg
6f298a98036b42ccb4c2357765c36549,0.5317436023438579,data/public_test/public_test/6f298a98036b42ccb4c2357765c36549.jpeg
6f2def8dce7142e5841357d604de52c4,0.6611506795792067,data/public_test/public_test/6f2def8dce7142e5841357d604de52c4.jpeg
6f39cec6b74846adaf18d1ebed03c814,0.958052481405022,data/public_test/public_test/6f39cec6b74846adaf18d1ebed03c814.jpeg
6f4c5db419dc43b09a378abb65d428d2,0.6600185341754669,data/public_test/public_test/6f4c5db419dc43b09a378abb65d428d2.jpeg
6f66035b17d54983af868997779560da,0.2661083802560606,data/public_test/public_test/6f66035b17d54983af868997779560da.jpeg
6f666c2aa5f449908d8e42a4c7658987,0.0951540381492653,data/public_test/public_test/6f666c2aa5f449908d8e42a4c7658987.jpeg
6f67305eaf4e4c8a9e4bd618579b6afc,0.1883962291232496,data/public_test/public_test/6f67305eaf4e4c8a9e4bd618579b6afc.jpeg
6f68f29b7fc24abb9775b8d12ffa304d,0.548166061575628,data/public_test/public_test/6f68f29b7fc24abb9775b8d12ffa304d.jpeg
6f6ae45f1ce24ba997331cb055b30ed0,0.2495582867376575,data/public_test/public_test/6f6ae45f1ce24ba997331cb055b30ed0.jpeg
6f81d47c83e0460cb85ea3e60aa71a08,0.7943117646918644,data/public_test/public_test/6f81d47c83e0460cb85ea3e60aa71a08.jpeg
6f83d295402b4b6385ebeb122feb9463,0.3578512620087217,data/public_test/public_test/6f83d295402b4b6385ebeb122feb9463.jpeg
6f85a588f35f45ffa1ea066288baa6a3,0.1244561398035201,data/public_test/public_test/6f85a588f35f45ffa1ea066288baa6a3.jpeg
6f92b37c10514827a4975d5b0cfef306,0.362970059757216,data/public_test/public_test/6f92b37c10514827a4975d5b0cfef306.jpeg
6f9c278041b14a1482b25c4e7da3897d,0.6323811524596458,data/public_test/public_test/6f9c278041b14a1482b25c4e7da3897d.jpeg
6fa82fbaa1b54c10a5e301eacaebfdc5,0.9074250621581847,data/public_test/public_test/6fa82fbaa1b54c10a5e301eacaebfdc5.jpeg
6fbc484237f64da3bca2288123689aa6,0.1502259091566088,data/public_test/public_test/6fbc484237f64da3bca2288123689aa6.jpeg
6fc152adee804e4a84888039544b7326,0.5825848378791274,data/public_test/public_test/6fc152adee804e4a84888039544b7326.jpeg
6fcab091eeff4057a18ee1955258a88f,0.6986631894446239,data/public_test/public_test/6fcab091eeff4057a18ee1955258a88f.jpeg
6fcb203fc59d42e4a091f940057d80f6,0.8503352357991559,data/public_test/public_test/6fcb203fc59d42e4a091f940057d80f6.jpeg
6fcef4ee364845de8473a1802f32bb10,0.1332939388519798,data/public_test/public_test/6fcef4ee364845de8473a1802f32bb10.jpeg
6fd2afd5a3d14e159bb8e4d884f21118,0.3723948766457399,data/public_test/public_test/6fd2afd5a3d14e159bb8e4d884f21118.jpeg
6fd3179fc3c8458da09a2e4fa18da523,0.889061690425646,data/public_test/public_test/6fd3179fc3c8458da09a2e4fa18da523.jpeg
6fd32eaca6644255bfad53f436ff219c,0.7097096120748673,data/public_test/public_test/6fd32eaca6644255bfad53f436ff219c.jpeg
6fe342660547458492ae893be12c4f48,0.6749693704371172,data/public_test/public_test/6fe342660547458492ae893be12c4f48.jpeg
6fea423f005842c8978c838b0be6677b,0.8163619596719253,data/public_test/public_test/6fea423f005842c8978c838b0be6677b.jpeg
6ff089436a7b4cd3a01b05ed02be9435,0.1117472185751891,data/public_test/public_test/6ff089436a7b4cd3a01b05ed02be9435.jpeg
6ffc2b93ae6b457184be564f95ee434a,0.3587467923673705,data/public_test/public_test/6ffc2b93ae6b457184be564f95ee434a.jpeg
700cc7670e964d13a8354bdf5b6652d1,0.0270406233926029,data/public_test/public_test/700cc7670e964d13a8354bdf5b6652d1.jpeg
700d8d4b3cd24277b38fd3a381be2e83,0.1747228354824254,data/public_test/public_test/700d8d4b3cd24277b38fd3a381be2e83.jpeg
7011de58863d468bb86ffc2a8386cd2b,0.1909923346915913,data/public_test/public_test/7011de58863d468bb86ffc2a8386cd2b.jpeg
702c8b92d26444ac942dd2da5418e2ab,0.4213175863700779,data/public_test/public_test/702c8b92d26444ac942dd2da5418e2ab.jpeg
702cb83002a04bd797004413af767ad4,0.6749693704371172,data/public_test/public_test/702cb83002a04bd797004413af767ad4.jpeg
7032326983f8400796f6b1c75d4dd20e,0.8400138679361486,data/public_test/public_test/7032326983f8400796f6b1c75d4dd20e.jpeg
7032bc68c2624726b77e8cd6524d5239,0.888464586499687,data/public_test/public_test/7032bc68c2624726b77e8cd6524d5239.jpeg
70365de3e492409293136ca492709128,0.6873821902720395,data/public_test/public_test/70365de3e492409293136ca492709128.jpeg
704d7109c82146e79139a2e3ececddc4,0.5654820754284418,data/public_test/public_test/704d7109c82146e79139a2e3ececddc4.jpeg
7051ca0726ed49c29ed058647c186523,0.1980328565444881,data/public_test/public_test/7051ca0726ed49c29ed058647c186523.jpeg
705ac229c4364882af986eb953058fa1,0.1832744022742836,data/public_test/public_test/705ac229c4364882af986eb953058fa1.jpeg
705cc3ac209d487a93ec84f1ba9a465a,0.1790121413559333,data/public_test/public_test/705cc3ac209d487a93ec84f1ba9a465a.jpeg
7062d7684b6c4a60b8f40116aa5a6c8f,0.6628974281041983,data/public_test/public_test/7062d7684b6c4a60b8f40116aa5a6c8f.jpeg
7064d00352aa4cacaf4d5ddd74814560,0.1700969610705582,data/public_test/public_test/7064d00352aa4cacaf4d5ddd74814560.jpeg
707de7311b02429dbe90dc629899ca0d,0.0760470672780889,data/public_test/public_test/707de7311b02429dbe90dc629899ca0d.jpeg
707f958a96bd4671a96ccf8eee30a654,0.7186874961044666,data/public_test/public_test/707f958a96bd4671a96ccf8eee30a654.jpeg
7089c5dd50094dd4b6b6befa2d4bf2ae,0.9295392325588844,data/public_test/public_test/7089c5dd50094dd4b6b6befa2d4bf2ae.jpeg
708e0be0369f405686d579e4625459e0,0.9105787569003864,data/public_test/public_test/708e0be0369f405686d579e4625459e0.jpeg
708e99bac9ae4dd58d5fe9c020325774,0.8306267756286347,data/public_test/public_test/708e99bac9ae4dd58d5fe9c020325774.jpeg
709930c25f364f33a5ebbf403c6d7aca,0.4713269858886446,data/public_test/public_test/709930c25f364f33a5ebbf403c6d7aca.jpeg
709d8bb8c33740ff9055c339934da5dc,0.889061690425646,data/public_test/public_test/709d8bb8c33740ff9055c339934da5dc.jpeg
70ba6e2e02bd492296c761cc16742c3a,0.5182661137293526,data/public_test/public_test/70ba6e2e02bd492296c761cc16742c3a.jpeg
70bc9b9b2a13435b8404e9988470476d,0.5317436023438579,data/public_test/public_test/70bc9b9b2a13435b8404e9988470476d.jpeg
70caf3808c2a49d58041f0913779c46f,0.1651533381125869,data/public_test/public_test/70caf3808c2a49d58041f0913779c46f.jpeg
70ce072f42f34ef0a623aa3ac041b71a,0.2078464434695004,data/public_test/public_test/70ce072f42f34ef0a623aa3ac041b71a.jpeg
70e21d4457bc465794c215975bc53e27,0.4456081818332224,data/public_test/public_test/70e21d4457bc465794c215975bc53e27.jpeg
70ea3c0b9e8948ebb8fa4afba702ae79,0.8511669162674561,data/public_test/public_test/70ea3c0b9e8948ebb8fa4afba702ae79.jpeg
70f69cac18354efa824f8e16c371b6b7,0.9415468228802952,data/public_test/public_test/70f69cac18354efa824f8e16c371b6b7.jpeg
71083c244d7f4e738e8685fb7f5b4c1c,0.9105787569003864,data/public_test/public_test/71083c244d7f4e738e8685fb7f5b4c1c.jpeg
710e3f0273784877848c2f403fae6016,0.514125881897303,data/public_test/public_test/710e3f0273784877848c2f403fae6016.jpeg
711b0cb0770441cb8070588aec030f8a,0.2107461931643175,data/public_test/public_test/711b0cb0770441cb8070588aec030f8a.jpeg
7128e0405191460ea21ff6bfec72fc1f,0.1988470323596568,data/public_test/public_test/7128e0405191460ea21ff6bfec72fc1f.jpeg
712b33a966ac492a87d0f3b9f0da3c7f,0.9475376508985086,data/public_test/public_test/712b33a966ac492a87d0f3b9f0da3c7f.jpeg
712e60e13c3c433e9202dfab9a8daf83,0.8535151077001636,data/public_test/public_test/712e60e13c3c433e9202dfab9a8daf83.jpeg
71372a14c5c24b90b778718e9436587b,0.5816891819901887,data/public_test/public_test/71372a14c5c24b90b778718e9436587b.jpeg
71417e5bdabb4d199e69c5092bcc717e,0.2602205894099743,data/public_test/public_test/71417e5bdabb4d199e69c5092bcc717e.jpeg
7151af50bfb6484bbb5c05cc1b7f3118,0.8718523022738962,data/public_test/public_test/7151af50bfb6484bbb5c05cc1b7f3118.jpeg
7158b4dcb0724089942e835083fae773,0.5990051958430026,data/public_test/public_test/7158b4dcb0724089942e835083fae773.jpeg
7169ae2b14bb47269a47652080e7894a,0.0817197455990544,data/public_test/public_test/7169ae2b14bb47269a47652080e7894a.jpeg
716afd7b901b44e383c4e637178f11b2,0.0746820181595658,data/public_test/public_test/716afd7b901b44e383c4e637178f11b2.jpeg
716bb60c4d19489a98534405cffdfe4a,0.1145198251888549,data/public_test/public_test/716bb60c4d19489a98534405cffdfe4a.jpeg
7185168848f6403b8eccd969f2b139db,0.8232459056840874,data/public_test/public_test/7185168848f6403b8eccd969f2b139db.jpeg
719c19e61994423db4946573abbfcdfe,0.9103845028702704,data/public_test/public_test/719c19e61994423db4946573abbfcdfe.jpeg
71a6b9ba01af4ee4b56c7c3bf57f627e,0.418928777701856,data/public_test/public_test/71a6b9ba01af4ee4b56c7c3bf57f627e.jpeg
71a9ce10cf674157bed6d1a4c28929f6,0.2097193881406308,data/public_test/public_test/71a9ce10cf674157bed6d1a4c28929f6.jpeg
71b5c55996e14d32b162fc513fb0b50f,0.4016981189882804,data/public_test/public_test/71b5c55996e14d32b162fc513fb0b50f.jpeg
71bd8d61d4a443d3a7ca3346c92465f7,0.4784069324393025,data/public_test/public_test/71bd8d61d4a443d3a7ca3346c92465f7.jpeg
71ca161963244decab4963682545263e,0.1560211186850343,data/public_test/public_test/71ca161963244decab4963682545263e.jpeg
71cc387e3919487b8c1eb3e632fb23a6,0.9475376508985086,data/public_test/public_test/71cc387e3919487b8c1eb3e632fb23a6.jpeg
71d99df108f04331b3a084a35936fb17,0.2304471624512397,data/public_test/public_test/71d99df108f04331b3a084a35936fb17.jpeg
71db2ef3962243feb046a016783da505,0.67219710220945,data/public_test/public_test/71db2ef3962243feb046a016783da505.jpeg
71de9e4e38a740d89248e476f224f3e4,0.5661623786473574,data/public_test/public_test/71de9e4e38a740d89248e476f224f3e4.jpeg
71ff6a453b2640ffabc9bd821f017c87,0.9475376508985086,data/public_test/public_test/71ff6a453b2640ffabc9bd821f017c87.jpeg
72012ea6f8404b5b88d032f064ca3a7f,0.5283927363567621,data/public_test/public_test/72012ea6f8404b5b88d032f064ca3a7f.jpeg
7210575070c74678903a1197bad5e388,0.8487548476552064,data/public_test/public_test/7210575070c74678903a1197bad5e388.jpeg
72147827772e42d6980539ccae2d391b,0.8669475200249463,data/public_test/public_test/72147827772e42d6980539ccae2d391b.jpeg
7232ddcc8db146d5b8e220de9c901d73,0.1730008860119714,data/public_test/public_test/7232ddcc8db146d5b8e220de9c901d73.jpeg
7248d12d2eba482d868d6f9461bad1c0,0.1268084437176788,data/public_test/public_test/7248d12d2eba482d868d6f9461bad1c0.jpeg
724cfeed9851499f88c94c89918edfbf,0.1957292938587306,data/public_test/public_test/724cfeed9851499f88c94c89918edfbf.jpeg
724eaa2f2d5946568c81c90c62b39381,0.8030533693334521,data/public_test/public_test/724eaa2f2d5946568c81c90c62b39381.jpeg
72530941ecf24c96ab819fc243ec6471,0.7621291372151107,data/public_test/public_test/72530941ecf24c96ab819fc243ec6471.jpeg
72698a258d014735bbde32627066b83d,0.8052089113406179,data/public_test/public_test/72698a258d014735bbde32627066b83d.jpeg
726a512cfbea413296fd74bd67398588,0.9295392325588844,data/public_test/public_test/726a512cfbea413296fd74bd67398588.jpeg
726f64e882ed4800915d9c4f3db6c9c4,0.8708690180559059,data/public_test/public_test/726f64e882ed4800915d9c4f3db6c9c4.jpeg
72817af7604346568ea8256d67cf016f,0.1137060423380717,data/public_test/public_test/72817af7604346568ea8256d67cf016f.jpeg
728349baca9c47b8b006d97d288a0fff,0.4984746916818579,data/public_test/public_test/728349baca9c47b8b006d97d288a0fff.jpeg
7285e660b19f4352a67131d3ef3098e7,0.6749693704371172,data/public_test/public_test/7285e660b19f4352a67131d3ef3098e7.jpeg
7289c56168d245239dc4bff75edcd0ba,0.8511669162674561,data/public_test/public_test/7289c56168d245239dc4bff75edcd0ba.jpeg
728b1545eb664debb16e4b2e62714401,0.2021688367201999,data/public_test/public_test/728b1545eb664debb16e4b2e62714401.jpeg
728d9d62c325425490b6c8478e04dd2f,0.1415245151415533,data/public_test/public_test/728d9d62c325425490b6c8478e04dd2f.jpeg
7294c55062684dd7b11b8bde1c699d88,0.9049702450244134,data/public_test/public_test/7294c55062684dd7b11b8bde1c699d88.jpeg
729f838519f545119223b04808a5f261,0.2392827674485469,data/public_test/public_test/729f838519f545119223b04808a5f261.jpeg
72a75f12bc5c4a308a150ad55131ff07,0.9415468228802952,data/public_test/public_test/72a75f12bc5c4a308a150ad55131ff07.jpeg
72a950f5fa1442e78118fea38cb130d3,0.6984286129022829,data/public_test/public_test/72a950f5fa1442e78118fea38cb130d3.jpeg
72ab229c66a44ff7bb464fb6e1f5516a,0.5819898461367404,data/public_test/public_test/72ab229c66a44ff7bb464fb6e1f5516a.jpeg
72ae5b6e7cdb4c80b5bde11e7b458f3b,0.5816891819901887,data/public_test/public_test/72ae5b6e7cdb4c80b5bde11e7b458f3b.jpeg
72b4658a47444533a59e9ba817d1bc8e,0.1862662202499247,data/public_test/public_test/72b4658a47444533a59e9ba817d1bc8e.jpeg
72b4f2de69a54076a93cd66b43199b2c,0.6230620661866413,data/public_test/public_test/72b4f2de69a54076a93cd66b43199b2c.jpeg
72b8f669163d45fe84b14179f9cc6047,0.7097096120748673,data/public_test/public_test/72b8f669163d45fe84b14179f9cc6047.jpeg
72ba2028a98347659d49dbdac31df23c,0.2140682813324722,data/public_test/public_test/72ba2028a98347659d49dbdac31df23c.jpeg
72c63911b1364b72aef97b575ced3f4d,0.1358736367927665,data/public_test/public_test/72c63911b1364b72aef97b575ced3f4d.jpeg
72d52c5a37864d03908bb68e2f068786,0.7824733209781455,data/public_test/public_test/72d52c5a37864d03908bb68e2f068786.jpeg
72dd3573fe0844ddaf3bc2493a3abf11,0.8859079956834446,data/public_test/public_test/72dd3573fe0844ddaf3bc2493a3abf11.jpeg
72e49ed2b0c34753885d8aa297eb06db,0.1353834587489993,data/public_test/public_test/72e49ed2b0c34753885d8aa297eb06db.jpeg
72f18fb3bd5c4d6391c00514c89ca8dc,0.437184358484771,data/public_test/public_test/72f18fb3bd5c4d6391c00514c89ca8dc.jpeg
72fb0d687f0944ada907e85711978ee1,0.6554234542539359,data/public_test/public_test/72fb0d687f0944ada907e85711978ee1.jpeg
72fc1378d77544ed96505291f7e333eb,0.0347179413033156,data/public_test/public_test/72fc1378d77544ed96505291f7e333eb.jpeg
7306798cc58e4382bfbbf026abfaee81,0.5488463647945435,data/public_test/public_test/7306798cc58e4382bfbbf026abfaee81.jpeg
730fa104b7df49699df06a61ae8a206c,0.8109199746410747,data/public_test/public_test/730fa104b7df49699df06a61ae8a206c.jpeg
7311126089a3450ba1e60039cfb13673,0.8859079956834446,data/public_test/public_test/7311126089a3450ba1e60039cfb13673.jpeg
73140f438d414076934b67c09eb1183d,0.6749693704371172,data/public_test/public_test/73140f438d414076934b67c09eb1183d.jpeg
7316305fcb744195a4eb4cf087e63d85,0.4912454691497102,data/public_test/public_test/7316305fcb744195a4eb4cf087e63d85.jpeg
7321ef7f04b5494b9f638b0a68b9edb0,0.7732608604062051,data/public_test/public_test/7321ef7f04b5494b9f638b0a68b9edb0.jpeg
7325bf78e83840b5be116eb8c88f80b3,0.177047543199719,data/public_test/public_test/7325bf78e83840b5be116eb8c88f80b3.jpeg
73478002eda1442fb38cafe4f4209f9f,0.5654820754284418,data/public_test/public_test/73478002eda1442fb38cafe4f4209f9f.jpeg
7356c960e57d430daeb50574fa92ae04,0.8487548476552064,data/public_test/public_test/7356c960e57d430daeb50574fa92ae04.jpeg
7365191051224f45897e70875844ef5d,0.376234105945239,data/public_test/public_test/7365191051224f45897e70875844ef5d.jpeg
736d6938eedd4f3294c57f5cb1080b2a,0.7562233614260885,data/public_test/public_test/736d6938eedd4f3294c57f5cb1080b2a.jpeg
736d9e460d2a46ea880c77b97723d8ba,0.2252437409138914,data/public_test/public_test/736d9e460d2a46ea880c77b97723d8ba.jpeg
736f8e23fb7d4964b84d7de3892405cb,0.1709910778489869,data/public_test/public_test/736f8e23fb7d4964b84d7de3892405cb.jpeg
736fc9f6ada147dcb7544e2b57fa2cf7,0.1645985569967322,data/public_test/public_test/736fc9f6ada147dcb7544e2b57fa2cf7.jpeg
73732be7bb35428f8bd97dd3ac26d976,0.6749693704371172,data/public_test/public_test/73732be7bb35428f8bd97dd3ac26d976.jpeg
738c992311f14840b9aa71560c2fdd70,0.5088830520357096,data/public_test/public_test/738c992311f14840b9aa71560c2fdd70.jpeg
738d04e3058b443ba6974b8b2c3d2cdd,0.9260205844237684,data/public_test/public_test/738d04e3058b443ba6974b8b2c3d2cdd.jpeg
738e9d4d87034eef8ea97b8654f9e9ba,0.5830305645557019,data/public_test/public_test/738e9d4d87034eef8ea97b8654f9e9ba.jpeg
7398199efae14fe2b5e83861a3880575,0.6611506795792067,data/public_test/public_test/7398199efae14fe2b5e83861a3880575.jpeg
739d3b20a65b43c1a59e02f485c07110,0.6323811524596458,data/public_test/public_test/739d3b20a65b43c1a59e02f485c07110.jpeg
73bf795c47034bb2b82109aca780feb8,0.1729566092956168,data/public_test/public_test/73bf795c47034bb2b82109aca780feb8.jpeg
73c4051a158746edbd9151f976865b21,0.9285771752400106,data/public_test/public_test/73c4051a158746edbd9151f976865b21.jpeg
73c45a08437d43edbd9632ccee2b9084,0.1418591297736624,data/public_test/public_test/73c45a08437d43edbd9632ccee2b9084.jpeg
73cc983cd92b4996b4cee2067b2b6cce,0.5185203234819132,data/public_test/public_test/73cc983cd92b4996b4cee2067b2b6cce.jpeg
73cfd675ed624ac58b1cd67bc5e461ed,0.6873821902720395,data/public_test/public_test/73cfd675ed624ac58b1cd67bc5e461ed.jpeg
73d68da6c17d4d34a56df3d15abe803f,0.9949242983158,data/public_test/public_test/73d68da6c17d4d34a56df3d15abe803f.jpeg
73e90789ec094c24a830654b8727f583,0.8511669162674561,data/public_test/public_test/73e90789ec094c24a830654b8727f583.jpeg
73fc97295c5e480684b029816f667c2d,0.0838521995841113,data/public_test/public_test/73fc97295c5e480684b029816f667c2d.jpeg
73feb2f882684295891f6ec4ff3f4eb9,0.5179462366261602,data/public_test/public_test/73feb2f882684295891f6ec4ff3f4eb9.jpeg
74270e6ee974440e80a8924aac5127d6,0.1479597408526206,data/public_test/public_test/74270e6ee974440e80a8924aac5127d6.jpeg
742bd1381ab14a55be82465f283b9961,0.3900104958243999,data/public_test/public_test/742bd1381ab14a55be82465f283b9961.jpeg
74392f131b1344d1a37ca9ac86c38420,0.1849178680244073,data/public_test/public_test/74392f131b1344d1a37ca9ac86c38420.jpeg
743ee77780fb4dde9c5dfd87c636a61b,0.2348889425997084,data/public_test/public_test/743ee77780fb4dde9c5dfd87c636a61b.jpeg
745ed496fc764bec99bad22d42218ef9,0.1152087081301878,data/public_test/public_test/745ed496fc764bec99bad22d42218ef9.jpeg
745f9be8570f47fb9358cc89659c3eb0,0.6323811524596458,data/public_test/public_test/745f9be8570f47fb9358cc89659c3eb0.jpeg
7464106c2b9c4890ae63e4ef14a7e81c,0.7367498898647292,data/public_test/public_test/7464106c2b9c4890ae63e4ef14a7e81c.jpeg
746f8ec75df64b529d1ae3c6cdde09e4,0.5182661137293526,data/public_test/public_test/746f8ec75df64b529d1ae3c6cdde09e4.jpeg
747467e3e3ab437d8bf2442213372206,0.2247308896437555,data/public_test/public_test/747467e3e3ab437d8bf2442213372206.jpeg
748067c60a10407ea0f26a56c1221ef4,0.6873821902720395,data/public_test/public_test/748067c60a10407ea0f26a56c1221ef4.jpeg
74846b208f824fb0be0d228506dddd54,0.4620500805219386,data/public_test/public_test/74846b208f824fb0be0d228506dddd54.jpeg
7497057323604652a9ba6b166237e3d8,0.1432321637101856,data/public_test/public_test/7497057323604652a9ba6b166237e3d8.jpeg
749d18ba94b1489ea620fb3145c35aee,0.7168771896834961,data/public_test/public_test/749d18ba94b1489ea620fb3145c35aee.jpeg
74a5fdcc53aa40c38283f5b6059dbe22,0.6749693704371172,data/public_test/public_test/74a5fdcc53aa40c38283f5b6059dbe22.jpeg
74b655d3f28b4d09a39a0f4bdf345ef3,0.6140434448490764,data/public_test/public_test/74b655d3f28b4d09a39a0f4bdf345ef3.jpeg
74b6b8b2be8c4f10adfbc388f68f8097,0.1019371028355821,data/public_test/public_test/74b6b8b2be8c4f10adfbc388f68f8097.jpeg
74bc1e5e2632410aacc6ef64ea02daf1,0.2693875070469845,data/public_test/public_test/74bc1e5e2632410aacc6ef64ea02daf1.jpeg
74c5072064354019869d6c72c36ffbd9,0.2373992236546848,data/public_test/public_test/74c5072064354019869d6c72c36ffbd9.jpeg
74cd9b8482b9445b8caeeae9b8b94440,0.3491500208131495,data/public_test/public_test/74cd9b8482b9445b8caeeae9b8b94440.jpeg
74d13412e2cb4a0a9e5b35d5939c4f1f,0.3115315511029881,data/public_test/public_test/74d13412e2cb4a0a9e5b35d5939c4f1f.jpeg
74d473c0b3914ad7babf776128f35848,0.7194564482682684,data/public_test/public_test/74d473c0b3914ad7babf776128f35848.jpeg
74d4aec77e10452b93d3fb508e7fa7cd,0.3491930476844447,data/public_test/public_test/74d4aec77e10452b93d3fb508e7fa7cd.jpeg
74db5d3611cb445a9776135f909701a9,0.919432652479596,data/public_test/public_test/74db5d3611cb445a9776135f909701a9.jpeg
74dccbf3c2c94c469193f96696bf86f1,0.1723152286533031,data/public_test/public_test/74dccbf3c2c94c469193f96696bf86f1.jpeg
74e8d2b5d7814979b909d627644f3cd1,0.1886085254036075,data/public_test/public_test/74e8d2b5d7814979b909d627644f3cd1.jpeg
7503f56c0287412597404897838fc81d,0.1904823160397345,data/public_test/public_test/7503f56c0287412597404897838fc81d.jpeg
75270c0f1d6147ee828448845bab7bfe,0.8702719141299468,data/public_test/public_test/75270c0f1d6147ee828448845bab7bfe.jpeg
7533f6cffb90495abd127b2403ed3a39,0.092554515973905,data/public_test/public_test/7533f6cffb90495abd127b2403ed3a39.jpeg
7534437baced4c48abe7b88d6b4f4e15,0.9295392325588844,data/public_test/public_test/7534437baced4c48abe7b88d6b4f4e15.jpeg
7536570b6a07436eb0fdc3c3f4e0d68e,0.0755788693151771,data/public_test/public_test/7536570b6a07436eb0fdc3c3f4e0d68e.jpeg
7538e1336b5e4bab97f4a191d838914a,0.6084468870042893,data/public_test/public_test/7538e1336b5e4bab97f4a191d838914a.jpeg
75472eca7b9040fda1ed0722e7b05ac9,0.908022166084144,data/public_test/public_test/75472eca7b9040fda1ed0722e7b05ac9.jpeg
754b219a19c54b108248a587a0781809,0.1057401712248555,data/public_test/public_test/754b219a19c54b108248a587a0781809.jpeg
7550a00d99a84771b292dfad4295f711,0.9295392325588844,data/public_test/public_test/7550a00d99a84771b292dfad4295f711.jpeg
757afc797b6845bc8b709e1c638f44a3,0.8329742438977159,data/public_test/public_test/757afc797b6845bc8b709e1c638f44a3.jpeg
757b3162323d4b53b07d9a8bc5ceb898,0.2641031785089285,data/public_test/public_test/757b3162323d4b53b07d9a8bc5ceb898.jpeg
758555e86a4e428ea6e5ea6780f53606,0.1353340134594074,data/public_test/public_test/758555e86a4e428ea6e5ea6780f53606.jpeg
758a7e52e7244e089f0d9706aac8558f,0.1468941442404605,data/public_test/public_test/758a7e52e7244e089f0d9706aac8558f.jpeg
7590f55f78ca4c8ea426c0a07c46670f,0.5654820754284418,data/public_test/public_test/7590f55f78ca4c8ea426c0a07c46670f.jpeg
7599e777c56244c7b6328d69e2677210,0.9595452412199196,data/public_test/public_test/7599e777c56244c7b6328d69e2677210.jpeg
75b098314cbf4755ac96d425d9a6462f,0.90706010876527,data/public_test/public_test/75b098314cbf4755ac96d425d9a6462f.jpeg
75b116b091254550974cadee76561ece,0.10253387929122,data/public_test/public_test/75b116b091254550974cadee76561ece.jpeg
75b35d23826e465baab88088f29939ea,0.958052481405022,data/public_test/public_test/75b35d23826e465baab88088f29939ea.jpeg
75b63be774084a82b5f17a35973cb5cb,0.8732810866681554,data/public_test/public_test/75b63be774084a82b5f17a35973cb5cb.jpeg
75b890ca838c471fa027adfe04c15994,0.8732810866681554,data/public_test/public_test/75b890ca838c471fa027adfe04c15994.jpeg
75c76428c95c4afaac17138ab0d6c16b,0.3990528355644422,data/public_test/public_test/75c76428c95c4afaac17138ab0d6c16b.jpeg
75ce04f20870423e9e168bca2076b0b9,0.1736409731465161,data/public_test/public_test/75ce04f20870423e9e168bca2076b0b9.jpeg
75dd017d3f0a4b9eb24366a1ad46a5e3,0.4912454691497102,data/public_test/public_test/75dd017d3f0a4b9eb24366a1ad46a5e3.jpeg
75e0b1c416f5439195ee2b17101ba1b4,0.1514554592429497,data/public_test/public_test/75e0b1c416f5439195ee2b17101ba1b4.jpeg
75e81a19bccf47c28a741a35e7448887,0.2473797986121885,data/public_test/public_test/75e81a19bccf47c28a741a35e7448887.jpeg
75ee4e3bf6fa41a992636b0c6616cdf9,0.0768559271583758,data/public_test/public_test/75ee4e3bf6fa41a992636b0c6616cdf9.jpeg
75fa2c0867f74b26b44115ccd22f9fc0,0.8550884142984154,data/public_test/public_test/75fa2c0867f74b26b44115ccd22f9fc0.jpeg
75faba861f784c60a8655a21ec206390,0.4153037003478685,data/public_test/public_test/75faba861f784c60a8655a21ec206390.jpeg
75ff974bf9e7479f8b6bcf7055900f85,0.6323811524596458,data/public_test/public_test/75ff974bf9e7479f8b6bcf7055900f85.jpeg
760d49820bc446bf8b6c1d484f22fe79,0.1438267515725097,data/public_test/public_test/760d49820bc446bf8b6c1d484f22fe79.jpeg
76182fe4705c448e805927cfe2c0729a,0.1820806419651378,data/public_test/public_test/76182fe4705c448e805927cfe2c0729a.jpeg
761d560e581b4f8eb9982159a5ba801b,0.7287115591206345,data/public_test/public_test/761d560e581b4f8eb9982159a5ba801b.jpeg
762a27254a544202978eab701b7080ed,0.5528655363066595,data/public_test/public_test/762a27254a544202978eab701b7080ed.jpeg
76486cca6c114776b8af4fb8afd21dfd,0.7736223044088438,data/public_test/public_test/76486cca6c114776b8af4fb8afd21dfd.jpeg
765655903f80483eaa46b5cd71ca5f2b,0.4478050069322226,data/public_test/public_test/765655903f80483eaa46b5cd71ca5f2b.jpeg
765f83abc80f4e1aa68015c383c89651,0.6155129665513012,data/public_test/public_test/765f83abc80f4e1aa68015c383c89651.jpeg
76602237d71e4761b7ae204b9908c703,0.8708690180559059,data/public_test/public_test/76602237d71e4761b7ae204b9908c703.jpeg
766897837a5f4c59b03dd0a4b8bc40d1,0.8511669162674561,data/public_test/public_test/766897837a5f4c59b03dd0a4b8bc40d1.jpeg
76743664f032488e911c34891d2d4a77,0.7461566071957048,data/public_test/public_test/76743664f032488e911c34891d2d4a77.jpeg
7682b4813fdc45378ca176e49294f11f,0.5990051958430026,data/public_test/public_test/7682b4813fdc45378ca176e49294f11f.jpeg
7683dea023c2426399e910c166616399,0.0937481180057289,data/public_test/public_test/7683dea023c2426399e910c166616399.jpeg
768a4f924ae84c07bdedc9279051f03b,0.5044687480116549,data/public_test/public_test/768a4f924ae84c07bdedc9279051f03b.jpeg
768e87aa07d041ef97bc8aad9a7b5ef7,0.9595452412199196,data/public_test/public_test/768e87aa07d041ef97bc8aad9a7b5ef7.jpeg
76a6c3f5910a43b4a9247fbd7f2f2e23,0.1762775731490019,data/public_test/public_test/76a6c3f5910a43b4a9247fbd7f2f2e23.jpeg
76af3780194c46df9cbe5cb48d95eabf,0.9295392325588844,data/public_test/public_test/76af3780194c46df9cbe5cb48d95eabf.jpeg
76b64db4769b45639abcdade31f34ab1,0.8487548476552064,data/public_test/public_test/76b64db4769b45639abcdade31f34ab1.jpeg
76bc3d3141ec43168a53cf7b23dc1d3e,0.908022166084144,data/public_test/public_test/76bc3d3141ec43168a53cf7b23dc1d3e.jpeg
76bdc2143fc5474bafa53767377e2271,0.237144981155092,data/public_test/public_test/76bdc2143fc5474bafa53767377e2271.jpeg
76e18b55e2cf49db9210aafa70c93a2c,0.0613330971221091,data/public_test/public_test/76e18b55e2cf49db9210aafa70c93a2c.jpeg
76eb580f74004199861b3f7c16bb9062,0.2722498623600322,data/public_test/public_test/76eb580f74004199861b3f7c16bb9062.jpeg
76f3d5012dc24ea2b581b03e212b1168,0.0562138299994877,data/public_test/public_test/76f3d5012dc24ea2b581b03e212b1168.jpeg
76f4af7b87b64193aa4f3cfa76cad1d7,0.963128514258478,data/public_test/public_test/76f4af7b87b64193aa4f3cfa76cad1d7.jpeg
76f7a23036fe4a59965a19a706b93142,0.2901210066303768,data/public_test/public_test/76f7a23036fe4a59965a19a706b93142.jpeg
77001edb0a7b4191879b6f6871c9a83d,0.8504016372290911,data/public_test/public_test/77001edb0a7b4191879b6f6871c9a83d.jpeg
7705e36120244b73a6e8e5d352f6d49e,0.1614372512984807,data/public_test/public_test/7705e36120244b73a6e8e5d352f6d49e.jpeg
7719524c3e5b4858803761aaec011684,0.6158733817513472,data/public_test/public_test/7719524c3e5b4858803761aaec011684.jpeg
7734860324594fe788307ecdd8ea713e,0.1603741161715689,data/public_test/public_test/7734860324594fe788307ecdd8ea713e.jpeg
774a0019349a4e08905a8080a147a8d4,0.6323811524596458,data/public_test/public_test/774a0019349a4e08905a8080a147a8d4.jpeg
77516e25afc64dde8c0043068742a17a,0.1766661030405882,data/public_test/public_test/77516e25afc64dde8c0043068742a17a.jpeg
775cefe7f6bf4ba9b48f7ab78cdbbb13,0.8329742438977159,data/public_test/public_test/775cefe7f6bf4ba9b48f7ab78cdbbb13.jpeg
7769ace1a9c848f193b51d51cf509999,0.8300912756924043,data/public_test/public_test/7769ace1a9c848f193b51d51cf509999.jpeg
776ab143bfef494589ca5b6d46a0fc20,0.783327614636589,data/public_test/public_test/776ab143bfef494589ca5b6d46a0fc20.jpeg
776de58d653844fe9edea00bd88ee39e,0.2463611858043722,data/public_test/public_test/776de58d653844fe9edea00bd88ee39e.jpeg
776fb3b09e894bc38763fcc0cca9090c,0.179735034819049,data/public_test/public_test/776fb3b09e894bc38763fcc0cca9090c.jpeg
7770f4fd08534ae9b06bc3ee75c50335,0.870127391925954,data/public_test/public_test/7770f4fd08534ae9b06bc3ee75c50335.jpeg
777ee150d34d4155a41d0488f81691e8,0.3754656095109676,data/public_test/public_test/777ee150d34d4155a41d0488f81691e8.jpeg
7788bd3d2d314effbd3292d3359b4c54,0.7535564308495549,data/public_test/public_test/7788bd3d2d314effbd3292d3359b4c54.jpeg
77a411853e9540e6a2d8e079f57f3807,0.6972967922399449,data/public_test/public_test/77a411853e9540e6a2d8e079f57f3807.jpeg
77aa63cc9718480ca4180014ffbaa247,0.071311483486299,data/public_test/public_test/77aa63cc9718480ca4180014ffbaa247.jpeg
77afcb8ac2de4e2cb8654929f3ccc5ea,0.1843817649970018,data/public_test/public_test/77afcb8ac2de4e2cb8654929f3ccc5ea.jpeg
77bb394f1ecc497588e1c1412da5a337,0.5317436023438579,data/public_test/public_test/77bb394f1ecc497588e1c1412da5a337.jpeg
77bb56b94cbe4bdaae7f982e0b1cf541,0.398668797474096,data/public_test/public_test/77bb56b94cbe4bdaae7f982e0b1cf541.jpeg
77bc06afde484cf791eb35a37aba81f4,0.1769601522866503,data/public_test/public_test/77bc06afde484cf791eb35a37aba81f4.jpeg
77c2531b0f5c4ce0bbad8a37f61919be,0.5317436023438579,data/public_test/public_test/77c2531b0f5c4ce0bbad8a37f61919be.jpeg
77c8df34f1c7408982b83c9618d03290,0.469983330133318,data/public_test/public_test/77c8df34f1c7408982b83c9618d03290.jpeg
77e13d5d0ce54eb9ad20aa47f720acd5,0.1411829253916013,data/public_test/public_test/77e13d5d0ce54eb9ad20aa47f720acd5.jpeg
77e33fcd3d55484b88a82ae8a336e241,0.888464586499687,data/public_test/public_test/77e33fcd3d55484b88a82ae8a336e241.jpeg
77e5c138e7f445f9876b74e2e994de06,0.5654820754284418,data/public_test/public_test/77e5c138e7f445f9876b74e2e994de06.jpeg
77e7b3dfe27e485285d98236744ad43d,0.8030533693334521,data/public_test/public_test/77e7b3dfe27e485285d98236744ad43d.jpeg
77e7f89f1a584fc18b988119f224c6fe,0.4912454691497102,data/public_test/public_test/77e7f89f1a584fc18b988119f224c6fe.jpeg
77edf4ede9e847649ec1f1ef7875a5c2,0.3377195873817535,data/public_test/public_test/77edf4ede9e847649ec1f1ef7875a5c2.jpeg
77fd3421a99348df9d6795af2d7b4b5e,0.3561459111901769,data/public_test/public_test/77fd3421a99348df9d6795af2d7b4b5e.jpeg
7800d91c8d7547a2b638cf93146d8db4,0.2310014196145804,data/public_test/public_test/7800d91c8d7547a2b638cf93146d8db4.jpeg
780ba6e553be48988bd06a1b0659e806,0.1328173740223597,data/public_test/public_test/780ba6e553be48988bd06a1b0659e806.jpeg
7822f6cd2fe64d3b9795b82db3e42b68,0.4564413312299827,data/public_test/public_test/7822f6cd2fe64d3b9795b82db3e42b68.jpeg
782920c3c6874fcd8c9f7def448e7d23,0.535836337334727,data/public_test/public_test/782920c3c6874fcd8c9f7def448e7d23.jpeg
782e21705ee34188910ea7c1e63396de,0.1689916996157348,data/public_test/public_test/782e21705ee34188910ea7c1e63396de.jpeg
7833ce2dc49349779926e3679a6c3577,0.2897371923114167,data/public_test/public_test/7833ce2dc49349779926e3679a6c3577.jpeg
783afc2072c243d89413321bf98f665b,0.1449363356355739,data/public_test/public_test/783afc2072c243d89413321bf98f665b.jpeg
783fb6d66a7f43ad846e63e3ddc0c278,0.1880576411845758,data/public_test/public_test/783fb6d66a7f43ad846e63e3ddc0c278.jpeg
784218c21221427282a2dca665f2dadf,0.5317436023438579,data/public_test/public_test/784218c21221427282a2dca665f2dadf.jpeg
78605ae56a424179b9f572f98a8b3d53,0.5044687480116549,data/public_test/public_test/78605ae56a424179b9f572f98a8b3d53.jpeg
78611944ca7f4bf396517ad762f80d1c,0.1097075642213405,data/public_test/public_test/78611944ca7f4bf396517ad762f80d1c.jpeg
786d4e8aa7324cd8b1229d7b4f4e6ca8,0.4590432957881558,data/public_test/public_test/786d4e8aa7324cd8b1229d7b4f4e6ca8.jpeg
7881f588d4af41fdb98328b38892444c,0.889061690425646,data/public_test/public_test/7881f588d4af41fdb98328b38892444c.jpeg
788f3c66545a4745ae5650c5fd5adaa2,0.946044891083611,data/public_test/public_test/788f3c66545a4745ae5650c5fd5adaa2.jpeg
7890b183d56541ca9166eb5702e5fa89,0.5922519868987677,data/public_test/public_test/7890b183d56541ca9166eb5702e5fa89.jpeg
78ade94fb2f9434b8ce079a92ab04208,0.9074250621581847,data/public_test/public_test/78ade94fb2f9434b8ce079a92ab04208.jpeg
78b1b5c0ae664b8ba97dd589e9a8618d,0.8708690180559059,data/public_test/public_test/78b1b5c0ae664b8ba97dd589e9a8618d.jpeg
78b28c270c894d45b45130eb6e05edae,0.708175449095684,data/public_test/public_test/78b28c270c894d45b45130eb6e05edae.jpeg
78d368004bdc4d53a5649a8ea804af5d,0.5990926085874261,data/public_test/public_test/78d368004bdc4d53a5649a8ea804af5d.jpeg
78d7c3a84f57435eac6803a13db35de9,0.8317130697295584,data/public_test/public_test/78d7c3a84f57435eac6803a13db35de9.jpeg
78ec6a7be8d34aa98bfadc6bb4a03fb1,0.8883579607986226,data/public_test/public_test/78ec6a7be8d34aa98bfadc6bb4a03fb1.jpeg
78f0bb3c42eb44a8bebf54223a403e22,0.8511669162674561,data/public_test/public_test/78f0bb3c42eb44a8bebf54223a403e22.jpeg
7906c1f6efc44aff9e480c99e1a3fb5f,0.5990926085874261,data/public_test/public_test/7906c1f6efc44aff9e480c99e1a3fb5f.jpeg
79095d2eaeca45f0998c6649a9be01f4,0.2244767508430978,data/public_test/public_test/79095d2eaeca45f0998c6649a9be01f4.jpeg
791102a3a19d4dd2ae3adece65284695,0.879077494192173,data/public_test/public_test/791102a3a19d4dd2ae3adece65284695.jpeg
79140b23427346a495434a52330994d0,0.1964554183623494,data/public_test/public_test/79140b23427346a495434a52330994d0.jpeg
7914436adc67428397aa4e671c47c812,0.7919003210021446,data/public_test/public_test/7914436adc67428397aa4e671c47c812.jpeg
7914623d958a48d087f58a32609362b4,0.20813983777492,data/public_test/public_test/7914623d958a48d087f58a32609362b4.jpeg
791a527d2bfd4d289768496a2471cd4c,0.5994530237874719,data/public_test/public_test/791a527d2bfd4d289768496a2471cd4c.jpeg
791ded35b804431ead70794e93ad0378,0.5044687480116549,data/public_test/public_test/791ded35b804431ead70794e93ad0378.jpeg
7928001983f0434b99c531da3c14fd56,0.548166061575628,data/public_test/public_test/7928001983f0434b99c531da3c14fd56.jpeg
792a2e97d7db4104b593ebf53780bd7c,0.1909516001125451,data/public_test/public_test/792a2e97d7db4104b593ebf53780bd7c.jpeg
792b054cc84e444bad3d6229ad2ae507,0.9105787569003864,data/public_test/public_test/792b054cc84e444bad3d6229ad2ae507.jpeg
793f594763f14eee92c8d3417b88322d,0.6860157930673605,data/public_test/public_test/793f594763f14eee92c8d3417b88322d.jpeg
7954e289967d4caab2653810d3a05442,0.8329742438977159,data/public_test/public_test/7954e289967d4caab2653810d3a05442.jpeg
79560554ac58409f81417debff3c0f91,0.3544396816596034,data/public_test/public_test/79560554ac58409f81417debff3c0f91.jpeg
795a2f298e5849638b4183780a6ad682,0.9475376508985086,data/public_test/public_test/795a2f298e5849638b4183780a6ad682.jpeg
7989f3e5d2874264a7db5fb3b226f6de,0.1157201403622648,data/public_test/public_test/7989f3e5d2874264a7db5fb3b226f6de.jpeg
798d1197ca974b7ab4dda4d201136682,0.6323811524596458,data/public_test/public_test/798d1197ca974b7ab4dda4d201136682.jpeg
7999a2dd43314627b7956708f4e56112,0.8669475200249463,data/public_test/public_test/7999a2dd43314627b7956708f4e56112.jpeg
79abcd1ae0cd43f9942df5678e561c00,0.6461998433175563,data/public_test/public_test/79abcd1ae0cd43f9942df5678e561c00.jpeg
79b5465fe6574e3db3936f281340bd99,0.0163778404304816,data/public_test/public_test/79b5465fe6574e3db3936f281340bd99.jpeg
79b82f0779a445efb8149033e2fd4a3f,0.9885696248459258,data/public_test/public_test/79b82f0779a445efb8149033e2fd4a3f.jpeg
79bc420ef32e4a4f97c7eb12a1f37e03,0.6300332748526629,data/public_test/public_test/79bc420ef32e4a4f97c7eb12a1f37e03.jpeg
79c5f89a9a034b4da6708f74a4030cd1,0.3269715911841999,data/public_test/public_test/79c5f89a9a034b4da6708f74a4030cd1.jpeg
79cec75ae4904f3dad6488eb4d758db5,0.6860157930673605,data/public_test/public_test/79cec75ae4904f3dad6488eb4d758db5.jpeg
79e99d7a3b9844c0bc2bc361ae0deb6a,0.131159700153672,data/public_test/public_test/79e99d7a3b9844c0bc2bc361ae0deb6a.jpeg
79fe89bc7c5546558ebee6b4f813ba93,0.5825848378791274,data/public_test/public_test/79fe89bc7c5546558ebee6b4f813ba93.jpeg
79feed249ce94713b234b518a23d1e17,0.9640433094232352,data/public_test/public_test/79feed249ce94713b234b518a23d1e17.jpeg
79ffce08c094449f93a7a40cf27ff91a,0.1414350065870737,data/public_test/public_test/79ffce08c094449f93a7a40cf27ff91a.jpeg
7a0202e0f0194bc1b3883c83e926e86e,0.3612206396201867,data/public_test/public_test/7a0202e0f0194bc1b3883c83e926e86e.jpeg
7a0375fe776d435898e44d71947b0cd0,0.2635912605292083,data/public_test/public_test/7a0375fe776d435898e44d71947b0cd0.jpeg
7a07468987064d279d7abd22eaaabca4,0.5990926085874261,data/public_test/public_test/7a07468987064d279d7abd22eaaabca4.jpeg
7a1258ef5bdf46efa2f1776de53f226f,0.8708690180559059,data/public_test/public_test/7a1258ef5bdf46efa2f1776de53f226f.jpeg
7a12b0979bb94e75b35a9eea92cc27c5,0.5661623786473574,data/public_test/public_test/7a12b0979bb94e75b35a9eea92cc27c5.jpeg
7a2b263e6eb843c09fa87735eabb5737,0.1650247323306674,data/public_test/public_test/7a2b263e6eb843c09fa87735eabb5737.jpeg
7a2e9900d78b41efa2da491d4885ec6a,0.7097096120748673,data/public_test/public_test/7a2e9900d78b41efa2da491d4885ec6a.jpeg
7a341970888c41fe8fbe3b83e7537c6b,0.3822059638806332,data/public_test/public_test/7a341970888c41fe8fbe3b83e7537c6b.jpeg
7a34c400a10d44eaab873069d656f796,0.6461998433175563,data/public_test/public_test/7a34c400a10d44eaab873069d656f796.jpeg
7a3cace70ea444c8b0c0d4584f29c3cf,0.6428766226478738,data/public_test/public_test/7a3cace70ea444c8b0c0d4584f29c3cf.jpeg
7a4529feb12743059c7b41ca84842147,0.5825848378791274,data/public_test/public_test/7a4529feb12743059c7b41ca84842147.jpeg
7a49abe7a8c846a689859e9835e8d765,0.5488463647945435,data/public_test/public_test/7a49abe7a8c846a689859e9835e8d765.jpeg
7a4a1c4fe9b64769bf80f9619c66bf09,0.6125972540427821,data/public_test/public_test/7a4a1c4fe9b64769bf80f9619c66bf09.jpeg
7a68852403ed4311898468007b760bac,0.756605925899989,data/public_test/public_test/7a68852403ed4311898468007b760bac.jpeg
7a6dca336c9c4e328c1d0e7b3c4abda9,0.5659278021050164,data/public_test/public_test/7a6dca336c9c4e328c1d0e7b3c4abda9.jpeg
7a782aea5a7b43dea447afd2746d4dd9,0.208823595805725,data/public_test/public_test/7a782aea5a7b43dea447afd2746d4dd9.jpeg
7a7e5965915f4ce896631b5ee5b950a1,0.4140677427589081,data/public_test/public_test/7a7e5965915f4ce896631b5ee5b950a1.jpeg
7a8eea6d0156473380eb4971e92f9f81,0.0306233288159378,data/public_test/public_test/7a8eea6d0156473380eb4971e92f9f81.jpeg
7a9b55ff4614401d8657925c76c8aec8,0.9315673067434972,data/public_test/public_test/7a9b55ff4614401d8657925c76c8aec8.jpeg
7a9f4a9e95b642d8adcb545e3a885bb6,0.460429839239891,data/public_test/public_test/7a9f4a9e95b642d8adcb545e3a885bb6.jpeg
7aa0bf4022db45a692f0d426141f9f71,0.3814375383982647,data/public_test/public_test/7aa0bf4022db45a692f0d426141f9f71.jpeg
7aa47514b3314dc0b7a1ae70560c1e56,0.4912454691497102,data/public_test/public_test/7aa47514b3314dc0b7a1ae70560c1e56.jpeg
7ab1013d5b9444aab24e0ef462374cfa,0.8605435759163181,data/public_test/public_test/7ab1013d5b9444aab24e0ef462374cfa.jpeg
7ae9e8c285344bfe81bad6c7cc9a7bda,0.3878349494739837,data/public_test/public_test/7ae9e8c285344bfe81bad6c7cc9a7bda.jpeg
7afb2f58bea4472e87294fc7abe97935,0.1757735581197016,data/public_test/public_test/7afb2f58bea4472e87294fc7abe97935.jpeg
7b0015411aba4e13a77b9d728014d017,0.4459921953632945,data/public_test/public_test/7b0015411aba4e13a77b9d728014d017.jpeg
7b0068ae714d4eea848bab0ae341da8d,0.1049238668525984,data/public_test/public_test/7b0068ae714d4eea848bab0ae341da8d.jpeg
7b12cb52383f4f8986fa21575e2dde06,0.1909078036859951,data/public_test/public_test/7b12cb52383f4f8986fa21575e2dde06.jpeg
7b1486edda1f488fb8c7a1f1f2a90e82,0.5441198983222816,data/public_test/public_test/7b1486edda1f488fb8c7a1f1f2a90e82.jpeg
7b1a0c85cfc14d8d89f322c9950aa08f,0.1875390482681404,data/public_test/public_test/7b1a0c85cfc14d8d89f322c9950aa08f.jpeg
7b1cecf6257841d69f229fa9100b92cb,0.7062746762695443,data/public_test/public_test/7b1cecf6257841d69f229fa9100b92cb.jpeg
7b2a214df4aa4ab586d802f651bbbd27,0.1168662946734564,data/public_test/public_test/7b2a214df4aa4ab586d802f651bbbd27.jpeg
7b2ddfb0f1834edabb09f2c54f531464,0.1721010002980497,data/public_test/public_test/7b2ddfb0f1834edabb09f2c54f531464.jpeg
7b3fab1336464b37b850f3d7ad706c27,0.9270844154251128,data/public_test/public_test/7b3fab1336464b37b850f3d7ad706c27.jpeg
7b409d3bd41844e5b62ae6a936c9b0e8,0.419910345429579,data/public_test/public_test/7b409d3bd41844e5b62ae6a936c9b0e8.jpeg
7b72d350681144e7bee0ebdefd3ac2d1,0.6159607944957706,data/public_test/public_test/7b72d350681144e7bee0ebdefd3ac2d1.jpeg
7b7473c3792b4429ae675cb2e8a1a9a0,0.4485299416270076,data/public_test/public_test/7b7473c3792b4429ae675cb2e8a1a9a0.jpeg
7b7875f634094890b29e9cbfa95b7723,0.4846773259641601,data/public_test/public_test/7b7875f634094890b29e9cbfa95b7723.jpeg
7b8f3996491a434aa74c00c7c0c342c1,0.2022528874359917,data/public_test/public_test/7b8f3996491a434aa74c00c7c0c342c1.jpeg
7b948e331e8d42508a56343b84fb3b26,0.9105787569003864,data/public_test/public_test/7b948e331e8d42508a56343b84fb3b26.jpeg
7b94a953102e42d89da2759b93dba658,0.3131520925661635,data/public_test/public_test/7b94a953102e42d89da2759b93dba658.jpeg
7ba52cc920184ad1b7acd766a93e8417,0.4912454691497102,data/public_test/public_test/7ba52cc920184ad1b7acd766a93e8417.jpeg
7bad395ff9674372b4ce133d4d755f20,0.15287047214574,data/public_test/public_test/7bad395ff9674372b4ce133d4d755f20.jpeg
7bb1834b75bc4135b544c1913a13b655,0.1272731268324756,data/public_test/public_test/7bb1834b75bc4135b544c1913a13b655.jpeg
7bc02ed8ad82425d843427572194940e,0.0723359907598981,data/public_test/public_test/7bc02ed8ad82425d843427572194940e.jpeg
7bd0fdec00004037816a0c3f964ef50c,0.0909349787530482,data/public_test/public_test/7bd0fdec00004037816a0c3f964ef50c.jpeg
7bd95e76e9744295b4359ecea0c9ceef,0.4720545348881609,data/public_test/public_test/7bd95e76e9744295b4359ecea0c9ceef.jpeg
7bde9f5400064586b9278e16307508e1,0.245887016965936,data/public_test/public_test/7bde9f5400064586b9278e16307508e1.jpeg
7c02b7155bd94f2a9651b22e7adc0f93,0.5179462366261602,data/public_test/public_test/7c02b7155bd94f2a9651b22e7adc0f93.jpeg
7c0d03efa393424cb86f6a3b7b46f5e7,0.8859079956834446,data/public_test/public_test/7c0d03efa393424cb86f6a3b7b46f5e7.jpeg
7c1c3dfa399142709cf4f1bd701b6792,0.7461566071957048,data/public_test/public_test/7c1c3dfa399142709cf4f1bd701b6792.jpeg
7c2ce5c063884c3cbce5d6479fef444b,0.7088123679548705,data/public_test/public_test/7c2ce5c063884c3cbce5d6479fef444b.jpeg
7c2f923cb2a34319834e3d8280b34182,0.1964523237678135,data/public_test/public_test/7c2f923cb2a34319834e3d8280b34182.jpeg
7c3a09bbe113401bafcbe108f4240483,0.8923860845306462,data/public_test/public_test/7c3a09bbe113401bafcbe108f4240483.jpeg
7c46297b9fff4f2d84f9c0104c29803c,0.1018513329006037,data/public_test/public_test/7c46297b9fff4f2d84f9c0104c29803c.jpeg
7c5167da9d99484987f3c0b89a103e9e,0.8569633237914736,data/public_test/public_test/7c5167da9d99484987f3c0b89a103e9e.jpeg
7c626914f1cd478f9f9b99154d7b829d,0.3982857090476814,data/public_test/public_test/7c626914f1cd478f9f9b99154d7b829d.jpeg
7c62abb95bed4cb79db5716e0c18778d,0.4841655225990522,data/public_test/public_test/7c62abb95bed4cb79db5716e0c18778d.jpeg
7c6432b34660415cb171a659cc8aa669,0.6159607944957706,data/public_test/public_test/7c6432b34660415cb171a659cc8aa669.jpeg
7c66fc08c5b347b88c259ab649434203,0.8669475200249463,data/public_test/public_test/7c66fc08c5b347b88c259ab649434203.jpeg
7c6dd758536f4149a3d9cd0e3c763b11,0.8922415623266536,data/public_test/public_test/7c6dd758536f4149a3d9cd0e3c763b11.jpeg
7c73e4f60a46408f8e2ec9dd11872f52,0.2013128238425699,data/public_test/public_test/7c73e4f60a46408f8e2ec9dd11872f52.jpeg
7c7795c18c3a4528b74a0f666c3a3c73,0.3169050880143958,data/public_test/public_test/7c7795c18c3a4528b74a0f666c3a3c73.jpeg
7c82fafd813647359af9b5323922cf74,0.2975405289885109,data/public_test/public_test/7c82fafd813647359af9b5323922cf74.jpeg
7c88a889a4b945c8abf85f2baedfbcfb,0.6473319887212962,data/public_test/public_test/7c88a889a4b945c8abf85f2baedfbcfb.jpeg
7c8dde88e81a4f8f9623c05e686d6141,0.4229170264644266,data/public_test/public_test/7c8dde88e81a4f8f9623c05e686d6141.jpeg
7c90cb939fde41f59dde826a0b2f6afc,0.5825848378791274,data/public_test/public_test/7c90cb939fde41f59dde826a0b2f6afc.jpeg
7c9e4999ab594e8fa76c9810f1d3c260,0.8321425634294157,data/public_test/public_test/7c9e4999ab594e8fa76c9810f1d3c260.jpeg
7ca13d7a29f440dba6f042958c1f9eeb,0.0783517106159066,data/public_test/public_test/7ca13d7a29f440dba6f042958c1f9eeb.jpeg
7ca6840d9c664b2c9ca71a277079041d,0.9295392325588844,data/public_test/public_test/7ca6840d9c664b2c9ca71a277079041d.jpeg
7ca89b0cc41841e9be25b55c61314d27,0.2886268277774202,data/public_test/public_test/7ca89b0cc41841e9be25b55c61314d27.jpeg
7cc0fef824c2410aa8940c00d0827110,0.2034926545963561,data/public_test/public_test/7cc0fef824c2410aa8940c00d0827110.jpeg
7ceccb3b3d5748ac89ec2dc7217f5dd0,0.627627559164646,data/public_test/public_test/7ceccb3b3d5748ac89ec2dc7217f5dd0.jpeg
7cf55df5106f46c89430c32e3a85f090,0.888464586499687,data/public_test/public_test/7cf55df5106f46c89430c32e3a85f090.jpeg
7cf5ab9a721048db854ac2b62120383d,0.4205701967624717,data/public_test/public_test/7cf5ab9a721048db854ac2b62120383d.jpeg
7cf6d93101784678a45523bf4302cc1a,0.0892518918229705,data/public_test/public_test/7cf6d93101784678a45523bf4302cc1a.jpeg
7cfe202009834d869ccbaa773882d48a,0.9105787569003864,data/public_test/public_test/7cfe202009834d869ccbaa773882d48a.jpeg
7cfe387df23d4f04938007ab76bdd515,0.5179462366261602,data/public_test/public_test/7cfe387df23d4f04938007ab76bdd515.jpeg
7d1340799f404bad951e7670176eda70,0.889061690425646,data/public_test/public_test/7d1340799f404bad951e7670176eda70.jpeg
7d189e5c95654f59a4f6fb50f2c80bc4,0.7584025563416675,data/public_test/public_test/7d189e5c95654f59a4f6fb50f2c80bc4.jpeg
7d1eb8cc1b3e43d1921722445621f193,0.5182661137293526,data/public_test/public_test/7d1eb8cc1b3e43d1921722445621f193.jpeg
7d278ff882534873b07fbf8a661b28d4,0.9295392325588844,data/public_test/public_test/7d278ff882534873b07fbf8a661b28d4.jpeg
7d3462a9ccf046568463fdbf8d0c8fa9,0.4365445633445961,data/public_test/public_test/7d3462a9ccf046568463fdbf8d0c8fa9.jpeg
7d43684521cb4f3aa30a10029d91e8cb,0.3826321010096976,data/public_test/public_test/7d43684521cb4f3aa30a10029d91e8cb.jpeg
7d4de7e15ea7498ab7fa4aa9094229ae,0.6807393852177003,data/public_test/public_test/7d4de7e15ea7498ab7fa4aa9094229ae.jpeg
7d712c7d460e4436aad46a565ec86905,0.6611506795792067,data/public_test/public_test/7d712c7d460e4436aad46a565ec86905.jpeg
7d7740b16bc841cb8ab4bdb14747c7dd,0.1373378398311901,data/public_test/public_test/7d7740b16bc841cb8ab4bdb14747c7dd.jpeg
7d79a50f36e6445b879aeb4c28c1efea,0.6611506795792067,data/public_test/public_test/7d79a50f36e6445b879aeb4c28c1efea.jpeg
7d7de19ce1f04e8bafdfeb4e1ff47e75,0.2786056437711602,data/public_test/public_test/7d7de19ce1f04e8bafdfeb4e1ff47e75.jpeg
7d871f5c887b455fbb2fb3bab8c87e74,0.0838108755584868,data/public_test/public_test/7d871f5c887b455fbb2fb3bab8c87e74.jpeg
7d964ad07b6841578ef78632980ea5c9,0.9295392325588844,data/public_test/public_test/7d964ad07b6841578ef78632980ea5c9.jpeg
7d9f4b7a95a9494083b3ee86a3520672,0.7097096120748673,data/public_test/public_test/7d9f4b7a95a9494083b3ee86a3520672.jpeg
7da5f22d089c4ed4b4b828283d5f4b32,0.5825848378791274,data/public_test/public_test/7da5f22d089c4ed4b4b828283d5f4b32.jpeg
7da9849fdf1442afbb7f2c295a4e342f,0.3805422208953247,data/public_test/public_test/7da9849fdf1442afbb7f2c295a4e342f.jpeg
7dab0e5897d24af6a057d09463ad45a4,0.3751261210289103,data/public_test/public_test/7dab0e5897d24af6a057d09463ad45a4.jpeg
7dbf97fcf9c74f64b9d69e373b008706,0.2608199419654728,data/public_test/public_test/7dbf97fcf9c74f64b9d69e373b008706.jpeg
7dc61aa771614aa6a5904830c3b1d627,0.6473319887212962,data/public_test/public_test/7dc61aa771614aa6a5904830c3b1d627.jpeg
7dddc8154d884f7aa30a97d918fdac71,0.5044687480116549,data/public_test/public_test/7dddc8154d884f7aa30a97d918fdac71.jpeg
7dde40229c9e47adab6caedcc10fd05f,0.1390021013111739,data/public_test/public_test/7dde40229c9e47adab6caedcc10fd05f.jpeg
7ddf374dc6594d038a8b4833cff38a65,0.1348695814051902,data/public_test/public_test/7ddf374dc6594d038a8b4833cff38a65.jpeg
7de2133c4d6344c09459a725fd8e5017,0.8575604277174326,data/public_test/public_test/7de2133c4d6344c09459a725fd8e5017.jpeg
7dec1a1edcd644289c68d99bff372e64,0.888464586499687,data/public_test/public_test/7dec1a1edcd644289c68d99bff372e64.jpeg
7df0137c2b6e4b618e03bbfe82fde315,0.5661623786473574,data/public_test/public_test/7df0137c2b6e4b618e03bbfe82fde315.jpeg
7df0d08d36814335acd20d5d260e00af,0.9640433094232352,data/public_test/public_test/7df0d08d36814335acd20d5d260e00af.jpeg
7df1c61c41c34e759c3bc62237de64ce,0.2291698208004292,data/public_test/public_test/7df1c61c41c34e759c3bc62237de64ce.jpeg
7dff89853bc3451ebd00fa0296716867,0.8487548476552064,data/public_test/public_test/7dff89853bc3451ebd00fa0296716867.jpeg
7e0d9b16546f4f529e6f39d6b851fa49,0.4414919276509879,data/public_test/public_test/7e0d9b16546f4f529e6f39d6b851fa49.jpeg
7e0ddc65ab784e24a7c5e134cb97857c,0.9949242983158,data/public_test/public_test/7e0ddc65ab784e24a7c5e134cb97857c.jpeg
7e1f5c0292de4ab9b6f406541b64bd5e,0.1904386997218611,data/public_test/public_test/7e1f5c0292de4ab9b6f406541b64bd5e.jpeg
7e2d621f9b6148daa097f054bf8bf1ef,0.8979155860048555,data/public_test/public_test/7e2d621f9b6148daa097f054bf8bf1ef.jpeg
7e313c034eb2465d8c1520d5ea653900,0.9074250621581847,data/public_test/public_test/7e313c034eb2465d8c1520d5ea653900.jpeg
7e31b2d5029e46bd9da35c2d80f96ca0,0.1907423001856268,data/public_test/public_test/7e31b2d5029e46bd9da35c2d80f96ca0.jpeg
7e39bdc49492431fbe9bc542cb141183,0.1021070053539327,data/public_test/public_test/7e39bdc49492431fbe9bc542cb141183.jpeg
7e3b2da54cb049a2a06381f5438cbeea,0.8511669162674561,data/public_test/public_test/7e3b2da54cb049a2a06381f5438cbeea.jpeg
7e41265f205f4ac3bdc5a1a1634e5b5b,0.5659278021050164,data/public_test/public_test/7e41265f205f4ac3bdc5a1a1634e5b5b.jpeg
7e4588b76fa74ec3afcaf936f17cd48a,0.9415468228802952,data/public_test/public_test/7e4588b76fa74ec3afcaf936f17cd48a.jpeg
7e45df1428c548f8b3e726cdf4358ed7,0.1792631746463777,data/public_test/public_test/7e45df1428c548f8b3e726cdf4358ed7.jpeg
7e4de02a75d84a1b8fdcaa5bf869e6e4,0.3630548145341985,data/public_test/public_test/7e4de02a75d84a1b8fdcaa5bf869e6e4.jpeg
7e4f66ce13a144e28c460fe45cdf1ffa,0.5488463647945435,data/public_test/public_test/7e4f66ce13a144e28c460fe45cdf1ffa.jpeg
7e503664e269421c970d5df02afe1a52,0.888464586499687,data/public_test/public_test/7e503664e269421c970d5df02afe1a52.jpeg
7e561643c8fe4f93a73d5bab2bbd8bcc,0.4775973794135022,data/public_test/public_test/7e561643c8fe4f93a73d5bab2bbd8bcc.jpeg
7e651b87473e4e689a6c9020bbf95e6c,0.9760508997446462,data/public_test/public_test/7e651b87473e4e689a6c9020bbf95e6c.jpeg
7e659dbb6f654c31aecafdc8569b6a36,0.1608822300377237,data/public_test/public_test/7e659dbb6f654c31aecafdc8569b6a36.jpeg
7e6a64a1beb84ae0b4ab090198e886b4,0.7097096120748673,data/public_test/public_test/7e6a64a1beb84ae0b4ab090198e886b4.jpeg
7e6cb473e8d84a9c912c7f7604b786fb,0.8970759125317972,data/public_test/public_test/7e6cb473e8d84a9c912c7f7604b786fb.jpeg
7e85f298b77a4b229eadf41b3ced0e98,0.0632936946825653,data/public_test/public_test/7e85f298b77a4b229eadf41b3ced0e98.jpeg
7e931577fb8c4709be84998007219976,0.4089496927343141,data/public_test/public_test/7e931577fb8c4709be84998007219976.jpeg
7ea721e65d82490dbe06bfc5b119bd17,0.3152418144032145,data/public_test/public_test/7ea721e65d82490dbe06bfc5b119bd17.jpeg
7eb17ea22224478ca7ddef36fa5f3b5c,0.1080765109608524,data/public_test/public_test/7eb17ea22224478ca7ddef36fa5f3b5c.jpeg
7ec10444236b4601b3d35339b53ecc10,0.1222414798521478,data/public_test/public_test/7ec10444236b4601b3d35339b53ecc10.jpeg
7ed6ac2ba4b34a88bcf4f511cef0a83c,0.6304638028129516,data/public_test/public_test/7ed6ac2ba4b34a88bcf4f511cef0a83c.jpeg
7ee65594ffed46b0ad25542ec73fc8f9,0.9239307206829114,data/public_test/public_test/7ee65594ffed46b0ad25542ec73fc8f9.jpeg
7ef3a158179d43efa7cc5e9f82239276,0.8908127779323943,data/public_test/public_test/7ef3a158179d43efa7cc5e9f82239276.jpeg
7ef78af92e8045da8fccd9da4fc305f3,0.5488463647945435,data/public_test/public_test/7ef78af92e8045da8fccd9da4fc305f3.jpeg
7f013212319340ad83e2fd02bd7f7a91,0.5317436023438579,data/public_test/public_test/7f013212319340ad83e2fd02bd7f7a91.jpeg
7f1c5067d219486b86b8f6ef3344889d,0.6749693704371172,data/public_test/public_test/7f1c5067d219486b86b8f6ef3344889d.jpeg
7f1f9afac3e246c4abe8766f31ab810c,0.5825848378791274,data/public_test/public_test/7f1f9afac3e246c4abe8766f31ab810c.jpeg
7f21564964b74e60b5d298a8dd5920c5,0.1980732909424065,data/public_test/public_test/7f21564964b74e60b5d298a8dd5920c5.jpeg
7f232cb167594618a244a87341e6844a,0.3831874551986146,data/public_test/public_test/7f232cb167594618a244a87341e6844a.jpeg
7f27d5f44b314c3b942e8467cb120dca,0.1202418068956065,data/public_test/public_test/7f27d5f44b314c3b942e8467cb120dca.jpeg
7f282279482d4607a50c26ba87e4b18d,0.2045636217217849,data/public_test/public_test/7f282279482d4607a50c26ba87e4b18d.jpeg
7f33c6a930fb4b7a94b7ea95d1c174a7,0.0766435872153084,data/public_test/public_test/7f33c6a930fb4b7a94b7ea95d1c174a7.jpeg
7f37841b2c3f4cb79ab706fcd916fce3,0.3923566269230028,data/public_test/public_test/7f37841b2c3f4cb79ab706fcd916fce3.jpeg
7f389cbfeb6747ef999f98dbc45e53c5,0.9295392325588844,data/public_test/public_test/7f389cbfeb6747ef999f98dbc45e53c5.jpeg
7f3d9bdc2f5a44718738bce16423eaff,0.1201549126458584,data/public_test/public_test/7f3d9bdc2f5a44718738bce16423eaff.jpeg
7f4ab694854e45e88663162bccef89f7,0.3857025937300231,data/public_test/public_test/7f4ab694854e45e88663162bccef89f7.jpeg
7f689496c4be4eed9052f2a956eeee72,0.8669475200249463,data/public_test/public_test/7f689496c4be4eed9052f2a956eeee72.jpeg
7f6fd8b04f3b423eb86323907e2ede4c,0.5488463647945435,data/public_test/public_test/7f6fd8b04f3b423eb86323907e2ede4c.jpeg
7f7338b1758841d29f410e41e48ab1c1,0.6132696133774876,data/public_test/public_test/7f7338b1758841d29f410e41e48ab1c1.jpeg
7f75a68e9de244788f0a5fc0eb489f20,0.9949242983158,data/public_test/public_test/7f75a68e9de244788f0a5fc0eb489f20.jpeg
7f7c43e2e9e24105a613f7f8eae171a3,0.1637818105395414,data/public_test/public_test/7f7c43e2e9e24105a613f7f8eae171a3.jpeg
7f81a9deff0b44619c4e2c2d48aa0684,0.9295392325588844,data/public_test/public_test/7f81a9deff0b44619c4e2c2d48aa0684.jpeg
7f852556dfd5480884b7ece4a80d7771,0.2029334799203578,data/public_test/public_test/7f852556dfd5480884b7ece4a80d7771.jpeg
7f870f44392d41e9a618ec874717b3e3,0.0976732209391416,data/public_test/public_test/7f870f44392d41e9a618ec874717b3e3.jpeg
7f911b5afc044aa7879456a4e6ff3710,0.8292796732481768,data/public_test/public_test/7f911b5afc044aa7879456a4e6ff3710.jpeg
7f925bedcca14f21ad8d518f2b355de9,0.7450892668040839,data/public_test/public_test/7f925bedcca14f21ad8d518f2b355de9.jpeg
7f9ff4b9213748ddafe9d50952154fc3,0.1711171075310458,data/public_test/public_test/7f9ff4b9213748ddafe9d50952154fc3.jpeg
7fa16c90c50c4bedac683ed8e5ebc07a,0.2679422604467832,data/public_test/public_test/7fa16c90c50c4bedac683ed8e5ebc07a.jpeg
7fb23435532e41cfa5e93e6a1bd1cb05,0.5047229577642156,data/public_test/public_test/7fb23435532e41cfa5e93e6a1bd1cb05.jpeg
7fb4598d4b9e4289b16f8e889f3c7495,0.6297794853536811,data/public_test/public_test/7fb4598d4b9e4289b16f8e889f3c7495.jpeg
7fb98bd4e6254873aa003d49db468736,0.5825848378791274,data/public_test/public_test/7fb98bd4e6254873aa003d49db468736.jpeg
7fbd853b389f4196a5e9077fb4a4499c,0.5825848378791274,data/public_test/public_test/7fbd853b389f4196a5e9077fb4a4499c.jpeg
7fbddc83f6034d9dbd6759aa5c12ce2c,0.8732810866681554,data/public_test/public_test/7fbddc83f6034d9dbd6759aa5c12ce2c.jpeg
7fc43ed3f1224731aa1a29157badb92e,0.6986631894446239,data/public_test/public_test/7fc43ed3f1224731aa1a29157badb92e.jpeg
7fc954743b1a4b04bdce313f6acdb50e,0.6323811524596458,data/public_test/public_test/7fc954743b1a4b04bdce313f6acdb50e.jpeg
7fcf13c31eed497f849fb8ee8727cb3a,0.2067817201115305,data/public_test/public_test/7fcf13c31eed497f849fb8ee8727cb3a.jpeg
7fe24cad7e064a92ba188b1ee5035583,0.2185942213535065,data/public_test/public_test/7fe24cad7e064a92ba188b1ee5035583.jpeg
7fe3e8b8ab2b4f0391fa9c303853fc3f,0.2455940592876114,data/public_test/public_test/7fe3e8b8ab2b4f0391fa9c303853fc3f.jpeg
7fe6c05f00fe4fa1a5c5cc9f9181306b,0.4531998307789724,data/public_test/public_test/7fe6c05f00fe4fa1a5c5cc9f9181306b.jpeg
7fe92f2dccef4145abb90fe2561dd31d,0.1084202510992474,data/public_test/public_test/7fe92f2dccef4145abb90fe2561dd31d.jpeg
7ff1289415534d0d929c5d09245266cf,0.6924285338474938,data/public_test/public_test/7ff1289415534d0d929c5d09245266cf.jpeg
7ff33b2ba2f7473486c26dcdffa749ac,0.3304256089580349,data/public_test/public_test/7ff33b2ba2f7473486c26dcdffa749ac.jpeg
7ff4c68dfdeb4095aefbed63ac34217c,0.8163619596719253,data/public_test/public_test/7ff4c68dfdeb4095aefbed63ac34217c.jpeg
7ff5465ace6b4f26a78f238f1e96412a,0.297542886774824,data/public_test/public_test/7ff5465ace6b4f26a78f238f1e96412a.jpeg
7ff659e2bcff4f1398b5cdf30a594d40,0.8755588460570568,data/public_test/public_test/7ff659e2bcff4f1398b5cdf30a594d40.jpeg
800ba5eeb18243b4a94232804dab2202,0.7186874961044666,data/public_test/public_test/800ba5eeb18243b4a94232804dab2202.jpeg
800fcf73c91548899685a8d4fd3fde03,0.5490596161966718,data/public_test/public_test/800fcf73c91548899685a8d4fd3fde03.jpeg
80193584f8124836baf0db3279552e44,0.1661769994211894,data/public_test/public_test/80193584f8124836baf0db3279552e44.jpeg
80270dd95d3f403cb469066355363223,0.456547815027241,data/public_test/public_test/80270dd95d3f403cb469066355363223.jpeg
80321d6c3668496a9485c464f0810170,0.2902061598295835,data/public_test/public_test/80321d6c3668496a9485c464f0810170.jpeg
8032fa1b78ec4f0a8840beef358ae864,0.9450828337647372,data/public_test/public_test/8032fa1b78ec4f0a8840beef358ae864.jpeg
8033b941b8a847e98c74033ff7655b7e,0.6323811524596458,data/public_test/public_test/8033b941b8a847e98c74033ff7655b7e.jpeg
8034fb3e18614560bdf2809f2c9c51bf,0.8859079956834446,data/public_test/public_test/8034fb3e18614560bdf2809f2c9c51bf.jpeg
803a99bde6bb4c088de6c9f0b115e90b,0.8708690180559059,data/public_test/public_test/803a99bde6bb4c088de6c9f0b115e90b.jpeg
803eb76c6a33430dad1253e206d645a1,0.6903583033168567,data/public_test/public_test/803eb76c6a33430dad1253e206d645a1.jpeg
80401b1c77754887a9e4f3ef88b852eb,0.1460449809503838,data/public_test/public_test/80401b1c77754887a9e4f3ef88b852eb.jpeg
804b66d5e79548b7bca5e9139e9b91e2,0.1580275866507418,data/public_test/public_test/804b66d5e79548b7bca5e9139e9b91e2.jpeg
804e4f6dca6d448699759556528c2e11,0.2000361753372728,data/public_test/public_test/804e4f6dca6d448699759556528c2e11.jpeg
8061aab42a5643d2bcdf361c5aa7cf05,0.1842170092205338,data/public_test/public_test/8061aab42a5643d2bcdf361c5aa7cf05.jpeg
8061edeb502c4bd5a14a86e332748712,0.2719939770509944,data/public_test/public_test/8061edeb502c4bd5a14a86e332748712.jpeg
80634f28f56841819c6d1548cdc5e4be,0.0860275330788188,data/public_test/public_test/80634f28f56841819c6d1548cdc5e4be.jpeg
80681162efe3436b95c16ed1314dd6ea,0.153252190654644,data/public_test/public_test/80681162efe3436b95c16ed1314dd6ea.jpeg
807a9fecea1c4b6c97b19a94165ca8f6,0.6442824936708621,data/public_test/public_test/807a9fecea1c4b6c97b19a94165ca8f6.jpeg
807aacd9c2944a67b0050cbf46fad067,0.3735045534920617,data/public_test/public_test/807aacd9c2944a67b0050cbf46fad067.jpeg
80825a47936743e5ad7cc549f0581c2d,0.200038200195426,data/public_test/public_test/80825a47936743e5ad7cc549f0581c2d.jpeg
809479844a004a579b832fb8d802afcc,0.535836337334727,data/public_test/public_test/809479844a004a579b832fb8d802afcc.jpeg
809e3cc96c634d139fcd7aa07037521b,0.7457087792512355,data/public_test/public_test/809e3cc96c634d139fcd7aa07037521b.jpeg
80a716136edc4fa89da3c379476153cc,0.7287115591206345,data/public_test/public_test/80a716136edc4fa89da3c379476153cc.jpeg
80b3782101474c18b2d7c217787ddd72,0.3325153744577955,data/public_test/public_test/80b3782101474c18b2d7c217787ddd72.jpeg
80b5390bd6cb4e7e81ccaf1e41d56b92,0.7538965497119806,data/public_test/public_test/80b5390bd6cb4e7e81ccaf1e41d56b92.jpeg
80b5d374494f452ca51a6240067f9bd2,0.9475376508985086,data/public_test/public_test/80b5d374494f452ca51a6240067f9bd2.jpeg
80bb16747e23423499c2d46b24976a91,0.3684713346541917,data/public_test/public_test/80bb16747e23423499c2d46b24976a91.jpeg
80bf66f877a347219752144830f81a32,0.0661955729344706,data/public_test/public_test/80bf66f877a347219752144830f81a32.jpeg
80ca5fbc014c409385824f9e3620c51c,0.7189647229272332,data/public_test/public_test/80ca5fbc014c409385824f9e3620c51c.jpeg
80cdfab79e8647ea8fb9adf141c20dfb,0.4973888014609969,data/public_test/public_test/80cdfab79e8647ea8fb9adf141c20dfb.jpeg
80e6f98ed93645d883b847b176731852,0.505042834867408,data/public_test/public_test/80e6f98ed93645d883b847b176731852.jpeg
8104ac1970fa4fdd96d6090959b86fae,0.0847487560164335,data/public_test/public_test/8104ac1970fa4fdd96d6090959b86fae.jpeg
810f3611ab794b13a2c4a0420a924ff1,0.3099953223318616,data/public_test/public_test/810f3611ab794b13a2c4a0420a924ff1.jpeg
81126fbab02146a08695f4585cdccf0f,0.1556003684427547,data/public_test/public_test/81126fbab02146a08695f4585cdccf0f.jpeg
8115941e1cb64e75a59b7b0c9852c603,0.888464586499687,data/public_test/public_test/8115941e1cb64e75a59b7b0c9852c603.jpeg
811a5574fa214a899b3c860bfe7146a2,0.4090342401134264,data/public_test/public_test/811a5574fa214a899b3c860bfe7146a2.jpeg
811ceaefd5804e45bc93207c834c8293,0.4005032944005904,data/public_test/public_test/811ceaefd5804e45bc93207c834c8293.jpeg
811d3bb40821496ebd9147956a2aa913,0.870127391925954,data/public_test/public_test/811d3bb40821496ebd9147956a2aa913.jpeg
8126d41937c54281bbe0d9c0c7e6a406,0.3606236775980335,data/public_test/public_test/8126d41937c54281bbe0d9c0c7e6a406.jpeg
8128cc2d79e344828d5131ec691fc905,0.6323811524596458,data/public_test/public_test/8128cc2d79e344828d5131ec691fc905.jpeg
8129a148cc104048baf3904ccfc17379,0.8708690180559059,data/public_test/public_test/8129a148cc104048baf3904ccfc17379.jpeg
813196363b374419acb707d59d31e5f0,0.2032395691585651,data/public_test/public_test/813196363b374419acb707d59d31e5f0.jpeg
8132e46642e64af7ae8dd1bb2d0215ef,0.1935526941454476,data/public_test/public_test/8132e46642e64af7ae8dd1bb2d0215ef.jpeg
81390dc605304f7db661d6651484009d,0.4406813485515143,data/public_test/public_test/81390dc605304f7db661d6651484009d.jpeg
813d2fff353f4ff1926c59f7edcc23e4,0.4912454691497102,data/public_test/public_test/813d2fff353f4ff1926c59f7edcc23e4.jpeg
8142dffef13c4a2dadbd4b88e5b0ffbd,0.90706010876527,data/public_test/public_test/8142dffef13c4a2dadbd4b88e5b0ffbd.jpeg
814f707ddafd49d9a15392f426db34be,0.9105787569003864,data/public_test/public_test/814f707ddafd49d9a15392f426db34be.jpeg
8173cc61be5f45669547e056f40e0063,0.1371689579286742,data/public_test/public_test/8173cc61be5f45669547e056f40e0063.jpeg
818580f606f640babe5a5a9a054f902a,0.7287115591206345,data/public_test/public_test/818580f606f640babe5a5a9a054f902a.jpeg
818cde75cb0f44c38a3cf383076ed711,0.7919003210021446,data/public_test/public_test/818cde75cb0f44c38a3cf383076ed711.jpeg
81af349a6db64f36adc73e293aba6518,0.3949361720443061,data/public_test/public_test/81af349a6db64f36adc73e293aba6518.jpeg
81b3d679b57e48fcb2f1491114c6d51a,0.9239307206829114,data/public_test/public_test/81b3d679b57e48fcb2f1491114c6d51a.jpeg
81b3e1b8de094532bb053ae974b345e9,0.6461998433175563,data/public_test/public_test/81b3e1b8de094532bb053ae974b345e9.jpeg
81b5e0e7767e4ee39042cb17f0c67698,0.106502565795474,data/public_test/public_test/81b5e0e7767e4ee39042cb17f0c67698.jpeg
81bd8e4d4a1c4327b9a15217ac6cc822,0.4085222402661259,data/public_test/public_test/81bd8e4d4a1c4327b9a15217ac6cc822.jpeg
81c1208024de4a93a8de8a34042c72b6,0.083897174903818,data/public_test/public_test/81c1208024de4a93a8de8a34042c72b6.jpeg
81cb597b365c41a89ad29ed998d77cf2,0.1876311274646419,data/public_test/public_test/81cb597b365c41a89ad29ed998d77cf2.jpeg
81cdc259a1ed48199d550c178ac9565a,0.1785397353993932,data/public_test/public_test/81cdc259a1ed48199d550c178ac9565a.jpeg
81d282bb53c044dab29da1f73216a4e4,0.174448626844453,data/public_test/public_test/81d282bb53c044dab29da1f73216a4e4.jpeg
81d3543b2312408d9f5474c509e9051e,0.8888674363955301,data/public_test/public_test/81d3543b2312408d9f5474c509e9051e.jpeg
81d9b0122c1e414ba4ec27d3b44ccdc6,0.1576432320057517,data/public_test/public_test/81d9b0122c1e414ba4ec27d3b44ccdc6.jpeg
81e12fc164ba454e8c4ce841c4524717,0.2151353624767553,data/public_test/public_test/81e12fc164ba454e8c4ce841c4524717.jpeg
81f21295c8be4ccca53ab17ca8aab467,0.4973888014609969,data/public_test/public_test/81f21295c8be4ccca53ab17ca8aab467.jpeg
81ff7994fa094132bd4f7dc66191ab86,0.7376894431502338,data/public_test/public_test/81ff7994fa094132bd4f7dc66191ab86.jpeg
82012ac352454b6dad59a5c95090c074,0.889061690425646,data/public_test/public_test/82012ac352454b6dad59a5c95090c074.jpeg
82173ee85f81414d95020b78abb3934d,0.90351481682614,data/public_test/public_test/82173ee85f81414d95020b78abb3934d.jpeg
821884ccbdf54fe3a7e44548a0b12783,0.7369014963433388,data/public_test/public_test/821884ccbdf54fe3a7e44548a0b12783.jpeg
821edb9e43d948d3bfaf1778eec364e4,0.9646212740733758,data/public_test/public_test/821edb9e43d948d3bfaf1778eec364e4.jpeg
8235eaf4fd0a4f388a7b19aaf324a3ae,0.5661623786473574,data/public_test/public_test/8235eaf4fd0a4f388a7b19aaf324a3ae.jpeg
823f167303814f9182d29a4d057f36bf,0.9295392325588844,data/public_test/public_test/823f167303814f9182d29a4d057f36bf.jpeg
82583b42dd2b408d83f2ba417af87d55,0.1228010092876609,data/public_test/public_test/82583b42dd2b408d83f2ba417af87d55.jpeg
826acd08ac644759a51f8395ebca3738,0.946044891083611,data/public_test/public_test/826acd08ac644759a51f8395ebca3738.jpeg
826ee04f962c489fb597729e7568f346,0.186642513667173,data/public_test/public_test/826ee04f962c489fb597729e7568f346.jpeg
8274e62b181e4b4e9f584fae034b2a73,0.9475376508985086,data/public_test/public_test/8274e62b181e4b4e9f584fae034b2a73.jpeg
8275339111674fe390e85cf6bf5c2a7a,0.4912454691497102,data/public_test/public_test/8275339111674fe390e85cf6bf5c2a7a.jpeg
82783cf5359f40d5be4a1a630b987bcf,0.1312777941382788,data/public_test/public_test/82783cf5359f40d5be4a1a630b987bcf.jpeg
82819dfd83b24977bf10b43ebf72073c,0.139263995700607,data/public_test/public_test/82819dfd83b24977bf10b43ebf72073c.jpeg
8284695f640c4f96ac201092fb57c31f,0.1841681260883267,data/public_test/public_test/8284695f640c4f96ac201092fb57c31f.jpeg
8286f476650c44c583c24d622f207a52,0.5994530237874719,data/public_test/public_test/8286f476650c44c583c24d622f207a52.jpeg
828839842635472f92dce5529745ca43,0.1667662440594381,data/public_test/public_test/828839842635472f92dce5529745ca43.jpeg
82d45c903e214a0f91cb581179610f51,0.7857390583263087,data/public_test/public_test/82d45c903e214a0f91cb581179610f51.jpeg
82e3e470e6284800bcc2f37a4530cc59,0.9811269325981024,data/public_test/public_test/82e3e470e6284800bcc2f37a4530cc59.jpeg
82fbc60af6804b0087c7b355bc6a5cd0,0.7599287290450119,data/public_test/public_test/82fbc60af6804b0087c7b355bc6a5cd0.jpeg
8300a384b2fc466dbd161cb68ae9d43c,0.8406133978714042,data/public_test/public_test/8300a384b2fc466dbd161cb68ae9d43c.jpeg
830900d7f6764393ac283b3d749a1105,0.9105787569003864,data/public_test/public_test/830900d7f6764393ac283b3d749a1105.jpeg
830d5cf9cb83464e9095d8ebcd71518d,0.8163619596719253,data/public_test/public_test/830d5cf9cb83464e9095d8ebcd71518d.jpeg
831427e7c6b24be286f279d6c63f6545,0.7194564482682684,data/public_test/public_test/831427e7c6b24be286f279d6c63f6545.jpeg
831d4beb7f754e0a8b4ef23214650ee9,0.8511669162674561,data/public_test/public_test/831d4beb7f754e0a8b4ef23214650ee9.jpeg
8335cc4f9b8d498b95a3a7afc40017de,0.733637666509797,data/public_test/public_test/8335cc4f9b8d498b95a3a7afc40017de.jpeg
8339b2a0a1934f9eb342c3b62cc4ef7a,0.1729988065754314,data/public_test/public_test/8339b2a0a1934f9eb342c3b62cc4ef7a.jpeg
8344e7fda2a64f78943de4ed53c0d618,0.3968771200210266,data/public_test/public_test/8344e7fda2a64f78943de4ed53c0d618.jpeg
834c379ce80f4633ad8e4695db0668f9,0.623779627341359,data/public_test/public_test/834c379ce80f4633ad8e4695db0668f9.jpeg
8354d11d318f4dd0bb267e7750616f98,0.7450892668040839,data/public_test/public_test/8354d11d318f4dd0bb267e7750616f98.jpeg
8356f68e17c844db9938e0b4869b5756,0.4713269858886446,data/public_test/public_test/8356f68e17c844db9938e0b4869b5756.jpeg
8361b2aa6c204eaebf9a683d60aca775,0.1860452623795694,data/public_test/public_test/8361b2aa6c204eaebf9a683d60aca775.jpeg
83706c46d7904290af5ff64930615d08,0.353501239044272,data/public_test/public_test/83706c46d7904290af5ff64930615d08.jpeg
8379e4fe66d84a6485cef15691b0e967,0.0973329083234425,data/public_test/public_test/8379e4fe66d84a6485cef15691b0e967.jpeg
8380d6eb9071459dbff3735df0ed38f3,0.5654820754284418,data/public_test/public_test/8380d6eb9071459dbff3735df0ed38f3.jpeg
8385d9e6195442de9562f43d890c03ca,0.0751522409806308,data/public_test/public_test/8385d9e6195442de9562f43d890c03ca.jpeg
8389ecf81380478b9cbe81cbff44009a,0.8569633237914736,data/public_test/public_test/8389ecf81380478b9cbe81cbff44009a.jpeg
839cc17cdf6f49dda94d0ef3a9452a4a,0.1521409746978121,data/public_test/public_test/839cc17cdf6f49dda94d0ef3a9452a4a.jpeg
83abb2cc99814cafb58acd10b6e10bad,0.8654920918266731,data/public_test/public_test/83abb2cc99814cafb58acd10b6e10bad.jpeg
83ac745e2aad4abbbf529190f91ae06b,0.749507645104719,data/public_test/public_test/83ac745e2aad4abbbf529190f91ae06b.jpeg
83cdb49030bc4c9aaf87afc4844816b3,0.6461998433175563,data/public_test/public_test/83cdb49030bc4c9aaf87afc4844816b3.jpeg
83dceba3e24443608c7a2263b4ce6100,0.2067743902341728,data/public_test/public_test/83dceba3e24443608c7a2263b4ce6100.jpeg
83e7b4dab878402f91e7b4e230034680,0.0425671756748546,data/public_test/public_test/83e7b4dab878402f91e7b4e230034680.jpeg
83eaced379454177921191ff92706c67,0.3746986412715288,data/public_test/public_test/83eaced379454177921191ff92706c67.jpeg
83ef1c3ed6844e8b8533ec439d9ab707,0.0901651233169435,data/public_test/public_test/83ef1c3ed6844e8b8533ec439d9ab707.jpeg
83f32cd7dbaf4c4cb8edc6aa9aab7e09,0.8923860845306462,data/public_test/public_test/83f32cd7dbaf4c4cb8edc6aa9aab7e09.jpeg
83f91126579944b68db00d7989cba3d9,0.8592681417801291,data/public_test/public_test/83f91126579944b68db00d7989cba3d9.jpeg
83ff65abbebb4315a19d3d84261c567a,0.9475376508985086,data/public_test/public_test/83ff65abbebb4315a19d3d84261c567a.jpeg
84012a94414f471d90704d8ef8da007d,0.9595452412199196,data/public_test/public_test/84012a94414f471d90704d8ef8da007d.jpeg
8408b8d6b95e43248bb02f56d8e169e5,0.5608613805054894,data/public_test/public_test/8408b8d6b95e43248bb02f56d8e169e5.jpeg
840ac58ecf4449858038205fd377c808,0.505042834867408,data/public_test/public_test/840ac58ecf4449858038205fd377c808.jpeg
841342c349674f57accc52e7befe725a,0.476551473318868,data/public_test/public_test/841342c349674f57accc52e7befe725a.jpeg
842911cb8b1d492fb4ecdbd366b1dc18,0.7372416152057645,data/public_test/public_test/842911cb8b1d492fb4ecdbd366b1dc18.jpeg
842b9dbc75bc402f916442cc948926c2,0.4414703459923568,data/public_test/public_test/842b9dbc75bc402f916442cc948926c2.jpeg
842baea798c24bf1891edd32a5e351db,0.7709364201230073,data/public_test/public_test/842baea798c24bf1891edd32a5e351db.jpeg
842fcf33a1154d1086f459d086e8dd19,0.5654820754284418,data/public_test/public_test/842fcf33a1154d1086f459d086e8dd19.jpeg
8432e8b8d28a4aacbedafb309ab45e42,0.8669475200249463,data/public_test/public_test/8432e8b8d28a4aacbedafb309ab45e42.jpeg
843632596be64bb98798efafaeeae79b,0.4243459418468144,data/public_test/public_test/843632596be64bb98798efafaeeae79b.jpeg
8439ddc4c4884b38a8efc5a2ab7c840f,0.1648523028330044,data/public_test/public_test/8439ddc4c4884b38a8efc5a2ab7c840f.jpeg
843c713c2e9942bab06476b784e42395,0.9676061442203676,data/public_test/public_test/843c713c2e9942bab06476b784e42395.jpeg
845c9a74ea1341b3ae550c93b4b91929,0.2846193169376607,data/public_test/public_test/845c9a74ea1341b3ae550c93b4b91929.jpeg
8465588b71594f8ca790082d6c051a50,0.1174214305488258,data/public_test/public_test/8465588b71594f8ca790082d6c051a50.jpeg
846ec5c89c274d56b32239539629d821,0.6323811524596458,data/public_test/public_test/846ec5c89c274d56b32239539629d821.jpeg
847540cab4034aad957bd9c1eec91425,0.4987724413425503,data/public_test/public_test/847540cab4034aad957bd9c1eec91425.jpeg
848262344e46406fb989f61ea49c184f,0.8708690180559059,data/public_test/public_test/848262344e46406fb989f61ea49c184f.jpeg
8482a8d05f1946c7ad49601e6239cb47,0.5185203234819132,data/public_test/public_test/8482a8d05f1946c7ad49601e6239cb47.jpeg
8490eae164dc4046a107e78fb6cd6253,0.5636549738733695,data/public_test/public_test/8490eae164dc4046a107e78fb6cd6253.jpeg
8499344e4e6446cc9404e382d4739a37,0.6323811524596458,data/public_test/public_test/8499344e4e6446cc9404e382d4739a37.jpeg
849ed8fd5e864a7eb860716779c8197f,0.2558280416953887,data/public_test/public_test/849ed8fd5e864a7eb860716779c8197f.jpeg
84a1e4f94bf84770b5d621e80ab36743,0.7810031743533911,data/public_test/public_test/84a1e4f94bf84770b5d621e80ab36743.jpeg
84a580e8b17e4a27a1fc8ae25214e31b,0.4964677625287811,data/public_test/public_test/84a580e8b17e4a27a1fc8ae25214e31b.jpeg
84b6cab1ede34f50a3adcd20d5825ccd,0.1430595759352007,data/public_test/public_test/84b6cab1ede34f50a3adcd20d5825ccd.jpeg
84be7933e8144d39ac23464e52a24d8c,0.5661623786473574,data/public_test/public_test/84be7933e8144d39ac23464e52a24d8c.jpeg
84cf330f68cb409db193cd3583991fd7,0.4713269858886446,data/public_test/public_test/84cf330f68cb409db193cd3583991fd7.jpeg
84d1cb5e4138475385fcf3848994f672,0.2681125013511324,data/public_test/public_test/84d1cb5e4138475385fcf3848994f672.jpeg
84d90bec801e48ff98cbbd242dd6d0f5,0.7376894431502338,data/public_test/public_test/84d90bec801e48ff98cbbd242dd6d0f5.jpeg
84de4410c5804d64af6d1c21c42915e3,0.0695849330578312,data/public_test/public_test/84de4410c5804d64af6d1c21c42915e3.jpeg
84de4e50a8734f479eb03dc2bd14a93f,0.4912454691497102,data/public_test/public_test/84de4e50a8734f479eb03dc2bd14a93f.jpeg
84de62ed4aa64dc19a9e30474fc4aa82,0.7279426069568325,data/public_test/public_test/84de62ed4aa64dc19a9e30474fc4aa82.jpeg
84e8befad3a345e5bc7a30cb6ca03eca,0.8702719141299468,data/public_test/public_test/84e8befad3a345e5bc7a30cb6ca03eca.jpeg
84f57d1beebd4e76b6cbbd925fedb3b2,0.2567674776373614,data/public_test/public_test/84f57d1beebd4e76b6cbbd925fedb3b2.jpeg
84fff759c2584b5f80850da0cada3f5f,0.6155129665513012,data/public_test/public_test/84fff759c2584b5f80850da0cada3f5f.jpeg
8504948680e347e78884ca56cd59eaaa,0.0699041715938971,data/public_test/public_test/8504948680e347e78884ca56cd59eaaa.jpeg
850778b8403940c79c0240bc3bc82d5b,0.5488463647945435,data/public_test/public_test/850778b8403940c79c0240bc3bc82d5b.jpeg
85166dc5ee0b4e59b7be53a0821865db,0.7732608604062051,data/public_test/public_test/85166dc5ee0b4e59b7be53a0821865db.jpeg
85193a7604a643a593ea9896b784e8bb,0.889061690425646,data/public_test/public_test/85193a7604a643a593ea9896b784e8bb.jpeg
85234fb868e0402dbee7f9a4739f1857,0.9760508997446462,data/public_test/public_test/85234fb868e0402dbee7f9a4739f1857.jpeg
8534955a4ba848aca8816af90673422d,0.1165227673907702,data/public_test/public_test/8534955a4ba848aca8816af90673422d.jpeg
853eed2578014d34ada41be401c71987,0.8085126052279352,data/public_test/public_test/853eed2578014d34ada41be401c71987.jpeg
8569f215dc8d468786942bef7d99633b,0.9295392325588844,data/public_test/public_test/8569f215dc8d468786942bef7d99633b.jpeg
8587fa9b282e47689ae198b0b1119b61,0.6304638028129516,data/public_test/public_test/8587fa9b282e47689ae198b0b1119b61.jpeg
858d495bec094f1d9845160454e2eb05,0.6323811524596458,data/public_test/public_test/858d495bec094f1d9845160454e2eb05.jpeg
858ee93dcc7741169362dfc19ec9353e,0.2037878881934135,data/public_test/public_test/858ee93dcc7741169362dfc19ec9353e.jpeg
858f25a7e1fa49ac9ad3902df0bb993c,0.9760508997446462,data/public_test/public_test/858f25a7e1fa49ac9ad3902df0bb993c.jpeg
85a2a1e199934c7284d7680dcd2d9a82,0.889061690425646,data/public_test/public_test/85a2a1e199934c7284d7680dcd2d9a82.jpeg
85b15f30b1a6482e990d3d53f9faf59c,0.7732608604062051,data/public_test/public_test/85b15f30b1a6482e990d3d53f9faf59c.jpeg
85b7a60f0c3c48b49205d665e6678933,0.1947853169949697,data/public_test/public_test/85b7a60f0c3c48b49205d665e6678933.jpeg
85b8daf2081942849b83f42fbc9cb22b,0.0447829817723513,data/public_test/public_test/85b8daf2081942849b83f42fbc9cb22b.jpeg
85c35fff9c5a458c94565accc193fbb1,0.6611506795792067,data/public_test/public_test/85c35fff9c5a458c94565accc193fbb1.jpeg
85c43cdfe9a64b40825404e75d96f1cc,0.6925955996541866,data/public_test/public_test/85c43cdfe9a64b40825404e75d96f1cc.jpeg
85c45102bcac4153a14c2bf44b24d175,0.5661623786473574,data/public_test/public_test/85c45102bcac4153a14c2bf44b24d175.jpeg
85ca7fd1d5d941cf90458b6fe153df37,0.0194913218172315,data/public_test/public_test/85ca7fd1d5d941cf90458b6fe153df37.jpeg
85cd0388dd9045e2bc249b7712d6c4cd,0.756605925899989,data/public_test/public_test/85cd0388dd9045e2bc249b7712d6c4cd.jpeg
85d140ffb0354f4a976a95f8d802c681,0.7194564482682684,data/public_test/public_test/85d140ffb0354f4a976a95f8d802c681.jpeg
85eac1a33f9b4a1aaea97518c3bbde76,0.5990051958430026,data/public_test/public_test/85eac1a33f9b4a1aaea97518c3bbde76.jpeg
85ed79a45b274a5680c890fb9942a3a3,0.783327614636589,data/public_test/public_test/85ed79a45b274a5680c890fb9942a3a3.jpeg
85f297eef1ad48ae9969946a63b2114a,0.8575604277174326,data/public_test/public_test/85f297eef1ad48ae9969946a63b2114a.jpeg
85f3af83ea3248d9afcbb8f24c6e50bf,0.4346889432179204,data/public_test/public_test/85f3af83ea3248d9afcbb8f24c6e50bf.jpeg
85f3f1b530d64d45b123c6330dbc6b13,0.2931060459703677,data/public_test/public_test/85f3f1b530d64d45b123c6330dbc6b13.jpeg
85f77dd12b474dcca844a49dc431a8c0,0.6749693704371172,data/public_test/public_test/85f77dd12b474dcca844a49dc431a8c0.jpeg
860db44ee0aa4a65bdd5e85ae4c8cf53,0.2101428782179317,data/public_test/public_test/860db44ee0aa4a65bdd5e85ae4c8cf53.jpeg
8615cb2c23c148b48758290a7c309b75,0.1756390360406445,data/public_test/public_test/8615cb2c23c148b48758290a7c309b75.jpeg
8616327a783f40c7b065082f9ee68450,0.1760657789898033,data/public_test/public_test/8616327a783f40c7b065082f9ee68450.jpeg
861c45a605b2483abca1cc6c48abf997,0.5932636900828052,data/public_test/public_test/861c45a605b2483abca1cc6c48abf997.jpeg
86239a0712c24f5da5babcc0400e254d,0.8669475200249463,data/public_test/public_test/86239a0712c24f5da5babcc0400e254d.jpeg
86365d13f26b405d9b9f05b25db5560e,0.574611347623103,data/public_test/public_test/86365d13f26b405d9b9f05b25db5560e.jpeg
8640a6aa2a7a47509a5c97d658dbbac4,0.6323811524596458,data/public_test/public_test/8640a6aa2a7a47509a5c97d658dbbac4.jpeg
8674d47645284295bf040e3527624e32,0.9475376508985086,data/public_test/public_test/8674d47645284295bf040e3527624e32.jpeg
867b802be25f4e8ba61cba05827115ee,0.9049702450244134,data/public_test/public_test/867b802be25f4e8ba61cba05827115ee.jpeg
8685f1b514f64edca3626d838fc6d9a4,0.8125044370616044,data/public_test/public_test/8685f1b514f64edca3626d838fc6d9a4.jpeg
868c8a923cb64b43a7b420785a528d8d,0.1555068374611622,data/public_test/public_test/868c8a923cb64b43a7b420785a528d8d.jpeg
868cf38c989b4ecf83014a80982e94ff,0.1055606465368984,data/public_test/public_test/868cf38c989b4ecf83014a80982e94ff.jpeg
8693149913de4467aaf9fc4dcb53ff94,0.8535151077001636,data/public_test/public_test/8693149913de4467aaf9fc4dcb53ff94.jpeg
869895036a834fa1be5331899d528167,0.958052481405022,data/public_test/public_test/869895036a834fa1be5331899d528167.jpeg
869c77c84c7b4870a88e9a55a06a0ec1,0.1097836683240029,data/public_test/public_test/869c77c84c7b4870a88e9a55a06a0ec1.jpeg
869de8d7f80b4d51966d013ac89c0a4a,0.4846773259641601,data/public_test/public_test/869de8d7f80b4d51966d013ac89c0a4a.jpeg
869fadfe32c54d6f9aab2054954b8f81,0.9885696248459258,data/public_test/public_test/869fadfe32c54d6f9aab2054954b8f81.jpeg
86ae166eda134c65b84c00a8c14df641,0.6873821902720395,data/public_test/public_test/86ae166eda134c65b84c00a8c14df641.jpeg
86b906a6edba4b7285d49ddb45e1a933,0.402038404314786,data/public_test/public_test/86b906a6edba4b7285d49ddb45e1a933.jpeg
86bdfc5a02ec47d9b838467088ed44ec,0.5182661137293526,data/public_test/public_test/86bdfc5a02ec47d9b838467088ed44ec.jpeg
86c0618559494d86abb1ad2a5e70b6bf,0.7279426069568325,data/public_test/public_test/86c0618559494d86abb1ad2a5e70b6bf.jpeg
86ce5afe02274c519b522f873b067b27,0.889061690425646,data/public_test/public_test/86ce5afe02274c519b522f873b067b27.jpeg
86d9451fff0340d28c7461abdebcf259,0.548166061575628,data/public_test/public_test/86d9451fff0340d28c7461abdebcf259.jpeg
86dc619ad5264ba6a4f26b96bb0be0dc,0.353799310717447,data/public_test/public_test/86dc619ad5264ba6a4f26b96bb0be0dc.jpeg
86e9669a327d46c6a17cafcad5c8e568,0.8702719141299468,data/public_test/public_test/86e9669a327d46c6a17cafcad5c8e568.jpeg
86f9300a765f4e318120a50d1c1e1e82,0.1724416294683927,data/public_test/public_test/86f9300a765f4e318120a50d1c1e1e82.jpeg
86ff6ff65a9a4deabb19eba9b04e2117,0.5179462366261602,data/public_test/public_test/86ff6ff65a9a4deabb19eba9b04e2117.jpeg
8710ed79f09245c0966c34fd583072a9,0.3333692642361758,data/public_test/public_test/8710ed79f09245c0966c34fd583072a9.jpeg
87133438b46c4b1cb8273deb0fab9e19,0.9475376508985086,data/public_test/public_test/87133438b46c4b1cb8273deb0fab9e19.jpeg
871f4df522184581ad33c740afad6251,0.946044891083611,data/public_test/public_test/871f4df522184581ad33c740afad6251.jpeg
8727fc8737864f9784c6b234b85137b1,0.6972967922399449,data/public_test/public_test/8727fc8737864f9784c6b234b85137b1.jpeg
87295d13ac604917ba1afb1e478438a6,0.946044891083611,data/public_test/public_test/87295d13ac604917ba1afb1e478438a6.jpeg
87366294b1194d65ad3675de3b5be5c3,0.5644463754921537,data/public_test/public_test/87366294b1194d65ad3675de3b5be5c3.jpeg
8737bc4dcd55434a8993ab0b519b033d,0.7097096120748673,data/public_test/public_test/8737bc4dcd55434a8993ab0b519b033d.jpeg
87445641d69342fab54ec3ce5b658202,0.4347954079127432,data/public_test/public_test/87445641d69342fab54ec3ce5b658202.jpeg
87535277db66465ab82087832e8c671c,0.8669475200249463,data/public_test/public_test/87535277db66465ab82087832e8c671c.jpeg
875996b3a1b64fb0b8754aca9a3969a8,0.5825848378791274,data/public_test/public_test/875996b3a1b64fb0b8754aca9a3969a8.jpeg
8760d5b017794663b1b9aca94d0d3986,0.3646756070579535,data/public_test/public_test/8760d5b017794663b1b9aca94d0d3986.jpeg
876512e40fc741f8bb16ab74a2110dc9,0.6159607944957706,data/public_test/public_test/876512e40fc741f8bb16ab74a2110dc9.jpeg
87699be783a346c58fb15c0f911d41cb,0.6554371302332278,data/public_test/public_test/87699be783a346c58fb15c0f911d41cb.jpeg
876cfb3719264d72b5c169d3691623f0,0.7287115591206345,data/public_test/public_test/876cfb3719264d72b5c169d3691623f0.jpeg
8779f3f50e9a4a61be4a065b528cea46,0.1750491200882372,data/public_test/public_test/8779f3f50e9a4a61be4a065b528cea46.jpeg
877abf841f14492b800e94f940fac41d,0.7186874961044666,data/public_test/public_test/877abf841f14492b800e94f940fac41d.jpeg
877edbc327274b89b26d0a8adb766370,0.8085126052279352,data/public_test/public_test/877edbc327274b89b26d0a8adb766370.jpeg
8780fce616224fba97ea13f036540127,0.205367547715898,data/public_test/public_test/8780fce616224fba97ea13f036540127.jpeg
8786fd1c2dae4b3dae3c5045c0cfde10,0.1227092466458033,data/public_test/public_test/8786fd1c2dae4b3dae3c5045c0cfde10.jpeg
87888e279c884ba89f240ff0a5bed9f9,0.1546615819835859,data/public_test/public_test/87888e279c884ba89f240ff0a5bed9f9.jpeg
878da144e9194bf7a3c74d3f3c7c9fc3,0.3700065373516452,data/public_test/public_test/878da144e9194bf7a3c74d3f3c7c9fc3.jpeg
8794fe968f774faea29b7782fa8088f9,0.2121507870530528,data/public_test/public_test/8794fe968f774faea29b7782fa8088f9.jpeg
8795f3d5c482404d8ca888468130093d,0.888464586499687,data/public_test/public_test/8795f3d5c482404d8ca888468130093d.jpeg
879742bf4736444d8fd440df7864d73a,0.1719713629846183,data/public_test/public_test/879742bf4736444d8fd440df7864d73a.jpeg
8799aeed67cb4f8487435df98fc4194b,0.0666635307524801,data/public_test/public_test/8799aeed67cb4f8487435df98fc4194b.jpeg
87aa694ebadb4e63b7e601104262d07d,0.2057096068399772,data/public_test/public_test/87aa694ebadb4e63b7e601104262d07d.jpeg
87af324ada1a407495e9ad83a1a1abb5,0.1463001458247148,data/public_test/public_test/87af324ada1a407495e9ad83a1a1abb5.jpeg
87b54dafb86546078496f08eb8b8989c,0.5994530237874719,data/public_test/public_test/87b54dafb86546078496f08eb8b8989c.jpeg
87b65283302c463190d6bcadfd00e09a,0.8770492344410448,data/public_test/public_test/87b65283302c463190d6bcadfd00e09a.jpeg
87b7c2c3af1a4da98190dc0a99bb8e30,0.10867615823964,data/public_test/public_test/87b7c2c3af1a4da98190dc0a99bb8e30.jpeg
87b977b9f4c24cc8ae03e0e3e298a074,0.6323811524596458,data/public_test/public_test/87b977b9f4c24cc8ae03e0e3e298a074.jpeg
87bf3b368938485f90c7918885f72aa3,0.505042834867408,data/public_test/public_test/87bf3b368938485f90c7918885f72aa3.jpeg
87ce24a966054a0386b13ac9ae009660,0.8132484892008529,data/public_test/public_test/87ce24a966054a0386b13ac9ae009660.jpeg
87db8b84a21049b3951aa9785918028b,0.1729911601434298,data/public_test/public_test/87db8b84a21049b3951aa9785918028b.jpeg
87dceffdc93144c4976e13faa671f1f6,0.412062071637649,data/public_test/public_test/87dceffdc93144c4976e13faa671f1f6.jpeg
87e04b116c6346f38c2c33d45473d3c5,0.0328838373412068,data/public_test/public_test/87e04b116c6346f38c2c33d45473d3c5.jpeg
87e35d3130914666b1371517956bae36,0.7623637137574516,data/public_test/public_test/87e35d3130914666b1371517956bae36.jpeg
87e42efa041146978038e9ff06982ead,0.2293376275087237,data/public_test/public_test/87e42efa041146978038e9ff06982ead.jpeg
87e9b3fea83a466cacaa7b2fb2ad8cbc,0.148604308872728,data/public_test/public_test/87e9b3fea83a466cacaa7b2fb2ad8cbc.jpeg
87ea73f029b4455c81f30ad0f9af5d03,0.8487548476552064,data/public_test/public_test/87ea73f029b4455c81f30ad0f9af5d03.jpeg
87edbdd506a94a69850000fa9a42dbb7,0.5182661137293526,data/public_test/public_test/87edbdd506a94a69850000fa9a42dbb7.jpeg
8803e0d31ca04dd3aaf1bf13b3f444a2,0.7919003210021446,data/public_test/public_test/8803e0d31ca04dd3aaf1bf13b3f444a2.jpeg
8810780f8f76455695542f7acadd594f,0.8888674363955301,data/public_test/public_test/8810780f8f76455695542f7acadd594f.jpeg
8812bcf3b2a8490a99adc21c6ac77436,0.5990926085874261,data/public_test/public_test/8812bcf3b2a8490a99adc21c6ac77436.jpeg
8812d867babe445786f2da5d5f1fdfd1,0.0850021361775136,data/public_test/public_test/8812d867babe445786f2da5d5f1fdfd1.jpeg
88138d6346e94e90bc74f16ca272058f,0.6323811524596458,data/public_test/public_test/88138d6346e94e90bc74f16ca272058f.jpeg
8813f15a6ef84696bd66120c70e0df9a,0.3738886134137627,data/public_test/public_test/8813f15a6ef84696bd66120c70e0df9a.jpeg
8816d5ecdc974634b67b17e96467fad8,0.1812679670556081,data/public_test/public_test/8816d5ecdc974634b67b17e96467fad8.jpeg
881d6e20227e434c88a244cd75fb5e1e,0.6323811524596458,data/public_test/public_test/881d6e20227e434c88a244cd75fb5e1e.jpeg
88237282b60a4886951c184d2b168f51,0.3151997317380123,data/public_test/public_test/88237282b60a4886951c184d2b168f51.jpeg
8831170f07fc4e9ab0951e274e4e213d,0.6611506795792067,data/public_test/public_test/8831170f07fc4e9ab0951e274e4e213d.jpeg
8838d5e51ab44e5cad4efb6eeb9c9cfa,0.2010186599818953,data/public_test/public_test/8838d5e51ab44e5cad4efb6eeb9c9cfa.jpeg
883ca6a3532342b398ad4df9962e9cc7,0.9285771752400106,data/public_test/public_test/883ca6a3532342b398ad4df9962e9cc7.jpeg
883d3421ec38459ea19988e31d952367,0.5108662900755023,data/public_test/public_test/883d3421ec38459ea19988e31d952367.jpeg
883e22174f3c442bbc4b162a2591a029,0.9640433094232352,data/public_test/public_test/883e22174f3c442bbc4b162a2591a029.jpeg
884afd3b75d54aad89986e268f44f72a,0.4208696438109962,data/public_test/public_test/884afd3b75d54aad89986e268f44f72a.jpeg
8856c4a59abc4280b6f300fbd3c0cdac,0.4379090257454601,data/public_test/public_test/8856c4a59abc4280b6f300fbd3c0cdac.jpeg
8869d5b70f4c4d628a45a741dd579a03,0.4005028577734954,data/public_test/public_test/8869d5b70f4c4d628a45a741dd579a03.jpeg
886a9971f2974722b50b6a9bb64d8ecc,0.1990163836363,data/public_test/public_test/886a9971f2974722b50b6a9bb64d8ecc.jpeg
886b05ad0d544c28947acc98f3e3d2fd,0.548166061575628,data/public_test/public_test/886b05ad0d544c28947acc98f3e3d2fd.jpeg
888f84c93eb040f7b9fb11e3dd1aa6f5,0.505042834867408,data/public_test/public_test/888f84c93eb040f7b9fb11e3dd1aa6f5.jpeg
888ff7f26c02417fa1a34259e3a52783,0.5317436023438579,data/public_test/public_test/888ff7f26c02417fa1a34259e3a52783.jpeg
8897dc545d0a4e82916ebc48eff519c0,0.1505181081953557,data/public_test/public_test/8897dc545d0a4e82916ebc48eff519c0.jpeg
889aa3c1537e427b9eac481e2566f695,0.7538965497119806,data/public_test/public_test/889aa3c1537e427b9eac481e2566f695.jpeg
88b9b3c2f8324da09b6327c07fda8b74,0.1651065344169199,data/public_test/public_test/88b9b3c2f8324da09b6327c07fda8b74.jpeg
88ba6c4eb5b7484eacae3d6eed4c2330,0.889061690425646,data/public_test/public_test/88ba6c4eb5b7484eacae3d6eed4c2330.jpeg
88bafa9fd1fc4b05855ea8c4e67db4d6,0.5825848378791274,data/public_test/public_test/88bafa9fd1fc4b05855ea8c4e67db4d6.jpeg
88bc086369304177b28b265812b75b41,0.8163619596719253,data/public_test/public_test/88bc086369304177b28b265812b75b41.jpeg
88c23e6c510e49b5aabe64b114318615,0.6323811524596458,data/public_test/public_test/88c23e6c510e49b5aabe64b114318615.jpeg
88cd79ec43b946f0a58e2e72a5fa6ed3,0.454501174639872,data/public_test/public_test/88cd79ec43b946f0a58e2e72a5fa6ed3.jpeg
88decc8689b74543bd1bada98760edf1,0.7636231850799388,data/public_test/public_test/88decc8689b74543bd1bada98760edf1.jpeg
88e132ab9f414358a48bf2e3b5391f59,0.2112548364408251,data/public_test/public_test/88e132ab9f414358a48bf2e3b5391f59.jpeg
88eb1b5c5d2e49f4b3a3cb19a23b29e4,0.3427101177343268,data/public_test/public_test/88eb1b5c5d2e49f4b3a3cb19a23b29e4.jpeg
88ebdf80cbcb493e85f7e51b0e94af05,0.1465965583149288,data/public_test/public_test/88ebdf80cbcb493e85f7e51b0e94af05.jpeg
88fa6644e7674852a0adf07fb6e31d39,0.888464586499687,data/public_test/public_test/88fa6644e7674852a0adf07fb6e31d39.jpeg
88fed96153c046cd9ce21d904f191754,0.203874094755487,data/public_test/public_test/88fed96153c046cd9ce21d904f191754.jpeg
8903eb2d88624c9b93c46a673aff41dd,0.8329742438977159,data/public_test/public_test/8903eb2d88624c9b93c46a673aff41dd.jpeg
890851521da84c5ba7dc8e7d5ea1d07e,0.8888674363955301,data/public_test/public_test/890851521da84c5ba7dc8e7d5ea1d07e.jpeg
8908d79d0b654f6b8c2cf24f7eb45329,0.8575604277174326,data/public_test/public_test/8908d79d0b654f6b8c2cf24f7eb45329.jpeg
891c4d2bae6c435aa35105b303f8d688,0.4455226138382754,data/public_test/public_test/891c4d2bae6c435aa35105b303f8d688.jpeg
893c5d9d71d04c079b1ce2ad67c86990,0.0534854782708217,data/public_test/public_test/893c5d9d71d04c079b1ce2ad67c86990.jpeg
8942b3f2d2a1461db9aa126fd8138c89,0.1625021656808048,data/public_test/public_test/8942b3f2d2a1461db9aa126fd8138c89.jpeg
895204de7d6040aba56e0b4a460b5342,0.946044891083611,data/public_test/public_test/895204de7d6040aba56e0b4a460b5342.jpeg
895907f3483f498cb388ad899718e773,0.6749693704371172,data/public_test/public_test/895907f3483f498cb388ad899718e773.jpeg
896c8e4ff8494977a7f6fe68ab3d4876,0.2484893553860593,data/public_test/public_test/896c8e4ff8494977a7f6fe68ab3d4876.jpeg
897327c0b3174c5da11a80d8ac3f03f6,0.1572182246492957,data/public_test/public_test/897327c0b3174c5da11a80d8ac3f03f6.jpeg
897d1cebe4154e6da7f2d52e5e464b5a,0.1361078258285607,data/public_test/public_test/897d1cebe4154e6da7f2d52e5e464b5a.jpeg
89835175ce1c46ffb4891e40075723ad,0.1575096323014329,data/public_test/public_test/89835175ce1c46ffb4891e40075723ad.jpeg
8985d58b13fc40c39a41239fea5bcc7e,0.1361430916532418,data/public_test/public_test/8985d58b13fc40c39a41239fea5bcc7e.jpeg
89bc2fd672e14d1dbffb6934fe698d4b,0.9260205844237684,data/public_test/public_test/89bc2fd672e14d1dbffb6934fe698d4b.jpeg
89cb6431b48c4ae1944ac67159e01307,0.2919961016899502,data/public_test/public_test/89cb6431b48c4ae1944ac67159e01307.jpeg
89cef4b457bd49f083c1745c8299c0c1,0.0705441059089586,data/public_test/public_test/89cef4b457bd49f083c1745c8299c0c1.jpeg
89e840bb3a7b4280a343e98734452268,0.888464586499687,data/public_test/public_test/89e840bb3a7b4280a343e98734452268.jpeg
89ee7b3239ab4c23aad7285149abe283,0.908022166084144,data/public_test/public_test/89ee7b3239ab4c23aad7285149abe283.jpeg
89f3cc1bffd24d44862f5fa443222704,0.1015096885722648,data/public_test/public_test/89f3cc1bffd24d44862f5fa443222704.jpeg
89f5c601a75f4633a1373fb7c5aaa231,0.1086780357361486,data/public_test/public_test/89f5c601a75f4633a1373fb7c5aaa231.jpeg
89fecfb782a540b490db799f638df3b0,0.7186874961044666,data/public_test/public_test/89fecfb782a540b490db799f638df3b0.jpeg
8a02009d5e5144c8bded2212425f0ced,0.2661947833003268,data/public_test/public_test/8a02009d5e5144c8bded2212425f0ced.jpeg
8a098da5f1b94ff28bcd3c954730f2d3,0.5825848378791274,data/public_test/public_test/8a098da5f1b94ff28bcd3c954730f2d3.jpeg
8a0b7825e08a4ce0a7aba51bf93e12f4,0.9415468228802952,data/public_test/public_test/8a0b7825e08a4ce0a7aba51bf93e12f4.jpeg
8a143072f293491486b5eabb10a84da1,0.5681924804190427,data/public_test/public_test/8a143072f293491486b5eabb10a84da1.jpeg
8a15e7eb25cc43399f10a4bf2cb547a4,0.4115929076372894,data/public_test/public_test/8a15e7eb25cc43399f10a4bf2cb547a4.jpeg
8a30459466174f37a5752875a2b47af9,0.2533107855225692,data/public_test/public_test/8a30459466174f37a5752875a2b47af9.jpeg
8a326d07dd654d71a871d352af20285d,0.1631839206848113,data/public_test/public_test/8a326d07dd654d71a871d352af20285d.jpeg
8a388c2595ca4bc4a4d920a3342fa397,0.3824187131616022,data/public_test/public_test/8a388c2595ca4bc4a4d920a3342fa397.jpeg
8a430aac76bb46fd89bce8bcb9efa3aa,0.7732608604062051,data/public_test/public_test/8a430aac76bb46fd89bce8bcb9efa3aa.jpeg
8a496fab49214429ba7b8a295d22bb03,0.5990051958430026,data/public_test/public_test/8a496fab49214429ba7b8a295d22bb03.jpeg
8a4b8b4cffe54c9096042f244721331c,0.7919003210021446,data/public_test/public_test/8a4b8b4cffe54c9096042f244721331c.jpeg
8a4e6058069d4f83a5bc8b5bbc6d1ad2,0.2109563226827163,data/public_test/public_test/8a4e6058069d4f83a5bc8b5bbc6d1ad2.jpeg
8a4f22475ea542b1a941fe506796cec2,0.5825848378791274,data/public_test/public_test/8a4f22475ea542b1a941fe506796cec2.jpeg
8a574e0e6d08453692dbeabcdb73b6f0,0.2433333051596015,data/public_test/public_test/8a574e0e6d08453692dbeabcdb73b6f0.jpeg
8a63127daa3845d0941095a79ca5f36b,0.946044891083611,data/public_test/public_test/8a63127daa3845d0941095a79ca5f36b.jpeg
8a75c2acc1464f26bf7d0dbba2e1037d,0.5182661137293526,data/public_test/public_test/8a75c2acc1464f26bf7d0dbba2e1037d.jpeg
8a78d280a4494ec1add9e5997534e290,0.0975418152859753,data/public_test/public_test/8a78d280a4494ec1add9e5997534e290.jpeg
8a88fb7f01254827b2eb5afb6caab58f,0.1522728442672669,data/public_test/public_test/8a88fb7f01254827b2eb5afb6caab58f.jpeg
8a8a8beedf5642718d7248df22acc71d,0.8708690180559059,data/public_test/public_test/8a8a8beedf5642718d7248df22acc71d.jpeg
8a90b6ac1ed7471f971474315599ed25,0.6873821902720395,data/public_test/public_test/8a90b6ac1ed7471f971474315599ed25.jpeg
8a985485dde34e4ea083d883ad77c9fb,0.4497882831768862,data/public_test/public_test/8a985485dde34e4ea083d883ad77c9fb.jpeg
8a9bcac62f334de58aae258505a94e7c,0.0928106741748772,data/public_test/public_test/8a9bcac62f334de58aae258505a94e7c.jpeg
8a9e05ac47b54a80a1e3b7a7b09fe8df,0.9860523905044613,data/public_test/public_test/8a9e05ac47b54a80a1e3b7a7b09fe8df.jpeg
8aa33ce2a43a474087c8bcf91d0fbcce,0.8708690180559059,data/public_test/public_test/8aa33ce2a43a474087c8bcf91d0fbcce.jpeg
8aa83c8beae348a7b43f8c7d52142b1a,0.1833992312318311,data/public_test/public_test/8aa83c8beae348a7b43f8c7d52142b1a.jpeg
8aa85c1fa1064adebf702744e92f9d02,0.1190855555828425,data/public_test/public_test/8aa85c1fa1064adebf702744e92f9d02.jpeg
8ab14a80115048fdac6615b9d8c80c90,0.1798679195464997,data/public_test/public_test/8ab14a80115048fdac6615b9d8c80c90.jpeg
8ab80b73324e4ee3af71a43ccae459c5,0.7943117646918644,data/public_test/public_test/8ab80b73324e4ee3af71a43ccae459c5.jpeg
8ac62477ee0b462aab023c9472dbbb0b,0.5182661137293526,data/public_test/public_test/8ac62477ee0b462aab023c9472dbbb0b.jpeg
8ac8104b29164129b0ad68dda4ef1e6a,0.6158733817513472,data/public_test/public_test/8ac8104b29164129b0ad68dda4ef1e6a.jpeg
8ac8b3eca5af4a03b7a1074b379c9ef4,0.4008024576415029,data/public_test/public_test/8ac8b3eca5af4a03b7a1074b379c9ef4.jpeg
8ad1053ee9fa472ab4b02f1a41a04501,0.0684565071711572,data/public_test/public_test/8ad1053ee9fa472ab4b02f1a41a04501.jpeg
8ae3318e3f8243c2b47248c6e8d2323d,0.1579426954277921,data/public_test/public_test/8ae3318e3f8243c2b47248c6e8d2323d.jpeg
8af4daecdf5040f69844ccd048b3cceb,0.6633297626090927,data/public_test/public_test/8af4daecdf5040f69844ccd048b3cceb.jpeg
8b040ed615be472ab94124e16b5b2115,0.176877438741337,data/public_test/public_test/8b040ed615be472ab94124e16b5b2115.jpeg
8b058c2ff6784b8eb8d6bf5555066419,0.7453089202509929,data/public_test/public_test/8b058c2ff6784b8eb8d6bf5555066419.jpeg
8b15102611b64d67b22b86dd5a6acfcd,0.3878344255214697,data/public_test/public_test/8b15102611b64d67b22b86dd5a6acfcd.jpeg
8b1a92f3c0b843638bba094ae967882f,0.8321425634294157,data/public_test/public_test/8b1a92f3c0b843638bba094ae967882f.jpeg
8b1b041c881542ccb0faf06f71d9a409,0.4379950631145344,data/public_test/public_test/8b1b041c881542ccb0faf06f71d9a409.jpeg
8b20b0fa1ec444e69cd77eb0901e36f3,0.5967274309962626,data/public_test/public_test/8b20b0fa1ec444e69cd77eb0901e36f3.jpeg
8b215b6baac946d8aab7793a3fbbf369,0.1951303943038432,data/public_test/public_test/8b215b6baac946d8aab7793a3fbbf369.jpeg
8b23526ee1a340b6b3883e7b71828d61,0.2417060996753884,data/public_test/public_test/8b23526ee1a340b6b3883e7b71828d61.jpeg
8b2ca95a5e9d4f40ae4f9c2499a07aa1,0.4402545837710008,data/public_test/public_test/8b2ca95a5e9d4f40ae4f9c2499a07aa1.jpeg
8b306b68e234446bb85aed81b1945496,0.1479224337962703,data/public_test/public_test/8b306b68e234446bb85aed81b1945496.jpeg
8b32a112ad404a06ae80c6ed0845acb9,0.888464586499687,data/public_test/public_test/8b32a112ad404a06ae80c6ed0845acb9.jpeg
8b384595d86846f3b35e508e1a1d26cb,0.5185203234819132,data/public_test/public_test/8b384595d86846f3b35e508e1a1d26cb.jpeg
8b3e080f2c1c41dcacc7d9a003818cdd,0.3030007090890871,data/public_test/public_test/8b3e080f2c1c41dcacc7d9a003818cdd.jpeg
8b4f906d50f940479c92f62e117df524,0.908022166084144,data/public_test/public_test/8b4f906d50f940479c92f62e117df524.jpeg
8b561e7b2072407baef14b1eb3b417ad,0.7521715847856517,data/public_test/public_test/8b561e7b2072407baef14b1eb3b417ad.jpeg
8b634be375de4d68a843521f5e5daabf,0.3235591430387302,data/public_test/public_test/8b634be375de4d68a843521f5e5daabf.jpeg
8b64abf0298f4f04b571c440294628f3,0.9295392325588844,data/public_test/public_test/8b64abf0298f4f04b571c440294628f3.jpeg
8b7baa472530418b86c41f4f39817056,0.7287115591206345,data/public_test/public_test/8b7baa472530418b86c41f4f39817056.jpeg
8b7f21f97c8a4b3ba9d7e1dbcb6e3f68,0.9450828337647372,data/public_test/public_test/8b7f21f97c8a4b3ba9d7e1dbcb6e3f68.jpeg
8b7fabc8e09545929891c836aab788e9,0.8085126052279352,data/public_test/public_test/8b7fabc8e09545929891c836aab788e9.jpeg
8b851066e38f4b95ae80d02e08c68dad,0.543320258095998,data/public_test/public_test/8b851066e38f4b95ae80d02e08c68dad.jpeg
8b93374140834fa29c59344a7c5a0c33,0.1062006572617014,data/public_test/public_test/8b93374140834fa29c59344a7c5a0c33.jpeg
8b9c1021af5a466ca86fdb01aa699dd1,0.1721039639044572,data/public_test/public_test/8b9c1021af5a466ca86fdb01aa699dd1.jpeg
8b9ea879088f41bda7dcf9429c499043,0.7284343322978678,data/public_test/public_test/8b9ea879088f41bda7dcf9429c499043.jpeg
8ba14c018de249b8b92dcf217439a732,0.081676636860179,data/public_test/public_test/8ba14c018de249b8b92dcf217439a732.jpeg
8ba36026b1c342909718cc4a58704d2d,0.5317436023438579,data/public_test/public_test/8ba36026b1c342909718cc4a58704d2d.jpeg
8bb1e24cd43742b99a6855297637ad66,0.1341031916966522,data/public_test/public_test/8bb1e24cd43742b99a6855297637ad66.jpeg
8bbeecc03ccf4d96a642a7c42e27ff24,0.972104212423683,data/public_test/public_test/8bbeecc03ccf4d96a642a7c42e27ff24.jpeg
8bc229ae8cca46068d96a53089ac52e7,0.3113183488214081,data/public_test/public_test/8bc229ae8cca46068d96a53089ac52e7.jpeg
8bd3bf56de954199bc462ff922d42a52,0.2560435744740885,data/public_test/public_test/8bd3bf56de954199bc462ff922d42a52.jpeg
8bd865bce5f7472693f96935c54238cf,0.889061690425646,data/public_test/public_test/8bd865bce5f7472693f96935c54238cf.jpeg
8bdd74a67ac34a0fab080d39bcacc783,0.6023958931368417,data/public_test/public_test/8bdd74a67ac34a0fab080d39bcacc783.jpeg
8bdf3084dff94002943b0d4d5f584f39,0.6984286129022829,data/public_test/public_test/8bdf3084dff94002943b0d4d5f584f39.jpeg
8be1f9f411e34cf8a8569af0dc93aaf3,0.5652688240263136,data/public_test/public_test/8be1f9f411e34cf8a8569af0dc93aaf3.jpeg
8be22a4b2de448dcbff2ef14899fe112,0.4122746408099413,data/public_test/public_test/8be22a4b2de448dcbff2ef14899fe112.jpeg
8bef0bef87f34355969b3d6402834645,0.1526558289947464,data/public_test/public_test/8bef0bef87f34355969b3d6402834645.jpeg
8bf77c546a324a6fbf5c85fa721aaa8b,0.5179462366261602,data/public_test/public_test/8bf77c546a324a6fbf5c85fa721aaa8b.jpeg
8c03968482244fd3ae75954d6dadbb95,0.6749693704371172,data/public_test/public_test/8c03968482244fd3ae75954d6dadbb95.jpeg
8c03d9c8bc624dd68cc4c7d7d792b18b,0.3372505871165545,data/public_test/public_test/8c03d9c8bc624dd68cc4c7d7d792b18b.jpeg
8c0b1d9e234d47f385d88199e9506e33,0.919432652479596,data/public_test/public_test/8c0b1d9e234d47f385d88199e9506e33.jpeg
8c0b44933b1a4538a27f238cadcde38a,0.8718523022738962,data/public_test/public_test/8c0b44933b1a4538a27f238cadcde38a.jpeg
8c135778fd0e4938a473a6fb4d9f4af6,0.946044891083611,data/public_test/public_test/8c135778fd0e4938a473a6fb4d9f4af6.jpeg
8c1429a012fa4304a614fe18ac16dbc1,0.7623637137574516,data/public_test/public_test/8c1429a012fa4304a614fe18ac16dbc1.jpeg
8c2908c9b1644bd0bb870e363d6294c0,0.2139415475892227,data/public_test/public_test/8c2908c9b1644bd0bb870e363d6294c0.jpeg
8c37ca4de2934fab94a2eed6075370a0,0.9074250621581847,data/public_test/public_test/8c37ca4de2934fab94a2eed6075370a0.jpeg
8c385f332b35497fa966ed408052b6a3,0.211508342132195,data/public_test/public_test/8c385f332b35497fa966ed408052b6a3.jpeg
8c5bc11eaba04038910fcdcb21beefb8,0.9415468228802952,data/public_test/public_test/8c5bc11eaba04038910fcdcb21beefb8.jpeg
8c5ee505a3054d28aa028f0a427121fc,0.9646212740733758,data/public_test/public_test/8c5ee505a3054d28aa028f0a427121fc.jpeg
8c62ed00dbc14ac79306286aac478acd,0.7097096120748673,data/public_test/public_test/8c62ed00dbc14ac79306286aac478acd.jpeg
8c69f872c16b482c81df8ebc3cbd0a64,0.4032535716317249,data/public_test/public_test/8c69f872c16b482c81df8ebc3cbd0a64.jpeg
8c71547a2cd94c8c9f49951e714ac836,0.5825848378791274,data/public_test/public_test/8c71547a2cd94c8c9f49951e714ac836.jpeg
8c71fa4253344eabaf9d3d804eadb45a,0.4976430112135577,data/public_test/public_test/8c71fa4253344eabaf9d3d804eadb45a.jpeg
8c783ed769194d959c6aff97ba2b0312,0.7724304679878354,data/public_test/public_test/8c783ed769194d959c6aff97ba2b0312.jpeg
8c91ce1a2d76495b8709c495f211357b,0.8011317352833879,data/public_test/public_test/8c91ce1a2d76495b8709c495f211357b.jpeg
8c94baeeadf54762a6dcaed0f2c9712c,0.6323811524596458,data/public_test/public_test/8c94baeeadf54762a6dcaed0f2c9712c.jpeg
8c98bd6b8f0c47c0a259ee96cd83935c,0.7810031743533911,data/public_test/public_test/8c98bd6b8f0c47c0a259ee96cd83935c.jpeg
8ca80bb312f84cc6bd2b2e5149765db1,0.9891878355985502,data/public_test/public_test/8ca80bb312f84cc6bd2b2e5149765db1.jpeg
8cae6ddcf906458db7db2498dbe2270c,0.2786903603432719,data/public_test/public_test/8cae6ddcf906458db7db2498dbe2270c.jpeg
8cb51fbc0e7a4fdebcac1e4b1d49aa94,0.2283574133249953,data/public_test/public_test/8cb51fbc0e7a4fdebcac1e4b1d49aa94.jpeg
8cb8da0e644d4c779696deb452ee1bcb,0.7367498898647292,data/public_test/public_test/8cb8da0e644d4c779696deb452ee1bcb.jpeg
8cc56e4b622b4bfa909e0dd039cb8e5d,0.6159607944957706,data/public_test/public_test/8cc56e4b622b4bfa909e0dd039cb8e5d.jpeg
8cd4397a351d4fe280090a482a0001a3,0.2791157824954682,data/public_test/public_test/8cd4397a351d4fe280090a482a0001a3.jpeg
8cdc6bfa0df6462facc8c444eee2dde5,0.1155422748572688,data/public_test/public_test/8cdc6bfa0df6462facc8c444eee2dde5.jpeg
8cf450a50c8c4995b3b6a91522fc36b5,0.1260414754782399,data/public_test/public_test/8cf450a50c8c4995b3b6a91522fc36b5.jpeg
8cff5853b58640cd85ef2ad859bbfce1,0.5994530237874719,data/public_test/public_test/8cff5853b58640cd85ef2ad859bbfce1.jpeg
8d02ae4cfefa42e59591e2bee3619df2,0.8718523022738962,data/public_test/public_test/8d02ae4cfefa42e59591e2bee3619df2.jpeg
8d14eabb43b145aa9b3037b2ad5a6775,0.4533918034325166,data/public_test/public_test/8d14eabb43b145aa9b3037b2ad5a6775.jpeg
8d15ad25e96e46ae98e3c27a19ec7aeb,0.6749693704371172,data/public_test/public_test/8d15ad25e96e46ae98e3c27a19ec7aeb.jpeg
8d3589fd1d074c32ac48e03333be2cd9,0.1970509340572504,data/public_test/public_test/8d3589fd1d074c32ac48e03333be2cd9.jpeg
8d3a63774f464f0c94d34f78404d6aa0,0.0792031825717483,data/public_test/public_test/8d3a63774f464f0c94d34f78404d6aa0.jpeg
8d3a8c0cbb6a4838bab961b6bed18bb2,0.7097096120748673,data/public_test/public_test/8d3a8c0cbb6a4838bab961b6bed18bb2.jpeg
8d4d11a5b3c24b56813027c429df4d9d,0.1732933197377819,data/public_test/public_test/8d4d11a5b3c24b56813027c429df4d9d.jpeg
8d4d9edb4d9a48c382333046e3ef6c3a,0.155172102756602,data/public_test/public_test/8d4d9edb4d9a48c382333046e3ef6c3a.jpeg
8d5637424fbc45078ac28d17a2437dac,0.4009736318362678,data/public_test/public_test/8d5637424fbc45078ac28d17a2437dac.jpeg
8d58caf6c80b4684926e39e8f44e4d22,0.182977651398071,data/public_test/public_test/8d58caf6c80b4684926e39e8f44e4d22.jpeg
8d5c9b7bdd584b0e85550a5efbb14f94,0.3056031839551775,data/public_test/public_test/8d5c9b7bdd584b0e85550a5efbb14f94.jpeg
8d71fea9bcac4c679e9dc14eb00f4caa,0.7814059805865249,data/public_test/public_test/8d71fea9bcac4c679e9dc14eb00f4caa.jpeg
8d76e17f8128436c96cf974bed4d8f18,0.5478304727193132,data/public_test/public_test/8d76e17f8128436c96cf974bed4d8f18.jpeg
8d8d1fcab9a5468e94869e7942a82633,0.2114304860633139,data/public_test/public_test/8d8d1fcab9a5468e94869e7942a82633.jpeg
8d97d83a4600480292a8a8b395775773,0.159476331725542,data/public_test/public_test/8d97d83a4600480292a8a8b395775773.jpeg
8da0d91ca3334ed183cff2c1629cdd74,0.9105787569003864,data/public_test/public_test/8da0d91ca3334ed183cff2c1629cdd74.jpeg
8da15142ebda427694d4c69998c48fb5,0.5825848378791274,data/public_test/public_test/8da15142ebda427694d4c69998c48fb5.jpeg
8da7d0bedcfb4bf5b263e2980ca4f2b1,0.2086582014621306,data/public_test/public_test/8da7d0bedcfb4bf5b263e2980ca4f2b1.jpeg
8daae67718934854a4d2c38a0d98359b,0.3507707805898725,data/public_test/public_test/8daae67718934854a4d2c38a0d98359b.jpeg
8dbeec59b15c447eaffb8c8122e84c65,0.5825848378791274,data/public_test/public_test/8dbeec59b15c447eaffb8c8122e84c65.jpeg
8dc199551ef14f73a035eaff6a468e3b,0.9646212740733758,data/public_test/public_test/8dc199551ef14f73a035eaff6a468e3b.jpeg
8dcd47165aa24b179196f7cf3c0e7b05,0.6848444985867134,data/public_test/public_test/8dcd47165aa24b179196f7cf3c0e7b05.jpeg
8de33cf00df24c92bff2c36b36b3a0af,0.8234015837103579,data/public_test/public_test/8de33cf00df24c92bff2c36b36b3a0af.jpeg
8df0c53f91a045c0b277a59cd819f959,0.3307670349728264,data/public_test/public_test/8df0c53f91a045c0b277a59cd819f959.jpeg
8dfb409e1a60495aa0aac99a34e5bddd,0.3903517581040307,data/public_test/public_test/8dfb409e1a60495aa0aac99a34e5bddd.jpeg
8e076967d3b54694829b0b5148f181af,0.7471666334588054,data/public_test/public_test/8e076967d3b54694829b0b5148f181af.jpeg
8e2b76e0959e45b2b1f0ec75cd2b5638,0.8702719141299468,data/public_test/public_test/8e2b76e0959e45b2b1f0ec75cd2b5638.jpeg
8e2d573cd9474b43ba666f6043d3e77b,0.6461998433175563,data/public_test/public_test/8e2d573cd9474b43ba666f6043d3e77b.jpeg
8e3b208fb39d4f6cafdeab57c0b15ff5,0.1999579372196835,data/public_test/public_test/8e3b208fb39d4f6cafdeab57c0b15ff5.jpeg
8e628f912d5b41279748161ea509c9fe,0.6155129665513012,data/public_test/public_test/8e628f912d5b41279748161ea509c9fe.jpeg
8e6df983430d42b18116d82d59028988,0.354482315566513,data/public_test/public_test/8e6df983430d42b18116d82d59028988.jpeg
8e7e62d8c43b42cb9668d3d927fe3f3d,0.3540983811751019,data/public_test/public_test/8e7e62d8c43b42cb9668d3d927fe3f3d.jpeg
8e86d3c17e8a41d0a321b04922e7e34a,0.1450637843556916,data/public_test/public_test/8e86d3c17e8a41d0a321b04922e7e34a.jpeg
8e880424c10e4916a3d508828ad58b28,0.5490596161966718,data/public_test/public_test/8e880424c10e4916a3d508828ad58b28.jpeg
8e8bdbe5224e4eb8accf8d0f40268102,0.6560113207879158,data/public_test/public_test/8e8bdbe5224e4eb8accf8d0f40268102.jpeg
8e8f90a49272475a8037cf27b62fa631,0.889061690425646,data/public_test/public_test/8e8f90a49272475a8037cf27b62fa631.jpeg
8e8f9683493744d0a8cd1ba9e43317bf,0.1585782307248712,data/public_test/public_test/8e8f9683493744d0a8cd1ba9e43317bf.jpeg
8e94a5064e65460586809f7f16c4f4af,0.395811081323933,data/public_test/public_test/8e94a5064e65460586809f7f16c4f4af.jpeg
8e9dbf7d6f224b81b8be3fab155afabc,0.0880964318968162,data/public_test/public_test/8e9dbf7d6f224b81b8be3fab155afabc.jpeg
8ebd16076f4b4b28af21ccba9b2911ac,0.6323811524596458,data/public_test/public_test/8ebd16076f4b4b28af21ccba9b2911ac.jpeg
8ec0f1d5e0a04a50ac4938d9efcd25e1,0.5765025774182971,data/public_test/public_test/8ec0f1d5e0a04a50ac4938d9efcd25e1.jpeg
8ec86e1aecc74ae59fa925d22cb3e360,0.7189647229272332,data/public_test/public_test/8ec86e1aecc74ae59fa925d22cb3e360.jpeg
8ece51ed45034318b113c30a85a9de4a,0.5652688240263136,data/public_test/public_test/8ece51ed45034318b113c30a85a9de4a.jpeg
8ed23514637243d987ba93948b46b4ac,0.5468944970470685,data/public_test/public_test/8ed23514637243d987ba93948b46b4ac.jpeg
8edb3f3588e8411cb9c7eb7879f2bacd,0.2916126039256341,data/public_test/public_test/8edb3f3588e8411cb9c7eb7879f2bacd.jpeg
8ee19fb225c74b139fb319712411f587,0.154526426795241,data/public_test/public_test/8ee19fb225c74b139fb319712411f587.jpeg
8ee3ad73d93645daa52cd5504de8e60c,0.157895018477935,data/public_test/public_test/8ee3ad73d93645daa52cd5504de8e60c.jpeg
8ee94f7ee1f04353a6f0832f9f85bfc0,0.5994530237874719,data/public_test/public_test/8ee94f7ee1f04353a6f0832f9f85bfc0.jpeg
8efa4b7f9aee4ca3a2e387eaf7a93916,0.6323811524596458,data/public_test/public_test/8efa4b7f9aee4ca3a2e387eaf7a93916.jpeg
8efbf0aaa8bd412281effb38d5e0c553,0.6972967922399449,data/public_test/public_test/8efbf0aaa8bd412281effb38d5e0c553.jpeg
8efc85482a18497f94c5bf2e5e52946b,0.1459095692436206,data/public_test/public_test/8efc85482a18497f94c5bf2e5e52946b.jpeg
8f163c8ac70142cd95781410dfe352bd,0.7549638901036014,data/public_test/public_test/8f163c8ac70142cd95781410dfe352bd.jpeg
8f1a2fbcac9c403b8d6642a3f63b39fe,0.1354196960689669,data/public_test/public_test/8f1a2fbcac9c403b8d6642a3f63b39fe.jpeg
8f1bf8d165f6483986ae268f8d9df892,0.4404680862337087,data/public_test/public_test/8f1bf8d165f6483986ae268f8d9df892.jpeg
8f3795d2429047bb8b30cd4c7391e7e1,0.1921505835733151,data/public_test/public_test/8f3795d2429047bb8b30cd4c7391e7e1.jpeg
8f40cb233deb4694b36101d92f3f476b,0.3058167628276271,data/public_test/public_test/8f40cb233deb4694b36101d92f3f476b.jpeg
8f431f2a8f41418e888474588d233998,0.4778951290741946,data/public_test/public_test/8f431f2a8f41418e888474588d233998.jpeg
8f45aaa201e24e21a469101d89cfd067,0.9105787569003864,data/public_test/public_test/8f45aaa201e24e21a469101d89cfd067.jpeg
8f4664634e3544edb3f4ac1355bfb3de,0.1136242238783032,data/public_test/public_test/8f4664634e3544edb3f4ac1355bfb3de.jpeg
8f4ddfbd0b824cf6918461d43a644f90,0.5654820754284418,data/public_test/public_test/8f4ddfbd0b824cf6918461d43a644f90.jpeg
8f53657d32e4444abbce2a04d6f2f75d,0.4309769143068785,data/public_test/public_test/8f53657d32e4444abbce2a04d6f2f75d.jpeg
8f5cdc84cf4c48e189af170c80588619,0.4073272191962432,data/public_test/public_test/8f5cdc84cf4c48e189af170c80588619.jpeg
8f63111aa08c450b942f3dc562384af4,0.1195512593134739,data/public_test/public_test/8f63111aa08c450b942f3dc562384af4.jpeg
8f6e51962bc548dd9b23b3e797546c1c,0.5825848378791274,data/public_test/public_test/8f6e51962bc548dd9b23b3e797546c1c.jpeg
8f7846bc0d544ea6a6f06b30c642e6fd,0.0828286365166053,data/public_test/public_test/8f7846bc0d544ea6a6f06b30c642e6fd.jpeg
8f8d56684eff4497b3b77e4b3de38361,0.3548660043551832,data/public_test/public_test/8f8d56684eff4497b3b77e4b3de38361.jpeg
8f95a218e02746018f9980b666064931,0.9963530827100592,data/public_test/public_test/8f95a218e02746018f9980b666064931.jpeg
8f9f17297f5b48408f051bac620382ac,0.4090769940927872,data/public_test/public_test/8f9f17297f5b48408f051bac620382ac.jpeg
8f9ffa1b69924872aa106d55c66c7086,0.7284343322978678,data/public_test/public_test/8f9ffa1b69924872aa106d55c66c7086.jpeg
8fa3954a4f654b6d87be79c300ede35f,0.8218211955664084,data/public_test/public_test/8fa3954a4f654b6d87be79c300ede35f.jpeg
8fb6c84d11af49eaa1b9ea801684b425,0.1844285959818623,data/public_test/public_test/8fb6c84d11af49eaa1b9ea801684b425.jpeg
8fbfbdee5b144819b4dfb2c373c1a902,0.3148153334303127,data/public_test/public_test/8fbfbdee5b144819b4dfb2c373c1a902.jpeg
8fc5569a55fb4825b0bf86d72513c049,0.1749550324070986,data/public_test/public_test/8fc5569a55fb4825b0bf86d72513c049.jpeg
8fc9fb3a35be4ffca5ab76c70c077a8d,0.8188339730909425,data/public_test/public_test/8fc9fb3a35be4ffca5ab76c70c077a8d.jpeg
8fd64c9deb2f48c496825ccd43c48ef1,0.0922126260428252,data/public_test/public_test/8fd64c9deb2f48c496825ccd43c48ef1.jpeg
8fd7afcde9504ad69c0321b222e54964,0.1450565581772689,data/public_test/public_test/8fd7afcde9504ad69c0321b222e54964.jpeg
8fe2f319c4434e8f96e84e7ec2fb801a,0.1073957001629388,data/public_test/public_test/8fe2f319c4434e8f96e84e7ec2fb801a.jpeg
8fe9d2b37d3c4f8f9e4c4d8e05b8e845,0.0649569573780693,data/public_test/public_test/8fe9d2b37d3c4f8f9e4c4d8e05b8e845.jpeg
8fefaef1018440b781838006caf7a0a5,0.9891878355985502,data/public_test/public_test/8fefaef1018440b781838006caf7a0a5.jpeg
8ff6608d1bb34e8e81340b3f6fdab4e2,0.4599383813329516,data/public_test/public_test/8ff6608d1bb34e8e81340b3f6fdab4e2.jpeg
8ffa55c630214121ad848367dcd37451,0.7810031743533911,data/public_test/public_test/8ffa55c630214121ad848367dcd37451.jpeg
9000506597864f83a69e76897a047ac9,0.1042447534425168,data/public_test/public_test/9000506597864f83a69e76897a047ac9.jpeg
9004e622441a4ad89080d70e135ca71a,0.3119576827742139,data/public_test/public_test/9004e622441a4ad89080d70e135ca71a.jpeg
900730403eb5421d9d6837c9d5dd21bc,0.1556788521630849,data/public_test/public_test/900730403eb5421d9d6837c9d5dd21bc.jpeg
900dfa0f08ea438f91eca7490a5c61b4,0.6155129665513012,data/public_test/public_test/900dfa0f08ea438f91eca7490a5c61b4.jpeg
90461165bc84457992e2d0c37af964df,0.958052481405022,data/public_test/public_test/90461165bc84457992e2d0c37af964df.jpeg
9046f07ba94a4abeb3e7c2dbf30afcdc,0.179307369495152,data/public_test/public_test/9046f07ba94a4abeb3e7c2dbf30afcdc.jpeg
9053a8779987457f9e91c95c19e90bea,0.7439252121464562,data/public_test/public_test/9053a8779987457f9e91c95c19e90bea.jpeg
905c15844ed04441826c64e94a961ed0,0.7650306443339852,data/public_test/public_test/905c15844ed04441826c64e94a961ed0.jpeg
905d5c2c4770487196965cecf6d078e0,0.6986631894446239,data/public_test/public_test/905d5c2c4770487196965cecf6d078e0.jpeg
905f8ae04d1241d8aa6cd0d30f83705d,0.196331320755186,data/public_test/public_test/905f8ae04d1241d8aa6cd0d30f83705d.jpeg
9068490b43994adb81d1e40485a494f8,0.6903943564347684,data/public_test/public_test/9068490b43994adb81d1e40485a494f8.jpeg
907013dffb80460f916125c589cdf132,0.5825827366112325,data/public_test/public_test/907013dffb80460f916125c589cdf132.jpeg
907dd37bbd9e474885bb0cc79b5c8590,0.7857390583263087,data/public_test/public_test/907dd37bbd9e474885bb0cc79b5c8590.jpeg
9082f0e7400f4943a61dcb0c4e3a2d84,0.1269367329449544,data/public_test/public_test/9082f0e7400f4943a61dcb0c4e3a2d84.jpeg
908fd2fddd784e438b654e625b236727,0.783327614636589,data/public_test/public_test/908fd2fddd784e438b654e625b236727.jpeg
9099e8ec8a76426689757b5f17066484,0.7403096000492129,data/public_test/public_test/9099e8ec8a76426689757b5f17066484.jpeg
90ab81946c1d40a3a52dc7a40b1fbe48,0.7097096120748673,data/public_test/public_test/90ab81946c1d40a3a52dc7a40b1fbe48.jpeg
90ac47dfdb4649ff804d28113366c285,0.2250721300920316,data/public_test/public_test/90ac47dfdb4649ff804d28113366c285.jpeg
90b50a5122524175acd0eb6ff6dca189,0.1529083031546043,data/public_test/public_test/90b50a5122524175acd0eb6ff6dca189.jpeg
90b51c1dc7ee4dcdbd09456171dd4e22,0.1324779073716572,data/public_test/public_test/90b51c1dc7ee4dcdbd09456171dd4e22.jpeg
90b782ba9a084659a26aba52e66de74a,0.7097096120748673,data/public_test/public_test/90b782ba9a084659a26aba52e66de74a.jpeg
90bf50b7611642bf89fc47367be728a4,0.5825848378791274,data/public_test/public_test/90bf50b7611642bf89fc47367be728a4.jpeg
90c030af193e490d98e207702efcebef,0.9285771752400106,data/public_test/public_test/90c030af193e490d98e207702efcebef.jpeg
90c18ae47de4471483e6d321b3028ae2,0.3607084323750161,data/public_test/public_test/90c18ae47de4471483e6d321b3028ae2.jpeg
90c54d4a93014e45ba6bf38f2edce53a,0.3187828847041196,data/public_test/public_test/90c54d4a93014e45ba6bf38f2edce53a.jpeg
90cfe48e37544eefaf9b1aa4a22e2856,0.8487548476552064,data/public_test/public_test/90cfe48e37544eefaf9b1aa4a22e2856.jpeg
90e96b1fb080437cabac58f13059c354,0.9105787569003864,data/public_test/public_test/90e96b1fb080437cabac58f13059c354.jpeg
90fc3338ac774f7db683b142d1c3878c,0.7376894431502338,data/public_test/public_test/90fc3338ac774f7db683b142d1c3878c.jpeg
9101246278c6418fa098c6f01fd96bc3,0.3126834088556085,data/public_test/public_test/9101246278c6418fa098c6f01fd96bc3.jpeg
9101aec3790644d3ba3178ed59519609,0.7171533331252834,data/public_test/public_test/9101aec3790644d3ba3178ed59519609.jpeg
910670c516c24e0cabeac12afdb039db,0.6972967922399449,data/public_test/public_test/910670c516c24e0cabeac12afdb039db.jpeg
9113170db50748e1b1eb62102a10a958,0.3196353936493121,data/public_test/public_test/9113170db50748e1b1eb62102a10a958.jpeg
911b47d953314c619f93080d6b609c49,0.9595452412199196,data/public_test/public_test/911b47d953314c619f93080d6b609c49.jpeg
911cb69e63c3462287a1b776d2b72ed4,0.548166061575628,data/public_test/public_test/911cb69e63c3462287a1b776d2b72ed4.jpeg
911e4627b3fa426aab3d009fd46012c3,0.3604532129222981,data/public_test/public_test/911e4627b3fa426aab3d009fd46012c3.jpeg
912ce89683e5463ebacfb9c58cbd97bf,0.5889465901657798,data/public_test/public_test/912ce89683e5463ebacfb9c58cbd97bf.jpeg
912d468b26e04dc8b97added86947243,0.3912055660148308,data/public_test/public_test/912d468b26e04dc8b97added86947243.jpeg
9134f55bc20c4f66a54a69acda78dc4f,0.421444887728551,data/public_test/public_test/9134f55bc20c4f66a54a69acda78dc4f.jpeg
9139aac9d74c421b9097390e3861f0c8,0.2041298163293642,data/public_test/public_test/9139aac9d74c421b9097390e3861f0c8.jpeg
91400792a80d4eeb8cbda286f0833034,0.3157534922380324,data/public_test/public_test/91400792a80d4eeb8cbda286f0833034.jpeg
914d36207d584b498aac521a353f0fcb,0.9270844154251128,data/public_test/public_test/914d36207d584b498aac521a353f0fcb.jpeg
9150b0e900064296855820f722543473,0.0632082249287147,data/public_test/public_test/9150b0e900064296855820f722543473.jpeg
91659d35b4474c3ea149a9d604c552a5,0.4103131809109724,data/public_test/public_test/91659d35b4474c3ea149a9d604c552a5.jpeg
916891346ea243849a425169b02ff1e0,0.6611506795792067,data/public_test/public_test/916891346ea243849a425169b02ff1e0.jpeg
916fdae3b53b40cca38ea2db95809681,0.7279426069568325,data/public_test/public_test/916fdae3b53b40cca38ea2db95809681.jpeg
917497eb35a74cddbadb6cd88044e353,0.6253083256595562,data/public_test/public_test/917497eb35a74cddbadb6cd88044e353.jpeg
91753a6000de4427bddb9f596f7ec71b,0.5490596161966718,data/public_test/public_test/91753a6000de4427bddb9f596f7ec71b.jpeg
917ab3e5e7e0472abcd953aa8cf87f4d,0.2156525254394546,data/public_test/public_test/917ab3e5e7e0472abcd953aa8cf87f4d.jpeg
9193bf5a70734251a6eb36671c29bc36,0.1485193794449074,data/public_test/public_test/9193bf5a70734251a6eb36671c29bc36.jpeg
919b9368eeb64a98a47a05d84a183e73,0.9105787569003864,data/public_test/public_test/919b9368eeb64a98a47a05d84a183e73.jpeg
91a0327ed0834edbaf5db1165d1e1ff8,0.2299406149847882,data/public_test/public_test/91a0327ed0834edbaf5db1165d1e1ff8.jpeg
91a7cfa097e9449a9b4c65eb8659b549,0.6323811524596458,data/public_test/public_test/91a7cfa097e9449a9b4c65eb8659b549.jpeg
91aa5cbb167e49999100c69526daab70,0.5317436023438579,data/public_test/public_test/91aa5cbb167e49999100c69526daab70.jpeg
91afb98ee9b74f8c81268673c4313a21,0.4912454691497102,data/public_test/public_test/91afb98ee9b74f8c81268673c4313a21.jpeg
91c160ce5c1a4e9d9f042377386e86e4,0.7372416152057645,data/public_test/public_test/91c160ce5c1a4e9d9f042377386e86e4.jpeg
91d5211337b94eb1a7d3aec64f3ce768,0.7538965497119806,data/public_test/public_test/91d5211337b94eb1a7d3aec64f3ce768.jpeg
91db3bf53f03404ca1d1bfa9b64481b6,0.3244965977852592,data/public_test/public_test/91db3bf53f03404ca1d1bfa9b64481b6.jpeg
91e4d1323d094ae3927637fe1623b6b8,0.548166061575628,data/public_test/public_test/91e4d1323d094ae3927637fe1623b6b8.jpeg
91e500ce47964835aaf0d30af5480b58,0.204137948509009,data/public_test/public_test/91e500ce47964835aaf0d30af5480b58.jpeg
91f61e805ceb451cb83173f7281660ee,0.4480822473995862,data/public_test/public_test/91f61e805ceb451cb83173f7281660ee.jpeg
91f81a3a8e524fd08df3d49bba419267,0.1746988687482877,data/public_test/public_test/91f81a3a8e524fd08df3d49bba419267.jpeg
91fb110874bd434e9a42b89d8127d4e5,0.9295392325588844,data/public_test/public_test/91fb110874bd434e9a42b89d8127d4e5.jpeg
9203b3c0e9a54aaf8aafd66365dc1c36,0.8708690180559059,data/public_test/public_test/9203b3c0e9a54aaf8aafd66365dc1c36.jpeg
921def60cdf5435bbafaa1e1cb6ac517,0.8329742438977159,data/public_test/public_test/921def60cdf5435bbafaa1e1cb6ac517.jpeg
922b53889fdb4ddea5dbf61a838b29f1,0.6323811524596458,data/public_test/public_test/922b53889fdb4ddea5dbf61a838b29f1.jpeg
922f731508e44ec8a51b41ca04c3ab96,0.9595452412199196,data/public_test/public_test/922f731508e44ec8a51b41ca04c3ab96.jpeg
923224ce5f7f4fae9a2549b610f8040e,0.2733583657710363,data/public_test/public_test/923224ce5f7f4fae9a2549b610f8040e.jpeg
9236c4789cc649549ad5ec761166f482,0.1596455520140566,data/public_test/public_test/9236c4789cc649549ad5ec761166f482.jpeg
923cfea806b14b4798aa47c7499417e8,0.5185203234819132,data/public_test/public_test/923cfea806b14b4798aa47c7499417e8.jpeg
923e601b362741f4a717c5ded303cad5,0.1731284820937337,data/public_test/public_test/923e601b362741f4a717c5ded303cad5.jpeg
924111e11e9d42fa85dc8280a9047f60,0.1388317730814057,data/public_test/public_test/924111e11e9d42fa85dc8280a9047f60.jpeg
9246298b552c4b3a84a7dcbcb7fa5785,0.1261401163613038,data/public_test/public_test/9246298b552c4b3a84a7dcbcb7fa5785.jpeg
92488969917444f1893087fa313bc0d2,0.2047692758124597,data/public_test/public_test/92488969917444f1893087fa313bc0d2.jpeg
92520b48911141dc9bffd173d4c5f185,0.1033444092701453,data/public_test/public_test/92520b48911141dc9bffd173d4c5f185.jpeg
9258aa2126db48af9ade2da188658d2f,0.369922071840113,data/public_test/public_test/9258aa2126db48af9ade2da188658d2f.jpeg
925d4f2b80d64fdc8de5eb5b969142a9,0.333923303085969,data/public_test/public_test/925d4f2b80d64fdc8de5eb5b969142a9.jpeg
925ffe6b82a54f998eceec57125d70c0,0.9885696248459258,data/public_test/public_test/925ffe6b82a54f998eceec57125d70c0.jpeg
92740e4f6bbb446ba93ca401e1495e21,0.6611506795792067,data/public_test/public_test/92740e4f6bbb446ba93ca401e1495e21.jpeg
927d3e1b0cc6408890a7430ed299cbec,0.4060062066491725,data/public_test/public_test/927d3e1b0cc6408890a7430ed299cbec.jpeg
927df1d8566242f59174fc498db3477c,0.1912553806849876,data/public_test/public_test/927df1d8566242f59174fc498db3477c.jpeg
927e0b712f4d483987dd838bbec62824,0.6862503696097016,data/public_test/public_test/927e0b712f4d483987dd838bbec62824.jpeg
9287fe0793754457a130d8094a455620,0.6611506795792067,data/public_test/public_test/9287fe0793754457a130d8094a455620.jpeg
92ca636f20634b759cadc593cb1398c5,0.2610309665694164,data/public_test/public_test/92ca636f20634b759cadc593cb1398c5.jpeg
92d188d3145748479a480c259d8d9c52,0.984111802745094,data/public_test/public_test/92d188d3145748479a480c259d8d9c52.jpeg
92d89f0d20b64ae5b82b205c6ec11dd4,0.119557901503157,data/public_test/public_test/92d89f0d20b64ae5b82b205c6ec11dd4.jpeg
92ddfd39b2364132bab45d8ec52d7629,0.5825848378791274,data/public_test/public_test/92ddfd39b2364132bab45d8ec52d7629.jpeg
92e04deebf6942d0ac20dafa18626fba,0.1224559701836582,data/public_test/public_test/92e04deebf6942d0ac20dafa18626fba.jpeg
92e72602d2e645e8b740aa8a9173420e,0.2004613955494377,data/public_test/public_test/92e72602d2e645e8b740aa8a9173420e.jpeg
92e919cf27d7472098cb196b4175ce99,0.0805679478826596,data/public_test/public_test/92e919cf27d7472098cb196b4175ce99.jpeg
92ec24f0dcc34df8b43bfb6ef6060031,0.2089921775271131,data/public_test/public_test/92ec24f0dcc34df8b43bfb6ef6060031.jpeg
92ede1f206454d15bf622a07d2449c7c,0.4342188049933551,data/public_test/public_test/92ede1f206454d15bf622a07d2449c7c.jpeg
92ef7c85fa7347e993d5ece8a603d878,0.0863274931641798,data/public_test/public_test/92ef7c85fa7347e993d5ece8a603d878.jpeg
93055d65301f44d2ba9d4f4dc89ea357,0.9640433094232352,data/public_test/public_test/93055d65301f44d2ba9d4f4dc89ea357.jpeg
930c21ecfee8459ca23733dcf25139ad,0.3578936721442451,data/public_test/public_test/930c21ecfee8459ca23733dcf25139ad.jpeg
9315c41df1ba4d9ca719d7a51c36f84f,0.7284343322978678,data/public_test/public_test/9315c41df1ba4d9ca719d7a51c36f84f.jpeg
931c2c48a841451c8a22a3b0ca6262de,0.2130871284004896,data/public_test/public_test/931c2c48a841451c8a22a3b0ca6262de.jpeg
931dcc6ee1e24debb0aa2f1303f4641c,0.6473319887212962,data/public_test/public_test/931dcc6ee1e24debb0aa2f1303f4641c.jpeg
932b91988eb2403c9566e8db08c03c50,0.5047229577642156,data/public_test/public_test/932b91988eb2403c9566e8db08c03c50.jpeg
932ddf0df1cc44109b09b3d57a3b4ada,0.1258051087648093,data/public_test/public_test/932ddf0df1cc44109b09b3d57a3b4ada.jpeg
93531e0e5a534d7ca4a65ba5f34a9e2d,0.0450815064461374,data/public_test/public_test/93531e0e5a534d7ca4a65ba5f34a9e2d.jpeg
935ec1ba0b7145f3b4a6abbcd5214ac3,0.0901206337448801,data/public_test/public_test/935ec1ba0b7145f3b4a6abbcd5214ac3.jpeg
93745ed41477449b9d8668b140c64a53,0.1157541836310798,data/public_test/public_test/93745ed41477449b9d8668b140c64a53.jpeg
93800cff6412441db59ac4d2ece3349c,0.5490596161966718,data/public_test/public_test/93800cff6412441db59ac4d2ece3349c.jpeg
93825ea233b9412b9632cf97b7837e71,0.7550681853075459,data/public_test/public_test/93825ea233b9412b9632cf97b7837e71.jpeg
9382af5380a64e328e5f0b175d0ab620,0.7535564308495549,data/public_test/public_test/9382af5380a64e328e5f0b175d0ab620.jpeg
93842af23fbf410985c44198849386e7,0.535262250478974,data/public_test/public_test/93842af23fbf410985c44198849386e7.jpeg
938ce533009e46b3874c60ee5dcccbc4,0.8908127779323943,data/public_test/public_test/938ce533009e46b3874c60ee5dcccbc4.jpeg
9395b6c8dfdc44a2a0d27dabfd2da8c0,0.8730868326380397,data/public_test/public_test/9395b6c8dfdc44a2a0d27dabfd2da8c0.jpeg
9397eb9784094e8aa5238b473188d4d7,0.6284608278640041,data/public_test/public_test/9397eb9784094e8aa5238b473188d4d7.jpeg
939b7c8f67f54c11b1b800681ba91074,0.2474249049200237,data/public_test/public_test/939b7c8f67f54c11b1b800681ba91074.jpeg
93a0c46be24c4411901ad6562d8b96da,0.2907180068574008,data/public_test/public_test/93a0c46be24c4411901ad6562d8b96da.jpeg
93a75120f90b47899e4c39574df556ec,0.1273553218831136,data/public_test/public_test/93a75120f90b47899e4c39574df556ec.jpeg
93a94f5f6ec1438696b18eb218d83960,0.4479111004940146,data/public_test/public_test/93a94f5f6ec1438696b18eb218d83960.jpeg
93c31d1b267b4cd0959a622fb1fa91cd,0.8218211955664084,data/public_test/public_test/93c31d1b267b4cd0959a622fb1fa91cd.jpeg
93c43f5f25784e14a0ceb084f01a80e0,0.2825274556278441,data/public_test/public_test/93c43f5f25784e14a0ceb084f01a80e0.jpeg
93c8c1cf00f54f0dac8cf61a2655ca99,0.0732320341553836,data/public_test/public_test/93c8c1cf00f54f0dac8cf61a2655ca99.jpeg
93c91f35071844869a6272cbd60cc17e,0.0937911885397335,data/public_test/public_test/93c91f35071844869a6272cbd60cc17e.jpeg
93ddad8096b24013bcec11e70283ecc0,0.5516847097107441,data/public_test/public_test/93ddad8096b24013bcec11e70283ecc0.jpeg
93f453b3ffb040968390543776b5ca9a,0.4133837336675235,data/public_test/public_test/93f453b3ffb040968390543776b5ca9a.jpeg
9405ba8e77fc4b80b1dcc0ed0c5409a7,0.1474115855529328,data/public_test/public_test/9405ba8e77fc4b80b1dcc0ed0c5409a7.jpeg
940ee256315c45beb323e2dea3711d56,0.5937759409906854,data/public_test/public_test/940ee256315c45beb323e2dea3711d56.jpeg
9411952f46484ee6a1cb4f9c8b8b3385,0.5652688240263136,data/public_test/public_test/9411952f46484ee6a1cb4f9c8b8b3385.jpeg
9420c76fe91f4907871381b2138b474d,0.4146630292245842,data/public_test/public_test/9420c76fe91f4907871381b2138b474d.jpeg
9423bebaad954c8699bbb47ee98a3db0,0.3853627122835804,data/public_test/public_test/9423bebaad954c8699bbb47ee98a3db0.jpeg
94268f1b2f504a20aed6b15c4309457a,0.5044687480116549,data/public_test/public_test/94268f1b2f504a20aed6b15c4309457a.jpeg
94332e023af546429719ca928a7245e6,0.5185203234819132,data/public_test/public_test/94332e023af546429719ca928a7245e6.jpeg
944acc42d295499eb4e05cbcab6b0c98,0.1566231292079737,data/public_test/public_test/944acc42d295499eb4e05cbcab6b0c98.jpeg
9459b9e850734a82bbeacf37ae93895f,0.7097096120748673,data/public_test/public_test/9459b9e850734a82bbeacf37ae93895f.jpeg
946156340bec4be8b7dd405ea84ce062,0.8487548476552064,data/public_test/public_test/946156340bec4be8b7dd405ea84ce062.jpeg
9465f6b4cdf244c494e32d78229de1bd,0.656291382957881,data/public_test/public_test/9465f6b4cdf244c494e32d78229de1bd.jpeg
947198fa429f4251a3deab0461730d46,0.7171533331252834,data/public_test/public_test/947198fa429f4251a3deab0461730d46.jpeg
94758afb53544e47bf306db799c56f50,0.1572140275713448,data/public_test/public_test/94758afb53544e47bf306db799c56f50.jpeg
947b420cb2504bf29bcdcb1718b8f12d,0.1818228573282366,data/public_test/public_test/947b420cb2504bf29bcdcb1718b8f12d.jpeg
9484279362cf4fb794c1078e5bf36b4f,0.5990926085874261,data/public_test/public_test/9484279362cf4fb794c1078e5bf36b4f.jpeg
9487f07782ed470990f72b73a7200763,0.6237444706734517,data/public_test/public_test/9487f07782ed470990f72b73a7200763.jpeg
9496bb2ec4e94b4a8487828c3b9a1f10,0.0766440020110487,data/public_test/public_test/9496bb2ec4e94b4a8487828c3b9a1f10.jpeg
949d3e7513944ed1823897090d57f77f,0.1653177227560241,data/public_test/public_test/949d3e7513944ed1823897090d57f77f.jpeg
94a1e8e749194d6dbe54b9c075bc3430,0.7097096120748673,data/public_test/public_test/94a1e8e749194d6dbe54b9c075bc3430.jpeg
94a43bebf3074899b9577bca75632674,0.889061690425646,data/public_test/public_test/94a43bebf3074899b9577bca75632674.jpeg
94ba71660b9d45a18874635393285903,0.1824635120780048,data/public_test/public_test/94ba71660b9d45a18874635393285903.jpeg
94c5bcc0fd6a4258818ee4db74b734cf,0.8922415623266536,data/public_test/public_test/94c5bcc0fd6a4258818ee4db74b734cf.jpeg
94c66ae3e0f947819a48e7cbb3ca7356,0.6164939230010912,data/public_test/public_test/94c66ae3e0f947819a48e7cbb3ca7356.jpeg
94cdcc58b5814b88b6b29dbffbe38ac0,0.4352221399462246,data/public_test/public_test/94cdcc58b5814b88b6b29dbffbe38ac0.jpeg
94e8cbee308c49c2bc68f1264f1746a0,0.5994530237874719,data/public_test/public_test/94e8cbee308c49c2bc68f1264f1746a0.jpeg
94e8f259441f45dfa766e407bbe4b34a,0.1741886754455928,data/public_test/public_test/94e8f259441f45dfa766e407bbe4b34a.jpeg
94f9993076974d3199f5a1972bbd4891,0.2441008137250705,data/public_test/public_test/94f9993076974d3199f5a1972bbd4891.jpeg
95139296915e4397b33ef6a6190f2985,0.3691108760048677,data/public_test/public_test/95139296915e4397b33ef6a6190f2985.jpeg
9513e30b0d3b496fa316fa44f9e4816e,0.8859079956834446,data/public_test/public_test/9513e30b0d3b496fa316fa44f9e4816e.jpeg
95151075e65f45a196b59c40dd4ef1ac,0.1046882151160359,data/public_test/public_test/95151075e65f45a196b59c40dd4ef1ac.jpeg
95175a475866487797c8c720e5ac48fa,0.984111802745094,data/public_test/public_test/95175a475866487797c8c720e5ac48fa.jpeg
9520ea49514142afae40235f5ca878c9,0.8321425634294157,data/public_test/public_test/9520ea49514142afae40235f5ca878c9.jpeg
952a25c98f08405abcb2e2590154e835,0.7623637137574516,data/public_test/public_test/952a25c98f08405abcb2e2590154e835.jpeg
952b4ff285a34305bcf2213fe7721064,0.8859079956834446,data/public_test/public_test/952b4ff285a34305bcf2213fe7721064.jpeg
953075a47f4a4695943f8850c944ce6f,0.1343127863468597,data/public_test/public_test/953075a47f4a4695943f8850c944ce6f.jpeg
953397d05555435fbef303b838320f0a,0.8329742438977159,data/public_test/public_test/953397d05555435fbef303b838320f0a.jpeg
9534ae0d001a4ac3be16e863c31a1d04,0.0636350115405829,data/public_test/public_test/9534ae0d001a4ac3be16e863c31a1d04.jpeg
95374ac818654079941a65da22bd8a96,0.6304638028129516,data/public_test/public_test/95374ac818654079941a65da22bd8a96.jpeg
953f9f0b16dd4344bb4f3786617f86f2,0.505042834867408,data/public_test/public_test/953f9f0b16dd4344bb4f3786617f86f2.jpeg
9547bc0e862c4935b1fc53f837fe9d64,0.1214778026894377,data/public_test/public_test/9547bc0e862c4935b1fc53f837fe9d64.jpeg
954894e43de44c81a9d6de4648063e3e,0.0873506305202683,data/public_test/public_test/954894e43de44c81a9d6de4648063e3e.jpeg
954c0cf2a714428cb3400d3523a0cc93,0.5819898461367404,data/public_test/public_test/954c0cf2a714428cb3400d3523a0cc93.jpeg
95545b0b2be94b8d8780a7e9dff9009d,0.548166061575628,data/public_test/public_test/95545b0b2be94b8d8780a7e9dff9009d.jpeg
95551a6f090f43e0a406d04cc8038045,0.3205314152134428,data/public_test/public_test/95551a6f090f43e0a406d04cc8038045.jpeg
9558996846ee49dab6d0d076afe945ba,0.1702692977849635,data/public_test/public_test/9558996846ee49dab6d0d076afe945ba.jpeg
955f3327ad774aeb9c6ad2278302d583,0.3574250921326252,data/public_test/public_test/955f3327ad774aeb9c6ad2278302d583.jpeg
956c98d992a042d9b50a089529d56615,0.411762897481059,data/public_test/public_test/956c98d992a042d9b50a089529d56615.jpeg
956d470382344c3092f743fb3ee02cd2,0.469983330133318,data/public_test/public_test/956d470382344c3092f743fb3ee02cd2.jpeg
957ede52847d46799939ac7b86993b82,0.8859079956834446,data/public_test/public_test/957ede52847d46799939ac7b86993b82.jpeg
9584f64c08ed45d9b01e63388c46ede1,0.2020813584817122,data/public_test/public_test/9584f64c08ed45d9b01e63388c46ede1.jpeg
9588677ff4404fd6ae64126a2bd3b033,0.6323811524596458,data/public_test/public_test/9588677ff4404fd6ae64126a2bd3b033.jpeg
958d619ce4a04450a978aaccfd6bbd5b,0.5825848378791274,data/public_test/public_test/958d619ce4a04450a978aaccfd6bbd5b.jpeg
958e71f692f04ce683fdc74fe4b1fb99,0.6028245081246705,data/public_test/public_test/958e71f692f04ce683fdc74fe4b1fb99.jpeg
9597468e85384f0c9eedaa4e215d14db,0.7919003210021446,data/public_test/public_test/9597468e85384f0c9eedaa4e215d14db.jpeg
95b57afd7c534c678e217bd62b033a58,0.5317436023438579,data/public_test/public_test/95b57afd7c534c678e217bd62b033a58.jpeg
95baf82d07c642668f08de16d259b237,0.6860157930673605,data/public_test/public_test/95baf82d07c642668f08de16d259b237.jpeg
95be266da6ff44709e8c809be9acccdb,0.5195304234258363,data/public_test/public_test/95be266da6ff44709e8c809be9acccdb.jpeg
95c4d3c22d8146d9b62c0d4805397cea,0.5654820754284418,data/public_test/public_test/95c4d3c22d8146d9b62c0d4805397cea.jpeg
95c7feac3e5e4dfbb39b2e763eb5ab24,0.5179462366261602,data/public_test/public_test/95c7feac3e5e4dfbb39b2e763eb5ab24.jpeg
95da773751b44137bebf900c7854b914,0.2014877039098037,data/public_test/public_test/95da773751b44137bebf900c7854b914.jpeg
95e41cbaca8443c7817c70ebe48d494c,0.6597448085562184,data/public_test/public_test/95e41cbaca8443c7817c70ebe48d494c.jpeg
95e7f390412d42c38e33e68c7a633a65,0.1696692357104356,data/public_test/public_test/95e7f390412d42c38e33e68c7a633a65.jpeg
95ed5b5822be4a9f94901cdf9eed319b,0.3716710771814019,data/public_test/public_test/95ed5b5822be4a9f94901cdf9eed319b.jpeg
95ef54256c23419d87d1b91ef8f139c2,0.3772155808897043,data/public_test/public_test/95ef54256c23419d87d1b91ef8f139c2.jpeg
95f09b847e824852a9cabff4f56e173a,0.7921562226846985,data/public_test/public_test/95f09b847e824852a9cabff4f56e173a.jpeg
95f551f7d1724922b825ad1adc56384d,0.9760508997446462,data/public_test/public_test/95f551f7d1724922b825ad1adc56384d.jpeg
95fb10eddd6846559ea252fcc53100f0,0.548166061575628,data/public_test/public_test/95fb10eddd6846559ea252fcc53100f0.jpeg
960b88d2a4b94e7384442ef0d31432ef,0.6323811524596458,data/public_test/public_test/960b88d2a4b94e7384442ef0d31432ef.jpeg
9614862df3d243bebe599662eccfa814,0.889061690425646,data/public_test/public_test/9614862df3d243bebe599662eccfa814.jpeg
96151189b87c4031ac4107ceb8d15cee,0.1307262495207659,data/public_test/public_test/96151189b87c4031ac4107ceb8d15cee.jpeg
961bce0122db400792b2bcfd8d007c18,0.548166061575628,data/public_test/public_test/961bce0122db400792b2bcfd8d007c18.jpeg
962dd8a34c9c47a1b94b6f5122309c93,0.1338851865170269,data/public_test/public_test/962dd8a34c9c47a1b94b6f5122309c93.jpeg
9643f8e9974049d5bda1e7f80557d5bd,0.633610942690889,data/public_test/public_test/9643f8e9974049d5bda1e7f80557d5bd.jpeg
9651996720cb4bda8481b1f16d58ebe6,0.5819898461367404,data/public_test/public_test/9651996720cb4bda8481b1f16d58ebe6.jpeg
96528832581c4c6e83e2b15f61baa767,0.6461998433175563,data/public_test/public_test/96528832581c4c6e83e2b15f61baa767.jpeg
965f1dbe90b74a67b947ed53892e3f18,0.4287813745288892,data/public_test/public_test/965f1dbe90b74a67b947ed53892e3f18.jpeg
965f9e5bbfb04e04b7e226d3874ce46d,0.1586694803298922,data/public_test/public_test/965f9e5bbfb04e04b7e226d3874ce46d.jpeg
9670e658b1cb43f180a969fbb46876c3,0.6611506795792067,data/public_test/public_test/9670e658b1cb43f180a969fbb46876c3.jpeg
9684b8e50e834c5ea8f6e28314d67ee9,0.7810031743533911,data/public_test/public_test/9684b8e50e834c5ea8f6e28314d67ee9.jpeg
9693f2b51823401184d58ce28f23c4ae,0.9450828337647372,data/public_test/public_test/9693f2b51823401184d58ce28f23c4ae.jpeg
9697414b82a8436c836ed954bc7e04d3,0.9285771752400106,data/public_test/public_test/9697414b82a8436c836ed954bc7e04d3.jpeg
96ae5f59b565497f84c5b9dab83d4e78,0.5990926085874261,data/public_test/public_test/96ae5f59b565497f84c5b9dab83d4e78.jpeg
96af066f6ffc4304947476abca155f82,0.1298971724415198,data/public_test/public_test/96af066f6ffc4304947476abca155f82.jpeg
96b98611bc314f8eb32f992e10ffa563,0.3780256360366639,data/public_test/public_test/96b98611bc314f8eb32f992e10ffa563.jpeg
96c1390ba16a490f8da5c101667a900c,0.889061690425646,data/public_test/public_test/96c1390ba16a490f8da5c101667a900c.jpeg
96c24b079dc74023be27a9196d5fe099,0.1306469307511164,data/public_test/public_test/96c24b079dc74023be27a9196d5fe099.jpeg
96c492b885514a8e9f3bdf07f5d92f0d,0.4008441528001583,data/public_test/public_test/96c492b885514a8e9f3bdf07f5d92f0d.jpeg
96c9f685ae524fa8b7d679eec8da338a,0.6155129665513012,data/public_test/public_test/96c9f685ae524fa8b7d679eec8da338a.jpeg
96d16b6132464816902a3a31d91de9be,0.6098404792546898,data/public_test/public_test/96d16b6132464816902a3a31d91de9be.jpeg
96d1ba994f564cc4b9f08ecd2b37216d,0.4137682193006422,data/public_test/public_test/96d1ba994f564cc4b9f08ecd2b37216d.jpeg
96dc1509324d495b9bc8d4bea5116872,0.5490596161966718,data/public_test/public_test/96dc1509324d495b9bc8d4bea5116872.jpeg
96e6030560334fa887a98ae1a01013fe,0.4713269858886446,data/public_test/public_test/96e6030560334fa887a98ae1a01013fe.jpeg
96ed3c6a37ec445390f1ec1d616c7d54,0.8439353659671079,data/public_test/public_test/96ed3c6a37ec445390f1ec1d616c7d54.jpeg
96f4d57519c444e493c2c256181578d1,0.4849750756248525,data/public_test/public_test/96f4d57519c444e493c2c256181578d1.jpeg
96f95fa777354d72bbb790fdac833758,0.3813941785988097,data/public_test/public_test/96f95fa777354d72bbb790fdac833758.jpeg
9707713ed6ab49c2b895f0275c74333c,0.963128514258478,data/public_test/public_test/9707713ed6ab49c2b895f0275c74333c.jpeg
9708d15805814b6c8b9ffc52b4be09dc,0.3184404653626871,data/public_test/public_test/9708d15805814b6c8b9ffc52b4be09dc.jpeg
9708e942af0e417faace1def851be383,0.3204870893765399,data/public_test/public_test/9708e942af0e417faace1def851be383.jpeg
9709daf9041d4dcb9d6ae386d4ac99ba,0.908022166084144,data/public_test/public_test/9709daf9041d4dcb9d6ae386d4ac99ba.jpeg
9714f9c31e36436a8c8b135b2ba36f30,0.1525654799331089,data/public_test/public_test/9714f9c31e36436a8c8b135b2ba36f30.jpeg
97153be0608e498086e8834b7f97491c,0.8511669162674561,data/public_test/public_test/97153be0608e498086e8834b7f97491c.jpeg
97193fa19a964e33b89d03a437a778cd,0.1893761867885597,data/public_test/public_test/97193fa19a964e33b89d03a437a778cd.jpeg
971c91873d5f4411a5e2aeeb745f74fe,0.0958163618830837,data/public_test/public_test/971c91873d5f4411a5e2aeeb745f74fe.jpeg
971f67213b6d47a9b9ad329831628315,0.926890161394997,data/public_test/public_test/971f67213b6d47a9b9ad329831628315.jpeg
97233aed54444ae2a420573b5b2dc49c,0.3147730324515631,data/public_test/public_test/97233aed54444ae2a420573b5b2dc49c.jpeg
9724df48e10c4322a2e67076fc36ad55,0.6309116307574208,data/public_test/public_test/9724df48e10c4322a2e67076fc36ad55.jpeg
9731918c2486473cbdb2205fd4575cdc,0.4846773259641601,data/public_test/public_test/9731918c2486473cbdb2205fd4575cdc.jpeg
973595d5096d46d48425319772b6e856,0.6984286129022829,data/public_test/public_test/973595d5096d46d48425319772b6e856.jpeg
9736baa3385b410ca9136c11c061cac2,0.1686872641026498,data/public_test/public_test/9736baa3385b410ca9136c11c061cac2.jpeg
97379f06a39a4b7383304d2dfb8e356c,0.90706010876527,data/public_test/public_test/97379f06a39a4b7383304d2dfb8e356c.jpeg
973fe47834814712bc3724436c5dc3fd,0.2513513559395923,data/public_test/public_test/973fe47834814712bc3724436c5dc3fd.jpeg
9745fc2b453c4e16a12e8d7a133f469f,0.1615716151002158,data/public_test/public_test/9745fc2b453c4e16a12e8d7a133f469f.jpeg
9746702feb594a899d8e83f9a1ebe1b2,0.3590453497881888,data/public_test/public_test/9746702feb594a899d8e83f9a1ebe1b2.jpeg
9753450801054e1cbaa803ab6dc867f4,0.2831676410034853,data/public_test/public_test/9753450801054e1cbaa803ab6dc867f4.jpeg
975377071fd64d559ec7d0938bfde76e,0.889061690425646,data/public_test/public_test/975377071fd64d559ec7d0938bfde76e.jpeg
9755abb6966c467fad41956e04a8dd6a,0.2069887495775546,data/public_test/public_test/9755abb6966c467fad41956e04a8dd6a.jpeg
9756013f2a864af4b424fcb343549e3f,0.8908127779323943,data/public_test/public_test/9756013f2a864af4b424fcb343549e3f.jpeg
975ab8543dcb494898a7e11a1d1a6711,0.1914630978386864,data/public_test/public_test/975ab8543dcb494898a7e11a1d1a6711.jpeg
975dcf643fa44ebd89560f6d77b6bbf0,0.3922281193821796,data/public_test/public_test/975dcf643fa44ebd89560f6d77b6bbf0.jpeg
975e0a7db77948ff8467c0320b2b39a5,0.4117208530207277,data/public_test/public_test/975e0a7db77948ff8467c0320b2b39a5.jpeg
9766227fbe504ba89970c8f430dc4ab4,0.505042834867408,data/public_test/public_test/9766227fbe504ba89970c8f430dc4ab4.jpeg
9768b18b3f354211b09a24d56190fe8e,0.7810031743533911,data/public_test/public_test/9768b18b3f354211b09a24d56190fe8e.jpeg
976dae00b6654ad38a5c85bdb780a9c2,0.7966362049750623,data/public_test/public_test/976dae00b6654ad38a5c85bdb780a9c2.jpeg
9778c8a0d42f4014bd8c5d09a97f3e43,0.5317436023438579,data/public_test/public_test/9778c8a0d42f4014bd8c5d09a97f3e43.jpeg
977d4664b450446f80eaff4b15ad912c,0.1283890365305789,data/public_test/public_test/977d4664b450446f80eaff4b15ad912c.jpeg
977d9b01e49d4b6ea7fe91e777a01df5,0.9868633953153522,data/public_test/public_test/977d9b01e49d4b6ea7fe91e777a01df5.jpeg
97801ffb07a3414b950a51b462c3cdd3,0.7445785468199557,data/public_test/public_test/97801ffb07a3414b950a51b462c3cdd3.jpeg
979ff79bf2844273a47b3f53715ff313,0.7097096120748673,data/public_test/public_test/979ff79bf2844273a47b3f53715ff313.jpeg
97a17bcd5cc145c3a830385271599c08,0.1175901323426651,data/public_test/public_test/97a17bcd5cc145c3a830385271599c08.jpeg
97b39442eec74169a9642c0a08d4518d,0.4136395862295292,data/public_test/public_test/97b39442eec74169a9642c0a08d4518d.jpeg
97b9a42b21844211aed3a8158bbef7bd,0.7718611458252568,data/public_test/public_test/97b9a42b21844211aed3a8158bbef7bd.jpeg
97c714ba59a1433e8ac758f28b8c6735,0.3378899429007151,data/public_test/public_test/97c714ba59a1433e8ac758f28b8c6735.jpeg
97c80c6d137048a4ab68d345dd454dda,0.888464586499687,data/public_test/public_test/97c80c6d137048a4ab68d345dd454dda.jpeg
97d27d7130f3431780423da02b0a9563,0.5825848378791274,data/public_test/public_test/97d27d7130f3431780423da02b0a9563.jpeg
97e4bea76d1e4ab5a84a2329e4bc60b1,0.6323811524596458,data/public_test/public_test/97e4bea76d1e4ab5a84a2329e4bc60b1.jpeg
97f2fa1d5fd942678fc04209e1d35eb7,0.8708690180559059,data/public_test/public_test/97f2fa1d5fd942678fc04209e1d35eb7.jpeg
97f872b296f74a84a82fe03b8aff5981,0.6873821902720395,data/public_test/public_test/97f872b296f74a84a82fe03b8aff5981.jpeg
9804342ddd064f94ada1a919f10737c8,0.1380621305010098,data/public_test/public_test/9804342ddd064f94ada1a919f10737c8.jpeg
980ed460c43c494e98dbe77f4cb6d289,0.6155129665513012,data/public_test/public_test/980ed460c43c494e98dbe77f4cb6d289.jpeg
9818af965f4a4faebff41988cfb4df23,0.958052481405022,data/public_test/public_test/9818af965f4a4faebff41988cfb4df23.jpeg
981a50ec5cc04f21adbe1d581635209a,0.6611506795792067,data/public_test/public_test/981a50ec5cc04f21adbe1d581635209a.jpeg
98369e39691347adbc71b145710d4c45,0.5990926085874261,data/public_test/public_test/98369e39691347adbc71b145710d4c45.jpeg
983d21ed14464352b17b7be4b5be641d,0.1070616531460533,data/public_test/public_test/983d21ed14464352b17b7be4b5be641d.jpeg
984416a3130344bfa975b2dfb1f1c982,0.8550884142984154,data/public_test/public_test/984416a3130344bfa975b2dfb1f1c982.jpeg
984ca2ea7732424a9e298b64e720ce55,0.8270855143033754,data/public_test/public_test/984ca2ea7732424a9e298b64e720ce55.jpeg
984f41246afa4278bf66eea769836441,0.6986631894446239,data/public_test/public_test/984f41246afa4278bf66eea769836441.jpeg
9852c59b1f6f4dd2bc3347094122db63,0.0995051417657753,data/public_test/public_test/9852c59b1f6f4dd2bc3347094122db63.jpeg
9860bf5b9e994695b3264eacc74946ab,0.3026174569275119,data/public_test/public_test/9860bf5b9e994695b3264eacc74946ab.jpeg
986ab3bb8e1d4c51826efd7d41c76640,0.3431789051438169,data/public_test/public_test/986ab3bb8e1d4c51826efd7d41c76640.jpeg
986ddd9233274b82be20f507aedf4605,0.6323811524596458,data/public_test/public_test/986ddd9233274b82be20f507aedf4605.jpeg
98738bdf649542a89cc0d63e46047d17,0.1257832378407277,data/public_test/public_test/98738bdf649542a89cc0d63e46047d17.jpeg
987b97c84d4549d6a7ac406d7e4fc60c,0.9270844154251128,data/public_test/public_test/987b97c84d4549d6a7ac406d7e4fc60c.jpeg
988512aeb6cd4ecf9b1bd28facba7bd3,0.1399454559813244,data/public_test/public_test/988512aeb6cd4ecf9b1bd28facba7bd3.jpeg
988db37e961b468d80a5ea2f8a98a066,0.1357866279284059,data/public_test/public_test/988db37e961b468d80a5ea2f8a98a066.jpeg
988e4b56a2ef440ea47142f6896beb28,0.4713269858886446,data/public_test/public_test/988e4b56a2ef440ea47142f6896beb28.jpeg
989b5dd8a7ca45118a19e76919dfc729,0.7279426069568325,data/public_test/public_test/989b5dd8a7ca45118a19e76919dfc729.jpeg
98abe66ad490479f9c00724cc538a2cb,0.8054648130231717,data/public_test/public_test/98abe66ad490479f9c00724cc538a2cb.jpeg
98b38b5df07a4ff19368c0032f06831a,0.7724304679878354,data/public_test/public_test/98b38b5df07a4ff19368c0032f06831a.jpeg
98bd74a850aa435eba2c789f0274cdc4,0.6158733817513472,data/public_test/public_test/98bd74a850aa435eba2c789f0274cdc4.jpeg
98c9918c30404fd597951404edc39a82,0.8923860845306462,data/public_test/public_test/98c9918c30404fd597951404edc39a82.jpeg
98d96d5480004c37a242099da826820a,0.0813775009084599,data/public_test/public_test/98d96d5480004c37a242099da826820a.jpeg
98e2b86654ba4961aaab529a0e636a5d,0.8132484892008529,data/public_test/public_test/98e2b86654ba4961aaab529a0e636a5d.jpeg
98e6dd92beff4141b642d93bc8c46fe7,0.2878171164742981,data/public_test/public_test/98e6dd92beff4141b642d93bc8c46fe7.jpeg
98e8171a6aad46eeada15fce9b0b20a2,0.2232803926027366,data/public_test/public_test/98e8171a6aad46eeada15fce9b0b20a2.jpeg
98fc67bc9d9741cc9ecd66aa999df199,0.217437664401776,data/public_test/public_test/98fc67bc9d9741cc9ecd66aa999df199.jpeg
99016faeab564c42b6fb40d8b822a401,0.5229761834897367,data/public_test/public_test/99016faeab564c42b6fb40d8b822a401.jpeg
992875c8b53e4370aded51b49e31e179,0.1261664299660773,data/public_test/public_test/992875c8b53e4370aded51b49e31e179.jpeg
9934757bd89b46f0b094db70846eead3,0.1755560932661063,data/public_test/public_test/9934757bd89b46f0b094db70846eead3.jpeg
9942c0da7c7f43f7b8cb4299e6ac7c8f,0.1270223828074817,data/public_test/public_test/9942c0da7c7f43f7b8cb4299e6ac7c8f.jpeg
9948acef07f74c57847eff97e29d99e1,0.9270844154251128,data/public_test/public_test/9948acef07f74c57847eff97e29d99e1.jpeg
9955059e4ae14eb6ba76ea1b529c16ad,0.1991906797147942,data/public_test/public_test/9955059e4ae14eb6ba76ea1b529c16ad.jpeg
99646c814b8f43d9bc85d8a24d3b68e3,0.3517096107117508,data/public_test/public_test/99646c814b8f43d9bc85d8a24d3b68e3.jpeg
9968fde861e249dd87910b10d54accdf,0.360325562262149,data/public_test/public_test/9968fde861e249dd87910b10d54accdf.jpeg
997bfd9156e24f0ab593b2c3367dc9ab,0.5994530237874719,data/public_test/public_test/997bfd9156e24f0ab593b2c3367dc9ab.jpeg
9994fd04cf244929948504a3c06f6bd3,0.2107418105198512,data/public_test/public_test/9994fd04cf244929948504a3c06f6bd3.jpeg
999a8f0e99ab47a18955602aca2ddb10,0.908022166084144,data/public_test/public_test/999a8f0e99ab47a18955602aca2ddb10.jpeg
99afb11bda164bc8a8278faf9f311ad0,0.8799156312836408,data/public_test/public_test/99afb11bda164bc8a8278faf9f311ad0.jpeg
99b38bd4e7b14377b582a4fe648ed6a6,0.1416058205644852,data/public_test/public_test/99b38bd4e7b14377b582a4fe648ed6a6.jpeg
99c6a3c0764f475daee38a5a6e26b4a3,0.1218578947624127,data/public_test/public_test/99c6a3c0764f475daee38a5a6e26b4a3.jpeg
99ccc2b7a7944817a7be2c787c731b09,0.6984286129022829,data/public_test/public_test/99ccc2b7a7944817a7be2c787c731b09.jpeg
99d22e96c095445c9c7bcd787c72686e,0.4074124651787076,data/public_test/public_test/99d22e96c095445c9c7bcd787c72686e.jpeg
99ec2b5fcdc54f1c83a46d0d3a1a2aa5,0.7287115591206345,data/public_test/public_test/99ec2b5fcdc54f1c83a46d0d3a1a2aa5.jpeg
99eee57c2cfe4956b867fb846f395c09,0.5317436023438579,data/public_test/public_test/99eee57c2cfe4956b867fb846f395c09.jpeg
99f54e17af96468d93e32f73b27f3e33,0.9105787569003864,data/public_test/public_test/99f54e17af96468d93e32f73b27f3e33.jpeg
9a0054a053274ba88ce4e41ed451061f,0.2460565592669332,data/public_test/public_test/9a0054a053274ba88ce4e41ed451061f.jpeg
9a0b912cf0274898b4e087b39681a9ed,0.4543303142708317,data/public_test/public_test/9a0b912cf0274898b4e087b39681a9ed.jpeg
9a1e23d90fe8464b9e8a2e2ce7481c5f,0.3755941770880163,data/public_test/public_test/9a1e23d90fe8464b9e8a2e2ce7481c5f.jpeg
9a20a3a0944047168270bccf568f6b3a,0.5488463647945435,data/public_test/public_test/9a20a3a0944047168270bccf568f6b3a.jpeg
9a21a659486249818f48bbfb6dac1b64,0.5825848378791274,data/public_test/public_test/9a21a659486249818f48bbfb6dac1b64.jpeg
9a25801e5b074584860926beb41ee780,0.8400138679361486,data/public_test/public_test/9a25801e5b074584860926beb41ee780.jpeg
9a26e855b5c5431798c6bcc7057838b6,0.0875614040636322,data/public_test/public_test/9a26e855b5c5431798c6bcc7057838b6.jpeg
9a286dae0f9444e4aa8c6a7f23123191,0.3451838394568533,data/public_test/public_test/9a286dae0f9444e4aa8c6a7f23123191.jpeg
9a29d249623649e297cf11b1f78178f4,0.5047229577642156,data/public_test/public_test/9a29d249623649e297cf11b1f78178f4.jpeg
9a4099011ce14d9cbecd1090c353c462,0.548166061575628,data/public_test/public_test/9a4099011ce14d9cbecd1090c353c462.jpeg
9a5389a7814548d89b7fb8c62c4ad788,0.9295392325588844,data/public_test/public_test/9a5389a7814548d89b7fb8c62c4ad788.jpeg
9a7e359143d44e4fb365adecc64a7eb1,0.3892435057536064,data/public_test/public_test/9a7e359143d44e4fb365adecc64a7eb1.jpeg
9a7e9bfd94da41c3bc2c5f4debfa48be,0.1338030296712598,data/public_test/public_test/9a7e9bfd94da41c3bc2c5f4debfa48be.jpeg
9a8efeb0be4d47de9546f6b9e28c2b43,0.9475376508985086,data/public_test/public_test/9a8efeb0be4d47de9546f6b9e28c2b43.jpeg
9a9c1f0e6c424a53ad959f42ec790587,0.4022088526170053,data/public_test/public_test/9a9c1f0e6c424a53ad959f42ec790587.jpeg
9aa50e8b4e844a1bb1df71eff6b1c3f9,0.6309116307574208,data/public_test/public_test/9aa50e8b4e844a1bb1df71eff6b1c3f9.jpeg
9aa5d0fd5393478383c684519c158815,0.2740834751166592,data/public_test/public_test/9aa5d0fd5393478383c684519c158815.jpeg
9aa978cc779648f2b2c6ed382cb4f67c,0.1187609028707983,data/public_test/public_test/9aa978cc779648f2b2c6ed382cb4f67c.jpeg
9ac3daad6fd045848e89fd7d943969c0,0.6323811524596458,data/public_test/public_test/9ac3daad6fd045848e89fd7d943969c0.jpeg
9ac59c4925d94f4bb7fdd0a374d50edb,0.372992084270634,data/public_test/public_test/9ac59c4925d94f4bb7fdd0a374d50edb.jpeg
9ac942f8e0c24c369015ae68fb93ce37,0.5817765947346122,data/public_test/public_test/9ac942f8e0c24c369015ae68fb93ce37.jpeg
9add036d57a449fb95168a163e0288ea,0.2598758832341315,data/public_test/public_test/9add036d57a449fb95168a163e0288ea.jpeg
9ae827fe276d4bb3a617f9eb3c314f96,0.2433314167474155,data/public_test/public_test/9ae827fe276d4bb3a617f9eb3c314f96.jpeg
9b01f532ca56462a83e7008ad3ac0222,0.8908127779323943,data/public_test/public_test/9b01f532ca56462a83e7008ad3ac0222.jpeg
9b02e4ac0aca4c00972db5606aaaf14c,0.8329742438977159,data/public_test/public_test/9b02e4ac0aca4c00972db5606aaaf14c.jpeg
9b08a73b0df94ee28f6c5cbf0810a007,0.6158733817513472,data/public_test/public_test/9b08a73b0df94ee28f6c5cbf0810a007.jpeg
9b09389f02114520beaccf8b6de958c9,0.9640433094232352,data/public_test/public_test/9b09389f02114520beaccf8b6de958c9.jpeg
9b101ffe020f4e67b46a5eb22c12b3f7,0.1790509056552133,data/public_test/public_test/9b101ffe020f4e67b46a5eb22c12b3f7.jpeg
9b14d42639e848d6968162186e395419,0.9295392325588844,data/public_test/public_test/9b14d42639e848d6968162186e395419.jpeg
9b17ecc211654f53ac488527d6c7b254,0.6749693704371172,data/public_test/public_test/9b17ecc211654f53ac488527d6c7b254.jpeg
9b1c5c2d7d204e73a2e283ada32bf6f2,0.2429482682847754,data/public_test/public_test/9b1c5c2d7d204e73a2e283ada32bf6f2.jpeg
9b1fc171795341c7977268359593b249,0.6159607944957706,data/public_test/public_test/9b1fc171795341c7977268359593b249.jpeg
9b1fcd18401f4b0b88960d11f5f9c728,0.8923860845306462,data/public_test/public_test/9b1fcd18401f4b0b88960d11f5f9c728.jpeg
9b2277bf37ab4d089e01cc8c7586307e,0.1570075002264798,data/public_test/public_test/9b2277bf37ab4d089e01cc8c7586307e.jpeg
9b2302f46f694b4792a1e5e9ff866643,0.5990926085874261,data/public_test/public_test/9b2302f46f694b4792a1e5e9ff866643.jpeg
9b23be73f5da4c48848291bee9e5949d,0.6611506795792067,data/public_test/public_test/9b23be73f5da4c48848291bee9e5949d.jpeg
9b26cc4f946a44709b76b788f552354e,0.6873821902720395,data/public_test/public_test/9b26cc4f946a44709b76b788f552354e.jpeg
9b29adc22d7541dab79cf89c01dae7d4,0.8218211955664084,data/public_test/public_test/9b29adc22d7541dab79cf89c01dae7d4.jpeg
9b3caf3fac86439db7141341f3b191a1,0.9105787569003864,data/public_test/public_test/9b3caf3fac86439db7141341f3b191a1.jpeg
9b4061cac8fe4004973f30097c177912,0.1905684898547758,data/public_test/public_test/9b4061cac8fe4004973f30097c177912.jpeg
9b488cfe176c450f80badc8cf25ce5f3,0.5317436023438579,data/public_test/public_test/9b488cfe176c450f80badc8cf25ce5f3.jpeg
9b4d4feb885f474c9e4e7fcd9b6c7b7d,0.4912454691497102,data/public_test/public_test/9b4d4feb885f474c9e4e7fcd9b6c7b7d.jpeg
9b570a5a0b5442989e00b6870869e021,0.4912454691497102,data/public_test/public_test/9b570a5a0b5442989e00b6870869e021.jpeg
9b5dff4bc00d4897a51e00ded6179777,0.6461998433175563,data/public_test/public_test/9b5dff4bc00d4897a51e00ded6179777.jpeg
9b6529e1e88b45cf9955fef680d083b6,0.5490596161966718,data/public_test/public_test/9b6529e1e88b45cf9955fef680d083b6.jpeg
9b678cb7da594df08040102e8a2e4b68,0.1433148445084668,data/public_test/public_test/9b678cb7da594df08040102e8a2e4b68.jpeg
9b6a4c11495047868c8280607e68f879,0.5654820754284418,data/public_test/public_test/9b6a4c11495047868c8280607e68f879.jpeg
9b6d0e8ec7df4afeb75a518da784d485,0.9949242983158,data/public_test/public_test/9b6d0e8ec7df4afeb75a518da784d485.jpeg
9b6d19afc0a94787a44c39cd60a1d032,0.5825848378791274,data/public_test/public_test/9b6d19afc0a94787a44c39cd60a1d032.jpeg
9b7d7fc94ebb4de9966a66191f773bbe,0.6297794853536811,data/public_test/public_test/9b7d7fc94ebb4de9966a66191f773bbe.jpeg
9b810511d5c54804968eb55b39801896,0.5652688240263136,data/public_test/public_test/9b810511d5c54804968eb55b39801896.jpeg
9b86e063680c4220a12feb686a34e562,0.5990926085874261,data/public_test/public_test/9b86e063680c4220a12feb686a34e562.jpeg
9ba1b76585e84d358432fb67d7a99e86,0.90706010876527,data/public_test/public_test/9ba1b76585e84d358432fb67d7a99e86.jpeg
9ba62012ac9e4036bf528158598821d2,0.9949242983158,data/public_test/public_test/9ba62012ac9e4036bf528158598821d2.jpeg
9bae6198ce514fca98f96e0669b18c70,0.3575102671631867,data/public_test/public_test/9bae6198ce514fca98f96e0669b18c70.jpeg
9bb51ae68e0b4d92846be373408e96a5,0.8439353659671079,data/public_test/public_test/9bb51ae68e0b4d92846be373408e96a5.jpeg
9bbc442b3e044cc1b0774ebc0cdd1494,0.8011317352833879,data/public_test/public_test/9bbc442b3e044cc1b0774ebc0cdd1494.jpeg
9bc0ac46b399476eafec7ca8c0b1e07f,0.145450038328545,data/public_test/public_test/9bc0ac46b399476eafec7ca8c0b1e07f.jpeg
9bc17602b29d4b24b429232005766d66,0.7371787231661054,data/public_test/public_test/9bc17602b29d4b24b429232005766d66.jpeg
9bc312f76eb1458c9671ee3a38bf261b,0.5990926085874261,data/public_test/public_test/9bc312f76eb1458c9671ee3a38bf261b.jpeg
9bc4ef8a9a244f039b189c2c7bbfbb21,0.2609404537726182,data/public_test/public_test/9bc4ef8a9a244f039b189c2c7bbfbb21.jpeg
9bc6a59ad6d24f7d8912f07006a8ab36,0.3120849513856548,data/public_test/public_test/9bc6a59ad6d24f7d8912f07006a8ab36.jpeg
9bc77356aedc4d91884acaa0598fb1bd,0.4846773259641601,data/public_test/public_test/9bc77356aedc4d91884acaa0598fb1bd.jpeg
9bd5aea9c5704cba8b3f5c525c62c751,0.0761759132049107,data/public_test/public_test/9bd5aea9c5704cba8b3f5c525c62c751.jpeg
9bdc4e8da36a408e9f7d77e0ad811118,0.6611506795792067,data/public_test/public_test/9bdc4e8da36a408e9f7d77e0ad811118.jpeg
9be0fc58c6994fea8433a098ea836cc5,0.5994530237874719,data/public_test/public_test/9be0fc58c6994fea8433a098ea836cc5.jpeg
9beb30f75ae14065bbeaff3befa442f4,0.9295392325588844,data/public_test/public_test/9beb30f75ae14065bbeaff3befa442f4.jpeg
9c098da81d9246f8940b9f4126f634c3,0.9475376508985086,data/public_test/public_test/9c098da81d9246f8940b9f4126f634c3.jpeg
9c0db7015be54cdd84db44f9789b0e4d,0.9760508997446462,data/public_test/public_test/9c0db7015be54cdd84db44f9789b0e4d.jpeg
9c0e37ca90bb441eaeeabecf3b4ac6c3,0.8732810866681554,data/public_test/public_test/9c0e37ca90bb441eaeeabecf3b4ac6c3.jpeg
9c108d7a0faa4ae2a558aa45a5c20e34,0.8702719141299468,data/public_test/public_test/9c108d7a0faa4ae2a558aa45a5c20e34.jpeg
9c1cd94ea34541c7ac429a8590cfb363,0.9380281747451792,data/public_test/public_test/9c1cd94ea34541c7ac429a8590cfb363.jpeg
9c1fb568ab2a430fbaa7f6257557d1ec,0.756605925899989,data/public_test/public_test/9c1fb568ab2a430fbaa7f6257557d1ec.jpeg
9c273e733d7a4defa2fc3d13ae79806c,0.5488463647945435,data/public_test/public_test/9c273e733d7a4defa2fc3d13ae79806c.jpeg
9c3b850a331e40f29d062d9e05b87c57,0.3290611438282515,data/public_test/public_test/9c3b850a331e40f29d062d9e05b87c57.jpeg
9c43fad6edb44c84b09674e83b47f1e7,0.0953664272128809,data/public_test/public_test/9c43fad6edb44c84b09674e83b47f1e7.jpeg
9c56998391b74b258d62f256b954e28a,0.4523047534209346,data/public_test/public_test/9c56998391b74b258d62f256b954e28a.jpeg
9c5a9d3af8384fd888826966447881de,0.4775973794135022,data/public_test/public_test/9c5a9d3af8384fd888826966447881de.jpeg
9c5c40bfb1bf409a87d6e293a0665d3f,0.1457890628943138,data/public_test/public_test/9c5c40bfb1bf409a87d6e293a0665d3f.jpeg
9c61e34dc33048c0bbfd8b69e9956378,0.4912454691497102,data/public_test/public_test/9c61e34dc33048c0bbfd8b69e9956378.jpeg
9c631eb361f44b41acee381e53a5d1e7,0.8511669162674561,data/public_test/public_test/9c631eb361f44b41acee381e53a5d1e7.jpeg
9c63f891fafe4333a1905b2faf6b0595,0.8708690180559059,data/public_test/public_test/9c63f891fafe4333a1905b2faf6b0595.jpeg
9c6c34e1307f46d5902ed1815911bd5b,0.1553822541063556,data/public_test/public_test/9c6c34e1307f46d5902ed1815911bd5b.jpeg
9c6c5425c6ab4f1aa1438b9111501baa,0.2632925939516163,data/public_test/public_test/9c6c5425c6ab4f1aa1438b9111501baa.jpeg
9c70c79e64cd40ca8fe73d771d82ac95,0.3773867769158239,data/public_test/public_test/9c70c79e64cd40ca8fe73d771d82ac95.jpeg
9c81e0af4aab4ce3ab097dc45a6301e2,0.8417798239599422,data/public_test/public_test/9c81e0af4aab4ce3ab097dc45a6301e2.jpeg
9c84ff2af2bc4e75b6499dcbbcca311f,0.3114879184115987,data/public_test/public_test/9c84ff2af2bc4e75b6499dcbbcca311f.jpeg
9c86ba41b24f4a0ead9b0bbc7c4b1e85,0.0713557929496857,data/public_test/public_test/9c86ba41b24f4a0ead9b0bbc7c4b1e85.jpeg
9c8b4a81dca442b0a54870a18452eac2,0.5490596161966718,data/public_test/public_test/9c8b4a81dca442b0a54870a18452eac2.jpeg
9c94bd1f8107434a9367ce9fd02754ae,0.4912454691497102,data/public_test/public_test/9c94bd1f8107434a9367ce9fd02754ae.jpeg
9c95951e12414a6bb746171038098e92,0.7810031743533911,data/public_test/public_test/9c95951e12414a6bb746171038098e92.jpeg
9ca594a8bfe7445882e60b4fef02242e,0.6984286129022829,data/public_test/public_test/9ca594a8bfe7445882e60b4fef02242e.jpeg
9ca9bab26e5541ce8c664ff6a0a88b7f,0.9074250621581847,data/public_test/public_test/9ca9bab26e5541ce8c664ff6a0a88b7f.jpeg
9cac8b6321d641658195b6db0955b416,0.9285771752400106,data/public_test/public_test/9cac8b6321d641658195b6db0955b416.jpeg
9cb53117d4b04e88b5cbc9a6326af15c,0.1065862999566219,data/public_test/public_test/9cb53117d4b04e88b5cbc9a6326af15c.jpeg
9cbe73b0e2b84b76be30e610ca3fb80f,0.1244121086899064,data/public_test/public_test/9cbe73b0e2b84b76be30e610ca3fb80f.jpeg
9cc2bad5a0b244ea86bedd80699a4c1b,0.6611506795792067,data/public_test/public_test/9cc2bad5a0b244ea86bedd80699a4c1b.jpeg
9cca1deceff4437192061a08ab7a72a7,0.5990926085874261,data/public_test/public_test/9cca1deceff4437192061a08ab7a72a7.jpeg
9ce4fd6f909f48348929ecc031134d12,0.7369014963433388,data/public_test/public_test/9ce4fd6f909f48348929ecc031134d12.jpeg
9cee8e47bc97453aa0112f58cdb4e416,0.1151153135945625,data/public_test/public_test/9cee8e47bc97453aa0112f58cdb4e416.jpeg
9cf7a50ffb9d4f4c9dc1823a0cf5e00e,0.1726528669280452,data/public_test/public_test/9cf7a50ffb9d4f4c9dc1823a0cf5e00e.jpeg
9cf95ff12821475d99427f06d1710dc0,0.4351798116782815,data/public_test/public_test/9cf95ff12821475d99427f06d1710dc0.jpeg
9cfb74d5727a4060a68a6370edd210af,0.7650306443339852,data/public_test/public_test/9cfb74d5727a4060a68a6370edd210af.jpeg
9d035ccf047c4348a58e6b64305d361b,0.9966305278463736,data/public_test/public_test/9d035ccf047c4348a58e6b64305d361b.jpeg
9d3c21adad974afcabdc5dc7fd400241,0.1517147775325221,data/public_test/public_test/9d3c21adad974afcabdc5dc7fd400241.jpeg
9d4b15260465457782b63db05fa12f05,0.1455266118053346,data/public_test/public_test/9d4b15260465457782b63db05fa12f05.jpeg
9d6543b5417348fb92bd7f4df121db16,0.4912454691497102,data/public_test/public_test/9d6543b5417348fb92bd7f4df121db16.jpeg
9d83273651ff471cb16d51cb2b386865,0.1958154294689011,data/public_test/public_test/9d83273651ff471cb16d51cb2b386865.jpeg
9d8bb88d75db43d2813b71ff01797a00,0.2017058237040415,data/public_test/public_test/9d8bb88d75db43d2813b71ff01797a00.jpeg
9d92e42b3b3b4c7fbb8562399f4c49f1,0.3683428762339169,data/public_test/public_test/9d92e42b3b3b4c7fbb8562399f4c49f1.jpeg
9dabbe10f137436eb000b444df85d3c0,0.1046655473475058,data/public_test/public_test/9dabbe10f137436eb000b444df85d3c0.jpeg
9daf2c11f86f4468b7999ed80ceedfd7,0.756605925899989,data/public_test/public_test/9daf2c11f86f4468b7999ed80ceedfd7.jpeg
9dc5e280f715438f8f05e217ee68354d,0.8732810866681554,data/public_test/public_test/9dc5e280f715438f8f05e217ee68354d.jpeg
9dcc9e8a2a8f4f20905d0c5c8e95cc24,0.9595452412199196,data/public_test/public_test/9dcc9e8a2a8f4f20905d0c5c8e95cc24.jpeg
9dcf3b9290cf4673b793d907224593ad,0.2380866166060559,data/public_test/public_test/9dcf3b9290cf4673b793d907224593ad.jpeg
9dd948a838db487691100ed262c822b6,0.6072712876533772,data/public_test/public_test/9dd948a838db487691100ed262c822b6.jpeg
9ddb6abd6699405581b3241dc7b361ed,0.0787779459860674,data/public_test/public_test/9ddb6abd6699405581b3241dc7b361ed.jpeg
9ddded10de824d448f0adcc9e63ce4d0,0.6507692550237388,data/public_test/public_test/9ddded10de824d448f0adcc9e63ce4d0.jpeg
9de2f949b42e43daad549dab907a6af3,0.1179730515760804,data/public_test/public_test/9de2f949b42e43daad549dab907a6af3.jpeg
9de4e45a991d4f548f07293041f9538a,0.1661274176856302,data/public_test/public_test/9de4e45a991d4f548f07293041f9538a.jpeg
9df078557e094b21a7cd11ce29c12d37,0.8426179610514101,data/public_test/public_test/9df078557e094b21a7cd11ce29c12d37.jpeg
9dfc4eca93eb42d287f6a7e5bd67b29d,0.6986631894446239,data/public_test/public_test/9dfc4eca93eb42d287f6a7e5bd67b29d.jpeg
9e0555f5fc5e446d9b40f993dc4b6428,0.548166061575628,data/public_test/public_test/9e0555f5fc5e446d9b40f993dc4b6428.jpeg
9e1db5846ad04b96816a2a07b88944a2,0.1535940041759822,data/public_test/public_test/9e1db5846ad04b96816a2a07b88944a2.jpeg
9e20e7fc0ffa423cb106493dd44ba75e,0.3615200048011308,data/public_test/public_test/9e20e7fc0ffa423cb106493dd44ba75e.jpeg
9e25656f7ebb44ffbfcbe9806db19bb5,0.1187060857034779,data/public_test/public_test/9e25656f7ebb44ffbfcbe9806db19bb5.jpeg
9e27ac5156b24770b552174725d9e779,0.212149788268573,data/public_test/public_test/9e27ac5156b24770b552174725d9e779.jpeg
9e2be474e11446769b43af18b6cc2658,0.6461998433175563,data/public_test/public_test/9e2be474e11446769b43af18b6cc2658.jpeg
9e2f08ecf05340bdb0c9afb3291f1bc7,0.6611506795792067,data/public_test/public_test/9e2f08ecf05340bdb0c9afb3291f1bc7.jpeg
9e30ab542cfb492080b8a1a93e304e4c,0.0979263445818034,data/public_test/public_test/9e30ab542cfb492080b8a1a93e304e4c.jpeg
9e30f0030288462fad53bf07e741e1a9,0.9074250621581847,data/public_test/public_test/9e30f0030288462fad53bf07e741e1a9.jpeg
9e343993f6794ee2b7e5d5b1f1fe4ff5,0.1929995067184897,data/public_test/public_test/9e343993f6794ee2b7e5d5b1f1fe4ff5.jpeg
9e3acc3f40b944a3bce1a1b531c9580f,0.8859079956834446,data/public_test/public_test/9e3acc3f40b944a3bce1a1b531c9580f.jpeg
9e56322c76e647dc93ee5c45a004f43e,0.2412803937155803,data/public_test/public_test/9e56322c76e647dc93ee5c45a004f43e.jpeg
9e659a10900642db885e3690713b7826,0.6749693704371172,data/public_test/public_test/9e659a10900642db885e3690713b7826.jpeg
9e6696c5065a4a48b55b4303ed266a1a,0.115500989036515,data/public_test/public_test/9e6696c5065a4a48b55b4303ed266a1a.jpeg
9e69a23f628b43b39b8d04f421d693dd,0.5185203234819132,data/public_test/public_test/9e69a23f628b43b39b8d04f421d693dd.jpeg
9e83d4c0c6094cd59bc4a00b04f2577a,0.2440999513865578,data/public_test/public_test/9e83d4c0c6094cd59bc4a00b04f2577a.jpeg
9e977dd9c2a04431b1adc2065c7ff528,0.5654820754284418,data/public_test/public_test/9e977dd9c2a04431b1adc2065c7ff528.jpeg
9e9db904b543449f8943a67a65f027f2,0.3539274962457875,data/public_test/public_test/9e9db904b543449f8943a67a65f027f2.jpeg
9e9ee46e8b9e45b9afe31129ce7c403e,0.8970759125317972,data/public_test/public_test/9e9ee46e8b9e45b9afe31129ce7c403e.jpeg
9ea21adb8bd54dcb9529023068d2d71a,0.1878407439462042,data/public_test/public_test/9ea21adb8bd54dcb9529023068d2d71a.jpeg
9ea285b763d54ede9c4c7b481750b56c,0.888464586499687,data/public_test/public_test/9ea285b763d54ede9c4c7b481750b56c.jpeg
9eaf4fa622fc4754af12065260e6a2ac,0.1491556897550802,data/public_test/public_test/9eaf4fa622fc4754af12065260e6a2ac.jpeg
9ebbdd1e3cad4935ad9a573e4504b870,0.4069638895103382,data/public_test/public_test/9ebbdd1e3cad4935ad9a573e4504b870.jpeg
9ebe72f94fbe4586ac2721fef3f47c72,0.6749693704371172,data/public_test/public_test/9ebe72f94fbe4586ac2721fef3f47c72.jpeg
9ec66e3834bc4d4fa786e3a4d4f8b9d5,0.6972967922399449,data/public_test/public_test/9ec66e3834bc4d4fa786e3a4d4f8b9d5.jpeg
9ecf7094eb834be3ba7b8ca695cdf4bd,0.3964084908888585,data/public_test/public_test/9ecf7094eb834be3ba7b8ca695cdf4bd.jpeg
9ed4249785ae413e9228220e97484c67,0.0487068566920593,data/public_test/public_test/9ed4249785ae413e9228220e97484c67.jpeg
9ed64eaccb0a4686b25750a109e4483f,0.1052655603014856,data/public_test/public_test/9ed64eaccb0a4686b25750a109e4483f.jpeg
9ee106c12243446cbede4b7763fc4715,0.5221455973180934,data/public_test/public_test/9ee106c12243446cbede4b7763fc4715.jpeg
9ef26c98385a47bd954a3266b5f1944f,0.6873821902720395,data/public_test/public_test/9ef26c98385a47bd954a3266b5f1944f.jpeg
9ef847fe5e254641a23ab8c9de8b6d61,0.4529230542278974,data/public_test/public_test/9ef847fe5e254641a23ab8c9de8b6d61.jpeg
9efb3752a5ee4a7ea465e15a71ab1d98,0.3798600565534166,data/public_test/public_test/9efb3752a5ee4a7ea465e15a71ab1d98.jpeg
9efdefaa717540bd92cf21bc10cce3be,0.2089505041998126,data/public_test/public_test/9efdefaa717540bd92cf21bc10cce3be.jpeg
9f01d23f783c43abb793deddbe8ad2dc,0.8218211955664084,data/public_test/public_test/9f01d23f783c43abb793deddbe8ad2dc.jpeg
9f0279e7106c46159eec37d694d9cbd0,0.0756631492601938,data/public_test/public_test/9f0279e7106c46159eec37d694d9cbd0.jpeg
9f0d4aea84014dca9f1532a16fc5930f,0.577845853853835,data/public_test/public_test/9f0d4aea84014dca9f1532a16fc5930f.jpeg
9f1a541f3dbd42e986e76e9ddf8c53bf,0.6611506795792067,data/public_test/public_test/9f1a541f3dbd42e986e76e9ddf8c53bf.jpeg
9f1ae2b20e2b452bb2f9d987e6f58ab9,0.4919682943898422,data/public_test/public_test/9f1ae2b20e2b452bb2f9d987e6f58ab9.jpeg
9f20b1bcf7114f4f9db8d4eb26e0ce78,0.0183824527310354,data/public_test/public_test/9f20b1bcf7114f4f9db8d4eb26e0ce78.jpeg
9f2a3f1a7d3944529ab92c4665b94669,0.143741598373303,data/public_test/public_test/9f2a3f1a7d3944529ab92c4665b94669.jpeg
9f2c20f37e7745598b8792d6a21323ce,0.9640433094232352,data/public_test/public_test/9f2c20f37e7745598b8792d6a21323ce.jpeg
9f2eb171c92b45cb94a59ee88584ca9f,0.8345546320416654,data/public_test/public_test/9f2eb171c92b45cb94a59ee88584ca9f.jpeg
9f31fedb77d14e77bc48136e8bddfcf0,0.4139389896153441,data/public_test/public_test/9f31fedb77d14e77bc48136e8bddfcf0.jpeg
9f3c022f6dd34cedb2499717f1b6b4a2,0.162120234316192,data/public_test/public_test/9f3c022f6dd34cedb2499717f1b6b4a2.jpeg
9f3dc8f17e0941d5a62e894148dc8e93,0.7724304679878354,data/public_test/public_test/9f3dc8f17e0941d5a62e894148dc8e93.jpeg
9f5279c8142345f0bec48c5d13d05567,0.6293316574092118,data/public_test/public_test/9f5279c8142345f0bec48c5d13d05567.jpeg
9f558f3ac7e5443b8d264e14f39a2beb,0.9595452412199196,data/public_test/public_test/9f558f3ac7e5443b8d264e14f39a2beb.jpeg
9f5d729c488c436b846eb16aa9f9b212,0.5825848378791274,data/public_test/public_test/9f5d729c488c436b846eb16aa9f9b212.jpeg
9f6405eafaa24a78972d6ac8f2c304d1,0.8052089113406179,data/public_test/public_test/9f6405eafaa24a78972d6ac8f2c304d1.jpeg
9f716f881bbb4418a9f22d412824d7d7,0.946044891083611,data/public_test/public_test/9f716f881bbb4418a9f22d412824d7d7.jpeg
9f798f1d02f24b72882b4b14e7bea755,0.8417798239599422,data/public_test/public_test/9f798f1d02f24b72882b4b14e7bea755.jpeg
9f7a4e546b944400b53ae41ac1539d1f,0.391633034856535,data/public_test/public_test/9f7a4e546b944400b53ae41ac1539d1f.jpeg
9f905fe7b12c4fa4b09ba9d01285f038,0.888464586499687,data/public_test/public_test/9f905fe7b12c4fa4b09ba9d01285f038.jpeg
9f953066d20842ddab79a80c19b4624a,0.7724304679878354,data/public_test/public_test/9f953066d20842ddab79a80c19b4624a.jpeg
9fa3ef600d724286a3a478a1b7797792,0.6611506795792067,data/public_test/public_test/9fa3ef600d724286a3a478a1b7797792.jpeg
9fa9e8e3054041918fd643f46a1cf699,0.4849750756248525,data/public_test/public_test/9fa9e8e3054041918fd643f46a1cf699.jpeg
9faeac04212e443990ff11f9c7d49869,0.1103191982783461,data/public_test/public_test/9faeac04212e443990ff11f9c7d49869.jpeg
9fb327bf4fd4443f9ebb286cabd7b1a2,0.6323811524596458,data/public_test/public_test/9fb327bf4fd4443f9ebb286cabd7b1a2.jpeg
9fc9394870e64860b770b821efa42d2d,0.1265114963592734,data/public_test/public_test/9fc9394870e64860b770b821efa42d2d.jpeg
9fd21699d2014587b2534be99d28ec83,0.1940213723981639,data/public_test/public_test/9fd21699d2014587b2534be99d28ec83.jpeg
9fe0ff560e104a199ca65683ceadd7ce,0.2544614862133878,data/public_test/public_test/9fe0ff560e104a199ca65683ceadd7ce.jpeg
9ff7514998dd4561b8cafde8e92d1049,0.9105787569003864,data/public_test/public_test/9ff7514998dd4561b8cafde8e92d1049.jpeg
a011dcf31c974740ad7b1037034a2ead,0.5990051958430026,data/public_test/public_test/a011dcf31c974740ad7b1037034a2ead.jpeg
a02483578eac45118b6afe001956a1d8,0.9811269325981024,data/public_test/public_test/a02483578eac45118b6afe001956a1d8.jpeg
a02e2172b4754587a5014920f8471b87,0.8125044370616044,data/public_test/public_test/a02e2172b4754587a5014920f8471b87.jpeg
a032a9fb50cd4f4680b131d093cf2c0d,0.377641870838252,data/public_test/public_test/a032a9fb50cd4f4680b131d093cf2c0d.jpeg
a03fc71108d14b46ad1c70b3a3e801db,0.1441270718752241,data/public_test/public_test/a03fc71108d14b46ad1c70b3a3e801db.jpeg
a046427386ef4ccd99bf104546cf721a,0.4912454691497102,data/public_test/public_test/a046427386ef4ccd99bf104546cf721a.jpeg
a04f58f94f974f1d9be615469c448a71,0.8317130697295584,data/public_test/public_test/a04f58f94f974f1d9be615469c448a71.jpeg
a0505d2b2f9c44328894e2efff2c8433,0.5825848378791274,data/public_test/public_test/a0505d2b2f9c44328894e2efff2c8433.jpeg
a05ad5c89642468bb5889a935802af47,0.362073257722153,data/public_test/public_test/a05ad5c89642468bb5889a935802af47.jpeg
a05f8f84ef1c49d48cd5255b499ddff5,0.9640433094232352,data/public_test/public_test/a05f8f84ef1c49d48cd5255b499ddff5.jpeg
a064624208034f43b34cb2cf0456ba3e,0.7186874961044666,data/public_test/public_test/a064624208034f43b34cb2cf0456ba3e.jpeg
a065d21792a04bd7917d6d2545c3220a,0.3015940084746183,data/public_test/public_test/a065d21792a04bd7917d6d2545c3220a.jpeg
a0699d309a8e4b458b9559bdcdbd5c9f,0.3598980006371872,data/public_test/public_test/a0699d309a8e4b458b9559bdcdbd5c9f.jpeg
a06ffba9fe6c45a88e31c7ae409c03ed,0.2121500011242818,data/public_test/public_test/a06ffba9fe6c45a88e31c7ae409c03ed.jpeg
a07deb3c5cff4c838b0409d7038eb96c,0.8338106781435132,data/public_test/public_test/a07deb3c5cff4c838b0409d7038eb96c.jpeg
a083d9ffdb8947bc9e708260e70bb135,0.8487548476552064,data/public_test/public_test/a083d9ffdb8947bc9e708260e70bb135.jpeg
a08ee98e6ee44db19395fd85a1fda800,0.1052663516880953,data/public_test/public_test/a08ee98e6ee44db19395fd85a1fda800.jpeg
a09aba8cf1cd4f5f87e6bd262ab36433,0.5994530237874719,data/public_test/public_test/a09aba8cf1cd4f5f87e6bd262ab36433.jpeg
a0a3606219a24fe081ecbfd287388b66,0.7372416152057645,data/public_test/public_test/a0a3606219a24fe081ecbfd287388b66.jpeg
a0af1bb15c364ece9ae0924a8e2b82a1,0.7820894684543148,data/public_test/public_test/a0af1bb15c364ece9ae0924a8e2b82a1.jpeg
a0be0233759e4091bbf3d8015d20b46a,0.9760508997446462,data/public_test/public_test/a0be0233759e4091bbf3d8015d20b46a.jpeg
a0c120bb6c4744038e46990f374079fe,0.4466105944113536,data/public_test/public_test/a0c120bb6c4744038e46990f374079fe.jpeg
a0c5f38b8a264ef9bc15f03e7142a98e,0.4147058596136865,data/public_test/public_test/a0c5f38b8a264ef9bc15f03e7142a98e.jpeg
a0d2951174684769beec206d9c96150b,0.0382579036629672,data/public_test/public_test/a0d2951174684769beec206d9c96150b.jpeg
a0d52d60a1c143a08036ed369a0c6dca,0.0970747525535105,data/public_test/public_test/a0d52d60a1c143a08036ed369a0c6dca.jpeg
a0e3244f3746486fb4753f5dd175e521,0.2111666541411466,data/public_test/public_test/a0e3244f3746486fb4753f5dd175e521.jpeg
a0edbc6c0f9649138a47d3f60527371e,0.6572520976484376,data/public_test/public_test/a0edbc6c0f9649138a47d3f60527371e.jpeg
a0f45cfb0ba04e7b9f58696ee16ce4cd,0.1919716374162589,data/public_test/public_test/a0f45cfb0ba04e7b9f58696ee16ce4cd.jpeg
a0f9e3cc5b0c415db8d52a1c33057c3e,0.1331637994173891,data/public_test/public_test/a0f9e3cc5b0c415db8d52a1c33057c3e.jpeg
a109f60ca99b4537b2ff468518375786,0.4778951290741946,data/public_test/public_test/a109f60ca99b4537b2ff468518375786.jpeg
a10ca0d2d31f4f5693a4df1d6567177d,0.2774062673460046,data/public_test/public_test/a10ca0d2d31f4f5693a4df1d6567177d.jpeg
a1162b9b0cf747eea73278df90a087f4,0.548166061575628,data/public_test/public_test/a1162b9b0cf747eea73278df90a087f4.jpeg
a118cfa394d64fc1848a1eb49fa2f6ce,0.7284343322978678,data/public_test/public_test/a118cfa394d64fc1848a1eb49fa2f6ce.jpeg
a11caf6721d8435284e9151d17e0e234,0.1085978655436638,data/public_test/public_test/a11caf6721d8435284e9151d17e0e234.jpeg
a124fe23ab0b406895578fb3788d2433,0.2210648976020451,data/public_test/public_test/a124fe23ab0b406895578fb3788d2433.jpeg
a125d2095d73480f8d59e32ffbc82221,0.1331639249476789,data/public_test/public_test/a125d2095d73480f8d59e32ffbc82221.jpeg
a1304c84c1c34cc0afa577283c26c4b8,0.7549638901036014,data/public_test/public_test/a1304c84c1c34cc0afa577283c26c4b8.jpeg
a137f4ea2ee14c02a5d5f0b2c1519f29,0.5488463647945435,data/public_test/public_test/a137f4ea2ee14c02a5d5f0b2c1519f29.jpeg
a142c822e7ce4157b2586d118f673117,0.6158733817513472,data/public_test/public_test/a142c822e7ce4157b2586d118f673117.jpeg
a144e69c215d4613b8ed71324aaaebb9,0.8669475200249463,data/public_test/public_test/a144e69c215d4613b8ed71324aaaebb9.jpeg
a148685c77924964bb444e8b1531addc,0.6749693704371172,data/public_test/public_test/a148685c77924964bb444e8b1531addc.jpeg
a1495e9a963046bbb9e84273c0fb7f84,0.2066494684933675,data/public_test/public_test/a1495e9a963046bbb9e84273c0fb7f84.jpeg
a14d79b6ab904b2e9d0ac8747db45504,0.8550884142984154,data/public_test/public_test/a14d79b6ab904b2e9d0ac8747db45504.jpeg
a1500853ca2d4d27afb6001ac3713b19,0.5488463647945435,data/public_test/public_test/a1500853ca2d4d27afb6001ac3713b19.jpeg
a150c69f6cc14ab098a6327859264823,0.5490596161966718,data/public_test/public_test/a150c69f6cc14ab098a6327859264823.jpeg
a159575ae66e45a4815fcfd029d5a605,0.8427687734144903,data/public_test/public_test/a159575ae66e45a4815fcfd029d5a605.jpeg
a1598a62c2a345f0a42284a5e1757efa,0.6873821902720395,data/public_test/public_test/a1598a62c2a345f0a42284a5e1757efa.jpeg
a170457d04dc49f5a6ef7662f2b5c91a,0.9640433094232352,data/public_test/public_test/a170457d04dc49f5a6ef7662f2b5c91a.jpeg
a17d3f918fa84a6bb8f332a0d88db50e,0.7681988582915557,data/public_test/public_test/a17d3f918fa84a6bb8f332a0d88db50e.jpeg
a18506484f454ce198f8f59c00cd4660,0.5490596161966718,data/public_test/public_test/a18506484f454ce198f8f59c00cd4660.jpeg
a1861fd72d7d40b2a9cd6f80c898b04d,0.4320232706732045,data/public_test/public_test/a1861fd72d7d40b2a9cd6f80c898b04d.jpeg
a18620273e18429cadf82ffb33f38c52,0.5825848378791274,data/public_test/public_test/a18620273e18429cadf82ffb33f38c52.jpeg
a18bf6e31194400cbc585a964f30e8c2,0.6749693704371172,data/public_test/public_test/a18bf6e31194400cbc585a964f30e8c2.jpeg
a19d38779ce44cc399e0f086c0459296,0.9475376508985086,data/public_test/public_test/a19d38779ce44cc399e0f086c0459296.jpeg
a1a27154a1ab439fa43fa6c6971d475b,0.8702719141299468,data/public_test/public_test/a1a27154a1ab439fa43fa6c6971d475b.jpeg
a1a365861c394588bc1b23bdefee4153,0.4912454691497102,data/public_test/public_test/a1a365861c394588bc1b23bdefee4153.jpeg
a1bfb2a692d1467ba2e2f747978715a2,0.6611506795792067,data/public_test/public_test/a1bfb2a692d1467ba2e2f747978715a2.jpeg
a1d14defbf9e486dbf10bc97e18531a3,0.3921018168081864,data/public_test/public_test/a1d14defbf9e486dbf10bc97e18531a3.jpeg
a1d27de3c0404616a0a16a58964c3ceb,0.5044687480116549,data/public_test/public_test/a1d27de3c0404616a0a16a58964c3ceb.jpeg
a1d8f9e76ceb4065ae60536f4db91fdf,0.5990926085874261,data/public_test/public_test/a1d8f9e76ceb4065ae60536f4db91fdf.jpeg
a1ddcb9eba6c41c5be06093a21a32c06,0.8163619596719253,data/public_test/public_test/a1ddcb9eba6c41c5be06093a21a32c06.jpeg
a1e7a475bd0c4a9799ad3038279e8dc7,0.2377466423763554,data/public_test/public_test/a1e7a475bd0c4a9799ad3038279e8dc7.jpeg
a1ea27b1008c4e6ca86779b338304218,0.7450892668040839,data/public_test/public_test/a1ea27b1008c4e6ca86779b338304218.jpeg
a1ec69f0621b485797f4e54a86f57481,0.1041564128655164,data/public_test/public_test/a1ec69f0621b485797f4e54a86f57481.jpeg
a2050aad7dfd47599a1a2f12ff4ba65b,0.1456105260751592,data/public_test/public_test/a2050aad7dfd47599a1a2f12ff4ba65b.jpeg
a2083c235b824fe38728d0f9fccab6ce,0.1200196646742559,data/public_test/public_test/a2083c235b824fe38728d0f9fccab6ce.jpeg
a21217d248944837968810398b6a1311,0.1511960863749903,data/public_test/public_test/a21217d248944837968810398b6a1311.jpeg
a21708f6a1a644c99c9494bbb59cbee0,0.6749693704371172,data/public_test/public_test/a21708f6a1a644c99c9494bbb59cbee0.jpeg
a217d83ad9384bdd9a807e6ab671a8b9,0.3405770524713369,data/public_test/public_test/a217d83ad9384bdd9a807e6ab671a8b9.jpeg
a218e2b7cf4a411098bfac1a8761d546,0.7284343322978678,data/public_test/public_test/a218e2b7cf4a411098bfac1a8761d546.jpeg
a220d519649243e0a0d18913fd6bd2ad,0.0996339986082744,data/public_test/public_test/a220d519649243e0a0d18913fd6bd2ad.jpeg
a22334766bb74d68b6b3904abcbd2040,0.888464586499687,data/public_test/public_test/a22334766bb74d68b6b3904abcbd2040.jpeg
a225267ce30648cfbe00c606dd456080,0.1623376009286908,data/public_test/public_test/a225267ce30648cfbe00c606dd456080.jpeg
a227221d74454558a55ad83ea83a026a,0.7287115591206345,data/public_test/public_test/a227221d74454558a55ad83ea83a026a.jpeg
a2304e0d93804f1489aaf658c991cca2,0.4455653787333135,data/public_test/public_test/a2304e0d93804f1489aaf658c991cca2.jpeg
a232feee94284c238fe14664bbd0a4b0,0.946044891083611,data/public_test/public_test/a232feee94284c238fe14664bbd0a4b0.jpeg
a234019727214501b5b7bc6095ae9c8f,0.505042834867408,data/public_test/public_test/a234019727214501b5b7bc6095ae9c8f.jpeg
a23cc73b7f23467c8bf986a033b4530f,0.1714991316789162,data/public_test/public_test/a23cc73b7f23467c8bf986a033b4530f.jpeg
a24035e1b8cf40bfbce9b0d258bcdcb3,0.1379841216126454,data/public_test/public_test/a24035e1b8cf40bfbce9b0d258bcdcb3.jpeg
a24972a311a84d3a8fcd9d2f22dca6b2,0.1496232436930268,data/public_test/public_test/a24972a311a84d3a8fcd9d2f22dca6b2.jpeg
a254f27ea7ed4e8ea6f4c19ed11b5d08,0.9105787569003864,data/public_test/public_test/a254f27ea7ed4e8ea6f4c19ed11b5d08.jpeg
a255d0addc6c49739f00bf9140b9485f,0.3792206407330305,data/public_test/public_test/a255d0addc6c49739f00bf9140b9485f.jpeg
a278755f2eae4670acb76c2415b1005e,0.9760508997446462,data/public_test/public_test/a278755f2eae4670acb76c2415b1005e.jpeg
a27f7bf2f22f414285f7d7170976ed41,0.2380816663463661,data/public_test/public_test/a27f7bf2f22f414285f7d7170976ed41.jpeg
a2892232de6c49af888dcc5ada8f0625,0.8163619596719253,data/public_test/public_test/a2892232de6c49af888dcc5ada8f0625.jpeg
a28960c8bc7746d8a95fdbd58407a8de,0.156538183406637,data/public_test/public_test/a28960c8bc7746d8a95fdbd58407a8de.jpeg
a28e29a613d146ea99217c863893b260,0.5819898461367404,data/public_test/public_test/a28e29a613d146ea99217c863893b260.jpeg
a2936765e2d04986819f4fb190210ee9,0.6289923681382668,data/public_test/public_test/a2936765e2d04986819f4fb190210ee9.jpeg
a294e2c2b762452cbc7d08c681149638,0.8669475200249463,data/public_test/public_test/a294e2c2b762452cbc7d08c681149638.jpeg
a29eaa097f6a456ca039bb1075c3a405,0.7733664027262899,data/public_test/public_test/a29eaa097f6a456ca039bb1075c3a405.jpeg
a2a3fe5bcd3c4a808b188e355ed052b7,0.9295392325588844,data/public_test/public_test/a2a3fe5bcd3c4a808b188e355ed052b7.jpeg
a2a4dcec2c3c4363abb26f6ac793ee80,0.6860157930673605,data/public_test/public_test/a2a4dcec2c3c4363abb26f6ac793ee80.jpeg
a2a5accacb624037b2e0c4f68c79e9ab,0.879077494192173,data/public_test/public_test/a2a5accacb624037b2e0c4f68c79e9ab.jpeg
a2ae1408f721444ebaed0a1de2442fca,0.4100152129367325,data/public_test/public_test/a2ae1408f721444ebaed0a1de2442fca.jpeg
a2afa56ae2fe4bd69c97cfccefdb50b5,0.5825848378791274,data/public_test/public_test/a2afa56ae2fe4bd69c97cfccefdb50b5.jpeg
a2b637da8b6c4badb6ea381729a5dd11,0.1322690386139952,data/public_test/public_test/a2b637da8b6c4badb6ea381729a5dd11.jpeg
a2bd37372ad54ca98e8f1aa0cd3412d6,0.0928516216096323,data/public_test/public_test/a2bd37372ad54ca98e8f1aa0cd3412d6.jpeg
a2c86f3de3e54f30ab23c1d58dcf721d,0.1731664113436944,data/public_test/public_test/a2c86f3de3e54f30ab23c1d58dcf721d.jpeg
a2d388aeb99043f4a681e972307f3da8,0.4775973794135022,data/public_test/public_test/a2d388aeb99043f4a681e972307f3da8.jpeg
a2d81c278113455aa670de0a695c61e1,0.0686262404965084,data/public_test/public_test/a2d81c278113455aa670de0a695c61e1.jpeg
a2e1819525444813b49b25ea3c801488,0.6323811524596458,data/public_test/public_test/a2e1819525444813b49b25ea3c801488.jpeg
a2e66f9434cd46aaa1b8dcffb1e04d8e,0.3227916235575839,data/public_test/public_test/a2e66f9434cd46aaa1b8dcffb1e04d8e.jpeg
a2e9fbfb2bc4498499a0c2860a1f3214,0.1932196022503324,data/public_test/public_test/a2e9fbfb2bc4498499a0c2860a1f3214.jpeg
a2f5d89cd019447e82f3879414ea18cb,0.2664922982739557,data/public_test/public_test/a2f5d89cd019447e82f3879414ea18cb.jpeg
a2fb2b2a32184237b82e404273ec440c,0.7097096120748673,data/public_test/public_test/a2fb2b2a32184237b82e404273ec440c.jpeg
a3052f2818614ae19589e8e84f7ea1b0,0.889061690425646,data/public_test/public_test/a3052f2818614ae19589e8e84f7ea1b0.jpeg
a31278696d324217923e15eb0b460847,0.5434057060184939,data/public_test/public_test/a31278696d324217923e15eb0b460847.jpeg
a3329c812bbf4e9a9dc08c5337b2a57f,0.6491261358463718,data/public_test/public_test/a3329c812bbf4e9a9dc08c5337b2a57f.jpeg
a33e2f9e60b64869ae746e57e1033bf7,0.1287723869332505,data/public_test/public_test/a33e2f9e60b64869ae746e57e1033bf7.jpeg
a3509ae86ad64e3ab3f81053e2eaf466,0.5317436023438579,data/public_test/public_test/a3509ae86ad64e3ab3f81053e2eaf466.jpeg
a351dbfe9e4c47c79fba7557807b9377,0.7818335667717609,data/public_test/public_test/a351dbfe9e4c47c79fba7557807b9377.jpeg
a35b14a1bf6f439e84db0e1fa69ac94d,0.1155014420371261,data/public_test/public_test/a35b14a1bf6f439e84db0e1fa69ac94d.jpeg
a35f35ff316945479b8cc76c1e3d2585,0.6873821902720395,data/public_test/public_test/a35f35ff316945479b8cc76c1e3d2585.jpeg
a363d5f4935941e2a7595f69a5fd3411,0.258089750945169,data/public_test/public_test/a363d5f4935941e2a7595f69a5fd3411.jpeg
a3674c3748c04ff8afd02b6a37aae04c,0.1036849674885854,data/public_test/public_test/a3674c3748c04ff8afd02b6a37aae04c.jpeg
a368235db8484c57b3033e23ac2b2849,0.548166061575628,data/public_test/public_test/a368235db8484c57b3033e23ac2b2849.jpeg
a3746d8d425649299ac0fc10789005e7,0.908022166084144,data/public_test/public_test/a3746d8d425649299ac0fc10789005e7.jpeg
a3899ad41f4f45fdab14296a1737c1d8,0.3046229588557718,data/public_test/public_test/a3899ad41f4f45fdab14296a1737c1d8.jpeg
a393f8bb79824bd5a77d15f3c00e4109,0.3490645128544281,data/public_test/public_test/a393f8bb79824bd5a77d15f3c00e4109.jpeg
a395dc47b2f149d3ae39cb809d7c1939,0.5593562914329958,data/public_test/public_test/a395dc47b2f149d3ae39cb809d7c1939.jpeg
a399fd93f8174025a2bc7e8a55ace22e,0.0784776038519982,data/public_test/public_test/a399fd93f8174025a2bc7e8a55ace22e.jpeg
a39c6d35a640426bbabaf7e8a6e9fd7f,0.3655708590668293,data/public_test/public_test/a39c6d35a640426bbabaf7e8a6e9fd7f.jpeg
a39eb2205b484352ac629969d3260460,0.888464586499687,data/public_test/public_test/a39eb2205b484352ac629969d3260460.jpeg
a39f78d0eaec43ce86a650c0620e540c,0.7279236123137394,data/public_test/public_test/a39f78d0eaec43ce86a650c0620e540c.jpeg
a3a031c64f6e4c4c9f492506b292a728,0.6611506795792067,data/public_test/public_test/a3a031c64f6e4c4c9f492506b292a728.jpeg
a3a6fb9d0cf14f27acbd4bf2ae4eba1e,0.9415468228802952,data/public_test/public_test/a3a6fb9d0cf14f27acbd4bf2ae4eba1e.jpeg
a3ab37c07f7d4c48beba9a7356f758db,0.6461998433175563,data/public_test/public_test/a3ab37c07f7d4c48beba9a7356f758db.jpeg
a3ba9b702bc94257994f26a21bc5e72e,0.6309116307574208,data/public_test/public_test/a3ba9b702bc94257994f26a21bc5e72e.jpeg
a3bdb8cbd21d4e36a1cecba7cb4adb4a,0.0876478616862854,data/public_test/public_test/a3bdb8cbd21d4e36a1cecba7cb4adb4a.jpeg
a3c1662f5ac046a4a0f63c9966927105,0.2005061962183063,data/public_test/public_test/a3c1662f5ac046a4a0f63c9966927105.jpeg
a3c60ee4f5454da5a931749ef968b446,0.4289526305912343,data/public_test/public_test/a3c60ee4f5454da5a931749ef968b446.jpeg
a3c7588d24f54aa081a2b03fbe086311,0.3363545000583596,data/public_test/public_test/a3c7588d24f54aa081a2b03fbe086311.jpeg
a3cfe4db7c9f4b84aec1f58af6457d18,0.9760508997446462,data/public_test/public_test/a3cfe4db7c9f4b84aec1f58af6457d18.jpeg
a3d298b79b394e30bc136f9faf6fd1d2,0.2173157663036037,data/public_test/public_test/a3d298b79b394e30bc136f9faf6fd1d2.jpeg
a3dc607e77bf410bb058153719350650,0.1225862624377322,data/public_test/public_test/a3dc607e77bf410bb058153719350650.jpeg
a3dedebbd60643a3a297d2c33a164e4b,0.9295392325588844,data/public_test/public_test/a3dedebbd60643a3a297d2c33a164e4b.jpeg
a3f7c809a18b459e8e4bbc0a060758f6,0.7636231850799388,data/public_test/public_test/a3f7c809a18b459e8e4bbc0a060758f6.jpeg
a3f97add9d8040b5909bad18b055e6c0,0.5654820754284418,data/public_test/public_test/a3f97add9d8040b5909bad18b055e6c0.jpeg
a406b466bdcb485fb3eafb52b5ad6429,0.1762847447490376,data/public_test/public_test/a406b466bdcb485fb3eafb52b5ad6429.jpeg
a413e2fd68ce4a448986d3982c6c1ac4,0.5652688240263136,data/public_test/public_test/a413e2fd68ce4a448986d3982c6c1ac4.jpeg
a421d1a367fd48a091e8ea2a6677848d,0.3825038499872928,data/public_test/public_test/a421d1a367fd48a091e8ea2a6677848d.jpeg
a4257ac17c41432dbb4149bf7ed4333a,0.4713269858886446,data/public_test/public_test/a4257ac17c41432dbb4149bf7ed4333a.jpeg
a429614ee1004e5b8bc31d486c928c06,0.0181266765787713,data/public_test/public_test/a429614ee1004e5b8bc31d486c928c06.jpeg
a43a9dd4212548469a93f1bd06e052c1,0.3965371348756488,data/public_test/public_test/a43a9dd4212548469a93f1bd06e052c1.jpeg
a451c50a0d86460f8f35641be2d36f47,0.1442093269620876,data/public_test/public_test/a451c50a0d86460f8f35641be2d36f47.jpeg
a460affbeb8244dc81cd683527540cec,0.5654820754284418,data/public_test/public_test/a460affbeb8244dc81cd683527540cec.jpeg
a463580315164b1faaccdd38ab5f246d,0.4164120454815506,data/public_test/public_test/a463580315164b1faaccdd38ab5f246d.jpeg
a466443263ee4988a453c0048ba7aa1d,0.7623597950292739,data/public_test/public_test/a466443263ee4988a453c0048ba7aa1d.jpeg
a4695275aa2242a89b19475d4db4f926,0.3665098256346748,data/public_test/public_test/a4695275aa2242a89b19475d4db4f926.jpeg
a46afd65750a40088814ed4c4714509f,0.2203014114636891,data/public_test/public_test/a46afd65750a40088814ed4c4714509f.jpeg
a46c99e97d314b7eac3280e7d4985db0,0.9676061442203676,data/public_test/public_test/a46c99e97d314b7eac3280e7d4985db0.jpeg
a46ede1c13084deaa2637c8426773317,0.5767584791008511,data/public_test/public_test/a46ede1c13084deaa2637c8426773317.jpeg
a474c5107dbb4ce59a6403d415554287,0.1730367740302629,data/public_test/public_test/a474c5107dbb4ce59a6403d415554287.jpeg
a47875d670234551a9e93befa129b999,0.3521356823467509,data/public_test/public_test/a47875d670234551a9e93befa129b999.jpeg
a4854a71cce243ed8c82338c350799bc,0.5652688240263136,data/public_test/public_test/a4854a71cce243ed8c82338c350799bc.jpeg
a48c9eb9342e44029fd59e1808b2464f,0.2070754800921421,data/public_test/public_test/a48c9eb9342e44029fd59e1808b2464f.jpeg
a48f093cd6024f21b3465a0691eef764,0.4078823168667418,data/public_test/public_test/a48f093cd6024f21b3465a0691eef764.jpeg
a49822e7c5e2410294b3cb35642588f1,0.4552255580929494,data/public_test/public_test/a49822e7c5e2410294b3cb35642588f1.jpeg
a4a590ea5bc842b7a251ae5c74b6e586,0.1796103914280168,data/public_test/public_test/a4a590ea5bc842b7a251ae5c74b6e586.jpeg
a4b03bf4554046b9be105f2d5a9f5a96,0.1636955876039519,data/public_test/public_test/a4b03bf4554046b9be105f2d5a9f5a96.jpeg
a4b90f88139b4da28fd3044f84e81664,0.1075260524532384,data/public_test/public_test/a4b90f88139b4da28fd3044f84e81664.jpeg
a4ba332bf54c4dd9a2045138b115e0f0,0.2156521815956172,data/public_test/public_test/a4ba332bf54c4dd9a2045138b115e0f0.jpeg
a4c4c0ecf0c740d2b391ba0d7a5523b2,0.6611506795792067,data/public_test/public_test/a4c4c0ecf0c740d2b391ba0d7a5523b2.jpeg
a4c7a9943ae242f0af209d5a656916c5,0.1907815993530982,data/public_test/public_test/a4c7a9943ae242f0af209d5a656916c5.jpeg
a4c8b97f41084f92818d4cabc1be3985,0.355846371358395,data/public_test/public_test/a4c8b97f41084f92818d4cabc1be3985.jpeg
a4ce872edeae4c66abf55f43ab7fc0ec,0.7818335667717609,data/public_test/public_test/a4ce872edeae4c66abf55f43ab7fc0ec.jpeg
a4dc9ffe57dc439cb42f586c6d2e68da,0.8702719141299468,data/public_test/public_test/a4dc9ffe57dc439cb42f586c6d2e68da.jpeg
a4e2b7d2acea4bdcbc8efc2762ada0a2,0.5490596161966718,data/public_test/public_test/a4e2b7d2acea4bdcbc8efc2762ada0a2.jpeg
a4f6a70ee1e84db7b6dd2d932194a062,0.2835097819951448,data/public_test/public_test/a4f6a70ee1e84db7b6dd2d932194a062.jpeg
a4f6ff59441c4ba9adeba299ab264c68,0.2221763700772953,data/public_test/public_test/a4f6ff59441c4ba9adeba299ab264c68.jpeg
a506d5f290d6411ea3f452f6623a0b1d,0.5825848378791274,data/public_test/public_test/a506d5f290d6411ea3f452f6623a0b1d.jpeg
a510bc271b5c479d87e03cca742639a0,0.9640433094232352,data/public_test/public_test/a510bc271b5c479d87e03cca742639a0.jpeg
a513a8a195b44d1982babb2a4689bc53,0.548166061575628,data/public_test/public_test/a513a8a195b44d1982babb2a4689bc53.jpeg
a5199d6f99854fa781e9854c24940b8e,0.4477831687551731,data/public_test/public_test/a5199d6f99854fa781e9854c24940b8e.jpeg
a51cdb23e03f492c98b05a3e9958ef89,0.8732810866681554,data/public_test/public_test/a51cdb23e03f492c98b05a3e9958ef89.jpeg
a52760c6a99045d0a0dc720a543f78a6,0.2085666407603044,data/public_test/public_test/a52760c6a99045d0a0dc720a543f78a6.jpeg
a52f1532496645c7b55516196ca9d57c,0.4043629237366448,data/public_test/public_test/a52f1532496645c7b55516196ca9d57c.jpeg
a5397844a2a54dceb3f3882a1b0cf6e6,0.3501737967363644,data/public_test/public_test/a5397844a2a54dceb3f3882a1b0cf6e6.jpeg
a5482fab83f043a88061861fbd201875,0.1541923088264526,data/public_test/public_test/a5482fab83f043a88061861fbd201875.jpeg
a554b4342d3949e8b2786c285cd957d0,0.516137813159537,data/public_test/public_test/a554b4342d3949e8b2786c285cd957d0.jpeg
a555c273540a4ff19588daef63f468d3,0.448465417693581,data/public_test/public_test/a555c273540a4ff19588daef63f468d3.jpeg
a558448657aa4ddbbb81fed932b008b9,0.7287115591206345,data/public_test/public_test/a558448657aa4ddbbb81fed932b008b9.jpeg
a56a21b3e6bc45959a817e88c1bc3be4,0.6323811524596458,data/public_test/public_test/a56a21b3e6bc45959a817e88c1bc3be4.jpeg
a56e319862984eb480bdfb60c884306b,0.1784999395686013,data/public_test/public_test/a56e319862984eb480bdfb60c884306b.jpeg
a57d969d1495447e9ebd04c7f0b8ec11,0.2170992620296176,data/public_test/public_test/a57d969d1495447e9ebd04c7f0b8ec11.jpeg
a57f2a15e5f14835bd651d5e03c30566,0.0946864514642866,data/public_test/public_test/a57f2a15e5f14835bd651d5e03c30566.jpeg
a580e42409324797a27e305cec5e9606,0.5108662900755023,data/public_test/public_test/a580e42409324797a27e305cec5e9606.jpeg
a5829e441041427ca865df2a72a02f57,0.0960091613991892,data/public_test/public_test/a5829e441041427ca865df2a72a02f57.jpeg
a5961b5961bf45dbb0376d75b427ced5,0.5990926085874261,data/public_test/public_test/a5961b5961bf45dbb0376d75b427ced5.jpeg
a59ae487509048c8867e8d62546ce531,0.1031729567256074,data/public_test/public_test/a59ae487509048c8867e8d62546ce531.jpeg
a59d715ece314b8999cfe8e90d4bf4d6,0.204044810491802,data/public_test/public_test/a59d715ece314b8999cfe8e90d4bf4d6.jpeg
a5a2b6bd01ea464bae3ad996c94e240d,0.984111802745094,data/public_test/public_test/a5a2b6bd01ea464bae3ad996c94e240d.jpeg
a5a2def2b9ef4fffbc41bc6d802ee2f9,0.302359737784675,data/public_test/public_test/a5a2def2b9ef4fffbc41bc6d802ee2f9.jpeg
a5a848bf37274bb6a7e23f12eb02955b,0.1812695170817955,data/public_test/public_test/a5a848bf37274bb6a7e23f12eb02955b.jpeg
a5a915b637da4351920b8871dfb81a8b,0.6473319887212962,data/public_test/public_test/a5a915b637da4351920b8871dfb81a8b.jpeg
a5b44d290beb431ab45b9d54184629e9,0.0760467179764129,data/public_test/public_test/a5b44d290beb431ab45b9d54184629e9.jpeg
a5b6a0270ab649d88dbcfff69c372fc4,0.8329742438977159,data/public_test/public_test/a5b6a0270ab649d88dbcfff69c372fc4.jpeg
a5d10fa6744541f780364133869f6308,0.5490596161966718,data/public_test/public_test/a5d10fa6744541f780364133869f6308.jpeg
a5e5945cc6c8414fbbd574cd7ae63d59,0.548166061575628,data/public_test/public_test/a5e5945cc6c8414fbbd574cd7ae63d59.jpeg
a5e61d3def004c5e848abe5f1d50e053,0.5317436023438579,data/public_test/public_test/a5e61d3def004c5e848abe5f1d50e053.jpeg
a5e759d457a442458f86198db69ea585,0.1278321159419586,data/public_test/public_test/a5e759d457a442458f86198db69ea585.jpeg
a5ea65a6e5824a24ababe01fe06c1b6f,0.90706010876527,data/public_test/public_test/a5ea65a6e5824a24ababe01fe06c1b6f.jpeg
a5f6c137e05a4256a4e7b0e86f1035f0,0.6309116307574208,data/public_test/public_test/a5f6c137e05a4256a4e7b0e86f1035f0.jpeg
a601fd9c358241699e2411bab7bb76af,0.4912454691497102,data/public_test/public_test/a601fd9c358241699e2411bab7bb76af.jpeg
a603c270615e4636919ed2778c38db59,0.5128963918471877,data/public_test/public_test/a603c270615e4636919ed2778c38db59.jpeg
a605bddd6d374b199dbdb0848c6a9b5a,0.0751518043535358,data/public_test/public_test/a605bddd6d374b199dbdb0848c6a9b5a.jpeg
a6109406b1d24dd4ace721ec494e73bd,0.1523162040667219,data/public_test/public_test/a6109406b1d24dd4ace721ec494e73bd.jpeg
a613e694bedc42d2a231824528c59735,0.3454820312024794,data/public_test/public_test/a613e694bedc42d2a231824528c59735.jpeg
a6291a6140424844a28e7c01bd4b8b62,0.8306267756286347,data/public_test/public_test/a6291a6140424844a28e7c01bd4b8b62.jpeg
a62ddcab98dd45b5ac20f9ecc7ae9742,0.1252735903219015,data/public_test/public_test/a62ddcab98dd45b5ac20f9ecc7ae9742.jpeg
a6526defd17748c4b088933d1be0a2b9,0.9415468228802952,data/public_test/public_test/a6526defd17748c4b088933d1be0a2b9.jpeg
a652a5a3507245279f95eb70fcf84e01,0.1408358723451228,data/public_test/public_test/a652a5a3507245279f95eb70fcf84e01.jpeg
a652e1a099bc420792e7f23ecd09960a,0.5825848378791274,data/public_test/public_test/a652e1a099bc420792e7f23ecd09960a.jpeg
a652fb36cf6e49be8788a9c1adbb2c4d,0.9760508997446462,data/public_test/public_test/a652fb36cf6e49be8788a9c1adbb2c4d.jpeg
a664798eb87f4efda8012bd29800a122,0.337591418226929,data/public_test/public_test/a664798eb87f4efda8012bd29800a122.jpeg
a666c20954254505bbc9fd358099e72d,0.8859079956834446,data/public_test/public_test/a666c20954254505bbc9fd358099e72d.jpeg
a668ca1174f54cdcb4ed4002331cfd79,0.6611506795792067,data/public_test/public_test/a668ca1174f54cdcb4ed4002331cfd79.jpeg
a66fb82fe773448eaeff09aa37ae5735,0.2194498794716218,data/public_test/public_test/a66fb82fe773448eaeff09aa37ae5735.jpeg
a68fbecedaa742879280200a708dff09,0.6263176437680871,data/public_test/public_test/a68fbecedaa742879280200a708dff09.jpeg
a69ce77d5cba4f09b570e9589d5be9ea,0.5346885729611226,data/public_test/public_test/a69ce77d5cba4f09b570e9589d5be9ea.jpeg
a6a0853921fd4516ae08e2f0fd656914,0.783327614636589,data/public_test/public_test/a6a0853921fd4516ae08e2f0fd656914.jpeg
a6c206827d824f579930d5720174c890,0.5652688240263136,data/public_test/public_test/a6c206827d824f579930d5720174c890.jpeg
a6c3c940b3054be29f7d5871ae2dbb9f,0.36987941064401,data/public_test/public_test/a6c3c940b3054be29f7d5871ae2dbb9f.jpeg
a6df40ea0bac4f348311db8a707c69f7,0.9760508997446462,data/public_test/public_test/a6df40ea0bac4f348311db8a707c69f7.jpeg
a6e306f48504449bad568acdab708924,0.0849625422867531,data/public_test/public_test/a6e306f48504449bad568acdab708924.jpeg
a6e381812c2f47c0bba8764812fdc9c7,0.108208085807018,data/public_test/public_test/a6e381812c2f47c0bba8764812fdc9c7.jpeg
a6e9895fb64d4419ab4469662cb63052,0.2545494720308735,data/public_test/public_test/a6e9895fb64d4419ab4469662cb63052.jpeg
a6f58cd80e4f4cafa669647b218a00bf,0.3818648380469696,data/public_test/public_test/a6f58cd80e4f4cafa669647b218a00bf.jpeg
a6fcc01750864ad08cd1cdf4ddb79dd1,0.4348810905223026,data/public_test/public_test/a6fcc01750864ad08cd1cdf4ddb79dd1.jpeg
a70d56659f094718b81fdb33a24d0d57,0.2834240393493598,data/public_test/public_test/a70d56659f094718b81fdb33a24d0d57.jpeg
a72744962cd343d3842b13aeced77fa7,0.6159607944957706,data/public_test/public_test/a72744962cd343d3842b13aeced77fa7.jpeg
a73789884cd242228489176da0dd3854,0.9640433094232352,data/public_test/public_test/a73789884cd242228489176da0dd3854.jpeg
a7416e9b6e264120819ce57bb819b7cc,0.3870680576442865,data/public_test/public_test/a7416e9b6e264120819ce57bb819b7cc.jpeg
a750920730cf4339bffa3922d522ace5,0.1541074012299868,data/public_test/public_test/a750920730cf4339bffa3922d522ace5.jpeg
a7633d81669743a98899ce350a818c2b,0.465570000333469,data/public_test/public_test/a7633d81669743a98899ce350a818c2b.jpeg
a7773a12766f45db9eeed683e7d93970,0.5990051958430026,data/public_test/public_test/a7773a12766f45db9eeed683e7d93970.jpeg
a77c9773e0834671b6ed1df3fba14313,0.5652688240263136,data/public_test/public_test/a77c9773e0834671b6ed1df3fba14313.jpeg
a77f7753f33d495383f07f8185eb3bc3,0.5488463647945435,data/public_test/public_test/a77f7753f33d495383f07f8185eb3bc3.jpeg
a78d8f5eefab44bd88029cbc2af1a308,0.8511669162674561,data/public_test/public_test/a78d8f5eefab44bd88029cbc2af1a308.jpeg
a79961eacf1241638c86c35a6819b74f,0.4846773259641601,data/public_test/public_test/a79961eacf1241638c86c35a6819b74f.jpeg
a7a02701638f46bcb233157dbbd49b75,0.6309116307574208,data/public_test/public_test/a7a02701638f46bcb233157dbbd49b75.jpeg
a7a696f4042f4bf6a0f2d6676647e861,0.7929866151030683,data/public_test/public_test/a7a696f4042f4bf6a0f2d6676647e861.jpeg
a7a942d096b34c3ebdffe1a9babe944d,0.0608627214815609,data/public_test/public_test/a7a942d096b34c3ebdffe1a9babe944d.jpeg
a7b8e5a7066045f0a3de07b7c5fed807,0.6461998433175563,data/public_test/public_test/a7b8e5a7066045f0a3de07b7c5fed807.jpeg
a7be1ef4a38a4515ad00808c27b54daf,0.1774770205260603,data/public_test/public_test/a7be1ef4a38a4515ad00808c27b54daf.jpeg
a7c30cdc92ea44e492bbdb84432ea45c,0.6159607944957706,data/public_test/public_test/a7c30cdc92ea44e492bbdb84432ea45c.jpeg
a7c59adc363f499a8a47b4cd3ecaad62,0.7048297735131803,data/public_test/public_test/a7c59adc363f499a8a47b4cd3ecaad62.jpeg
a7ca7f74333f4448bd0186b3b65ff87f,0.9980593122406328,data/public_test/public_test/a7ca7f74333f4448bd0186b3b65ff87f.jpeg
a7d12af3e91149b983085d11dd8da8e7,0.6611506795792067,data/public_test/public_test/a7d12af3e91149b983085d11dd8da8e7.jpeg
a7d15d5e2bd84977bed6b94362540a37,0.1787940597665664,data/public_test/public_test/a7d15d5e2bd84977bed6b94362540a37.jpeg
a7dc14e800d34083acb24b117b254489,0.1857915438324906,data/public_test/public_test/a7dc14e800d34083acb24b117b254489.jpeg
a7df80b852ab40c59923af04e2b0f4e7,0.358874366617778,data/public_test/public_test/a7df80b852ab40c59923af04e2b0f4e7.jpeg
a7ef0644ccdb43ca90b2bd4ce846b099,0.4178189371203735,data/public_test/public_test/a7ef0644ccdb43ca90b2bd4ce846b099.jpeg
a7f25cbd9f1f4aa581bf5e0cfc83a3bf,0.8234015837103579,data/public_test/public_test/a7f25cbd9f1f4aa581bf5e0cfc83a3bf.jpeg
a7f2dfbf7b2c4fcea736daa4b2ed43ee,0.8503352357991559,data/public_test/public_test/a7f2dfbf7b2c4fcea736daa4b2ed43ee.jpeg
a7f665067d2f4811bcda508d4267d285,0.4661021546145838,data/public_test/public_test/a7f665067d2f4811bcda508d4267d285.jpeg
a7fdcd73c34e43f69a5ef03a5fb5eb68,0.9074250621581847,data/public_test/public_test/a7fdcd73c34e43f69a5ef03a5fb5eb68.jpeg
a80e7979f5344ca9bd3a06554d043b97,0.351624179162771,data/public_test/public_test/a80e7979f5344ca9bd3a06554d043b97.jpeg
a812d27580414ff6a7aad04d41fe5ea8,0.6155129665513012,data/public_test/public_test/a812d27580414ff6a7aad04d41fe5ea8.jpeg
a8204f3b945c45b2a682512b24a01d99,0.5047229577642156,data/public_test/public_test/a8204f3b945c45b2a682512b24a01d99.jpeg
a8289913ac0f403484c18e21fb507711,0.548166061575628,data/public_test/public_test/a8289913ac0f403484c18e21fb507711.jpeg
a830451043d94ab684a805ff96224b7f,0.9415468228802952,data/public_test/public_test/a830451043d94ab684a805ff96224b7f.jpeg
a835cd63c545436ab16408736db1e95f,0.4509604700141589,data/public_test/public_test/a835cd63c545436ab16408736db1e95f.jpeg
a83a7bb1eca44b31b59fb2e3d16edc81,0.401910628124347,data/public_test/public_test/a83a7bb1eca44b31b59fb2e3d16edc81.jpeg
a83f7df29919418ea0c75a337ab12319,0.0666222885944359,data/public_test/public_test/a83f7df29919418ea0c75a337ab12319.jpeg
a843c9724cc345d19b9b04e16a83f5bb,0.4415772609588713,data/public_test/public_test/a843c9724cc345d19b9b04e16a83f5bb.jpeg
a857408cb8a64debaf7dfc36d0d1e3be,0.2543332406488217,data/public_test/public_test/a857408cb8a64debaf7dfc36d0d1e3be.jpeg
a858b0f4027a4a36995632752cc544fa,0.6611506795792067,data/public_test/public_test/a858b0f4027a4a36995632752cc544fa.jpeg
a87273b96fc54b8bbd785e7486a0f62c,0.115415421041568,data/public_test/public_test/a87273b96fc54b8bbd785e7486a0f62c.jpeg
a8739cb6a5d14b7f9212c4124d8ce336,0.6873821902720395,data/public_test/public_test/a8739cb6a5d14b7f9212c4124d8ce336.jpeg
a874bc6bbe304e8ab37ffa40690d9ffc,0.9105787569003864,data/public_test/public_test/a874bc6bbe304e8ab37ffa40690d9ffc.jpeg
a87841f90121446e94be81b6f91019ca,0.7062746762695443,data/public_test/public_test/a87841f90121446e94be81b6f91019ca.jpeg
a8851df7a2cc4cdc9929906de1b6c2f2,0.3948736265774039,data/public_test/public_test/a8851df7a2cc4cdc9929906de1b6c2f2.jpeg
a8947c5da85d4d83be38522de51b06fb,0.3480414519080813,data/public_test/public_test/a8947c5da85d4d83be38522de51b06fb.jpeg
a8a4348be6fa46609c695571ba1a0230,0.1802061363521427,data/public_test/public_test/a8a4348be6fa46609c695571ba1a0230.jpeg
a8a56ad0d13a40439b06197e8d4567f0,0.6600185341754669,data/public_test/public_test/a8a56ad0d13a40439b06197e8d4567f0.jpeg
a8a8c0f919e34612be79c52ce53d52a2,0.5652688240263136,data/public_test/public_test/a8a8c0f919e34612be79c52ce53d52a2.jpeg
a8c2b705786d462ea293f92523f6bbaf,0.7898731446319959,data/public_test/public_test/a8c2b705786d462ea293f92523f6bbaf.jpeg
a8c9724e7cf24d45ba40c5beee8166d4,0.888464586499687,data/public_test/public_test/a8c9724e7cf24d45ba40c5beee8166d4.jpeg
a8d7d52ec1074ce29765cb63fc81e0b7,0.2621852312288981,data/public_test/public_test/a8d7d52ec1074ce29765cb63fc81e0b7.jpeg
a8e2a1bf0a7447de9b43094a5bf215e7,0.9105787569003864,data/public_test/public_test/a8e2a1bf0a7447de9b43094a5bf215e7.jpeg
a8ec2e1797d0452aa4c244c9c39c6ade,0.8329742438977159,data/public_test/public_test/a8ec2e1797d0452aa4c244c9c39c6ade.jpeg
a8f492a235fb4bee90cadfa94af1247f,0.9074250621581847,data/public_test/public_test/a8f492a235fb4bee90cadfa94af1247f.jpeg
a8ffe7711e374ce088fa6222a007af6d,0.9475376508985086,data/public_test/public_test/a8ffe7711e374ce088fa6222a007af6d.jpeg
a903055ae95040d5b05e2dc7c03925c4,0.5825848378791274,data/public_test/public_test/a903055ae95040d5b05e2dc7c03925c4.jpeg
a90ae762570c45f0a652056cde434961,0.888464586499687,data/public_test/public_test/a90ae762570c45f0a652056cde434961.jpeg
a90cfd9d744d4b0792cc23fdd9093cbd,0.8487548476552064,data/public_test/public_test/a90cfd9d744d4b0792cc23fdd9093cbd.jpeg
a9193f610335472caaff3cee9512eef1,0.0850037407820878,data/public_test/public_test/a9193f610335472caaff3cee9512eef1.jpeg
a91b5968b2a8474094d2aadf20ddae37,0.9295392325588844,data/public_test/public_test/a91b5968b2a8474094d2aadf20ddae37.jpeg
a922164c7f934982b02e8556405678e3,0.505042834867408,data/public_test/public_test/a922164c7f934982b02e8556405678e3.jpeg
a922784901c24f66a0e9f57d84a751f9,0.1945383388786703,data/public_test/public_test/a922784901c24f66a0e9f57d84a751f9.jpeg
a92a8372c59042c2b859b07591161c00,0.5044687480116549,data/public_test/public_test/a92a8372c59042c2b859b07591161c00.jpeg
a92c4040aafc4a74bfdeedf94ff7f83f,0.1680087510548238,data/public_test/public_test/a92c4040aafc4a74bfdeedf94ff7f83f.jpeg
a92d2d8225164d4f8f147e94ebc70bbb,0.7899786869520805,data/public_test/public_test/a92d2d8225164d4f8f147e94ebc70bbb.jpeg
a9381ea9c05e4e39b0a8da561bf88c7e,0.4213608151814045,data/public_test/public_test/a9381ea9c05e4e39b0a8da561bf88c7e.jpeg
a941af5c1f0a401892a2abf0d6215905,0.1489852141636674,data/public_test/public_test/a941af5c1f0a401892a2abf0d6215905.jpeg
a94487a6e6444e39936714cf0836151c,0.8669475200249463,data/public_test/public_test/a94487a6e6444e39936714cf0836151c.jpeg
a945f872a38a409691e9eb18a77ac0c3,0.202558365396266,data/public_test/public_test/a945f872a38a409691e9eb18a77ac0c3.jpeg
a94a25afc6a1443c8121fde2b08d8f26,0.0996840770071541,data/public_test/public_test/a94a25afc6a1443c8121fde2b08d8f26.jpeg
a94ba5ab087b465a880bf8c22f026ebc,0.2212779034014324,data/public_test/public_test/a94ba5ab087b465a880bf8c22f026ebc.jpeg
a95af7bbfb50414a96f1294b68e86cb9,0.2522878064438028,data/public_test/public_test/a95af7bbfb50414a96f1294b68e86cb9.jpeg
a9695d4dbe2c42838555ce926fb2f13a,0.9105787569003864,data/public_test/public_test/a9695d4dbe2c42838555ce926fb2f13a.jpeg
a9764715ea9e4d21b6fbdc0b918f8444,0.6971290264654407,data/public_test/public_test/a9764715ea9e4d21b6fbdc0b918f8444.jpeg
a980ed5a7736482e8116cc22f9a067fc,0.3646752577562775,data/public_test/public_test/a980ed5a7736482e8116cc22f9a067fc.jpeg
a985616cefb84dfc91f13c19060181ab,0.3034265951575718,data/public_test/public_test/a985616cefb84dfc91f13c19060181ab.jpeg
a98acfc42fdf41df8e2fd20f69fc885f,0.8669475200249463,data/public_test/public_test/a98acfc42fdf41df8e2fd20f69fc885f.jpeg
a98c521c3f4b4acebad85b631f42c2d5,0.1864336885722206,data/public_test/public_test/a98c521c3f4b4acebad85b631f42c2d5.jpeg
a99aaaaebfa04478af154aaf1a4bb84d,0.5517913354118081,data/public_test/public_test/a99aaaaebfa04478af154aaf1a4bb84d.jpeg
a99d12a64c9448ac9cfc7eb4bfab75cc,0.9295392325588844,data/public_test/public_test/a99d12a64c9448ac9cfc7eb4bfab75cc.jpeg
a9af60a20c314c3ba6ed085634e91c5c,0.4294645649444706,data/public_test/public_test/a9af60a20c314c3ba6ed085634e91c5c.jpeg
a9b414cc77f24174a3fd586fba59e0ba,0.1680053126164505,data/public_test/public_test/a9b414cc77f24174a3fd586fba59e0ba.jpeg
a9b5b9653f5e41f4bccae83261542761,0.7279426069568325,data/public_test/public_test/a9b5b9653f5e41f4bccae83261542761.jpeg
a9b6285b51344d639a5d64bf9d9b7140,0.8321425634294157,data/public_test/public_test/a9b6285b51344d639a5d64bf9d9b7140.jpeg
a9b7d50714b34fc9bb7da4f00a68d901,0.3381460683546551,data/public_test/public_test/a9b7d50714b34fc9bb7da4f00a68d901.jpeg
a9b836141f5c40fcae743648592abae8,0.5317436023438579,data/public_test/public_test/a9b836141f5c40fcae743648592abae8.jpeg
a9cc98fd4f684368abbba86a6f409f93,0.2546776848484075,data/public_test/public_test/a9cc98fd4f684368abbba86a6f409f93.jpeg
a9cfa0cfef17423aa0d080b94daba84c,0.0817625705303181,data/public_test/public_test/a9cfa0cfef17423aa0d080b94daba84c.jpeg
a9d14b08ce624dfeaeaaa6e5fd5caca4,0.908022166084144,data/public_test/public_test/a9d14b08ce624dfeaeaaa6e5fd5caca4.jpeg
a9d41addc44c4263bac2dcd1e561b299,0.3883908658202855,data/public_test/public_test/a9d41addc44c4263bac2dcd1e561b299.jpeg
a9da16b40e7a4d198093e57d1d0b2b04,0.9285771752400106,data/public_test/public_test/a9da16b40e7a4d198093e57d1d0b2b04.jpeg
a9e0f78306db4de8a21a307b059395a4,0.1187851479547091,data/public_test/public_test/a9e0f78306db4de8a21a307b059395a4.jpeg
a9fa3685eaf64b7bbe0e03f150ab29ee,0.8669475200249463,data/public_test/public_test/a9fa3685eaf64b7bbe0e03f150ab29ee.jpeg
aa01ab0054dc46a2bd150c2c84c1ee57,0.8511669162674561,data/public_test/public_test/aa01ab0054dc46a2bd150c2c84c1ee57.jpeg
aa0bac53eaff408ca5eead08f0a36eb3,0.8669475200249463,data/public_test/public_test/aa0bac53eaff408ca5eead08f0a36eb3.jpeg
aa1648a132fe493da7dec5b123f1b743,0.8669475200249463,data/public_test/public_test/aa1648a132fe493da7dec5b123f1b743.jpeg
aa1babb8759144d9ae706fb01cae8ef0,0.7188444212468772,data/public_test/public_test/aa1babb8759144d9ae706fb01cae8ef0.jpeg
aa1be2ae1d7e44eba8370aeccee5658c,0.4455012805113045,data/public_test/public_test/aa1be2ae1d7e44eba8370aeccee5658c.jpeg
aa1c989472544090bddc5c971980b0c0,0.1659586831447589,data/public_test/public_test/aa1c989472544090bddc5c971980b0c0.jpeg
aa250e87f5644412af0fbc5377098bf0,0.9105787569003864,data/public_test/public_test/aa250e87f5644412af0fbc5377098bf0.jpeg
aa35921b7e4e4215acd950b852f4a82d,0.2387219226739101,data/public_test/public_test/aa35921b7e4e4215acd950b852f4a82d.jpeg
aa43a5100be14647a0f8c643ac64adc2,0.8030533693334521,data/public_test/public_test/aa43a5100be14647a0f8c643ac64adc2.jpeg
aa4574effd9e49f19b5fc656a9872b8a,0.8702719141299468,data/public_test/public_test/aa4574effd9e49f19b5fc656a9872b8a.jpeg
aa552e2bc5ca437bb05f8e3d431ebf77,0.1528259170796123,data/public_test/public_test/aa552e2bc5ca437bb05f8e3d431ebf77.jpeg
aa58e96261c14d3fad8563d03022ca8c,0.5488463647945435,data/public_test/public_test/aa58e96261c14d3fad8563d03022ca8c.jpeg
aa64caad2dbb45deb9a794f524d258be,0.7279426069568325,data/public_test/public_test/aa64caad2dbb45deb9a794f524d258be.jpeg
aa67a877cf5447c49918fa6ddede3acc,0.4103555910464958,data/public_test/public_test/aa67a877cf5447c49918fa6ddede3acc.jpeg
aa6da773519547ffba0ea85c1e49614a,0.0798854506125915,data/public_test/public_test/aa6da773519547ffba0ea85c1e49614a.jpeg
aa74a84267e9467e8ba5381c2c2bf97e,0.1236447529439207,data/public_test/public_test/aa74a84267e9467e8ba5381c2c2bf97e.jpeg
aa74cc1ad1cf4b04b43433c078688892,0.4846773259641601,data/public_test/public_test/aa74cc1ad1cf4b04b43433c078688892.jpeg
aa7f2301a79749a9bb68501f626d3131,0.888464586499687,data/public_test/public_test/aa7f2301a79749a9bb68501f626d3131.jpeg
aa86aa1ccb9d473ab1e97a075420280a,0.4464822833527234,data/public_test/public_test/aa86aa1ccb9d473ab1e97a075420280a.jpeg
aa8947434d96406d8cbd352973204b60,0.0997193592053513,data/public_test/public_test/aa8947434d96406d8cbd352973204b60.jpeg
aa89a94938b84e8ebf91530429497b07,0.6461998433175563,data/public_test/public_test/aa89a94938b84e8ebf91530429497b07.jpeg
aa8b32a776314d78bc92863426a74b4e,0.6986631894446239,data/public_test/public_test/aa8b32a776314d78bc92863426a74b4e.jpeg
aa8bfc13b73247128ca549f4d339b367,0.3965799106863643,data/public_test/public_test/aa8bfc13b73247128ca549f4d339b367.jpeg
aa9a5a4e9c8443f585480c898a52c89a,0.1178514591168747,data/public_test/public_test/aa9a5a4e9c8443f585480c898a52c89a.jpeg
aaa071bdf2bf410b984c4ac4718ad932,0.118017344665951,data/public_test/public_test/aaa071bdf2bf410b984c4ac4718ad932.jpeg
aaa79d6f3d4e44fdbc22ef789245be1e,0.9555985538989564,data/public_test/public_test/aaa79d6f3d4e44fdbc22ef789245be1e.jpeg
aab0b3768a6047c0963753950d8b9ccb,0.5990051958430026,data/public_test/public_test/aab0b3768a6047c0963753950d8b9ccb.jpeg
aac292dcc1cf460ea7ad361fba301c10,0.5825848378791274,data/public_test/public_test/aac292dcc1cf460ea7ad361fba301c10.jpeg
aac3842fedd340dda9a21b1e9c3371d5,0.2448681039769919,data/public_test/public_test/aac3842fedd340dda9a21b1e9c3371d5.jpeg
aac56eab945b4e86b6fc6d7829752bde,0.7921562226846985,data/public_test/public_test/aac56eab945b4e86b6fc6d7829752bde.jpeg
aad3753272264e039e377aabb6aad1c0,0.5182661137293526,data/public_test/public_test/aad3753272264e039e377aabb6aad1c0.jpeg
aad557eb30414068a74873ab34b66914,0.6986631894446239,data/public_test/public_test/aad557eb30414068a74873ab34b66914.jpeg
aade7793adac4fa3ae61cdd79cbfba61,0.3935928464882202,data/public_test/public_test/aade7793adac4fa3ae61cdd79cbfba61.jpeg
aaea4d3f2e424156b5aa6d19afdf45ef,0.0376628355108386,data/public_test/public_test/aaea4d3f2e424156b5aa6d19afdf45ef.jpeg
aafe3b743e084be5b8b66b0d21d21948,0.1762795434287682,data/public_test/public_test/aafe3b743e084be5b8b66b0d21d21948.jpeg
ab082d91a2d34f8c93ed69ff35284f4e,0.3427950908248569,data/public_test/public_test/ab082d91a2d34f8c93ed69ff35284f4e.jpeg
ab0b8a07038740309fb0aa22c6fd4b33,0.0467880307000001,data/public_test/public_test/ab0b8a07038740309fb0aa22c6fd4b33.jpeg
ab124001ca7b40e8bdebc00ee1c58f62,0.7186874961044666,data/public_test/public_test/ab124001ca7b40e8bdebc00ee1c58f62.jpeg
ab12a258b1a34fcb9f0e7c3129e4847d,0.4713269858886446,data/public_test/public_test/ab12a258b1a34fcb9f0e7c3129e4847d.jpeg
ab148b429d3f4382a86586bd6dc54d9c,0.7186874961044666,data/public_test/public_test/ab148b429d3f4382a86586bd6dc54d9c.jpeg
ab1a96967f774a189b6b2c1f1488f198,0.9295392325588844,data/public_test/public_test/ab1a96967f774a189b6b2c1f1488f198.jpeg
ab20c71636584ff296e30d33f85c97f5,0.989848265462344,data/public_test/public_test/ab20c71636584ff296e30d33f85c97f5.jpeg
ab21263cb2a7422e8c6133e50132c948,0.2068608696881806,data/public_test/public_test/ab21263cb2a7422e8c6133e50132c948.jpeg
ab279c6855164a5fb07d3fe6ae4b8879,0.7538965497119806,data/public_test/public_test/ab279c6855164a5fb07d3fe6ae4b8879.jpeg
ab291d1fa8604d608dd1c7a396641fde,0.8106064995826628,data/public_test/public_test/ab291d1fa8604d608dd1c7a396641fde.jpeg
ab4cd94c67f64a25a5bfd7aec94481ad,0.4283548389776006,data/public_test/public_test/ab4cd94c67f64a25a5bfd7aec94481ad.jpeg
ab601e370d424affb7d58917416e5e66,0.363309308094371,data/public_test/public_test/ab601e370d424affb7d58917416e5e66.jpeg
ab6aa357cfff4c438bf7a40339c9e546,0.1174621705857108,data/public_test/public_test/ab6aa357cfff4c438bf7a40339c9e546.jpeg
ab6b0ea0deed4b32b68c07ca5d73730d,0.548166061575628,data/public_test/public_test/ab6b0ea0deed4b32b68c07ca5d73730d.jpeg
ab6e60b0572549928ad8626e42e03952,0.192787608860356,data/public_test/public_test/ab6e60b0572549928ad8626e42e03952.jpeg
ab6eb3dcc508411a856b253c11ad62ce,0.410910923404058,data/public_test/public_test/ab6eb3dcc508411a856b253c11ad62ce.jpeg
ab777fc1c651460c8f920b70400bfb70,0.6158733817513472,data/public_test/public_test/ab777fc1c651460c8f920b70400bfb70.jpeg
ab7d1bb873b24cc694f22d42d59e815b,0.4471436246755779,data/public_test/public_test/ab7d1bb873b24cc694f22d42d59e815b.jpeg
ab87c61584ce4b3fa6a2e023fff7732c,0.6323811524596458,data/public_test/public_test/ab87c61584ce4b3fa6a2e023fff7732c.jpeg
ab95554476ae408e98f73d1c1639a94f,0.2676440905325118,data/public_test/public_test/ab95554476ae408e98f73d1c1639a94f.jpeg
ab9a710be3654d74a8da7aa72639e573,0.7533698232514409,data/public_test/public_test/ab9a710be3654d74a8da7aa72639e573.jpeg
ab9f0dbe501d434aa94460e4b35a11dd,0.1703066648775394,data/public_test/public_test/ab9f0dbe501d434aa94460e4b35a11dd.jpeg
abb24485782449e8884ce4c545698e60,0.196112420490016,data/public_test/public_test/abb24485782449e8884ce4c545698e60.jpeg
abc1b7f1af7c447fb11cda952b095308,0.3532447642886558,data/public_test/public_test/abc1b7f1af7c447fb11cda952b095308.jpeg
abc5db427dcb49c8abf42a52218e1117,0.1125578031325013,data/public_test/public_test/abc5db427dcb49c8abf42a52218e1117.jpeg
abc7e14c7bce437fbfdb07a785c7a282,0.5990926085874261,data/public_test/public_test/abc7e14c7bce437fbfdb07a785c7a282.jpeg
abd7204df07a437192a484839f00f55a,0.1059468841362358,data/public_test/public_test/abd7204df07a437192a484839f00f55a.jpeg
abd89f299f2a4b8cae83d11b92a418e9,0.5179462366261602,data/public_test/public_test/abd89f299f2a4b8cae83d11b92a418e9.jpeg
abda7236ba26499397f4644b93f457e6,0.5990926085874261,data/public_test/public_test/abda7236ba26499397f4644b93f457e6.jpeg
abf8ddd943b64e3c834df30ba39f5d0f,0.6862503696097016,data/public_test/public_test/abf8ddd943b64e3c834df30ba39f5d0f.jpeg
abf91e7212e04afb8b5472f333bc918a,0.1402877061297577,data/public_test/public_test/abf91e7212e04afb8b5472f333bc918a.jpeg
ac109b0cf5b748ee8b1b38272bddde65,0.2781341765628743,data/public_test/public_test/ac109b0cf5b748ee8b1b38272bddde65.jpeg
ac1942aded9540a29f85452e5094c5c5,0.5661623786473574,data/public_test/public_test/ac1942aded9540a29f85452e5094c5c5.jpeg
ac1cc9ce18524d80b42566be653238e0,0.505042834867408,data/public_test/public_test/ac1cc9ce18524d80b42566be653238e0.jpeg
ac274f5a7efc47e09c8b315c7f089ecf,0.908022166084144,data/public_test/public_test/ac274f5a7efc47e09c8b315c7f089ecf.jpeg
ac35bc331e5b47f2b9fe3b9d2e62e4c3,0.3683430345112389,data/public_test/public_test/ac35bc331e5b47f2b9fe3b9d2e62e4c3.jpeg
ac451291405d48e8a1882f0c256a312f,0.6473319887212962,data/public_test/public_test/ac451291405d48e8a1882f0c256a312f.jpeg
ac46aea8c8614d2bb04a2a91c413e6f1,0.1237380929011591,data/public_test/public_test/ac46aea8c8614d2bb04a2a91c413e6f1.jpeg
ac541c8fcfd9443daea59507a37fd926,0.6873821902720395,data/public_test/public_test/ac541c8fcfd9443daea59507a37fd926.jpeg
ac565099f1794d45a9a35bade421b01f,0.8218211955664084,data/public_test/public_test/ac565099f1794d45a9a35bade421b01f.jpeg
ac5814b2f9cb45ce95bf8b32f4688b8e,0.7361113827744847,data/public_test/public_test/ac5814b2f9cb45ce95bf8b32f4688b8e.jpeg
ac7359684b534074846c0f9f403f4517,0.186302637678569,data/public_test/public_test/ac7359684b534074846c0f9f403f4517.jpeg
ac74cda699ed44b7b4a0173490d5c5d0,0.5990051958430026,data/public_test/public_test/ac74cda699ed44b7b4a0173490d5c5d0.jpeg
ac7d2f774a8d4103962ca78dd27720de,0.7464967260581304,data/public_test/public_test/ac7d2f774a8d4103962ca78dd27720de.jpeg
ac7ddda45097439c8ff3d5b59f6db5ee,0.984111802745094,data/public_test/public_test/ac7ddda45097439c8ff3d5b59f6db5ee.jpeg
ac854999eb35420ead68ed8fc56f84dc,0.9646212740733758,data/public_test/public_test/ac854999eb35420ead68ed8fc56f84dc.jpeg
ac873d3322b543e2bbf571b94363bde9,0.2679835571832143,data/public_test/public_test/ac873d3322b543e2bbf571b94363bde9.jpeg
ac8b7124802d43d6a4400f380daf29ae,0.6158733817513472,data/public_test/public_test/ac8b7124802d43d6a4400f380daf29ae.jpeg
ac92d11b8bd245c1b4372a333a35526b,0.8550884142984154,data/public_test/public_test/ac92d11b8bd245c1b4372a333a35526b.jpeg
ac949b44162344d582bc213258a1c8bb,0.4054509834483841,data/public_test/public_test/ac949b44162344d582bc213258a1c8bb.jpeg
aca3cf5ab8e34bb4b6b18ce3827a0ba8,0.6323811524596458,data/public_test/public_test/aca3cf5ab8e34bb4b6b18ce3827a0ba8.jpeg
aca7dd4b6f2f46ac9cc3c9764a02c515,0.1791333299350761,data/public_test/public_test/aca7dd4b6f2f46ac9cc3c9764a02c515.jpeg
acabc19b8af64434a99276725c91c2fe,0.9105787569003864,data/public_test/public_test/acabc19b8af64434a99276725c91c2fe.jpeg
acaeb60c8e42494c835ed9142f0c9142,0.1185340491702004,data/public_test/public_test/acaeb60c8e42494c835ed9142f0c9142.jpeg
acc6c3070bf94285a3da01ff8b96dd3a,0.5317436023438579,data/public_test/public_test/acc6c3070bf94285a3da01ff8b96dd3a.jpeg
acc80778c945482894225c8b45d5df61,0.5825848378791274,data/public_test/public_test/acc80778c945482894225c8b45d5df61.jpeg
ace7572b0ade48d8b243121ffb83057a,0.2256273751241747,data/public_test/public_test/ace7572b0ade48d8b243121ffb83057a.jpeg
ad1493cdbb7c49d4bda1cc83ed39c63e,0.548166061575628,data/public_test/public_test/ad1493cdbb7c49d4bda1cc83ed39c63e.jpeg
ad193290fd144b8ba4605dbfa4bc3d0a,0.8306308062425055,data/public_test/public_test/ad193290fd144b8ba4605dbfa4bc3d0a.jpeg
ad27572176f2455280f5cc780766fb06,0.5490596161966718,data/public_test/public_test/ad27572176f2455280f5cc780766fb06.jpeg
ad2d5fe0cba34d21b5b8a699c54b1fd2,0.908022166084144,data/public_test/public_test/ad2d5fe0cba34d21b5b8a699c54b1fd2.jpeg
ad32b16329cf4c7eb379743f16aa975d,0.6273732457131502,data/public_test/public_test/ad32b16329cf4c7eb379743f16aa975d.jpeg
ad32d3f22643456bbb9e5b215bfe72dc,0.889061690425646,data/public_test/public_test/ad32d3f22643456bbb9e5b215bfe72dc.jpeg
ad387fbc262d4270b7c9314c1047416d,0.2430716509150707,data/public_test/public_test/ad387fbc262d4270b7c9314c1047416d.jpeg
ad490276205a48a5ae8927c4681c419e,0.6600185341754669,data/public_test/public_test/ad490276205a48a5ae8927c4681c419e.jpeg
ad49e4bc3a36490c8d2663195a63bf04,0.908022166084144,data/public_test/public_test/ad49e4bc3a36490c8d2663195a63bf04.jpeg
ad589eef79fb4027b454c2729a5f4a0f,0.1822927090162708,data/public_test/public_test/ad589eef79fb4027b454c2729a5f4a0f.jpeg
ad5adc2ee6de415598af0d3a094b667a,0.5490596161966718,data/public_test/public_test/ad5adc2ee6de415598af0d3a094b667a.jpeg
ad5ca0dd60fa46d79d5b8889552e6264,0.6159607944957706,data/public_test/public_test/ad5ca0dd60fa46d79d5b8889552e6264.jpeg
ad63ae77248c4206a8859e18d0fd1642,0.1468562313640159,data/public_test/public_test/ad63ae77248c4206a8859e18d0fd1642.jpeg
ad66a45a1f9948449477f29910b19efc,0.39333771981876,data/public_test/public_test/ad66a45a1f9948449477f29910b19efc.jpeg
ad689cc2fc27414d92ebaba28477d5bf,0.1603297685033113,data/public_test/public_test/ad689cc2fc27414d92ebaba28477d5bf.jpeg
ad77da259e9f47b5bd8d4019da32599e,0.8030533693334521,data/public_test/public_test/ad77da259e9f47b5bd8d4019da32599e.jpeg
adbffda6b3964ab0a9a35b8d0d6a3a08,0.9295392325588844,data/public_test/public_test/adbffda6b3964ab0a9a35b8d0d6a3a08.jpeg
adee8ede906b4615a160c243c74b4331,0.505042834867408,data/public_test/public_test/adee8ede906b4615a160c243c74b4331.jpeg
adf48786169f4e88a8edb36eb3092cc8,0.2039237747321425,data/public_test/public_test/adf48786169f4e88a8edb36eb3092cc8.jpeg
ae01d95c33994d4699906b80c00c0d3f,0.7623637137574516,data/public_test/public_test/ae01d95c33994d4699906b80c00c0d3f.jpeg
ae0b94835abb49cf9a97ed65832900bf,0.8575604277174326,data/public_test/public_test/ae0b94835abb49cf9a97ed65832900bf.jpeg
ae26a3b825bb4ecc9a5fe2f01fe754a5,0.1352526261688952,data/public_test/public_test/ae26a3b825bb4ecc9a5fe2f01fe754a5.jpeg
ae2c24e020e24941972f093b182d2333,0.2032773292155265,data/public_test/public_test/ae2c24e020e24941972f093b182d2333.jpeg
ae2f23068d374bb0ab02c09751ece07c,0.1703554497686501,data/public_test/public_test/ae2f23068d374bb0ab02c09751ece07c.jpeg
ae31432733fd47adb47792bb6af487ec,0.1041573352402546,data/public_test/public_test/ae31432733fd47adb47792bb6af487ec.jpeg
ae39f662375643758cb3331f0a33a6bb,0.8859079956834446,data/public_test/public_test/ae39f662375643758cb3331f0a33a6bb.jpeg
ae46593cf16144088f5aa62a4c74d9b7,0.1262545358560141,data/public_test/public_test/ae46593cf16144088f5aa62a4c74d9b7.jpeg
ae56878cc50f4b77847597b75c68e4c2,0.7194564482682684,data/public_test/public_test/ae56878cc50f4b77847597b75c68e4c2.jpeg
ae5ec0ec4cc440de999a9e91786f3fcf,0.0516075778821628,data/public_test/public_test/ae5ec0ec4cc440de999a9e91786f3fcf.jpeg
ae63db14b405499bb643f7e36740ce89,0.1998638713698996,data/public_test/public_test/ae63db14b405499bb643f7e36740ce89.jpeg
ae650d577ed14b0daf612813dac59570,0.6323811524596458,data/public_test/public_test/ae650d577ed14b0daf612813dac59570.jpeg
ae6ab4c128944b079f00571110b03e60,0.1980728051947633,data/public_test/public_test/ae6ab4c128944b079f00571110b03e60.jpeg
ae78807d99e94d4fa7861422c1cdfcb1,0.5488463647945435,data/public_test/public_test/ae78807d99e94d4fa7861422c1cdfcb1.jpeg
ae79d57a114f40c290f007c52656ddac,0.233049675522201,data/public_test/public_test/ae79d57a114f40c290f007c52656ddac.jpeg
ae91090625204711bd6b2854d7b7e4ca,0.188947500848828,data/public_test/public_test/ae91090625204711bd6b2854d7b7e4ca.jpeg
ae963dd381b845dab1b9d0f0524f88a3,0.0630814147757235,data/public_test/public_test/ae963dd381b845dab1b9d0f0524f88a3.jpeg
ae96f8b6783641f59faad6ad14de301b,0.3655284325577899,data/public_test/public_test/ae96f8b6783641f59faad6ad14de301b.jpeg
aea94f9af93748a487deca53c43d10a1,0.5063069235214247,data/public_test/public_test/aea94f9af93748a487deca53c43d10a1.jpeg
aeb5b4bf89f942639e2255220697b4f9,0.080524266070722,data/public_test/public_test/aeb5b4bf89f942639e2255220697b4f9.jpeg
aeb9ea7f0a39490f811634176757aefc,0.148552363893017,data/public_test/public_test/aeb9ea7f0a39490f811634176757aefc.jpeg
aebf19a4424444ae8f7712e90d2503f3,0.5825848378791274,data/public_test/public_test/aebf19a4424444ae8f7712e90d2503f3.jpeg
aec10535d07545639a39fd79e38ec085,0.0793727194149068,data/public_test/public_test/aec10535d07545639a39fd79e38ec085.jpeg
aec4ca2cc81f413fb7be9fddaef6eae0,0.1962402185118097,data/public_test/public_test/aec4ca2cc81f413fb7be9fddaef6eae0.jpeg
aed3ef86f0af49d3822b60cc714b4fa0,0.908022166084144,data/public_test/public_test/aed3ef86f0af49d3822b60cc714b4fa0.jpeg
aeda0d308a8f45f19ab778228bf1d088,0.1329941697909729,data/public_test/public_test/aeda0d308a8f45f19ab778228bf1d088.jpeg
aee084f200794a0c9a7bdcbcc942e6ca,0.8922415623266536,data/public_test/public_test/aee084f200794a0c9a7bdcbcc942e6ca.jpeg
aef550cdf5e647f28013f23344e560c1,0.5825848378791274,data/public_test/public_test/aef550cdf5e647f28013f23344e560c1.jpeg
aef93252d9f341bf8d35c21675aa3ae0,0.0938745242786572,data/public_test/public_test/aef93252d9f341bf8d35c21675aa3ae0.jpeg
af145447e31a4b6a8a9e3177c4588051,0.3217670507899206,data/public_test/public_test/af145447e31a4b6a8a9e3177c4588051.jpeg
af1a3743d4914d9cab955aab89f690fa,0.4265641875982045,data/public_test/public_test/af1a3743d4914d9cab955aab89f690fa.jpeg
af2598cf007849498b96829d80e493cc,0.1559827473501398,data/public_test/public_test/af2598cf007849498b96829d80e493cc.jpeg
af2939faeadb4c59807ecf804b36f428,0.1763632775899161,data/public_test/public_test/af2939faeadb4c59807ecf804b36f428.jpeg
af2b9d1eaa5346539aeef8db51e66444,0.5317436023438579,data/public_test/public_test/af2b9d1eaa5346539aeef8db51e66444.jpeg
af391447128643fcb4f3819eec435941,0.1739325881965235,data/public_test/public_test/af391447128643fcb4f3819eec435941.jpeg
af3ceed7aca74e5da28d1de8640e7fad,0.9105787569003864,data/public_test/public_test/af3ceed7aca74e5da28d1de8640e7fad.jpeg
af3e9d0b873d42389af924c46c118d73,0.1560637635076212,data/public_test/public_test/af3e9d0b873d42389af924c46c118d73.jpeg
af431a0b4e4849968d38d9401d8bb2e6,0.4127654083002867,data/public_test/public_test/af431a0b4e4849968d38d9401d8bb2e6.jpeg
af5edcbcd6d14fbd825da074243ae5d8,0.4137248649590258,data/public_test/public_test/af5edcbcd6d14fbd825da074243ae5d8.jpeg
af61478d8f684bfc913ee13b66548d5e,0.4081374817410729,data/public_test/public_test/af61478d8f684bfc913ee13b66548d5e.jpeg
af62324c766443b1ba71d28086eebb09,0.6873821902720395,data/public_test/public_test/af62324c766443b1ba71d28086eebb09.jpeg
af684a65dda748ef8f74a68429aadfff,0.5047229577642156,data/public_test/public_test/af684a65dda748ef8f74a68429aadfff.jpeg
af69edc40d2b4308a748d8a0ef7f42c7,0.9270844154251128,data/public_test/public_test/af69edc40d2b4308a748d8a0ef7f42c7.jpeg
af6c2ee2f72845f2b8eee9861d429b51,0.3676613122542644,data/public_test/public_test/af6c2ee2f72845f2b8eee9861d429b51.jpeg
af8ca72e22dc42c4b96345b6418d2134,0.5990926085874261,data/public_test/public_test/af8ca72e22dc42c4b96345b6418d2134.jpeg
af9587bc035a4be3bf44f7de82cacb27,0.4057078402527083,data/public_test/public_test/af9587bc035a4be3bf44f7de82cacb27.jpeg
af9be07523b542cb9f55bfac090f36bd,0.1923141659144652,data/public_test/public_test/af9be07523b542cb9f55bfac090f36bd.jpeg
afa34dcb3f584dab9650b816ce30753c,0.15465540916803,data/public_test/public_test/afa34dcb3f584dab9650b816ce30753c.jpeg
afa85271eaec4b4cbb758553cef048d9,0.8030533693334521,data/public_test/public_test/afa85271eaec4b4cbb758553cef048d9.jpeg
afae3d16ac1c4d548a6d8900682c535f,0.3447566489649221,data/public_test/public_test/afae3d16ac1c4d548a6d8900682c535f.jpeg
afb62842e42944f5ba39fc86484350fc,0.1955586818213506,data/public_test/public_test/afb62842e42944f5ba39fc86484350fc.jpeg
afc4ef84653a4b2eb41893ecc690e747,0.4133847106206487,data/public_test/public_test/afc4ef84653a4b2eb41893ecc690e747.jpeg
afd1a4fd601e4d1fa71c079c85c467da,0.1640427934699137,data/public_test/public_test/afd1a4fd601e4d1fa71c079c85c467da.jpeg
afd31bfbdea64923816d6a99db2a39ae,0.5825848378791274,data/public_test/public_test/afd31bfbdea64923816d6a99db2a39ae.jpeg
afd5601de8e54239bbb229ab95c5f0ad,0.1131953742034109,data/public_test/public_test/afd5601de8e54239bbb229ab95c5f0ad.jpeg
afd7619438cd4f2a9feb17816e9ebce3,0.1988825110400468,data/public_test/public_test/afd7619438cd4f2a9feb17816e9ebce3.jpeg
afe8940460064bc78c48ff07cd34042a,0.3665527597227122,data/public_test/public_test/afe8940460064bc78c48ff07cd34042a.jpeg
aff1121992c5494fa51b23fd5b1f7d77,0.1955598661723459,data/public_test/public_test/aff1121992c5494fa51b23fd5b1f7d77.jpeg
b003707deedc470495b6e0635b9c23ad,0.6658110557183387,data/public_test/public_test/b003707deedc470495b6e0635b9c23ad.jpeg
b0052f95ceb9416ab7eeb4484c6ac47c,0.0776300997448825,data/public_test/public_test/b0052f95ceb9416ab7eeb4484c6ac47c.jpeg
b014979551894b5fa6784db290c2ade1,0.7194564482682684,data/public_test/public_test/b014979551894b5fa6784db290c2ade1.jpeg
b0168e96637849ebb97176c28078ca58,0.1521011079151172,data/public_test/public_test/b0168e96637849ebb97176c28078ca58.jpeg
b0363eeba83b4edf8e57dbc4541e84db,0.3839976467915413,data/public_test/public_test/b0363eeba83b4edf8e57dbc4541e84db.jpeg
b03746cebecd4b9eb5f94aba7fd760a7,0.6159607944957706,data/public_test/public_test/b03746cebecd4b9eb5f94aba7fd760a7.jpeg
b03f584515c54505bf2df5d984e46309,0.9475376508985086,data/public_test/public_test/b03f584515c54505bf2df5d984e46309.jpeg
b04da2eeeae348b3a365f49ff0b70f38,0.6986631894446239,data/public_test/public_test/b04da2eeeae348b3a365f49ff0b70f38.jpeg
b05a5b8c7c0444a8a4d27aa70329a976,0.2846612686147344,data/public_test/public_test/b05a5b8c7c0444a8a4d27aa70329a976.jpeg
b06d6e1bfed442ebbcd100ff67f10e06,0.5990051958430026,data/public_test/public_test/b06d6e1bfed442ebbcd100ff67f10e06.jpeg
b089635eb3714401bb2f03191c108a3c,0.6749093137446566,data/public_test/public_test/b089635eb3714401bb2f03191c108a3c.jpeg
b0912094013c43cbb6d8176730c0aa4f,0.8859079956834446,data/public_test/public_test/b0912094013c43cbb6d8176730c0aa4f.jpeg
b09cd61e98d94322bbeb19f94a3b0115,0.0992500642168632,data/public_test/public_test/b09cd61e98d94322bbeb19f94a3b0115.jpeg
b09ddd6be5444e389a4e71158eaaf25e,0.8030533693334521,data/public_test/public_test/b09ddd6be5444e389a4e71158eaaf25e.jpeg
b09eb9334c7340e79569b171d502331f,0.278007737542914,data/public_test/public_test/b09eb9334c7340e79569b171d502331f.jpeg
b0a1dcf419c34b269fdf7919e011af65,0.8922415623266536,data/public_test/public_test/b0a1dcf419c34b269fdf7919e011af65.jpeg
b0a968a0dd024ed9bb18a9260f204920,0.1886950539781635,data/public_test/public_test/b0a968a0dd024ed9bb18a9260f204920.jpeg
b0aab2fe8da941f5b83b1ca720bcba11,0.4765754646132798,data/public_test/public_test/b0aab2fe8da941f5b83b1ca720bcba11.jpeg
b0aad8a2be5b4fcd84f177c3c8b25d6a,0.0443140087963459,data/public_test/public_test/b0aad8a2be5b4fcd84f177c3c8b25d6a.jpeg
b0b787ed4de242469f18777bd9ff8cdb,0.1497990625085149,data/public_test/public_test/b0b787ed4de242469f18777bd9ff8cdb.jpeg
b0b94756486849918ba2b47221d6f02e,0.1532108175084712,data/public_test/public_test/b0b94756486849918ba2b47221d6f02e.jpeg
b0b95e3aa7a0455486e2fbfc1446fcea,0.9105787569003864,data/public_test/public_test/b0b95e3aa7a0455486e2fbfc1446fcea.jpeg
b0c158ab7d0040d1823af4988d93d7fe,0.5185203234819132,data/public_test/public_test/b0c158ab7d0040d1823af4988d93d7fe.jpeg
b0d91f3b88fc416780224adb1f1b5c57,0.7919003210021446,data/public_test/public_test/b0d91f3b88fc416780224adb1f1b5c57.jpeg
b0dada4e436146f6b4b37fb14162d0b3,0.1854923369288685,data/public_test/public_test/b0dada4e436146f6b4b37fb14162d0b3.jpeg
b0e1e74aa92249108b9929bcece3c254,0.6461998433175563,data/public_test/public_test/b0e1e74aa92249108b9929bcece3c254.jpeg
b0e39e504bd54e928488be54ac20d89b,0.6461998433175563,data/public_test/public_test/b0e39e504bd54e928488be54ac20d89b.jpeg
b0e707e085b14606b3d1ad5e45e51330,0.5317436023438579,data/public_test/public_test/b0e707e085b14606b3d1ad5e45e51330.jpeg
b0ed2f1dfdcb49fa84af8b9af26a6d50,0.4251127790981248,data/public_test/public_test/b0ed2f1dfdcb49fa84af8b9af26a6d50.jpeg
b0ed6979609041739f845e7e299b0b5d,0.4912454691497102,data/public_test/public_test/b0ed6979609041739f845e7e299b0b5d.jpeg
b0fac15577004edd86bd969685998795,0.2185093355883955,data/public_test/public_test/b0fac15577004edd86bd969685998795.jpeg
b0fb6a3665de43dba8c32805d9d01ed0,0.148732974690873,data/public_test/public_test/b0fb6a3665de43dba8c32805d9d01ed0.jpeg
b0fc5607cf0a4da385bf093cb72b25b0,0.6158733817513472,data/public_test/public_test/b0fc5607cf0a4da385bf093cb72b25b0.jpeg
b0fe0c681d2a415695491d8652fce6d2,0.3175882565986225,data/public_test/public_test/b0fe0c681d2a415695491d8652fce6d2.jpeg
b0ff669c30ad42eabe41fc76dbede648,0.9105787569003864,data/public_test/public_test/b0ff669c30ad42eabe41fc76dbede648.jpeg
b100ccb1ceab456fb615d4dfb8014de0,0.8718523022738962,data/public_test/public_test/b100ccb1ceab456fb615d4dfb8014de0.jpeg
b1074ed5aedb4f8fa8090c5d05a1947a,0.4329398751114865,data/public_test/public_test/b1074ed5aedb4f8fa8090c5d05a1947a.jpeg
b10e1fbbc9414cd8bab0f6a47e7446ad,0.889061690425646,data/public_test/public_test/b10e1fbbc9414cd8bab0f6a47e7446ad.jpeg
b126b760c252418d91c60b6ce84a7a34,0.8054648130231717,data/public_test/public_test/b126b760c252418d91c60b6ce84a7a34.jpeg
b136ba858e7d48c5bcababce80241d9a,0.888464586499687,data/public_test/public_test/b136ba858e7d48c5bcababce80241d9a.jpeg
b1382e8a4ff540acbd50424e047089cf,0.1217763491945786,data/public_test/public_test/b1382e8a4ff540acbd50424e047089cf.jpeg
b13c9245946e44d78d04cd54ca93ac2a,0.4218716415933872,data/public_test/public_test/b13c9245946e44d78d04cd54ca93ac2a.jpeg
b13d6d8cd0cc40fd878d9928f2804768,0.9270844154251128,data/public_test/public_test/b13d6d8cd0cc40fd878d9928f2804768.jpeg
b15213cc87a1467db9f6ebe26f9cf418,0.7097096120748673,data/public_test/public_test/b15213cc87a1467db9f6ebe26f9cf418.jpeg
b15a0df9e20949d18c8c423aaa3f38f2,0.8196656535592427,data/public_test/public_test/b15a0df9e20949d18c8c423aaa3f38f2.jpeg
b15e492b78bf4a27aac054320cd60fea,0.0951965192366917,data/public_test/public_test/b15e492b78bf4a27aac054320cd60fea.jpeg
b162723475ec4d65913c0e1fb9df51a8,0.1024972544647056,data/public_test/public_test/b162723475ec4d65913c0e1fb9df51a8.jpeg
b16d6dc66eb14332b9d057445b6de923,0.6442824936708621,data/public_test/public_test/b16d6dc66eb14332b9d057445b6de923.jpeg
b17253b80cc6412d8864ada4cd84b1ad,0.5511963436694213,data/public_test/public_test/b17253b80cc6412d8864ada4cd84b1ad.jpeg
b1849aa4821341228ece6ef15ab21347,0.5652688240263136,data/public_test/public_test/b1849aa4821341228ece6ef15ab21347.jpeg
b1877ebd2b934866a051cfc2f6f84642,0.146514428758355,data/public_test/public_test/b1877ebd2b934866a051cfc2f6f84642.jpeg
b19277b9f2964103b767becdba6d44b6,0.6473319887212962,data/public_test/public_test/b19277b9f2964103b767becdba6d44b6.jpeg
b19650c5def94f96a1d33b8e199ccd0f,0.4093318587859904,data/public_test/public_test/b19650c5def94f96a1d33b8e199ccd0f.jpeg
b19a4869566546d4a6c2210ea1c39139,0.6724316787517911,data/public_test/public_test/b19a4869566546d4a6c2210ea1c39139.jpeg
b1a35edadd3c485d9a712f41f04c4d6e,0.8013168010420729,data/public_test/public_test/b1a35edadd3c485d9a712f41f04c4d6e.jpeg
b1a5327454e641c8a4bd3354ebd10db0,0.115028250151815,data/public_test/public_test/b1a5327454e641c8a4bd3354ebd10db0.jpeg
b1a8310ca684413787b6d546e7459016,0.1355091882499304,data/public_test/public_test/b1a8310ca684413787b6d546e7459016.jpeg
b1b1e628558e4540abcf5251efb93862,0.3714571380915991,data/public_test/public_test/b1b1e628558e4540abcf5251efb93862.jpeg
b1bb4f394d9a462a85cb3d121a253239,0.353372502274224,data/public_test/public_test/b1bb4f394d9a462a85cb3d121a253239.jpeg
b1c6abcf90cb405a8e4830a5eda47e58,0.3607089126648206,data/public_test/public_test/b1c6abcf90cb405a8e4830a5eda47e58.jpeg
b1cbc3ea7c974b02b2bdce4821a574fa,0.8908127779323943,data/public_test/public_test/b1cbc3ea7c974b02b2bdce4821a574fa.jpeg
b1ce6c732d104f479c84c02366dd8371,0.5179462366261602,data/public_test/public_test/b1ce6c732d104f479c84c02366dd8371.jpeg
b1d0d86255dc4e8eab3b11ec0439539d,0.5044687480116549,data/public_test/public_test/b1d0d86255dc4e8eab3b11ec0439539d.jpeg
b1e2a12f88fa4b3f86689cbeedfbf2ca,0.8345546320416654,data/public_test/public_test/b1e2a12f88fa4b3f86689cbeedfbf2ca.jpeg
b1e463f2c4de471ab7e5f029a84a2f76,0.0442722808906585,data/public_test/public_test/b1e463f2c4de471ab7e5f029a84a2f76.jpeg
b1f5e789f21e4d22b45c54eb0ff2d2b5,0.5317436023438579,data/public_test/public_test/b1f5e789f21e4d22b45c54eb0ff2d2b5.jpeg
b218034a170d46d9ac6de63e529c3311,0.5044687480116549,data/public_test/public_test/b218034a170d46d9ac6de63e529c3311.jpeg
b2184eef797c497397c23ca80149490b,0.1074806295907594,data/public_test/public_test/b2184eef797c497397c23ca80149490b.jpeg
b22540c3d28c432aa03af8c3a72cc11f,0.5816891819901887,data/public_test/public_test/b22540c3d28c432aa03af8c3a72cc11f.jpeg
b225a2f7313e4dbea5bc839ac1dbf388,0.505042834867408,data/public_test/public_test/b225a2f7313e4dbea5bc839ac1dbf388.jpeg
b227de990b6e40a392f12bb982897910,0.8487548476552064,data/public_test/public_test/b227de990b6e40a392f12bb982897910.jpeg
b228367cf744452b990ca9051a0ed5eb,0.8708690180559059,data/public_test/public_test/b228367cf744452b990ca9051a0ed5eb.jpeg
b228ee071ae445f4bf6fb453d54487bc,0.5179462366261602,data/public_test/public_test/b228ee071ae445f4bf6fb453d54487bc.jpeg
b2293df2a6704f7896bc5db5729cdaed,0.8669475200249463,data/public_test/public_test/b2293df2a6704f7896bc5db5729cdaed.jpeg
b22954e30bf343ceb6494df2d2f208b5,0.4595979513737207,data/public_test/public_test/b22954e30bf343ceb6494df2d2f208b5.jpeg
b22c86ee96fd4e648e0ac8d3d8b91fa5,0.1515472873788716,data/public_test/public_test/b22c86ee96fd4e648e0ac8d3d8b91fa5.jpeg
b238c5ce2cb74926ab6df035d753fc94,0.7376894431502338,data/public_test/public_test/b238c5ce2cb74926ab6df035d753fc94.jpeg
b24a306eb804498d90efebccd5841dc8,0.9811269325981024,data/public_test/public_test/b24a306eb804498d90efebccd5841dc8.jpeg
b252e44a035f464cacf268151363a965,0.5185203234819132,data/public_test/public_test/b252e44a035f464cacf268151363a965.jpeg
b25f94c452ad4b94a21bb6fec9abe743,0.1074390490467165,data/public_test/public_test/b25f94c452ad4b94a21bb6fec9abe743.jpeg
b2824a9269814ca4816471491bca6044,0.1857488171423233,data/public_test/public_test/b2824a9269814ca4816471491bca6044.jpeg
b28da1662c7e40978dffed6c34258161,0.3641639073917808,data/public_test/public_test/b28da1662c7e40978dffed6c34258161.jpeg
b2a9fb5af0f64db5a84ff2faa4850687,0.665266431640282,data/public_test/public_test/b2a9fb5af0f64db5a84ff2faa4850687.jpeg
b2c02925a47948d098b90de14d16e267,0.1788806320038319,data/public_test/public_test/b2c02925a47948d098b90de14d16e267.jpeg
b2d787694adb498ab6969c9fb5aa622e,0.6461998433175563,data/public_test/public_test/b2d787694adb498ab6969c9fb5aa622e.jpeg
b2d7947b851c4307add9c047a519218f,0.9295392325588844,data/public_test/public_test/b2d7947b851c4307add9c047a519218f.jpeg
b2e377ce53594bcf9783dfff9a6db2c4,0.9285771752400106,data/public_test/public_test/b2e377ce53594bcf9783dfff9a6db2c4.jpeg
b301f5ab9155495c83f60819c99a4f0d,0.1069715442293181,data/public_test/public_test/b301f5ab9155495c83f60819c99a4f0d.jpeg
b303f2a74ba342099c50ee502a10c385,0.9982936704694264,data/public_test/public_test/b303f2a74ba342099c50ee502a10c385.jpeg
b30450418dc648bca9e89ea240bd774a,0.1090574619528037,data/public_test/public_test/b30450418dc648bca9e89ea240bd774a.jpeg
b319e9d12c964543800ee8ff6b987274,0.2214488156199402,data/public_test/public_test/b319e9d12c964543800ee8ff6b987274.jpeg
b32749c276094ce6be80499aeca76fe6,0.9555985538989564,data/public_test/public_test/b32749c276094ce6be80499aeca76fe6.jpeg
b33700058f0f40e994886ead47e1a05f,0.0983963763785143,data/public_test/public_test/b33700058f0f40e994886ead47e1a05f.jpeg
b34b6c835d4740149eabfa3f8f0e6668,0.367532739219377,data/public_test/public_test/b34b6c835d4740149eabfa3f8f0e6668.jpeg
b34e78249a684caba97620f47b800004,0.1812763230066391,data/public_test/public_test/b34e78249a684caba97620f47b800004.jpeg
b34f4ea63cf34feaa2efbdc7f5974846,0.3111907909445167,data/public_test/public_test/b34f4ea63cf34feaa2efbdc7f5974846.jpeg
b3532bd361824421a6f41ab1ebc32e40,0.1813123583865752,data/public_test/public_test/b3532bd361824421a6f41ab1ebc32e40.jpeg
b36353f77e3c42c89c7688bdf746b622,0.1851102254555791,data/public_test/public_test/b36353f77e3c42c89c7688bdf746b622.jpeg
b36a3ec9e0464758ba4071842ea4fc14,0.7721958914454944,data/public_test/public_test/b36a3ec9e0464758ba4071842ea4fc14.jpeg
b36c40c7388f404fb386c23502600d98,0.0990777929965222,data/public_test/public_test/b36c40c7388f404fb386c23502600d98.jpeg
b36f59db4676462e99727d82440cf6c1,0.3359276588681044,data/public_test/public_test/b36f59db4676462e99727d82440cf6c1.jpeg
b376737140934d43b3d3d0184d96c747,0.6473319887212962,data/public_test/public_test/b376737140934d43b3d3d0184d96c747.jpeg
b37ac18926dc425e9176010ca774870a,0.0884579604959544,data/public_test/public_test/b37ac18926dc425e9176010ca774870a.jpeg
b3801cc55dac4a86a8072fc38c898bec,0.5654820754284418,data/public_test/public_test/b3801cc55dac4a86a8072fc38c898bec.jpeg
b385a39e2eaf4f758b74779752e33b91,0.4784069324393025,data/public_test/public_test/b385a39e2eaf4f758b74779752e33b91.jpeg
b38627c41a904330addd80dd21307056,0.946044891083611,data/public_test/public_test/b38627c41a904330addd80dd21307056.jpeg
b38737d0976d4551b767f4add2a750d5,0.2459751173980341,data/public_test/public_test/b38737d0976d4551b767f4add2a750d5.jpeg
b38764a4b852442e8b126c8761238cb0,0.580866733456029,data/public_test/public_test/b38764a4b852442e8b126c8761238cb0.jpeg
b38769d89b27443d8d4e8af8d5b70b2d,0.0785198229631675,data/public_test/public_test/b38769d89b27443d8d4e8af8d5b70b2d.jpeg
b38c00c9b77b4eaca9f975a8b47f925e,0.1187478518140362,data/public_test/public_test/b38c00c9b77b4eaca9f975a8b47f925e.jpeg
b399e72d82764f79a9317d4e6be2f14f,0.862128038336848,data/public_test/public_test/b399e72d82764f79a9317d4e6be2f14f.jpeg
b39acd9bbcff4aa09521ad6b646ba807,0.748138761854518,data/public_test/public_test/b39acd9bbcff4aa09521ad6b646ba807.jpeg
b3a75f762d8f4560b2395c2ffa70809f,0.6846099220443723,data/public_test/public_test/b3a75f762d8f4560b2395c2ffa70809f.jpeg
b3acd6d1d1734cc39e1324e55112855f,0.8730868326380397,data/public_test/public_test/b3acd6d1d1734cc39e1324e55112855f.jpeg
b3b5da5086484441af1a3abb99b468d8,0.9868633953153522,data/public_test/public_test/b3b5da5086484441af1a3abb99b468d8.jpeg
b3e45b92f1c246c48050f1cedb9f3e75,0.0681567217366342,data/public_test/public_test/b3e45b92f1c246c48050f1cedb9f3e75.jpeg
b3ec36f6fa934ceb8b82cd8a04237d3c,0.1553798471994943,data/public_test/public_test/b3ec36f6fa934ceb8b82cd8a04237d3c.jpeg
b3f66cd59cd94be1a8d408ad44e7cc3a,0.4116786448252358,data/public_test/public_test/b3f66cd59cd94be1a8d408ad44e7cc3a.jpeg
b40b9bbfafac4687abfb26f1422e33e6,0.9105787569003864,data/public_test/public_test/b40b9bbfafac4687abfb26f1422e33e6.jpeg
b410ef1e69334a4cb3837b17aa058db3,0.9105787569003864,data/public_test/public_test/b410ef1e69334a4cb3837b17aa058db3.jpeg
b416ec9ed9134af7b750365fc41eb27f,0.1771731962909084,data/public_test/public_test/b416ec9ed9134af7b750365fc41eb27f.jpeg
b41fa7bc16ee4ae9b14c6fe465f90a2f,0.6155129665513012,data/public_test/public_test/b41fa7bc16ee4ae9b14c6fe465f90a2f.jpeg
b421ecfb8b0345068776fe34cedf94fc,0.889061690425646,data/public_test/public_test/b421ecfb8b0345068776fe34cedf94fc.jpeg
b427e08cb2f24836904df14016a43d2e,0.4098866999380707,data/public_test/public_test/b427e08cb2f24836904df14016a43d2e.jpeg
b42dfc2786c145c49ce42158194f51c5,0.535262250478974,data/public_test/public_test/b42dfc2786c145c49ce42158194f51c5.jpeg
b43766fb22584c24ab01682c1e03100b,0.1358461279213204,data/public_test/public_test/b43766fb22584c24ab01682c1e03100b.jpeg
b440bd89fb1f4d41a0b93c9e0dd39614,0.5823185458361716,data/public_test/public_test/b440bd89fb1f4d41a0b93c9e0dd39614.jpeg
b440c535d90044839c305a10874b36b4,0.9200297564055552,data/public_test/public_test/b440c535d90044839c305a10874b36b4.jpeg
b44461e1256143439d1970229f77644d,0.8314649127201026,data/public_test/public_test/b44461e1256143439d1970229f77644d.jpeg
b444bfae17ac49af91205b8dfdbadcde,0.1140952053389458,data/public_test/public_test/b444bfae17ac49af91205b8dfdbadcde.jpeg
b4472d2cbd9a478dbed7a6feb8cf1637,0.6862503696097016,data/public_test/public_test/b4472d2cbd9a478dbed7a6feb8cf1637.jpeg
b456a6e7567640a1bd17f14a81e5ed2f,0.4912454691497102,data/public_test/public_test/b456a6e7567640a1bd17f14a81e5ed2f.jpeg
b45904d6c5d34eafb15954ce49897a42,0.6611506795792067,data/public_test/public_test/b45904d6c5d34eafb15954ce49897a42.jpeg
b45d59030fbc4d058f126938997da10a,0.1682203978523778,data/public_test/public_test/b45d59030fbc4d058f126938997da10a.jpeg
b461f14a98f942bebe41613d031267f3,0.9595452412199196,data/public_test/public_test/b461f14a98f942bebe41613d031267f3.jpeg
b4654a7f9a63462ca66bf1449f3cf398,0.6862503696097016,data/public_test/public_test/b4654a7f9a63462ca66bf1449f3cf398.jpeg
b4728f53a4a34e14afeab3b94a61576b,0.1593027506239158,data/public_test/public_test/b4728f53a4a34e14afeab3b94a61576b.jpeg
b477196a0e6549bb9e7e90f0861fd219,0.0702459414525259,data/public_test/public_test/b477196a0e6549bb9e7e90f0861fd219.jpeg
b47da3830a9d405e8a1b3226f64d56b1,0.5825848378791274,data/public_test/public_test/b47da3830a9d405e8a1b3226f64d56b1.jpeg
b480834eca3641579f62304bdf14bcb3,0.9260205844237684,data/public_test/public_test/b480834eca3641579f62304bdf14bcb3.jpeg
b496dcb847c2419593be04f42dd9682c,0.7724304679878354,data/public_test/public_test/b496dcb847c2419593be04f42dd9682c.jpeg
b49f2d0d5c0d40589ba0cec32b49a297,0.9295392325588844,data/public_test/public_test/b49f2d0d5c0d40589ba0cec32b49a297.jpeg
b4ad219c14a64f09890a996fb567176f,0.2304095770451163,data/public_test/public_test/b4ad219c14a64f09890a996fb567176f.jpeg
b4aeda6fc7594843bb9810d1fabff85d,0.870127391925954,data/public_test/public_test/b4aeda6fc7594843bb9810d1fabff85d.jpeg
b4baa3a911dc4cf1a033ea06a5ab52eb,0.131884056317556,data/public_test/public_test/b4baa3a911dc4cf1a033ea06a5ab52eb.jpeg
b4de8375603944e98affefa59f23683f,0.4912454691497102,data/public_test/public_test/b4de8375603944e98affefa59f23683f.jpeg
b4df24732c0540b79469c059de5cfece,0.4912454691497102,data/public_test/public_test/b4df24732c0540b79469c059de5cfece.jpeg
b4e72907505d409fb0dd0781e0da429d,0.1982883980096886,data/public_test/public_test/b4e72907505d409fb0dd0781e0da429d.jpeg
b4eb1adeb8704a18a4a9e96d4e5fab66,0.3116589889074284,data/public_test/public_test/b4eb1adeb8704a18a4a9e96d4e5fab66.jpeg
b4ecb13b7f1344ceaa5c425d86d1a59c,0.6323811524596458,data/public_test/public_test/b4ecb13b7f1344ceaa5c425d86d1a59c.jpeg
b4fe44bd263f42b8b046c4769b1b3452,0.2153909803516975,data/public_test/public_test/b4fe44bd263f42b8b046c4769b1b3452.jpeg
b4fe4a592bad43ab99a4fd193e2155dd,0.1722331536751163,data/public_test/public_test/b4fe4a592bad43ab99a4fd193e2155dd.jpeg
b4ff5f9baddd4e26968c8fd04039f1d9,0.9891878355985502,data/public_test/public_test/b4ff5f9baddd4e26968c8fd04039f1d9.jpeg
b5074f7b7cc04319a75937e141dfc949,0.7996574652615047,data/public_test/public_test/b5074f7b7cc04319a75937e141dfc949.jpeg
b50aeb28930a400bb5d585216fdb908b,0.7984458509975515,data/public_test/public_test/b50aeb28930a400bb5d585216fdb908b.jpeg
b50ffc02b92546a3990080afdc0442a3,0.090760873698908,data/public_test/public_test/b50ffc02b92546a3990080afdc0442a3.jpeg
b5106c0dce7e48489d79c525cb0c07a8,0.5825848378791274,data/public_test/public_test/b5106c0dce7e48489d79c525cb0c07a8.jpeg
b51408d2eafc4d91af4d1f6cac3ff42f,0.5317436023438579,data/public_test/public_test/b51408d2eafc4d91af4d1f6cac3ff42f.jpeg
b5210e673994437c89a1f9efd250cf5a,0.1167432831761919,data/public_test/public_test/b5210e673994437c89a1f9efd250cf5a.jpeg
b52858aa9a204d58b5388dca872f3f0f,0.889061690425646,data/public_test/public_test/b52858aa9a204d58b5388dca872f3f0f.jpeg
b52a52ecb9fb44a0973e676685307017,0.7464967260581304,data/public_test/public_test/b52a52ecb9fb44a0973e676685307017.jpeg
b5375fc1f27e4787ae7f78e6d36cbb77,0.3355868332155687,data/public_test/public_test/b5375fc1f27e4787ae7f78e6d36cbb77.jpeg
b542242d0c3045a29ab17ba523a46bcc,0.7810031743533911,data/public_test/public_test/b542242d0c3045a29ab17ba523a46bcc.jpeg
b5432adf18304651beec6180cdebde1e,0.2333046712035327,data/public_test/public_test/b5432adf18304651beec6180cdebde1e.jpeg
b55646244fbc4cf08c2caf62796accad,0.4408311020938893,data/public_test/public_test/b55646244fbc4cf08c2caf62796accad.jpeg
b5700200f2b64c87ad49a3ab7406697c,0.0481959484124963,data/public_test/public_test/b5700200f2b64c87ad49a3ab7406697c.jpeg
b57704712b47445dbfa3ef238745c84e,0.3387856806572341,data/public_test/public_test/b57704712b47445dbfa3ef238745c84e.jpeg
b578df6909784f24af4e6da1171765e0,0.5488463647945435,data/public_test/public_test/b578df6909784f24af4e6da1171765e0.jpeg
b57da9a7ef7341c4855acced8cb96b50,0.0884155394447536,data/public_test/public_test/b57da9a7ef7341c4855acced8cb96b50.jpeg
b57edaadb69e484e89917ad045461b35,0.7097096120748673,data/public_test/public_test/b57edaadb69e484e89917ad045461b35.jpeg
b589261c1d9a47e881549097712e8228,0.0922123586087294,data/public_test/public_test/b589261c1d9a47e881549097712e8228.jpeg
b58c71c8f5dc44f68c58b0363d28ef30,0.2252435062268278,data/public_test/public_test/b58c71c8f5dc44f68c58b0363d28ef30.jpeg
b59258a768ff4732ab04ded1b55c24d6,0.0174014253293425,data/public_test/public_test/b59258a768ff4732ab04ded1b55c24d6.jpeg
b5b653b7f71944dfbb6f343579025a13,0.8690107399617891,data/public_test/public_test/b5b653b7f71944dfbb6f343579025a13.jpeg
b5bff23e9c6a4d488847309e031d4338,0.7789720792550644,data/public_test/public_test/b5bff23e9c6a4d488847309e031d4338.jpeg
b5c4de3dc84f47e28f768c7954eea6bf,0.7709364201230073,data/public_test/public_test/b5c4de3dc84f47e28f768c7954eea6bf.jpeg
b5c5aa41bda64c449cc1198182b0f25a,0.6293762206620975,data/public_test/public_test/b5c5aa41bda64c449cc1198182b0f25a.jpeg
b5c9ff3d7d2d467bbc61fc0a726cf609,0.562234374872682,data/public_test/public_test/b5c9ff3d7d2d467bbc61fc0a726cf609.jpeg
b5ceaacb9d5b4cd49aeef3a78950de88,0.7097096120748673,data/public_test/public_test/b5ceaacb9d5b4cd49aeef3a78950de88.jpeg
b5d2f14e93864baa8a6f27d065df7cc9,0.8329742438977159,data/public_test/public_test/b5d2f14e93864baa8a6f27d065df7cc9.jpeg
b5e8555b4cd34404bd6ebe767b4d3958,0.9074250621581847,data/public_test/public_test/b5e8555b4cd34404bd6ebe767b4d3958.jpeg
b5eebda1d20743d9a364523ee2b6e506,0.3258194932866772,data/public_test/public_test/b5eebda1d20743d9a364523ee2b6e506.jpeg
b5fb950b8c48416d9d1d97f767983eda,0.1411400622554668,data/public_test/public_test/b5fb950b8c48416d9d1d97f767983eda.jpeg
b609def90c9d44988c0822a05a91e185,0.6323811524596458,data/public_test/public_test/b609def90c9d44988c0822a05a91e185.jpeg
b60aa9407aa4499c84b834244eaa4ad5,0.1149053587270017,data/public_test/public_test/b60aa9407aa4499c84b834244eaa4ad5.jpeg
b60c097c3ac941c4a5f9451cd155148d,0.7647936963607341,data/public_test/public_test/b60c097c3ac941c4a5f9451cd155148d.jpeg
b620503cbc87467fb82db289781b90a5,0.6860157930673605,data/public_test/public_test/b620503cbc87467fb82db289781b90a5.jpeg
b624cd622e0548e492d9ed58ed2e09f9,0.8708690180559059,data/public_test/public_test/b624cd622e0548e492d9ed58ed2e09f9.jpeg
b6313ef8a5fb4e60ac75576f50153a45,0.6473319887212962,data/public_test/public_test/b6313ef8a5fb4e60ac75576f50153a45.jpeg
b64ed36d53aa4998aa1bf01a8db943cc,0.946044891083611,data/public_test/public_test/b64ed36d53aa4998aa1bf01a8db943cc.jpeg
b658dce52cdc493099f0d1c87520b3ac,0.4527093825721902,data/public_test/public_test/b658dce52cdc493099f0d1c87520b3ac.jpeg
b66d3f2f155349f4abd7b3752cd50ee3,0.6749693704371172,data/public_test/public_test/b66d3f2f155349f4abd7b3752cd50ee3.jpeg
b66da492abe74a9c891d0d365220b532,0.5923070005482808,data/public_test/public_test/b66da492abe74a9c891d0d365220b532.jpeg
b678a3b099fc46e482482cd65315ca42,0.5488463647945435,data/public_test/public_test/b678a3b099fc46e482482cd65315ca42.jpeg
b67c224580234bcbbddeda0fde69328d,0.9431035581158316,data/public_test/public_test/b67c224580234bcbbddeda0fde69328d.jpeg
b680f320f7de4cf18b548dd5272cd00f,0.5490596161966718,data/public_test/public_test/b680f320f7de4cf18b548dd5272cd00f.jpeg
b68c62db03b34a868365581c5c6f742a,0.1662634897908746,data/public_test/public_test/b68c62db03b34a868365581c5c6f742a.jpeg
b690745da5794b5680d39c06f166f220,0.8859079956834446,data/public_test/public_test/b690745da5794b5680d39c06f166f220.jpeg
b691bb84f4a14f66962d2bdda48c3096,0.0950692015047025,data/public_test/public_test/b691bb84f4a14f66962d2bdda48c3096.jpeg
b69555a2ebab43e487404dc4e0f4d745,0.202766218995932,data/public_test/public_test/b69555a2ebab43e487404dc4e0f4d745.jpeg
b6a11c52a45d42c388e85a733e209784,0.1074450035487249,data/public_test/public_test/b6a11c52a45d42c388e85a733e209784.jpeg
b6a198a2ed3b4efcbc80ca66accf053e,0.438356968304542,data/public_test/public_test/b6a198a2ed3b4efcbc80ca66accf053e.jpeg
b6a20b7c43ad436b85e97489667f9451,0.4694290484097032,data/public_test/public_test/b6a20b7c43ad436b85e97489667f9451.jpeg
b6a32d731bbb405bb8324ae2a0ced483,0.5661623786473574,data/public_test/public_test/b6a32d731bbb405bb8324ae2a0ced483.jpeg
b6a7551dcd8e459baba0024ab3c3d186,0.7732821855464181,data/public_test/public_test/b6a7551dcd8e459baba0024ab3c3d186.jpeg
b6c1f803a2414731b250da82e8f9e7c7,0.3478704032436063,data/public_test/public_test/b6c1f803a2414731b250da82e8f9e7c7.jpeg
b6c5423e5f764eceb2d9a66e64098b3f,0.3264594603487708,data/public_test/public_test/b6c5423e5f764eceb2d9a66e64098b3f.jpeg
b6c89aa801124bd49cea0968b6b3fb77,0.4035517197146416,data/public_test/public_test/b6c89aa801124bd49cea0968b6b3fb77.jpeg
b6cca27cfd2a4ee98a7e527723d7bb83,0.8888674363955301,data/public_test/public_test/b6cca27cfd2a4ee98a7e527723d7bb83.jpeg
b6e4bd18ff6b4a06aaff1241aca72dd6,0.0887983440635564,data/public_test/public_test/b6e4bd18ff6b4a06aaff1241aca72dd6.jpeg
b6edb789d4274854a138803d83567e58,0.7450892668040839,data/public_test/public_test/b6edb789d4274854a138803d83567e58.jpeg
b6ee3edd435144a7b1427b4d8458aa12,0.2334764403027144,data/public_test/public_test/b6ee3edd435144a7b1427b4d8458aa12.jpeg
b6f260dea9624ce3b52f70dfcd632013,0.8569633237914736,data/public_test/public_test/b6f260dea9624ce3b52f70dfcd632013.jpeg
b6f8d366278c479091942795ddfb8a7b,0.5182661137293526,data/public_test/public_test/b6f8d366278c479091942795ddfb8a7b.jpeg
b703333e8b3d477fa13129e146ff9560,0.7623637137574516,data/public_test/public_test/b703333e8b3d477fa13129e146ff9560.jpeg
b70c1b7ca6ca473187eabf6083956f2a,0.9295392325588844,data/public_test/public_test/b70c1b7ca6ca473187eabf6083956f2a.jpeg
b70ce6ab13d64a9ab99c1be94e3ff4de,0.1982077639009153,data/public_test/public_test/b70ce6ab13d64a9ab99c1be94e3ff4de.jpeg
b70d49379aab4287a5514e017106a01c,0.981787362461896,data/public_test/public_test/b70d49379aab4287a5514e017106a01c.jpeg
b7150859801e40429dd3c2bbae2a126c,0.2542928335400967,data/public_test/public_test/b7150859801e40429dd3c2bbae2a126c.jpeg
b71fcd372cf84b45ab3c693f8ae3fad5,0.9475376508985086,data/public_test/public_test/b71fcd372cf84b45ab3c693f8ae3fad5.jpeg
b72e9f3bb0dc4ed79dd059504877d245,0.7943117646918644,data/public_test/public_test/b72e9f3bb0dc4ed79dd059504877d245.jpeg
b731f59edd5042e1ba9e049462b82710,0.2736102613999933,data/public_test/public_test/b731f59edd5042e1ba9e049462b82710.jpeg
b73caeff672a4c10a1657fb445478d87,0.5994530237874719,data/public_test/public_test/b73caeff672a4c10a1657fb445478d87.jpeg
b73de6aa7ca8414699903035af258395,0.1381542424445435,data/public_test/public_test/b73de6aa7ca8414699903035af258395.jpeg
b7425e7c1fcd42f7bc17f5dbc892aa4b,0.3871532272170093,data/public_test/public_test/b7425e7c1fcd42f7bc17f5dbc892aa4b.jpeg
b74b302692404dd0a11654f3a49fb9ae,0.8003000548150877,data/public_test/public_test/b74b302692404dd0a11654f3a49fb9ae.jpeg
b75ab29017e143bcb95da3cbaf969eab,0.5823502613367864,data/public_test/public_test/b75ab29017e143bcb95da3cbaf969eab.jpeg
b75dda6f3c5f41b59aa4c713b124d219,0.7741216106878163,data/public_test/public_test/b75dda6f3c5f41b59aa4c713b124d219.jpeg
b76d7154276a4b49a695f2661679721d,0.548166061575628,data/public_test/public_test/b76d7154276a4b49a695f2661679721d.jpeg
b77172dbcb4f441c9edd9bfe8e95c499,0.8234015837103579,data/public_test/public_test/b77172dbcb4f441c9edd9bfe8e95c499.jpeg
b7849daa255d49ff8c464e9f014bd48d,0.1608232594551619,data/public_test/public_test/b7849daa255d49ff8c464e9f014bd48d.jpeg
b787cb625ca4461f9c44572a981374b5,0.8487548476552064,data/public_test/public_test/b787cb625ca4461f9c44572a981374b5.jpeg
b789447bda3f46acb11a841e00958aed,0.3187398796641793,data/public_test/public_test/b789447bda3f46acb11a841e00958aed.jpeg
b78bd4acb9834cf48d948c5366963895,0.165451775460954,data/public_test/public_test/b78bd4acb9834cf48d948c5366963895.jpeg
b78d0fe1bba048b3a7fb8956cfe05527,0.6749693704371172,data/public_test/public_test/b78d0fe1bba048b3a7fb8956cfe05527.jpeg
b7959005481e4f23968f3f8eec6c6860,0.889061690425646,data/public_test/public_test/b7959005481e4f23968f3f8eec6c6860.jpeg
b7a015e66a254c1fb3e1dec8dc430789,0.8329742438977159,data/public_test/public_test/b7a015e66a254c1fb3e1dec8dc430789.jpeg
b7b63ab741a04571b3965af3a64a9747,0.5317436023438579,data/public_test/public_test/b7b63ab741a04571b3965af3a64a9747.jpeg
b7b983d8fb3549d08ca4ad3a03aaed08,0.4199319052568553,data/public_test/public_test/b7b983d8fb3549d08ca4ad3a03aaed08.jpeg
b7bc6a43cdc74e98b324aad197f37467,0.5661623786473574,data/public_test/public_test/b7bc6a43cdc74e98b324aad197f37467.jpeg
b7c277ce250d41918d29ea550d4e17a3,0.8511669162674561,data/public_test/public_test/b7c277ce250d41918d29ea550d4e17a3.jpeg
b7cc010e858d4314b73fdf51aad4bcb9,0.6749693704371172,data/public_test/public_test/b7cc010e858d4314b73fdf51aad4bcb9.jpeg
b7cc66fefc314c76b85a0bb0073696b7,0.7371787231661054,data/public_test/public_test/b7cc66fefc314c76b85a0bb0073696b7.jpeg
b7cd73d3609046d5a887567ad9dea6b1,0.7093862337681566,data/public_test/public_test/b7cd73d3609046d5a887567ad9dea6b1.jpeg
b7cd9569fc05450fab0980ad4ec07a9c,0.3467188129250817,data/public_test/public_test/b7cd9569fc05450fab0980ad4ec07a9c.jpeg
b7cf0a39627d46228a8b3b68644d87a1,0.7857390583263087,data/public_test/public_test/b7cf0a39627d46228a8b3b68644d87a1.jpeg
b7db5330797e4b03bc9e17fb1ec93324,0.0333534761735321,data/public_test/public_test/b7db5330797e4b03bc9e17fb1ec93324.jpeg
b7e2b8f92b4b46e392f0a102c52f01db,0.6238703093311565,data/public_test/public_test/b7e2b8f92b4b46e392f0a102c52f01db.jpeg
b7eb550368804a6f9db46f6d7fba413c,0.9949242983158,data/public_test/public_test/b7eb550368804a6f9db46f6d7fba413c.jpeg
b7ee83cdbeaa4b689e1d2921c731e1b2,0.8218211955664084,data/public_test/public_test/b7ee83cdbeaa4b689e1d2921c731e1b2.jpeg
b7fab8cd6b1c461cbbd601ba78e0eeb8,0.4182895365323079,data/public_test/public_test/b7fab8cd6b1c461cbbd601ba78e0eeb8.jpeg
b800f4ab16804372b09d584a96342a38,0.5047229577642156,data/public_test/public_test/b800f4ab16804372b09d584a96342a38.jpeg
b803734a265c41aaab45fef3c0d2cf44,0.958052481405022,data/public_test/public_test/b803734a265c41aaab45fef3c0d2cf44.jpeg
b813d85075c8400fb4bda4178f38835d,0.3825470842564581,data/public_test/public_test/b813d85075c8400fb4bda4178f38835d.jpeg
b819762a2d9f4199a0291e72c6aa8fa0,0.9475376508985086,data/public_test/public_test/b819762a2d9f4199a0291e72c6aa8fa0.jpeg
b81cda5397714e4f88dc24c7a9d73aeb,0.7732608604062051,data/public_test/public_test/b81cda5397714e4f88dc24c7a9d73aeb.jpeg
b8283944dc27488e9a2b4d6a928245dd,0.7724304679878354,data/public_test/public_test/b8283944dc27488e9a2b4d6a928245dd.jpeg
b82f121bc8ff40acbf3497523c597161,0.5825848378791274,data/public_test/public_test/b82f121bc8ff40acbf3497523c597161.jpeg
b838333e405c4bf7a91429ed37628010,0.5185203234819132,data/public_test/public_test/b838333e405c4bf7a91429ed37628010.jpeg
b83fad9acf074291808783a353542c97,0.1335062351323377,data/public_test/public_test/b83fad9acf074291808783a353542c97.jpeg
b8426fa78d30402a812d16300bd96fcf,0.8190846679953881,data/public_test/public_test/b8426fa78d30402a812d16300bd96fcf.jpeg
b84cd1ad6af3478d9833d7b0ab0e9a92,0.1840846921083067,data/public_test/public_test/b84cd1ad6af3478d9833d7b0ab0e9a92.jpeg
b85557fb082345db88203527684b108f,0.3191655692504713,data/public_test/public_test/b85557fb082345db88203527684b108f.jpeg
b8674da266e549be84d628ec167ccfc3,0.2505824174203871,data/public_test/public_test/b8674da266e549be84d628ec167ccfc3.jpeg
b86fd773ea0f4d0d8e6dc4dff8f6b08e,0.3601547646582537,data/public_test/public_test/b86fd773ea0f4d0d8e6dc4dff8f6b08e.jpeg
b87c8cfe25384a6fbe0af3f39d68e61e,0.7367498898647292,data/public_test/public_test/b87c8cfe25384a6fbe0af3f39d68e61e.jpeg
b881328c6fd643618994c3f96140bc92,0.8495912819010037,data/public_test/public_test/b881328c6fd643618994c3f96140bc92.jpeg
b886c09063fd4250b3e1db3eba05b0b4,0.5825848378791274,data/public_test/public_test/b886c09063fd4250b3e1db3eba05b0b4.jpeg
b89d1a3ef2e948289c8745c1bf36068a,0.031348852957301,data/public_test/public_test/b89d1a3ef2e948289c8745c1bf36068a.jpeg
b89e31aff588416183fb34aedca3c6b2,0.5652688240263136,data/public_test/public_test/b89e31aff588416183fb34aedca3c6b2.jpeg
b8acfae1fd6241db8b9101a534b65a86,0.4262652262973234,data/public_test/public_test/b8acfae1fd6241db8b9101a534b65a86.jpeg
b8b70d0c28aa4becbe913013128d81ce,0.8030533693334521,data/public_test/public_test/b8b70d0c28aa4becbe913013128d81ce.jpeg
b8b93b6c1a0747389e70be0e31aa8e0f,0.3062854792852141,data/public_test/public_test/b8b93b6c1a0747389e70be0e31aa8e0f.jpeg
b8c1abd9d97e49fd86d52bf182323742,0.5990926085874261,data/public_test/public_test/b8c1abd9d97e49fd86d52bf182323742.jpeg
b8ca2470785b4c53a7fb89efba07933d,0.6323811524596458,data/public_test/public_test/b8ca2470785b4c53a7fb89efba07933d.jpeg
b8eeacfcbe1847da93ef7655f27dfb11,0.9760508997446462,data/public_test/public_test/b8eeacfcbe1847da93ef7655f27dfb11.jpeg
b8fb037f22434f54892d3d27bbd76318,0.908022166084144,data/public_test/public_test/b8fb037f22434f54892d3d27bbd76318.jpeg
b8ffd9d4ee8b49d78dd2d0e4b3d8ece7,0.9760508997446462,data/public_test/public_test/b8ffd9d4ee8b49d78dd2d0e4b3d8ece7.jpeg
b9000d562fda4a7395d514ca0745408f,0.4440941350829826,data/public_test/public_test/b9000d562fda4a7395d514ca0745408f.jpeg
b904aeda665241859bfedb012d8700c1,0.3977744460086037,data/public_test/public_test/b904aeda665241859bfedb012d8700c1.jpeg
b90580330d134c5f85b362ede50018a9,0.2064343286790533,data/public_test/public_test/b90580330d134c5f85b362ede50018a9.jpeg
b9114ef35a414d87a9bc3eced09e2123,0.0912945234278233,data/public_test/public_test/b9114ef35a414d87a9bc3eced09e2123.jpeg
b92650d28592489d9279cdd8530e91fa,0.9640433094232352,data/public_test/public_test/b92650d28592489d9279cdd8530e91fa.jpeg
b937f769f7a1460bb551fca5d5ba479f,0.8474936734870488,data/public_test/public_test/b937f769f7a1460bb551fca5d5ba479f.jpeg
b93c22c7561f4e92a1a12583fd579665,0.6159607944957706,data/public_test/public_test/b93c22c7561f4e92a1a12583fd579665.jpeg
b94009b4c46944b78c3807399620ca01,0.4474845185510972,data/public_test/public_test/b94009b4c46944b78c3807399620ca01.jpeg
b94ee08863d3419ebd4df6c98cd5f5d5,0.2248196068116254,data/public_test/public_test/b94ee08863d3419ebd4df6c98cd5f5d5.jpeg
b95538a3155f4066a0f20bd4be824334,0.5661623786473574,data/public_test/public_test/b95538a3155f4066a0f20bd4be824334.jpeg
b95d4b4524cf4aa8b8036493c739c374,0.4832075832194684,data/public_test/public_test/b95d4b4524cf4aa8b8036493c739c374.jpeg
b961ac9fc6f9436d9f8e9534ef6522a2,0.2150987758551118,data/public_test/public_test/b961ac9fc6f9436d9f8e9534ef6522a2.jpeg
b9639814e1f641439c26853876bbbd38,0.4381865008998872,data/public_test/public_test/b9639814e1f641439c26853876bbbd38.jpeg
b967d0e8fc5d4fb097fba36e0d993214,0.4627965368391291,data/public_test/public_test/b967d0e8fc5d4fb097fba36e0d993214.jpeg
b9796dc5fa404cb290c2f8999fb16c5a,0.0716100845698268,data/public_test/public_test/b9796dc5fa404cb290c2f8999fb16c5a.jpeg
b97aca6d48f747e0a3cffd6547531ffa,0.9260205844237684,data/public_test/public_test/b97aca6d48f747e0a3cffd6547531ffa.jpeg
b97e80432c2642629a1f76032c6a0de8,0.972104212423683,data/public_test/public_test/b97e80432c2642629a1f76032c6a0de8.jpeg
b97fd5beafc24d2c91d71614f0215db0,0.066279263432909,data/public_test/public_test/b97fd5beafc24d2c91d71614f0215db0.jpeg
b9a165eabc6b48b996fe7050588df7b6,0.2678121865062567,data/public_test/public_test/b9a165eabc6b48b996fe7050588df7b6.jpeg
b9ad6cf7292341dbb7ee90c5f43d2ced,0.835446257316733,data/public_test/public_test/b9ad6cf7292341dbb7ee90c5f43d2ced.jpeg
b9b729fef4684a4d826068e042316049,0.5182661137293526,data/public_test/public_test/b9b729fef4684a4d826068e042316049.jpeg
b9c42178af514a208e11b3b6d195f843,0.151462008649375,data/public_test/public_test/b9c42178af514a208e11b3b6d195f843.jpeg
b9db2bf2087b4a8dbb1177738e0706b2,0.2641449337038094,data/public_test/public_test/b9db2bf2087b4a8dbb1177738e0706b2.jpeg
b9dccf33fc0f496286a428bac6c32e7e,0.3815653637092518,data/public_test/public_test/b9dccf33fc0f496286a428bac6c32e7e.jpeg
b9e13a3014d943aa82b1ef92d1e6cea4,0.7732821855464181,data/public_test/public_test/b9e13a3014d943aa82b1ef92d1e6cea4.jpeg
b9e1a9bbae594755876abd9a271c2c79,0.1424527133936679,data/public_test/public_test/b9e1a9bbae594755876abd9a271c2c79.jpeg
b9e3fc25448d4961ba32a546197beefe,0.5538425740282716,data/public_test/public_test/b9e3fc25448d4961ba32a546197beefe.jpeg
b9f3663cbf7c4ada83f3ee242b5c7a34,0.2144537493765547,data/public_test/public_test/b9f3663cbf7c4ada83f3ee242b5c7a34.jpeg
b9f571fab18246f2a67d42512acce07f,0.888464586499687,data/public_test/public_test/b9f571fab18246f2a67d42512acce07f.jpeg
b9fa23c9c7b448c686af97fa2a82bb13,0.0951107765909067,data/public_test/public_test/b9fa23c9c7b448c686af97fa2a82bb13.jpeg
ba11063b7b644d849b825b1d36a6c562,0.1218180880159434,data/public_test/public_test/ba11063b7b644d849b825b1d36a6c562.jpeg
ba4303e43ba244f5be65f71360bb0e06,0.8718523022738962,data/public_test/public_test/ba4303e43ba244f5be65f71360bb0e06.jpeg
ba5cece8129d4dd28aaaef81202d7791,0.5825848378791274,data/public_test/public_test/ba5cece8129d4dd28aaaef81202d7791.jpeg
ba628250a8f34b7bb7ef37097cef7f00,0.0635085779784612,data/public_test/public_test/ba628250a8f34b7bb7ef37097cef7f00.jpeg
ba86267b1b8d42e4b0223cff7d268374,0.9105787569003864,data/public_test/public_test/ba86267b1b8d42e4b0223cff7d268374.jpeg
ba89e30f2ab845139d9849cb6ce8c196,0.8345546320416654,data/public_test/public_test/ba89e30f2ab845139d9849cb6ce8c196.jpeg
ba8db3e4b0724bb38973eaa7539dcf10,0.0815977547176245,data/public_test/public_test/ba8db3e4b0724bb38973eaa7539dcf10.jpeg
ba9438a599eb4f2aae45788546644278,0.888464586499687,data/public_test/public_test/ba9438a599eb4f2aae45788546644278.jpeg
baa1eef5fc5c491b95d2192e224e5af4,0.6749693704371172,data/public_test/public_test/baa1eef5fc5c491b95d2192e224e5af4.jpeg
baa90d44a21747f68a834b24c9c9b18a,0.1652314124950156,data/public_test/public_test/baa90d44a21747f68a834b24c9c9b18a.jpeg
baadf9cfd41f4279a79a59dbe43cf1b5,0.5652688240263136,data/public_test/public_test/baadf9cfd41f4279a79a59dbe43cf1b5.jpeg
baaf46b21e884d8294ae5b6df53e9f60,0.3960253424262185,data/public_test/public_test/baaf46b21e884d8294ae5b6df53e9f60.jpeg
bac1fe0137e14b3c89167312e1072129,0.1427185810896657,data/public_test/public_test/bac1fe0137e14b3c89167312e1072129.jpeg
baebb089c9b84a99bb0ca7968478d010,0.4009728622810128,data/public_test/public_test/baebb089c9b84a99bb0ca7968478d010.jpeg
baf57189032c46c3be92da08283c00f9,0.7921562226846985,data/public_test/public_test/baf57189032c46c3be92da08283c00f9.jpeg
baf83e0acc754514857b3df68f1006a4,0.8867775726546733,data/public_test/public_test/baf83e0acc754514857b3df68f1006a4.jpeg
baf890bfd363440b820dff8d05c06e41,0.3935519427161746,data/public_test/public_test/baf890bfd363440b820dff8d05c06e41.jpeg
baf93a752f824f3896da7074f4cff037,0.1497915416068032,data/public_test/public_test/baf93a752f824f3896da7074f4cff037.jpeg
bb0156a639b447bb822a92d6bc8292c4,0.6873821902720395,data/public_test/public_test/bb0156a639b447bb822a92d6bc8292c4.jpeg
bb0167d507cc45098e36025f31b726bb,0.7544171811311658,data/public_test/public_test/bb0167d507cc45098e36025f31b726bb.jpeg
bb04f3105bff42ce92cd8d66244e19b1,0.8487548476552064,data/public_test/public_test/bb04f3105bff42ce92cd8d66244e19b1.jpeg
bb077f859fd1445792ea2cc5cbbe89ec,0.5825848378791274,data/public_test/public_test/bb077f859fd1445792ea2cc5cbbe89ec.jpeg
bb15ba0c088d411ba37b820a81f7c48a,0.8163619596719253,data/public_test/public_test/bb15ba0c088d411ba37b820a81f7c48a.jpeg
bb1676b9446b41ba8c1747bf9159514f,0.8964212898083673,data/public_test/public_test/bb1676b9446b41ba8c1747bf9159514f.jpeg
bb2824a379044909b0df7e565f9c2121,0.0551470872412033,data/public_test/public_test/bb2824a379044909b0df7e565f9c2121.jpeg
bb2c7d49a1d14ef6b4653d1bf7e44f2e,0.2094613633588274,data/public_test/public_test/bb2c7d49a1d14ef6b4653d1bf7e44f2e.jpeg
bb2e43f699ae42f5bcfd98dbb00aa8c9,0.2704163478445017,data/public_test/public_test/bb2e43f699ae42f5bcfd98dbb00aa8c9.jpeg
bb2ed19e2d1a41efb123e77ddce5ef51,0.0296423287034384,data/public_test/public_test/bb2ed19e2d1a41efb123e77ddce5ef51.jpeg
bb327f3888ad459cbe96dcce454e033b,0.2019581614179323,data/public_test/public_test/bb327f3888ad459cbe96dcce454e033b.jpeg
bb37e2be68a045e2a5d4c8d724951cf5,0.7943117646918644,data/public_test/public_test/bb37e2be68a045e2a5d4c8d724951cf5.jpeg
bb38a1657a4741768ad27e8b18c751df,0.2103620568328749,data/public_test/public_test/bb38a1657a4741768ad27e8b18c751df.jpeg
bb39bb7251b74031be84ea75698ca9fe,0.8923860845306462,data/public_test/public_test/bb39bb7251b74031be84ea75698ca9fe.jpeg
bb3c104f79a64eaa9fcb5f84aa8747ba,0.1605476372369694,data/public_test/public_test/bb3c104f79a64eaa9fcb5f84aa8747ba.jpeg
bb463f705e0746debda820059f55d10a,0.1228851855337425,data/public_test/public_test/bb463f705e0746debda820059f55d10a.jpeg
bb4af6d160c647c592c0196c207ba67d,0.1646842123170982,data/public_test/public_test/bb4af6d160c647c592c0196c207ba67d.jpeg
bb50e4175ecb4ffab73323b9ba8b6ca7,0.4104838420689006,data/public_test/public_test/bb50e4175ecb4ffab73323b9ba8b6ca7.jpeg
bb50edc95da24ba5b823a234dec2d93f,0.7919003210021446,data/public_test/public_test/bb50edc95da24ba5b823a234dec2d93f.jpeg
bb63e80db2e243ef9a967627fb6a59f8,0.2551862080524639,data/public_test/public_test/bb63e80db2e243ef9a967627fb6a59f8.jpeg
bb6aebb52f6b457d97d52d45625b2671,0.6940996094390793,data/public_test/public_test/bb6aebb52f6b457d97d52d45625b2671.jpeg
bb73344ea3cd4e15a0b8a22441e3698e,0.5317436023438579,data/public_test/public_test/bb73344ea3cd4e15a0b8a22441e3698e.jpeg
bb748f448cbe4bdfbcdd42b166cce789,0.8003000548150877,data/public_test/public_test/bb748f448cbe4bdfbcdd42b166cce789.jpeg
bb74c29c4e9c4defaf878e585da081bf,0.8511669162674561,data/public_test/public_test/bb74c29c4e9c4defaf878e585da081bf.jpeg
bb82d6595f084d8ea15742e1af7300bf,0.5654820754284418,data/public_test/public_test/bb82d6595f084d8ea15742e1af7300bf.jpeg
bb88e0fa7cff4c76b81ce1f0daae3d8f,0.5825848378791274,data/public_test/public_test/bb88e0fa7cff4c76b81ce1f0daae3d8f.jpeg
bb8fa2dce9734fe8ab3aef942b7f00c6,0.2696056104677062,data/public_test/public_test/bb8fa2dce9734fe8ab3aef942b7f00c6.jpeg
bbb4ccc6744c4b1f9328f3b2bc6cfe3d,0.6304638028129516,data/public_test/public_test/bbb4ccc6744c4b1f9328f3b2bc6cfe3d.jpeg
bbbb117622d24cc597a1cc64839e3e25,0.889061690425646,data/public_test/public_test/bbbb117622d24cc597a1cc64839e3e25.jpeg
bbc02ba51aef4d49985da5dff4349674,0.3337527183377825,data/public_test/public_test/bbc02ba51aef4d49985da5dff4349674.jpeg
bbc7ede06f874af489a7c6c2284fa19c,0.8511669162674561,data/public_test/public_test/bbc7ede06f874af489a7c6c2284fa19c.jpeg
bbcaaf6243b7424b8f78adde94ef3952,0.8550884142984154,data/public_test/public_test/bbcaaf6243b7424b8f78adde94ef3952.jpeg
bbd6af84d7e447b6990206bcfad2d910,0.2530563192515902,data/public_test/public_test/bbd6af84d7e447b6990206bcfad2d910.jpeg
bbdd27119a8547358036a28f70df7c09,0.088804189408791,data/public_test/public_test/bbdd27119a8547358036a28f70df7c09.jpeg
bbe04688a344447fb91f6b0ffbc43553,0.981787362461896,data/public_test/public_test/bbe04688a344447fb91f6b0ffbc43553.jpeg
bbe6980bed814498960fcd75df5f11ce,0.888464586499687,data/public_test/public_test/bbe6980bed814498960fcd75df5f11ce.jpeg
bbf068372bf14c849bf37284f3d76ea7,0.5047229577642156,data/public_test/public_test/bbf068372bf14c849bf37284f3d76ea7.jpeg
bc10829c15ff46d6af4c1e80467f9ee9,0.2257559754482555,data/public_test/public_test/bc10829c15ff46d6af4c1e80467f9ee9.jpeg
bc10a40b54b246df8f1329872b21e402,0.6323811524596458,data/public_test/public_test/bc10a40b54b246df8f1329872b21e402.jpeg
bc17006933634e028dfdb7766515eb00,0.2482341741382121,data/public_test/public_test/bc17006933634e028dfdb7766515eb00.jpeg
bc194015a6db43ce948e4d42be8886b2,0.7724304679878354,data/public_test/public_test/bc194015a6db43ce948e4d42be8886b2.jpeg
bc1ff82fce2c4a49b6dde3c31c0bcdac,0.908022166084144,data/public_test/public_test/bc1ff82fce2c4a49b6dde3c31c0bcdac.jpeg
bc225e9b5afc4b42811f0aeccf987d8c,0.5110337065483306,data/public_test/public_test/bc225e9b5afc4b42811f0aeccf987d8c.jpeg
bc239d355fff4242a361fee08b10a5e5,0.1454468182037192,data/public_test/public_test/bc239d355fff4242a361fee08b10a5e5.jpeg
bc35beafc7284611b5ab007c1c9a81ea,0.193294969544772,data/public_test/public_test/bc35beafc7284611b5ab007c1c9a81ea.jpeg
bc3af00c61624530ae84b6f99f221c26,0.9295392325588844,data/public_test/public_test/bc3af00c61624530ae84b6f99f221c26.jpeg
bc3e255d84f34035b3d29d371e833ac1,0.1343509284525292,data/public_test/public_test/bc3e255d84f34035b3d29d371e833ac1.jpeg
bc4c73407f9747e992e11deca8cf44b9,0.4158147723625922,data/public_test/public_test/bc4c73407f9747e992e11deca8cf44b9.jpeg
bc68613347cd457987e85eeffc34b622,0.7450892668040839,data/public_test/public_test/bc68613347cd457987e85eeffc34b622.jpeg
bc8083b60b8349368bf0f3e810317fb6,0.9475376508985086,data/public_test/public_test/bc8083b60b8349368bf0f3e810317fb6.jpeg
bc847d3f0f7e414598d7df5cd43958e7,0.4215732424498908,data/public_test/public_test/bc847d3f0f7e414598d7df5cd43958e7.jpeg
bc87edc9b54748c48a2f91d1396a2620,0.9415468228802952,data/public_test/public_test/bc87edc9b54748c48a2f91d1396a2620.jpeg
bc891b93ca4a4c98945a06902301136f,0.8125044370616044,data/public_test/public_test/bc891b93ca4a4c98945a06902301136f.jpeg
bc90ac363b4a43b086069db2811e3f69,0.8669475200249463,data/public_test/public_test/bc90ac363b4a43b086069db2811e3f69.jpeg
bc999f320541477bb3d27aaa26839def,0.1990154066831748,data/public_test/public_test/bc999f320541477bb3d27aaa26839def.jpeg
bca12581799e4aefaf57944a27977c00,0.1850648571714869,data/public_test/public_test/bca12581799e4aefaf57944a27977c00.jpeg
bca60f9e597549e9871efb2f7cd5e7bc,0.7929866151030683,data/public_test/public_test/bca60f9e597549e9871efb2f7cd5e7bc.jpeg
bcac5ab2a152413d9233cd210979f621,0.7464967260581304,data/public_test/public_test/bcac5ab2a152413d9233cd210979f621.jpeg
bcb5cb8bc33344d8a93e9996b6d0e01d,0.889061690425646,data/public_test/public_test/bcb5cb8bc33344d8a93e9996b6d0e01d.jpeg
bcb83e0db9604a7bb605ae2c1d87788b,0.2425166733170232,data/public_test/public_test/bcb83e0db9604a7bb605ae2c1d87788b.jpeg
bcc45564fd674d71b96afbcb87e4d442,0.5317436023438579,data/public_test/public_test/bcc45564fd674d71b96afbcb87e4d442.jpeg
bcc63c358ebf49ca9a98f894d2b50742,0.5652688240263136,data/public_test/public_test/bcc63c358ebf49ca9a98f894d2b50742.jpeg
bcca98dc48cd428ca09c0a6816abff9c,0.3714146406306566,data/public_test/public_test/bcca98dc48cd428ca09c0a6816abff9c.jpeg
bce291f669d4401b820a93d59aa0eac4,0.5825848378791274,data/public_test/public_test/bce291f669d4401b820a93d59aa0eac4.jpeg
bce3ae0570ef4685820f1f4d4795476a,0.4350086675016295,data/public_test/public_test/bce3ae0570ef4685820f1f4d4795476a.jpeg
bcedcbd6587b494ca00c86dbdecd363e,0.0983542391349253,data/public_test/public_test/bcedcbd6587b494ca00c86dbdecd363e.jpeg
bcffdf5bca674ec288bbf36110a6fcec,0.6611506795792067,data/public_test/public_test/bcffdf5bca674ec288bbf36110a6fcec.jpeg
bd0b98acdef7454089d15b479427c207,0.7287115591206345,data/public_test/public_test/bd0b98acdef7454089d15b479427c207.jpeg
bd0feb572f204dd08f53f7b437bbc8f6,0.1958557165051749,data/public_test/public_test/bd0feb572f204dd08f53f7b437bbc8f6.jpeg
bd10bd32d29c478b8d783f79d8bd92ba,0.683832008109445,data/public_test/public_test/bd10bd32d29c478b8d783f79d8bd92ba.jpeg
bd1ca094447d470b825cb3ee0e300644,0.7123136096779515,data/public_test/public_test/bd1ca094447d470b825cb3ee0e300644.jpeg
bd2142640af44e3db13edca9cfab9bd8,0.1876743835651619,data/public_test/public_test/bd2142640af44e3db13edca9cfab9bd8.jpeg
bd28c94cdc6e45e08f3962cfa65f9187,0.8196656535592427,data/public_test/public_test/bd28c94cdc6e45e08f3962cfa65f9187.jpeg
bd326c80c5544362bdc52f472ed55a28,0.7538965497119806,data/public_test/public_test/bd326c80c5544362bdc52f472ed55a28.jpeg
bd39871c56aa42c9a4aa6b493d948d9d,0.5661623786473574,data/public_test/public_test/bd39871c56aa42c9a4aa6b493d948d9d.jpeg
bd4fdc87cbc7404ab74d01f89c943445,0.2342880454758613,data/public_test/public_test/bd4fdc87cbc7404ab74d01f89c943445.jpeg
bd56e2e65ff24f11911b8896ac6069ea,0.7097096120748673,data/public_test/public_test/bd56e2e65ff24f11911b8896ac6069ea.jpeg
bd589087c22547edad4b82dd05c6e776,0.1256150927464346,data/public_test/public_test/bd589087c22547edad4b82dd05c6e776.jpeg
bd59a49a96a34bb391b64460b48ba882,0.2542510455981837,data/public_test/public_test/bd59a49a96a34bb391b64460b48ba882.jpeg
bd5e9329304346058093b1f5164a85b2,0.4608343756078889,data/public_test/public_test/bd5e9329304346058093b1f5164a85b2.jpeg
bd5fca7711d94c0182c05419a1295cec,0.2739135071042444,data/public_test/public_test/bd5fca7711d94c0182c05419a1295cec.jpeg
bd625c277c104759b88e7a3511d83c43,0.1399389229484151,data/public_test/public_test/bd625c277c104759b88e7a3511d83c43.jpeg
bd630880ca094e068b96cbf1e531abaa,0.7097096120748673,data/public_test/public_test/bd630880ca094e068b96cbf1e531abaa.jpeg
bd6d5ced53a84df79abb5d8e5ca99cc8,0.8163619596719253,data/public_test/public_test/bd6d5ced53a84df79abb5d8e5ca99cc8.jpeg
bd6fd0f76d5547b1bdbf573f54a9bc93,0.220723291478577,data/public_test/public_test/bd6fd0f76d5547b1bdbf573f54a9bc93.jpeg
bd750e259aea4ef9b04ed5c47313c6d8,0.8306308062425055,data/public_test/public_test/bd750e259aea4ef9b04ed5c47313c6d8.jpeg
bd8a4278b45e43eaa99ce010d0bc5883,0.3929539437046707,data/public_test/public_test/bd8a4278b45e43eaa99ce010d0bc5883.jpeg
bd8b21c42baf4d28ba697c03700e9c59,0.371797925539264,data/public_test/public_test/bd8b21c42baf4d28ba697c03700e9c59.jpeg
bd980be8dff74e5eb7e5844bf90b86c1,0.1656151940669435,data/public_test/public_test/bd980be8dff74e5eb7e5844bf90b86c1.jpeg
bd9a97bc6f5940c6a55aeb7aeeaa4e70,0.7549638901036014,data/public_test/public_test/bd9a97bc6f5940c6a55aeb7aeeaa4e70.jpeg
bda2d724719e40dfb7d485c998e5d9f4,0.3968991246621561,data/public_test/public_test/bda2d724719e40dfb7d485c998e5d9f4.jpeg
bda7dc74abc94104b95beeae8a298220,0.1777312411942984,data/public_test/public_test/bda7dc74abc94104b95beeae8a298220.jpeg
bdad43f77a674473af1718431ce221ee,0.5179462366261602,data/public_test/public_test/bdad43f77a674473af1718431ce221ee.jpeg
bdad4b0dcbda4fce80310b124c4e82ed,0.293064061546262,data/public_test/public_test/bdad4b0dcbda4fce80310b124c4e82ed.jpeg
bdae0a8f65e24d68860430d425a7ba94,0.4434539333338255,data/public_test/public_test/bdae0a8f65e24d68860430d425a7ba94.jpeg
bdbc6bacafd04ce2be515496b8194328,0.6862503696097016,data/public_test/public_test/bdbc6bacafd04ce2be515496b8194328.jpeg
bdc0b9a8fcc343309f411532109360bc,0.6600185341754669,data/public_test/public_test/bdc0b9a8fcc343309f411532109360bc.jpeg
bdc2f5aacb454831b0f3154808ee1831,0.8329742438977159,data/public_test/public_test/bdc2f5aacb454831b0f3154808ee1831.jpeg
bdd31f1fc4ce47809c9ecff7b5dbf7c1,0.8730868326380397,data/public_test/public_test/bdd31f1fc4ce47809c9ecff7b5dbf7c1.jpeg
bdd58b8f3e364cd4af152fb3b89540b9,0.8669475200249463,data/public_test/public_test/bdd58b8f3e364cd4af152fb3b89540b9.jpeg
bdd841c7bef446d58784b31c43498019,0.172527524933661,data/public_test/public_test/bdd841c7bef446d58784b31c43498019.jpeg
bdda2b193daa42e487df66a116e78489,0.8193871386865457,data/public_test/public_test/bdda2b193daa42e487df66a116e78489.jpeg
bddf919fb2d941f097d8d53e90ce4de2,0.4299540880475953,data/public_test/public_test/bddf919fb2d941f097d8d53e90ce4de2.jpeg
be08f7341a33420abfaca63e317a8e44,0.8774608141498691,data/public_test/public_test/be08f7341a33420abfaca63e317a8e44.jpeg
be0ef5fb78ea45f99caf6bf47c48a0af,0.1546599064271087,data/public_test/public_test/be0ef5fb78ea45f99caf6bf47c48a0af.jpeg
be1360aaf7db46848d87bdd170594b58,0.4784069324393025,data/public_test/public_test/be1360aaf7db46848d87bdd170594b58.jpeg
be14705128d5499c9a152afd3079cdae,0.3717559411151582,data/public_test/public_test/be14705128d5499c9a152afd3079cdae.jpeg
be1fc52f8b4041d1967f714a7a334f90,0.1825050052966287,data/public_test/public_test/be1fc52f8b4041d1967f714a7a334f90.jpeg
be3c7f373a7e4c3cab09e4493b14d977,0.6749693704371172,data/public_test/public_test/be3c7f373a7e4c3cab09e4493b14d977.jpeg
be53ab4a172d4f969e1af8bb95f0ca11,0.1634900372122121,data/public_test/public_test/be53ab4a172d4f969e1af8bb95f0ca11.jpeg
be5d1d2df38c4459a193122719e1d191,0.8138929971847347,data/public_test/public_test/be5d1d2df38c4459a193122719e1d191.jpeg
be637a7672b54379b46c4163f36d77f4,0.3412594132954378,data/public_test/public_test/be637a7672b54379b46c4163f36d77f4.jpeg
be658a384c7a46d0a98a3737f11ca9ce,0.8487548476552064,data/public_test/public_test/be658a384c7a46d0a98a3737f11ca9ce.jpeg
be801191e49248f7933810cb9047a80b,0.6600185341754669,data/public_test/public_test/be801191e49248f7933810cb9047a80b.jpeg
be82f2218c744bfbab3d67cb083ff446,0.5488463647945435,data/public_test/public_test/be82f2218c744bfbab3d67cb083ff446.jpeg
be8ad56281c24d8ca3e32c6afb0c544c,0.9239307206829114,data/public_test/public_test/be8ad56281c24d8ca3e32c6afb0c544c.jpeg
be8b33e3bfe34f5d861bef741029d6e2,0.6611506795792067,data/public_test/public_test/be8b33e3bfe34f5d861bef741029d6e2.jpeg
be8ef1f96adf4284b49698a81cc9c9a7,0.6461998433175563,data/public_test/public_test/be8ef1f96adf4284b49698a81cc9c9a7.jpeg
be95d600f6234de7b35e1a5ff3d7baf9,0.765861036752355,data/public_test/public_test/be95d600f6234de7b35e1a5ff3d7baf9.jpeg
bea44c316aee4f42b5f1ac3ae66c267d,0.90706010876527,data/public_test/public_test/bea44c316aee4f42b5f1ac3ae66c267d.jpeg
beac9a1c9ba54104b06bf42d531ace4a,0.6323811524596458,data/public_test/public_test/beac9a1c9ba54104b06bf42d531ace4a.jpeg
bebda7cceca943f09e602af910c7df4b,0.7097096120748673,data/public_test/public_test/bebda7cceca943f09e602af910c7df4b.jpeg
bec035e537e44b718dbfb8929a27c228,0.835446257316733,data/public_test/public_test/bec035e537e44b718dbfb8929a27c228.jpeg
becd8a8cd3034ae8ab533434e4b59073,0.7383919256611168,data/public_test/public_test/becd8a8cd3034ae8ab533434e4b59073.jpeg
bee5cb825f3245e3a4aea34c619415ba,0.363055103799649,data/public_test/public_test/bee5cb825f3245e3a4aea34c619415ba.jpeg
beea1e800e1e4fe99bc348b802b2e8d5,0.2347128508922859,data/public_test/public_test/beea1e800e1e4fe99bc348b802b2e8d5.jpeg
befa7c347eff497bbeffdea3d2474dbd,0.4361605825615561,data/public_test/public_test/befa7c347eff497bbeffdea3d2474dbd.jpeg
befcda31eaac45b0b94099cd0e44a018,0.1636164271116243,data/public_test/public_test/befcda31eaac45b0b94099cd0e44a018.jpeg
befed27c471f41d790fa17dbdd2a792b,0.9517813538008608,data/public_test/public_test/befed27c471f41d790fa17dbdd2a792b.jpeg
bf05c9841f8845a5a536fff93a8d142d,0.5490596161966718,data/public_test/public_test/bf05c9841f8845a5a536fff93a8d142d.jpeg
bf07a782af3e43ef950a3bd45dc4eb94,0.1930455845216112,data/public_test/public_test/bf07a782af3e43ef950a3bd45dc4eb94.jpeg
bf07ccf7f5634d7982cd6294e894f1a0,0.1059041028676816,data/public_test/public_test/bf07ccf7f5634d7982cd6294e894f1a0.jpeg
bf0f23b2f510489187d0553711c2ab94,0.38335758694619,data/public_test/public_test/bf0f23b2f510489187d0553711c2ab94.jpeg
bf10da0addd34f909e030ee6d88387d9,0.8718523022738962,data/public_test/public_test/bf10da0addd34f909e030ee6d88387d9.jpeg
bf15e92831044f80b716be2edb2fa3b4,0.9200297564055552,data/public_test/public_test/bf15e92831044f80b716be2edb2fa3b4.jpeg
bf22fad24f3f4630ac796171dbcacdeb,0.888464586499687,data/public_test/public_test/bf22fad24f3f4630ac796171dbcacdeb.jpeg
bf25b9e8596c4d308809d0879613b851,0.6749693704371172,data/public_test/public_test/bf25b9e8596c4d308809d0879613b851.jpeg
bf2a4039ede44bd783831dacab143e2a,0.5661623786473574,data/public_test/public_test/bf2a4039ede44bd783831dacab143e2a.jpeg
bf31b4fb233545bd8bbc6210618bd8a3,0.1437364898362912,data/public_test/public_test/bf31b4fb233545bd8bbc6210618bd8a3.jpeg
bf3e77df41b041088858122c768e235d,0.4726914837654601,data/public_test/public_test/bf3e77df41b041088858122c768e235d.jpeg
bf47adafbc2d488e9c89c3b33864f7de,0.2103565607893163,data/public_test/public_test/bf47adafbc2d488e9c89c3b33864f7de.jpeg
bf4d8fda5fbf4c19b8bb91cacc8a8fa2,0.3560171089260647,data/public_test/public_test/bf4d8fda5fbf4c19b8bb91cacc8a8fa2.jpeg
bf4daad845bd486196e9e9d37b9eeed7,0.0705471350094303,data/public_test/public_test/bf4daad845bd486196e9e9d37b9eeed7.jpeg
bf4e90b454a44606a8db913d755d162c,0.1329075593488365,data/public_test/public_test/bf4e90b454a44606a8db913d755d162c.jpeg
bf53360734e04f5f9de7e4cebfb7ae3a,0.4849750756248525,data/public_test/public_test/bf53360734e04f5f9de7e4cebfb7ae3a.jpeg
bf552075309b4514a21cb57a8a4cf39c,0.2174368566416502,data/public_test/public_test/bf552075309b4514a21cb57a8a4cf39c.jpeg
bf5f1faea24642c080aa27849fd089dd,0.888464586499687,data/public_test/public_test/bf5f1faea24642c080aa27849fd089dd.jpeg
bf641e9f69a44de0865c64e2c4c4cc74,0.908022166084144,data/public_test/public_test/bf641e9f69a44de0865c64e2c4c4cc74.jpeg
bf68913be8fe40058a9fab850af77df8,0.0700338416543607,data/public_test/public_test/bf68913be8fe40058a9fab850af77df8.jpeg
bf6fb12c32bc4d7ab834f79fb6def815,0.5825848378791274,data/public_test/public_test/bf6fb12c32bc4d7ab834f79fb6def815.jpeg
bf737caa194448df9c63af1c1b397acf,0.1456549719845131,data/public_test/public_test/bf737caa194448df9c63af1c1b397acf.jpeg
bf84255a7d9544c0a36d5df408cd0f52,0.3675338962811789,data/public_test/public_test/bf84255a7d9544c0a36d5df408cd0f52.jpeg
bf8db073555348ac9c04383860ed5989,0.8923860845306462,data/public_test/public_test/bf8db073555348ac9c04383860ed5989.jpeg
bf8dc5cb6c06479b867c4ee3ba55b508,0.8669475200249463,data/public_test/public_test/bf8dc5cb6c06479b867c4ee3ba55b508.jpeg
bf90af173e1446b38169e734d5fdd82d,0.8550884142984154,data/public_test/public_test/bf90af173e1446b38169e734d5fdd82d.jpeg
bf93417e341a4488ba6191c5824b7ad3,0.1910375174091682,data/public_test/public_test/bf93417e341a4488ba6191c5824b7ad3.jpeg
bf93a0f8e37448d5902980ce9dcdb187,0.3699214551043413,data/public_test/public_test/bf93a0f8e37448d5902980ce9dcdb187.jpeg
bf970e859c3d4926b079e886477ebbcd,0.8345546320416654,data/public_test/public_test/bf970e859c3d4926b079e886477ebbcd.jpeg
bf98c6ee4a6f4bcf81bd6d5f5af3f3d5,0.5179462366261602,data/public_test/public_test/bf98c6ee4a6f4bcf81bd6d5f5af3f3d5.jpeg
bfcf2a4d08e24feca613e2056d1baee9,0.1492801257482422,data/public_test/public_test/bfcf2a4d08e24feca613e2056d1baee9.jpeg
bfd32c5818354dcba96e5f74fa857416,0.7857390583263087,data/public_test/public_test/bfd32c5818354dcba96e5f74fa857416.jpeg
bfe883f455164380b832ebab91f3f306,0.1838707748498585,data/public_test/public_test/bfe883f455164380b832ebab91f3f306.jpeg
bfeaf77f349d4b7aaaf7c42e835cb8b1,0.3607516229814718,data/public_test/public_test/bfeaf77f349d4b7aaaf7c42e835cb8b1.jpeg
bff37c82fdf74f4ba89a6b42922460cb,0.908022166084144,data/public_test/public_test/bff37c82fdf74f4ba89a6b42922460cb.jpeg
c0078dc861dc4c9a90ff159eedf62450,0.6158733817513472,data/public_test/public_test/c0078dc861dc4c9a90ff159eedf62450.jpeg
c00b0abd10294aee8ce3c80a8353b83b,0.3340937895930592,data/public_test/public_test/c00b0abd10294aee8ce3c80a8353b83b.jpeg
c01d4375c45441dfa53c359cd4f30aad,0.7038009600048566,data/public_test/public_test/c01d4375c45441dfa53c359cd4f30aad.jpeg
c01f0c659b3547cd87516c8590be8862,0.5652688240263136,data/public_test/public_test/c01f0c659b3547cd87516c8590be8862.jpeg
c025e883d0084a9391174c23bb2c77c8,0.6461998433175563,data/public_test/public_test/c025e883d0084a9391174c23bb2c77c8.jpeg
c02b3c9c403a4984ba5e2bd99841bd17,0.1184886372233988,data/public_test/public_test/c02b3c9c403a4984ba5e2bd99841bd17.jpeg
c02de9ab6c75466f967a034ede364c90,0.1325621600274804,data/public_test/public_test/c02de9ab6c75466f967a034ede364c90.jpeg
c02df256a70044bab63da4cb60c626f5,0.8253795030863493,data/public_test/public_test/c02df256a70044bab63da4cb60c626f5.jpeg
c038b532b2d44c8f9108797a5462666e,0.8708690180559059,data/public_test/public_test/c038b532b2d44c8f9108797a5462666e.jpeg
c04b61208e214b4c81ac412ce3947bf4,0.4841655225990522,data/public_test/public_test/c04b61208e214b4c81ac412ce3947bf4.jpeg
c0500b1951f9493f80fe1ff0d163e8f4,0.8188339730909425,data/public_test/public_test/c0500b1951f9493f80fe1ff0d163e8f4.jpeg
c06498791e564bf3bc71aff92efeb6bd,0.0865383704064789,data/public_test/public_test/c06498791e564bf3bc71aff92efeb6bd.jpeg
c068838fe1e64ed58c275bbba8c21e76,0.4846773259641601,data/public_test/public_test/c068838fe1e64ed58c275bbba8c21e76.jpeg
c0699764191d40dc930c550099abe511,0.9366380782404584,data/public_test/public_test/c0699764191d40dc930c550099abe511.jpeg
c06dff1020754dabb4339b0829953e72,0.3211279351506623,data/public_test/public_test/c06dff1020754dabb4339b0829953e72.jpeg
c073c3bceef74187a44c23bac2ec6a22,0.3517944309827975,data/public_test/public_test/c073c3bceef74187a44c23bac2ec6a22.jpeg
c07c8101f94b432292626dbd67394a25,0.5047229577642156,data/public_test/public_test/c07c8101f94b432292626dbd67394a25.jpeg
c086d57052c54d48bc4be199ba318c84,0.0598392511973125,data/public_test/public_test/c086d57052c54d48bc4be199ba318c84.jpeg
c0ad5160eeeb4a789f35c9ce4c0735ba,0.9415468228802952,data/public_test/public_test/c0ad5160eeeb4a789f35c9ce4c0735ba.jpeg
c0b9be7385f34dcb8b3d0dbbe26d8d91,0.1887328576978344,data/public_test/public_test/c0b9be7385f34dcb8b3d0dbbe26d8d91.jpeg
c0bfba1099ce4bb38184cdec15bfd649,0.1461733029246915,data/public_test/public_test/c0bfba1099ce4bb38184cdec15bfd649.jpeg
c0c05e5995ff4e14bb683cded03bc1b7,0.2083970220495656,data/public_test/public_test/c0c05e5995ff4e14bb683cded03bc1b7.jpeg
c0c22182a91f45329d76c791e875475d,0.102962838122886,data/public_test/public_test/c0c22182a91f45329d76c791e875475d.jpeg
c0c40a16f54a49218b39f2d3edc11c5f,0.5182661137293526,data/public_test/public_test/c0c40a16f54a49218b39f2d3edc11c5f.jpeg
c0c50e4af0b14615811054d9d0b96612,0.3997359932329916,data/public_test/public_test/c0c50e4af0b14615811054d9d0b96612.jpeg
c0cc4a601e9c4af6bb663665189e3ef5,0.8196656535592427,data/public_test/public_test/c0cc4a601e9c4af6bb663665189e3ef5.jpeg
c0d780909c76433abd318f450db0f078,0.9640433094232352,data/public_test/public_test/c0d780909c76433abd318f450db0f078.jpeg
c0d8105ed00a494787516749a33b4f7f,0.7623637137574516,data/public_test/public_test/c0d8105ed00a494787516749a33b4f7f.jpeg
c0da67c86d274e458e4277cccba71c94,0.7818335667717609,data/public_test/public_test/c0da67c86d274e458e4277cccba71c94.jpeg
c0e5d8b9e63e4058a951173a7641c6ca,0.2958355765921904,data/public_test/public_test/c0e5d8b9e63e4058a951173a7641c6ca.jpeg
c0e74d418aba4f1993b71e6621b862f3,0.5654820754284418,data/public_test/public_test/c0e74d418aba4f1993b71e6621b862f3.jpeg
c0f3da43bb624e98928a6e0f05a6862e,0.6323811524596458,data/public_test/public_test/c0f3da43bb624e98928a6e0f05a6862e.jpeg
c0fb2402847f4c66bbc0661786f18508,0.4321509977430953,data/public_test/public_test/c0fb2402847f4c66bbc0661786f18508.jpeg
c0ff0112dc8c442fa3eeaf0dc629f48a,0.3239857713732765,data/public_test/public_test/c0ff0112dc8c442fa3eeaf0dc629f48a.jpeg
c1084175661a4833a0ea5365f58f3a37,0.4363096293138209,data/public_test/public_test/c1084175661a4833a0ea5365f58f3a37.jpeg
c11089566c9b4f48b5f54fae38635057,0.6724316787517911,data/public_test/public_test/c11089566c9b4f48b5f54fae38635057.jpeg
c1141671dd774e359ae53fde6c75d6dd,0.946044891083611,data/public_test/public_test/c1141671dd774e359ae53fde6c75d6dd.jpeg
c1217188177c4ddc9fe8f8498afdc590,0.1855411381934953,data/public_test/public_test/c1217188177c4ddc9fe8f8498afdc590.jpeg
c1246980275c424d91c6fad62533db66,0.8406133978714042,data/public_test/public_test/c1246980275c424d91c6fad62533db66.jpeg
c12822648bf549739ebdcc32231f813a,0.7921562226846985,data/public_test/public_test/c12822648bf549739ebdcc32231f813a.jpeg
c129b7b960a04792a7e5a5a2de52a0cb,0.9746227648331908,data/public_test/public_test/c129b7b960a04792a7e5a5a2de52a0cb.jpeg
c14584babd6a4d83bca159bf8e1a3408,0.1121320098472742,data/public_test/public_test/c14584babd6a4d83bca159bf8e1a3408.jpeg
c146c93c921a4f4e93c9857b334a36e2,0.5182661137293526,data/public_test/public_test/c146c93c921a4f4e93c9857b334a36e2.jpeg
c147724855fd48e68e42bc60cda32734,0.3553771800688419,data/public_test/public_test/c147724855fd48e68e42bc60cda32734.jpeg
c147ee11178d4c7eb89095d63d9f7b73,0.8702719141299468,data/public_test/public_test/c147ee11178d4c7eb89095d63d9f7b73.jpeg
c14cea8a4c24463eb36e91437dce72c3,0.6873821902720395,data/public_test/public_test/c14cea8a4c24463eb36e91437dce72c3.jpeg
c1563a6a20e249ed98add5d794b220ef,0.1180651307725819,data/public_test/public_test/c1563a6a20e249ed98add5d794b220ef.jpeg
c16a745c5a654680804cd034c1599c12,0.5990926085874261,data/public_test/public_test/c16a745c5a654680804cd034c1599c12.jpeg
c1764f68422745ff95d7f029f17288a9,0.548166061575628,data/public_test/public_test/c1764f68422745ff95d7f029f17288a9.jpeg
c18b5cc54f3049f685ec3c5bb990f808,0.4629673590032985,data/public_test/public_test/c18b5cc54f3049f685ec3c5bb990f808.jpeg
c18f02d61c6348229e393fe1801e6a96,0.6473319887212962,data/public_test/public_test/c18f02d61c6348229e393fe1801e6a96.jpeg
c1a42871298c4931b2b739cffc1224a4,0.9285771752400106,data/public_test/public_test/c1a42871298c4931b2b739cffc1224a4.jpeg
c1a571ee3cb947e5904ba48332841cf2,0.6461998433175563,data/public_test/public_test/c1a571ee3cb947e5904ba48332841cf2.jpeg
c1a6d1dd1bb54547a53c28d961ed7e7d,0.5652688240263136,data/public_test/public_test/c1a6d1dd1bb54547a53c28d961ed7e7d.jpeg
c1a73e256fce433b9bc733ab35d5be72,0.5661623786473574,data/public_test/public_test/c1a73e256fce433b9bc733ab35d5be72.jpeg
c1b49a50523f4b3fb91a2b09a4e4c5aa,0.7549638901036014,data/public_test/public_test/c1b49a50523f4b3fb91a2b09a4e4c5aa.jpeg
c1b8a73d862e4eb89e2e65a96cc2e4d9,0.0819335045801806,data/public_test/public_test/c1b8a73d862e4eb89e2e65a96cc2e4d9.jpeg
c1bfa27b78084713b70c7160a5d86829,0.1863095363866703,data/public_test/public_test/c1bfa27b78084713b70c7160a5d86829.jpeg
c1cf9815a6874f7fa8e4551d33f372af,0.7287115591206345,data/public_test/public_test/c1cf9815a6874f7fa8e4551d33f372af.jpeg
c1e9bdade1ff444c82839374330823e5,0.5825848378791274,data/public_test/public_test/c1e9bdade1ff444c82839374330823e5.jpeg
c1ed6c6c36074a3bbb513d3cf5e4aa8d,0.6611506795792067,data/public_test/public_test/c1ed6c6c36074a3bbb513d3cf5e4aa8d.jpeg
c1f076639ff442598005f3e913a5a020,0.4912454691497102,data/public_test/public_test/c1f076639ff442598005f3e913a5a020.jpeg
c206d23d460b469e8ffded1164185867,0.1607606648677115,data/public_test/public_test/c206d23d460b469e8ffded1164185867.jpeg
c215f7929fa142bf89a5dceaf5247b49,0.1665182562429815,data/public_test/public_test/c215f7929fa142bf89a5dceaf5247b49.jpeg
c21e66ef417846a784912d915e297884,0.9868633953153522,data/public_test/public_test/c21e66ef417846a784912d915e297884.jpeg
c22091c4f0604ec283328199d5f75c37,0.888464586499687,data/public_test/public_test/c22091c4f0604ec283328199d5f75c37.jpeg
c227425b74d74258b5ca92d4ef48ced7,0.1415193192791226,data/public_test/public_test/c227425b74d74258b5ca92d4ef48ced7.jpeg
c2290153b4cf48be9a5f812aba3a341c,0.1569172221167453,data/public_test/public_test/c2290153b4cf48be9a5f812aba3a341c.jpeg
c22e78a974b347c4a6f8ac22bbe0b50f,0.8702719141299468,data/public_test/public_test/c22e78a974b347c4a6f8ac22bbe0b50f.jpeg
c2354425a2c7449da93b89bad199619d,0.1562329892539745,data/public_test/public_test/c2354425a2c7449da93b89bad199619d.jpeg
c2388b88b49f4ad2a03d7a4237b3dddc,0.8669475200249463,data/public_test/public_test/c2388b88b49f4ad2a03d7a4237b3dddc.jpeg
c23e29e6dbf442a8bdb912742ecb4fb8,0.2103141179067608,data/public_test/public_test/c23e29e6dbf442a8bdb912742ecb4fb8.jpeg
c2409155e8e042d095e4a07024845475,0.6984286129022829,data/public_test/public_test/c2409155e8e042d095e4a07024845475.jpeg
c26864aee47743409879812fae27627d,0.5825848378791274,data/public_test/public_test/c26864aee47743409879812fae27627d.jpeg
c26a858ed07b469481ad365a00f340db,0.5994530237874719,data/public_test/public_test/c26a858ed07b469481ad365a00f340db.jpeg
c2735acbcb7f4e6f8a8b435cbd283612,0.9963530827100592,data/public_test/public_test/c2735acbcb7f4e6f8a8b435cbd283612.jpeg
c27947f734c542e7b35dddd914157ac2,0.6473319887212962,data/public_test/public_test/c27947f734c542e7b35dddd914157ac2.jpeg
c27cea7444524149a86376ee31bec51a,0.2019999657333613,data/public_test/public_test/c27cea7444524149a86376ee31bec51a.jpeg
c27e1a5f581048608b1d61a5b1436c79,0.0995489654815188,data/public_test/public_test/c27e1a5f581048608b1d61a5b1436c79.jpeg
c2873bc6aef34ef3943708bcd84d36e9,0.0955435449939767,data/public_test/public_test/c2873bc6aef34ef3943708bcd84d36e9.jpeg
c288c9029902490b892f0eae3d53897e,0.8474936734870488,data/public_test/public_test/c288c9029902490b892f0eae3d53897e.jpeg
c28bb51fd70642a389b993a2c5dfb803,0.4846773259641601,data/public_test/public_test/c28bb51fd70642a389b993a2c5dfb803.jpeg
c295364cd9ea4d23b865bfe2fddfed29,0.5490596161966718,data/public_test/public_test/c295364cd9ea4d23b865bfe2fddfed29.jpeg
c2a7125f0139441db7c61cc9040248d5,0.1632356091461039,data/public_test/public_test/c2a7125f0139441db7c61cc9040248d5.jpeg
c2afe147f4844c4995f048bdb02dee52,0.862128038336848,data/public_test/public_test/c2afe147f4844c4995f048bdb02dee52.jpeg
c2b34fc523304daea21fbb8799b10e0d,0.5825848378791274,data/public_test/public_test/c2b34fc523304daea21fbb8799b10e0d.jpeg
c2c5cd4db2cd4138bcbd6a16d1368b51,0.6402346357586032,data/public_test/public_test/c2c5cd4db2cd4138bcbd6a16d1368b51.jpeg
c2c80e841cb04e9a9d331a894c3a6d1f,0.1334201704740701,data/public_test/public_test/c2c80e841cb04e9a9d331a894c3a6d1f.jpeg
c2caa6c15a3e417891577b1d9e0a1594,0.2222627731215615,data/public_test/public_test/c2caa6c15a3e417891577b1d9e0a1594.jpeg
c2d0485e77f242688a5c476b30fcbd86,0.0749377069864109,data/public_test/public_test/c2d0485e77f242688a5c476b30fcbd86.jpeg
c2ddf193813f4676a1074f66328eaeea,0.149925403287379,data/public_test/public_test/c2ddf193813f4676a1074f66328eaeea.jpeg
c2e7a0a5544347e9b3da15a304cfa19d,0.783327614636589,data/public_test/public_test/c2e7a0a5544347e9b3da15a304cfa19d.jpeg
c2ecd0416e1c430d9b7cf4e182d4588b,0.3905226484911838,data/public_test/public_test/c2ecd0416e1c430d9b7cf4e182d4588b.jpeg
c2fdcb82d0594be48bf30577dfaa30ca,0.8487548476552064,data/public_test/public_test/c2fdcb82d0594be48bf30577dfaa30ca.jpeg
c30c0438286945e2a7820762abc2fdde,0.156698954960863,data/public_test/public_test/c30c0438286945e2a7820762abc2fdde.jpeg
c30efef0bf824353a0eccc315b58f948,0.2315606324954496,data/public_test/public_test/c30efef0bf824353a0eccc315b58f948.jpeg
c312403d0d5b47798f71969a163ccc9c,0.4131716174958423,data/public_test/public_test/c312403d0d5b47798f71969a163ccc9c.jpeg
c3197cd72aa046c2b3f60ef9886229a0,0.0888412181153683,data/public_test/public_test/c3197cd72aa046c2b3f60ef9886229a0.jpeg
c31b298ecaf2486da879b58fff47977b,0.7371787231661054,data/public_test/public_test/c31b298ecaf2486da879b58fff47977b.jpeg
c31dfe95f6f745d4a3ccbbd3f720cfe9,0.8730868326380397,data/public_test/public_test/c31dfe95f6f745d4a3ccbbd3f720cfe9.jpeg
c3210300fb4a4e8cbd2c551ba408b1de,0.807936826442189,data/public_test/public_test/c3210300fb4a4e8cbd2c551ba408b1de.jpeg
c32e560473b9462f94334b0df4bbe7ed,0.0929802874277773,data/public_test/public_test/c32e560473b9462f94334b0df4bbe7ed.jpeg
c35c7d99d6a34dd6bc4f55a8d7a12826,0.3906086421975485,data/public_test/public_test/c35c7d99d6a34dd6bc4f55a8d7a12826.jpeg
c36138e1ff9e42f49da49eac64bbee39,0.3821623857676306,data/public_test/public_test/c36138e1ff9e42f49da49eac64bbee39.jpeg
c361c4c26b524ba9af02eafb29b7654b,0.3957686166100226,data/public_test/public_test/c361c4c26b524ba9af02eafb29b7654b.jpeg
c36e29591fce42038360de8904ebdcef,0.7984458509975515,data/public_test/public_test/c36e29591fce42038360de8904ebdcef.jpeg
c372037b52504b5bb06f29cac37305c5,0.1010853252407739,data/public_test/public_test/c372037b52504b5bb06f29cac37305c5.jpeg
c37382ba2b43414d839dcbce93d7ae5e,0.3956412606731627,data/public_test/public_test/c37382ba2b43414d839dcbce93d7ae5e.jpeg
c38de7f74bbe44ee9722e02751407a41,0.5661623786473574,data/public_test/public_test/c38de7f74bbe44ee9722e02751407a41.jpeg
c38e042d19324c1a80d737e768bbf6fd,0.1547438206969333,data/public_test/public_test/c38e042d19324c1a80d737e768bbf6fd.jpeg
c390e6da52a34c29a9582b5a8b61734c,0.4034888522352567,data/public_test/public_test/c390e6da52a34c29a9582b5a8b61734c.jpeg
c3917aff1e41414e8c5dd859ba4df558,0.3702197996694507,data/public_test/public_test/c3917aff1e41414e8c5dd859ba4df558.jpeg
c3a4540814644c07a4ed195b22dac458,0.6712995333480514,data/public_test/public_test/c3a4540814644c07a4ed195b22dac458.jpeg
c3ac4ce04b1242a88f99c680aeaaeb0f,0.2067375525519496,data/public_test/public_test/c3ac4ce04b1242a88f99c680aeaaeb0f.jpeg
c3b2f0f9b15043038f9c217155b289cd,0.7636231850799388,data/public_test/public_test/c3b2f0f9b15043038f9c217155b289cd.jpeg
c3c7fee82c5b4c7683a992784e822803,0.1313293952741524,data/public_test/public_test/c3c7fee82c5b4c7683a992784e822803.jpeg
c3ce0e2c9fdf4b3fba5a2c616a1c7394,0.2296376749195037,data/public_test/public_test/c3ce0e2c9fdf4b3fba5a2c616a1c7394.jpeg
c3d3bd333ca5420abe2e1907f34dca54,0.3635231489430775,data/public_test/public_test/c3d3bd333ca5420abe2e1907f34dca54.jpeg
c3e08c71d23c4b328510034f5188cdb2,0.5044687480116549,data/public_test/public_test/c3e08c71d23c4b328510034f5188cdb2.jpeg
c3e7903679f54e50929fc7828e980157,0.1215653300484736,data/public_test/public_test/c3e7903679f54e50929fc7828e980157.jpeg
c3ec33c8fd2c40f8bfe75183bfcf0b76,0.5490596161966718,data/public_test/public_test/c3ec33c8fd2c40f8bfe75183bfcf0b76.jpeg
c3ff5217afee44ecb13d25e27b6dc24b,0.2049006050558844,data/public_test/public_test/c3ff5217afee44ecb13d25e27b6dc24b.jpeg
c3fffe52cd71460a879c17255f9e6efd,0.212105746239282,data/public_test/public_test/c3fffe52cd71460a879c17255f9e6efd.jpeg
c402eac77d544352abbc97baa67fe3b3,0.5825827366112325,data/public_test/public_test/c402eac77d544352abbc97baa67fe3b3.jpeg
c4050338ed924b90ac4a1a593eea737c,0.9285771752400106,data/public_test/public_test/c4050338ed924b90ac4a1a593eea737c.jpeg
c4077d59e3a7430ebd46ca56772d7e74,0.6741042770803706,data/public_test/public_test/c4077d59e3a7430ebd46ca56772d7e74.jpeg
c409c36fb5e84f4cb597f26d77932519,0.3811816421735495,data/public_test/public_test/c409c36fb5e84f4cb597f26d77932519.jpeg
c40b73ea630543699fab9eac91105a88,0.4912454691497102,data/public_test/public_test/c40b73ea630543699fab9eac91105a88.jpeg
c40fae10f7a44df29effb0192a02e88a,0.5790661897440114,data/public_test/public_test/c40fae10f7a44df29effb0192a02e88a.jpeg
c419b8bb2e994b768f36f3014bbc3d9b,0.1985012837366248,data/public_test/public_test/c419b8bb2e994b768f36f3014bbc3d9b.jpeg
c4230d2be8cc402c8dada1522e91e1bf,0.8487548476552064,data/public_test/public_test/c4230d2be8cc402c8dada1522e91e1bf.jpeg
c4312ab8e4df4a59b5430ec20ed429e9,0.4129576947795555,data/public_test/public_test/c4312ab8e4df4a59b5430ec20ed429e9.jpeg
c44a1c405aaf48dba96e227a600d48a6,0.7471642074495088,data/public_test/public_test/c44a1c405aaf48dba96e227a600d48a6.jpeg
c44e6e0bb80c42b08a223f0318bc899d,0.2110000536152022,data/public_test/public_test/c44e6e0bb80c42b08a223f0318bc899d.jpeg
c4503158f1604677a86578a223ddb2ef,0.4101859668779183,data/public_test/public_test/c4503158f1604677a86578a223ddb2ef.jpeg
c454b232d24f43f8bc9d9158000e7ef0,0.2212771393040161,data/public_test/public_test/c454b232d24f43f8bc9d9158000e7ef0.jpeg
c45e172ec33540379cf095bbe5eb45be,0.4912454691497102,data/public_test/public_test/c45e172ec33540379cf095bbe5eb45be.jpeg
c45fdb4f294940cf85b11185046ea32e,0.160461796350088,data/public_test/public_test/c45fdb4f294940cf85b11185046ea32e.jpeg
c469a1b2a6a24ce8828fe0bfa283fea4,0.4485503471214014,data/public_test/public_test/c469a1b2a6a24ce8828fe0bfa283fea4.jpeg
c46b81ed48554f6ab433e89b36bcd4f3,0.8163619596719253,data/public_test/public_test/c46b81ed48554f6ab433e89b36bcd4f3.jpeg
c46d49ce124a43df9d6f4d077942fc3d,0.7636231850799388,data/public_test/public_test/c46d49ce124a43df9d6f4d077942fc3d.jpeg
c4754f1cba69463885b313f9fc41cb48,0.1756398820056411,data/public_test/public_test/c4754f1cba69463885b313f9fc41cb48.jpeg
c485f52424334bc28ce247af475c149e,0.408479016912638,data/public_test/public_test/c485f52424334bc28ce247af475c149e.jpeg
c48b9b80d22a44d3bb932c0b53bd80b1,0.8702719141299468,data/public_test/public_test/c48b9b80d22a44d3bb932c0b53bd80b1.jpeg
c49c52e19397496caac3d1284ee5a9c9,0.1485193630713914,data/public_test/public_test/c49c52e19397496caac3d1284ee5a9c9.jpeg
c4b5440aef8343cfb65baf52f4dd8988,0.2502429726010394,data/public_test/public_test/c4b5440aef8343cfb65baf52f4dd8988.jpeg
c4c883797e70440fba2527449b778fd1,0.7457087792512355,data/public_test/public_test/c4c883797e70440fba2527449b778fd1.jpeg
c4ce21fe240a4f3a83eda9f2ed840005,0.6473319887212962,data/public_test/public_test/c4ce21fe240a4f3a83eda9f2ed840005.jpeg
c4d8f149378546edbeed6f8731ffb1d8,0.1775548602214255,data/public_test/public_test/c4d8f149378546edbeed6f8731ffb1d8.jpeg
c4dd0f1340974d2b815ef7ee9a4a1b79,0.7943117646918644,data/public_test/public_test/c4dd0f1340974d2b815ef7ee9a4a1b79.jpeg
c4df832a1bfd4fd389a766356160abf5,0.7369014963433388,data/public_test/public_test/c4df832a1bfd4fd389a766356160abf5.jpeg
c4e06ab5c5f142fea4efa8ae567cc5f1,0.4979006048261047,data/public_test/public_test/c4e06ab5c5f142fea4efa8ae567cc5f1.jpeg
c4e95c16516c4cc2877e509115536883,0.2237536390664346,data/public_test/public_test/c4e95c16516c4cc2877e509115536883.jpeg
c4e98b1632e348ee84cd3db5465a2d09,0.1763632939634321,data/public_test/public_test/c4e98b1632e348ee84cd3db5465a2d09.jpeg
c4f07579e17c4167a6cdeaf2c3d388ab,0.1390476224147493,data/public_test/public_test/c4f07579e17c4167a6cdeaf2c3d388ab.jpeg
c4f0c5d2b2924b49bcd719f7da387e46,0.4609199326871585,data/public_test/public_test/c4f0c5d2b2924b49bcd719f7da387e46.jpeg
c4f1e45fa99f45f2a5d08fe125f6f699,0.3583629998797653,data/public_test/public_test/c4f1e45fa99f45f2a5d08fe125f6f699.jpeg
c4f2355116034de19c3729d376d52cd0,0.1868122142454922,data/public_test/public_test/c4f2355116034de19c3729d376d52cd0.jpeg
c4f7e69c62914162bbe8578eb88d0d3b,0.1850668383669306,data/public_test/public_test/c4f7e69c62914162bbe8578eb88d0d3b.jpeg
c4f935b90eee43af882c67d459fb8958,0.1263389249578046,data/public_test/public_test/c4f935b90eee43af882c67d459fb8958.jpeg
c5011ce3f9fc4593a2a0b532c307c743,0.7097096120748673,data/public_test/public_test/c5011ce3f9fc4593a2a0b532c307c743.jpeg
c50e684130494a9093312e527108749c,0.7287115591206345,data/public_test/public_test/c50e684130494a9093312e527108749c.jpeg
c51649d9d5a24beb9d6ac65ac00398ec,0.1143497643931825,data/public_test/public_test/c51649d9d5a24beb9d6ac65ac00398ec.jpeg
c51b38b2d4444275abdcf1f896493365,0.6873821902720395,data/public_test/public_test/c51b38b2d4444275abdcf1f896493365.jpeg
c53035a6542a47668f09ef9fce306903,0.8511669162674561,data/public_test/public_test/c53035a6542a47668f09ef9fce306903.jpeg
c54f93119db04fdc828e73c2e4920974,0.35465285665199,data/public_test/public_test/c54f93119db04fdc828e73c2e4920974.jpeg
c55230bfc64440ee9ef31ee7231828b5,0.0946478399844899,data/public_test/public_test/c55230bfc64440ee9ef31ee7231828b5.jpeg
c55436f3b73d4a718b526dcbb1f18ce8,0.7535564308495549,data/public_test/public_test/c55436f3b73d4a718b526dcbb1f18ce8.jpeg
c5570075504f4f0ea9e159693e7436cc,0.6986631894446239,data/public_test/public_test/c5570075504f4f0ea9e159693e7436cc.jpeg
c5572e761a024f879077d31f48616237,0.3766188644702921,data/public_test/public_test/c5572e761a024f879077d31f48616237.jpeg
c55e5e6137af4d3f9b682a296a7945f0,0.7536619731696397,data/public_test/public_test/c55e5e6137af4d3f9b682a296a7945f0.jpeg
c56d5c0dbf1d4791806511cd30c27c56,0.3906951707721044,data/public_test/public_test/c56d5c0dbf1d4791806511cd30c27c56.jpeg
c57366ebd937486d8ee9d5afc592f0d9,0.7709364201230073,data/public_test/public_test/c57366ebd937486d8ee9d5afc592f0d9.jpeg
c583823feca24430947d5a6a331d4c02,0.9260205844237684,data/public_test/public_test/c583823feca24430947d5a6a331d4c02.jpeg
c5838b2dba4a478cad9a97b9fe1bda72,0.0385576508926194,data/public_test/public_test/c5838b2dba4a478cad9a97b9fe1bda72.jpeg
c585652760ce4ab98cd5e3816bccd8d8,0.9475376508985086,data/public_test/public_test/c585652760ce4ab98cd5e3816bccd8d8.jpeg
c586f12450154746a7128f9282156ca4,0.4846773259641601,data/public_test/public_test/c586f12450154746a7128f9282156ca4.jpeg
c58951ed5fc44a9fbaa83fae65e0a9a9,0.889061690425646,data/public_test/public_test/c58951ed5fc44a9fbaa83fae65e0a9a9.jpeg
c58fcd16e03647e887d4b53f1b57243b,0.6155129665513012,data/public_test/public_test/c58fcd16e03647e887d4b53f1b57243b.jpeg
c594f0a9ed1e46d6b49845410cab582d,0.8755588460570568,data/public_test/public_test/c594f0a9ed1e46d6b49845410cab582d.jpeg
c597849cf6b94440824e85d0b5b74faf,0.3917171565242298,data/public_test/public_test/c597849cf6b94440824e85d0b5b74faf.jpeg
c5a4664704e64c2f9f154b152f62f5f0,0.5955078728480994,data/public_test/public_test/c5a4664704e64c2f9f154b152f62f5f0.jpeg
c5a6134b585045cca71180a617c14349,0.1863877581307436,data/public_test/public_test/c5a6134b585045cca71180a617c14349.jpeg
c5b37e8a787b4795b701d4a8326c2886,0.2222573261985511,data/public_test/public_test/c5b37e8a787b4795b701d4a8326c2886.jpeg
c5b81a2ce65747ada401afa1c70632d9,0.2637620199282329,data/public_test/public_test/c5b81a2ce65747ada401afa1c70632d9.jpeg
c5b9189c13344294afca7df6f05f1eb6,0.5047229577642156,data/public_test/public_test/c5b9189c13344294afca7df6f05f1eb6.jpeg
c5c29821662d4749a48cd06285de49fb,0.5652688240263136,data/public_test/public_test/c5c29821662d4749a48cd06285de49fb.jpeg
c5f95b3803ae4c79ae55993ef0f6a25d,0.7899786869520805,data/public_test/public_test/c5f95b3803ae4c79ae55993ef0f6a25d.jpeg
c5f9936e04dc4727be259ffc063a932d,0.1838697978967334,data/public_test/public_test/c5f9936e04dc4727be259ffc063a932d.jpeg
c6165374cde64b67ba8c94b0c7dea64f,0.5825848378791274,data/public_test/public_test/c6165374cde64b67ba8c94b0c7dea64f.jpeg
c61b30b60bf84a93960c55ac2b4816a0,0.1419941430582013,data/public_test/public_test/c61b30b60bf84a93960c55ac2b4816a0.jpeg
c61e8fa4332747858a54915fd5e03261,0.2642740852695977,data/public_test/public_test/c61e8fa4332747858a54915fd5e03261.jpeg
c63fce58ea424ce3827aed70e5d978cf,0.3099105948440725,data/public_test/public_test/c63fce58ea424ce3827aed70e5d978cf.jpeg
c63ffef96d374c24843754a7d8f4b33f,0.588598527419144,data/public_test/public_test/c63ffef96d374c24843754a7d8f4b33f.jpeg
c6471d5fd5214560986fa14212ea5b4b,0.7721958914454944,data/public_test/public_test/c6471d5fd5214560986fa14212ea5b4b.jpeg
c65c15d4729d44da9969ac6c093ba918,0.3004424181560935,data/public_test/public_test/c65c15d4729d44da9969ac6c093ba918.jpeg
c6651aee9e494aaa89747630524f1ab7,0.3107634258017475,data/public_test/public_test/c6651aee9e494aaa89747630524f1ab7.jpeg
c66c11011f55450697894cf470b6af40,0.3009115821564531,data/public_test/public_test/c66c11011f55450697894cf470b6af40.jpeg
c67ac33d523e4b0d89cb015cc857a48f,0.0320733073622814,data/public_test/public_test/c67ac33d523e4b0d89cb015cc857a48f.jpeg
c68450b73edb4c43b751432b32faa329,0.8550884142984154,data/public_test/public_test/c68450b73edb4c43b751432b32faa329.jpeg
c6860a323c62459d8f83a84e2bcd9bd8,0.5182661137293526,data/public_test/public_test/c6860a323c62459d8f83a84e2bcd9bd8.jpeg
c687e8b7eb6d4e6abdefeb67239638a8,0.0617605768794908,data/public_test/public_test/c687e8b7eb6d4e6abdefeb67239638a8.jpeg
c688105506574957a351bdf45ae3c6d0,0.8669475200249463,data/public_test/public_test/c688105506574957a351bdf45ae3c6d0.jpeg
c6902733b84840528d61122f9db99151,0.4775973794135022,data/public_test/public_test/c6902733b84840528d61122f9db99151.jpeg
c693873c28e04943a0873e07af80ebd6,0.5317436023438579,data/public_test/public_test/c693873c28e04943a0873e07af80ebd6.jpeg
c6a47a5925864765b0a544b808a24b95,0.8345546320416654,data/public_test/public_test/c6a47a5925864765b0a544b808a24b95.jpeg
c6a9128ea3a141f8b57e03ea3e5dafdb,0.4319802055970386,data/public_test/public_test/c6a9128ea3a141f8b57e03ea3e5dafdb.jpeg
c6b233111c564a72b2d87c67df195cf7,0.5659278021050164,data/public_test/public_test/c6b233111c564a72b2d87c67df195cf7.jpeg
c6b5cece130340a195ace46f239dae66,0.6862503696097016,data/public_test/public_test/c6b5cece130340a195ace46f239dae66.jpeg
c6b89092ee7f4a24b1d9717af534d056,0.7818335667717609,data/public_test/public_test/c6b89092ee7f4a24b1d9717af534d056.jpeg
c6ca171ad0bf456c8147d8d5b3f56211,0.2003839815654902,data/public_test/public_test/c6ca171ad0bf456c8147d8d5b3f56211.jpeg
c6d8f8f3db464574a64559ec90122134,0.1505241227335897,data/public_test/public_test/c6d8f8f3db464574a64559ec90122134.jpeg
c6e18b6f59a34446bdd25d3a58789b22,0.3201898527526842,data/public_test/public_test/c6e18b6f59a34446bdd25d3a58789b22.jpeg
c6fd2a1d798d426faa3bcb1a7e420ace,0.6689822128154216,data/public_test/public_test/c6fd2a1d798d426faa3bcb1a7e420ace.jpeg
c7032d8e977247798c124f11e4e36f80,0.1334541427909822,data/public_test/public_test/c7032d8e977247798c124f11e4e36f80.jpeg
c70c02f3c4b845a09f67258d4bd8ac42,0.548166061575628,data/public_test/public_test/c70c02f3c4b845a09f67258d4bd8ac42.jpeg
c70e6ec6758340ed827c9aa006fa58c4,0.1349517982871829,data/public_test/public_test/c70e6ec6758340ed827c9aa006fa58c4.jpeg
c7185448f27443048c044a7825f8b0af,0.0901213541795869,data/public_test/public_test/c7185448f27443048c044a7825f8b0af.jpeg
c72fbcea251d4b1c9e6619bd96636bee,0.7376894431502338,data/public_test/public_test/c72fbcea251d4b1c9e6619bd96636bee.jpeg
c74ff5ad18464b8ca20eaa9adcad2747,0.077753706146564,data/public_test/public_test/c74ff5ad18464b8ca20eaa9adcad2747.jpeg
c758dd8bd21b48b6b7c237f07c4174ee,0.9184454058707182,data/public_test/public_test/c758dd8bd21b48b6b7c237f07c4174ee.jpeg
c75e981b2d2247ab893a6fe4d8b5191f,0.1435210280094944,data/public_test/public_test/c75e981b2d2247ab893a6fe4d8b5191f.jpeg
c7713c250ee74292b7d2c93fa1ceba85,0.1354237075804024,data/public_test/public_test/c7713c250ee74292b7d2c93fa1ceba85.jpeg
c772bbe330e64439b7dc11251ba18c26,0.0991637539558547,data/public_test/public_test/c772bbe330e64439b7dc11251ba18c26.jpeg
c77c75393ca54721b810bf38a9f1e503,0.9295392325588844,data/public_test/public_test/c77c75393ca54721b810bf38a9f1e503.jpeg
c77e472b2ad94ccdb2d39407ddc3ce45,0.7464967260581304,data/public_test/public_test/c77e472b2ad94ccdb2d39407ddc3ce45.jpeg
c7813e7d89bb44569f89e3947a7d6b79,0.4112524858648166,data/public_test/public_test/c7813e7d89bb44569f89e3947a7d6b79.jpeg
c781cea86010483fb749a75dffa87790,0.0928499951737033,data/public_test/public_test/c781cea86010483fb749a75dffa87790.jpeg
c78807fb854749a7ab436e14f126cf99,0.4068584972808174,data/public_test/public_test/c78807fb854749a7ab436e14f126cf99.jpeg
c79e0d4a323d44a29445b356c16c182b,0.1875382350501759,data/public_test/public_test/c79e0d4a323d44a29445b356c16c182b.jpeg
c7a195e22cee4c259dd8039d326316bd,0.1426324181903017,data/public_test/public_test/c7a195e22cee4c259dd8039d326316bd.jpeg
c7b515d0f1094b0cb0a43b10191aca08,0.6309116307574208,data/public_test/public_test/c7b515d0f1094b0cb0a43b10191aca08.jpeg
c7be64bc46fa4a499b7b6654b63e2c2f,0.5994530237874719,data/public_test/public_test/c7be64bc46fa4a499b7b6654b63e2c2f.jpeg
c7c2c8b72b2f49c7964e88646fbcfb42,0.90706010876527,data/public_test/public_test/c7c2c8b72b2f49c7964e88646fbcfb42.jpeg
c7cef998dce6478b905eabd12e486ea4,0.5179462366261602,data/public_test/public_test/c7cef998dce6478b905eabd12e486ea4.jpeg
c7d0fe996ccb4003bec2392659783f03,0.1299650502168201,data/public_test/public_test/c7d0fe996ccb4003bec2392659783f03.jpeg
c7e090b7055c47aea9c9e6f69a4799e1,0.1426769677985907,data/public_test/public_test/c7e090b7055c47aea9c9e6f69a4799e1.jpeg
c7e5c27754214a1aac2529f1f8846130,0.765861036752355,data/public_test/public_test/c7e5c27754214a1aac2529f1f8846130.jpeg
c7ea7e20f3a1437689d31bbce00bb405,0.6158733817513472,data/public_test/public_test/c7ea7e20f3a1437689d31bbce00bb405.jpeg
c7f113d80e914225a1cd06a9652ce80d,0.8052089113406179,data/public_test/public_test/c7f113d80e914225a1cd06a9652ce80d.jpeg
c7f7485bde994b2f86534284ceda1ca4,0.1601212708786801,data/public_test/public_test/c7f7485bde994b2f86534284ceda1ca4.jpeg
c80590d61f3248f6bf314c7148ad6336,0.1761154753399748,data/public_test/public_test/c80590d61f3248f6bf314c7148ad6336.jpeg
c8090ade757a4b308dd34c4775feb33e,0.9260205844237684,data/public_test/public_test/c8090ade757a4b308dd34c4775feb33e.jpeg
c80ea4f3ee2e43cbac8b886e339e4449,0.888464586499687,data/public_test/public_test/c80ea4f3ee2e43cbac8b886e339e4449.jpeg
c810daef7b454975bdbf591a774fcd30,0.6712995333480514,data/public_test/public_test/c810daef7b454975bdbf591a774fcd30.jpeg
c8202cb6971b4093ae28a3ecfc4a0f56,0.7621291372151107,data/public_test/public_test/c8202cb6971b4093ae28a3ecfc4a0f56.jpeg
c825bb0052dc4defa75e2a6156c44311,0.1804582448368086,data/public_test/public_test/c825bb0052dc4defa75e2a6156c44311.jpeg
c82931da4a4747b6b1a2040ddc73f13c,0.3527755293363934,data/public_test/public_test/c82931da4a4747b6b1a2040ddc73f13c.jpeg
c82bddc50d544f4ab68d8e611869b2e7,0.1509071947864882,data/public_test/public_test/c82bddc50d544f4ab68d8e611869b2e7.jpeg
c83d06cb6ef24ea8b49e9ee6f6e00ade,0.6848444985867134,data/public_test/public_test/c83d06cb6ef24ea8b49e9ee6f6e00ade.jpeg
c83fdcd7b7e9461c9dd58c2461277315,0.8487548476552064,data/public_test/public_test/c83fdcd7b7e9461c9dd58c2461277315.jpeg
c84681bf2e69423a816f434bcbbd9609,0.6461998433175563,data/public_test/public_test/c84681bf2e69423a816f434bcbbd9609.jpeg
c84e77557fff4861995a72c41dcadd29,0.1611841276558189,data/public_test/public_test/c84e77557fff4861995a72c41dcadd29.jpeg
c85741b3ac384e33a69150465d659caa,0.7743710557472024,data/public_test/public_test/c85741b3ac384e33a69150465d659caa.jpeg
c85a819a126f4789963807005adef0dd,0.8923860845306462,data/public_test/public_test/c85a819a126f4789963807005adef0dd.jpeg
c85b54facf5b41caa221dbfe4840e78a,0.8503352357991559,data/public_test/public_test/c85b54facf5b41caa221dbfe4840e78a.jpeg
c85be8a2869a491abb0ee99c0f31e12b,0.889061690425646,data/public_test/public_test/c85be8a2869a491abb0ee99c0f31e12b.jpeg
c86eb6e833e744edb75af83fb1ce1536,0.5825848378791274,data/public_test/public_test/c86eb6e833e744edb75af83fb1ce1536.jpeg
c8730a5c36ca476ba6a80156c55de8b4,0.5317436023438579,data/public_test/public_test/c8730a5c36ca476ba6a80156c55de8b4.jpeg
c874cd3fdf544327bce6cbc64716a7bb,0.4912454691497102,data/public_test/public_test/c874cd3fdf544327bce6cbc64716a7bb.jpeg
c876bd916a4b4b498b1abbedd3d2b4d3,0.4404042199698439,data/public_test/public_test/c876bd916a4b4b498b1abbedd3d2b4d3.jpeg
c8a49fd550b3452d95ad84c2111e7b10,0.4122322852528047,data/public_test/public_test/c8a49fd550b3452d95ad84c2111e7b10.jpeg
c8aaa36e0d184ad6884035d01c73265a,0.1933896412146502,data/public_test/public_test/c8aaa36e0d184ad6884035d01c73265a.jpeg
c8b73fdbb5b344ad87e18db26c522e09,0.8317130697295584,data/public_test/public_test/c8b73fdbb5b344ad87e18db26c522e09.jpeg
c8b7ac82bf1f4b5e84b5347764a2cc7f,0.5044687480116549,data/public_test/public_test/c8b7ac82bf1f4b5e84b5347764a2cc7f.jpeg
c8c6f94423404da5ad36db2d4b36ba43,0.9295392325588844,data/public_test/public_test/c8c6f94423404da5ad36db2d4b36ba43.jpeg
c8ca8eddf8bd432488990b7161b653c9,0.862128038336848,data/public_test/public_test/c8ca8eddf8bd432488990b7161b653c9.jpeg
c8e4f079e4324564862b1d7fdeedc17f,0.6309116307574208,data/public_test/public_test/c8e4f079e4324564862b1d7fdeedc17f.jpeg
c8e7398d330d4e28b741aae02129b965,0.2921262356667023,data/public_test/public_test/c8e7398d330d4e28b741aae02129b965.jpeg
c8ec78b211e94769b40accf96a601263,0.5825848378791274,data/public_test/public_test/c8ec78b211e94769b40accf96a601263.jpeg
c8efe2d6eb1f4f30ace9544c1421c48e,0.783327614636589,data/public_test/public_test/c8efe2d6eb1f4f30ace9544c1421c48e.jpeg
c8fe4f0ad97245e9aa79c64e7dc649e1,0.888464586499687,data/public_test/public_test/c8fe4f0ad97245e9aa79c64e7dc649e1.jpeg
c909c50a98984f24ab9568f5442f3f57,0.2101520255555724,data/public_test/public_test/c909c50a98984f24ab9568f5442f3f57.jpeg
c90b6f9a395941bfbfbc8018bab125fc,0.0504562604555725,data/public_test/public_test/c90b6f9a395941bfbfbc8018bab125fc.jpeg
c91bef887d2f402a88a1713db323f13b,0.4912454691497102,data/public_test/public_test/c91bef887d2f402a88a1713db323f13b.jpeg
c921a39d431346e4b1b2f05fd6fd5f4b,0.4846773259641601,data/public_test/public_test/c921a39d431346e4b1b2f05fd6fd5f4b.jpeg
c92de69f7d43412b8d49ea0fc28857b2,0.5659278021050164,data/public_test/public_test/c92de69f7d43412b8d49ea0fc28857b2.jpeg
c92f06a2d1214e1ea707bc8a0e14abd0,0.9366380782404584,data/public_test/public_test/c92f06a2d1214e1ea707bc8a0e14abd0.jpeg
c93008762465487cb66fcecdcf0fe172,0.8503352357991559,data/public_test/public_test/c93008762465487cb66fcecdcf0fe172.jpeg
c9342a8248b84292b15cf5fae4f42109,0.8922415623266536,data/public_test/public_test/c9342a8248b84292b15cf5fae4f42109.jpeg
c93fefc3382e40e6a1a594029afb6982,0.8692957114576538,data/public_test/public_test/c93fefc3382e40e6a1a594029afb6982.jpeg
c950118c60f74db29b936cd126361a4b,0.1814829103877296,data/public_test/public_test/c950118c60f74db29b936cd126361a4b.jpeg
c9594cb97ef84337bdcdd83cd02dff4d,0.505042834867408,data/public_test/public_test/c9594cb97ef84337bdcdd83cd02dff4d.jpeg
c96253c9aaf44616b36b8dc4de863b19,0.835446257316733,data/public_test/public_test/c96253c9aaf44616b36b8dc4de863b19.jpeg
c9626511bb6945809c0e2adcdda0d057,0.5317436023438579,data/public_test/public_test/c9626511bb6945809c0e2adcdda0d057.jpeg
c962e2b340094d63b218830b55c2528d,0.1771759088367362,data/public_test/public_test/c962e2b340094d63b218830b55c2528d.jpeg
c966c23b6a1745089e66bd8419cbe202,0.560742706625522,data/public_test/public_test/c966c23b6a1745089e66bd8419cbe202.jpeg
c96eb18713b44a3c95f347e673c9929d,0.4266921438973202,data/public_test/public_test/c96eb18713b44a3c95f347e673c9929d.jpeg
c971a646634d49038fd41f2dbad3eb29,0.9295392325588844,data/public_test/public_test/c971a646634d49038fd41f2dbad3eb29.jpeg
c9870ea0e8974eee9c3fc970ab824312,0.2034065735645724,data/public_test/public_test/c9870ea0e8974eee9c3fc970ab824312.jpeg
c988ce6fc9e54661ae621a28b4e2134b,0.2172703052362539,data/public_test/public_test/c988ce6fc9e54661ae621a28b4e2134b.jpeg
c98a6ad68b7544a59f9171a28abea941,0.6972967922399449,data/public_test/public_test/c98a6ad68b7544a59f9171a28abea941.jpeg
c99ca93c9f924167a066ca1f91eb1cfa,0.2351822714110637,data/public_test/public_test/c99ca93c9f924167a066ca1f91eb1cfa.jpeg
c9a4dff036bf4ff2ae4a8e64c5fede37,0.1602492599248279,data/public_test/public_test/c9a4dff036bf4ff2ae4a8e64c5fede37.jpeg
c9a8696b69514972a6b2bc2abb369cbb,0.8859079956834446,data/public_test/public_test/c9a8696b69514972a6b2bc2abb369cbb.jpeg
c9b0ed1837494f64b9d4882097543512,0.1527367851160022,data/public_test/public_test/c9b0ed1837494f64b9d4882097543512.jpeg
c9c1a523a1464ae1b1ec16a83da5f649,0.0639772343998228,data/public_test/public_test/c9c1a523a1464ae1b1ec16a83da5f649.jpeg
c9c7f171ae2240ed97e594ddcdd3e7e8,0.5154447904475595,data/public_test/public_test/c9c7f171ae2240ed97e594ddcdd3e7e8.jpeg
c9ccad5fd5324e66aa0e38a734da7054,0.7943117646918644,data/public_test/public_test/c9ccad5fd5324e66aa0e38a734da7054.jpeg
c9cec9eb79514989ae27c7316990115f,0.1993989099053297,data/public_test/public_test/c9cec9eb79514989ae27c7316990115f.jpeg
c9e65fccd4dd4e898a234f2e05789fad,0.7369014963433388,data/public_test/public_test/c9e65fccd4dd4e898a234f2e05789fad.jpeg
c9f17171118a4419a62637ed9ed1c0a7,0.1745335289830801,data/public_test/public_test/c9f17171118a4419a62637ed9ed1c0a7.jpeg
c9f2c52aa9bf4f0fb3e08a46095b1476,0.3239851382639887,data/public_test/public_test/c9f2c52aa9bf4f0fb3e08a46095b1476.jpeg
ca05ba374b1d4514b0b1c683d501fc21,0.7557755334816192,data/public_test/public_test/ca05ba374b1d4514b0b1c683d501fc21.jpeg
ca0aa071d18a4af78925577e8e4136a9,0.889061690425646,data/public_test/public_test/ca0aa071d18a4af78925577e8e4136a9.jpeg
ca10c3f753624cbe8381adf3191c8d69,0.7097096120748673,data/public_test/public_test/ca10c3f753624cbe8381adf3191c8d69.jpeg
ca145e79d8914186ae284f92562b3787,0.1899714077601715,data/public_test/public_test/ca145e79d8914186ae284f92562b3787.jpeg
ca1b78d8c25e44e5b10d61d099dab3cd,0.8511669162674561,data/public_test/public_test/ca1b78d8c25e44e5b10d61d099dab3cd.jpeg
ca25c952770e4a22993a73d5280d1057,0.2796290431035056,data/public_test/public_test/ca25c952770e4a22993a73d5280d1057.jpeg
ca28a3e4d594453d855e34123df000f1,0.3510271298151988,data/public_test/public_test/ca28a3e4d594453d855e34123df000f1.jpeg
ca29e4a023fa4d6aa5e86a37a65539ee,0.981787362461896,data/public_test/public_test/ca29e4a023fa4d6aa5e86a37a65539ee.jpeg
ca2c7b06d2964d0e8611d29898fafc75,0.9260205844237684,data/public_test/public_test/ca2c7b06d2964d0e8611d29898fafc75.jpeg
ca2d01b62ca74d3cbdf4ef9ba90d0415,0.3957699101177916,data/public_test/public_test/ca2d01b62ca74d3cbdf4ef9ba90d0415.jpeg
ca4296edc74540688e4096fb51e78c16,0.3494484090409684,data/public_test/public_test/ca4296edc74540688e4096fb51e78c16.jpeg
ca68d4ec28e548008795b9daaae522d4,0.5516847097107441,data/public_test/public_test/ca68d4ec28e548008795b9daaae522d4.jpeg
ca76983684544ccbade043292cb2ae39,0.8718523022738962,data/public_test/public_test/ca76983684544ccbade043292cb2ae39.jpeg
ca76a43390e941c1bd35580afe4dec81,0.9285771752400106,data/public_test/public_test/ca76a43390e941c1bd35580afe4dec81.jpeg
ca84f17b15b9445887cb9f22ea15b2ac,0.9475376508985086,data/public_test/public_test/ca84f17b15b9445887cb9f22ea15b2ac.jpeg
ca97f7c01f52460eac8442bd47686891,0.2030659662255842,data/public_test/public_test/ca97f7c01f52460eac8442bd47686891.jpeg
ca9cda61f6b9428b84d4ba0466572727,0.835446257316733,data/public_test/public_test/ca9cda61f6b9428b84d4ba0466572727.jpeg
cab292fb47cc43cdbe7292964caedcc1,0.9105787569003864,data/public_test/public_test/cab292fb47cc43cdbe7292964caedcc1.jpeg
cabcf4ab292d4f438590529d52419921,0.5343686958579302,data/public_test/public_test/cabcf4ab292d4f438590529d52419921.jpeg
cac2637a9f62449d84256c000a7e184b,0.479450890085525,data/public_test/public_test/cac2637a9f62449d84256c000a7e184b.jpeg
cacb5b943f894eac859bc100907352de,0.4846773259641601,data/public_test/public_test/cacb5b943f894eac859bc100907352de.jpeg
caccf4bf89104c83aa56a2316e6836a5,0.7709364201230073,data/public_test/public_test/caccf4bf89104c83aa56a2316e6836a5.jpeg
cad1753caad7421b966b2788fd90c4e2,0.6323811524596458,data/public_test/public_test/cad1753caad7421b966b2788fd90c4e2.jpeg
cad3f9c64b714275bd464e5b12e789c2,0.5825848378791274,data/public_test/public_test/cad3f9c64b714275bd464e5b12e789c2.jpeg
cad93345b387461496e23a4ebb31b145,0.7309720239831939,data/public_test/public_test/cad93345b387461496e23a4ebb31b145.jpeg
cadf2e6058cf4ec2b4c25601071a0b94,0.8216529222129063,data/public_test/public_test/cadf2e6058cf4ec2b4c25601071a0b94.jpeg
cafe7e5ad09c492db2e0b9ce2af66bca,0.9295392325588844,data/public_test/public_test/cafe7e5ad09c492db2e0b9ce2af66bca.jpeg
caff3090934a47d099585f04de5e1230,0.4322366476056225,data/public_test/public_test/caff3090934a47d099585f04de5e1230.jpeg
cb0ec0940a2b4fa1a4a78f6d9abd82b4,0.5182661137293526,data/public_test/public_test/cb0ec0940a2b4fa1a4a78f6d9abd82b4.jpeg
cb18a0314eb94ab19b6690d35ce0370a,0.1714651156992946,data/public_test/public_test/cb18a0314eb94ab19b6690d35ce0370a.jpeg
cb1d2efa48ed453fae5562d4b7fd9988,0.5990926085874261,data/public_test/public_test/cb1d2efa48ed453fae5562d4b7fd9988.jpeg
cb25049bf9be471cb2ccc37a2dc8c400,0.8923860845306462,data/public_test/public_test/cb25049bf9be471cb2ccc37a2dc8c400.jpeg
cb2b72704a384a309cfa5b83c2a2c0c2,0.8708690180559059,data/public_test/public_test/cb2b72704a384a309cfa5b83c2a2c0c2.jpeg
cb3cc88f48664da097c3f9ca515aa5f7,0.158625738481729,data/public_test/public_test/cb3cc88f48664da097c3f9ca515aa5f7.jpeg
cb3f888139ce4cab91d39be4453796ed,0.5397234182349214,data/public_test/public_test/cb3f888139ce4cab91d39be4453796ed.jpeg
cb46393a3a9b45c08e7052c2856c8387,0.3847652808873,data/public_test/public_test/cb46393a3a9b45c08e7052c2856c8387.jpeg
cb56623b26254af384f5832ce126e0a4,0.1011758707846041,data/public_test/public_test/cb56623b26254af384f5832ce126e0a4.jpeg
cb58c9b845aa4190b8644e97e35cc158,0.7546453010503394,data/public_test/public_test/cb58c9b845aa4190b8644e97e35cc158.jpeg
cb5fad9bbedf4b529a6a620b298dd124,0.4267346140690691,data/public_test/public_test/cb5fad9bbedf4b529a6a620b298dd124.jpeg
cb63256274854f4ca2b3d75ba6771982,0.078264368823386,data/public_test/public_test/cb63256274854f4ca2b3d75ba6771982.jpeg
cb6b26ec6f19446cbdad8c9e8199accf,0.1100831699509141,data/public_test/public_test/cb6b26ec6f19446cbdad8c9e8199accf.jpeg
cb6d4abdd0df468d9895afeec488f401,0.192450685562482,data/public_test/public_test/cb6d4abdd0df468d9895afeec488f401.jpeg
cb9a0386a2c94999babf3be8481d1e5f,0.1710368827601741,data/public_test/public_test/cb9a0386a2c94999babf3be8481d1e5f.jpeg
cb9b6b3f566647fcb466aa201c044807,0.548166061575628,data/public_test/public_test/cb9b6b3f566647fcb466aa201c044807.jpeg
cb9c4d80df7b4076af9ef08ea5575eba,0.1988387746497223,data/public_test/public_test/cb9c4d80df7b4076af9ef08ea5575eba.jpeg
cba24f22f18b442f8aaf65aab89a12a3,0.1580671914571797,data/public_test/public_test/cba24f22f18b442f8aaf65aab89a12a3.jpeg
cba2f9e2a34a4c1f8a9b0edc9f888281,0.2713534423736772,data/public_test/public_test/cba2f9e2a34a4c1f8a9b0edc9f888281.jpeg
cbaa97133732468a8d48bbfafe077eef,0.8487548476552064,data/public_test/public_test/cbaa97133732468a8d48bbfafe077eef.jpeg
cbae211ca8b5419caf3341475e04917f,0.1569629888230617,data/public_test/public_test/cbae211ca8b5419caf3341475e04917f.jpeg
cbb2e029c2ab4b3b922c1b8330311718,0.3553771691531646,data/public_test/public_test/cbb2e029c2ab4b3b922c1b8330311718.jpeg
cbb65c4da51e4b62981b398b0790d340,0.1872426084887331,data/public_test/public_test/cbb65c4da51e4b62981b398b0790d340.jpeg
cbc24ae6e3ba4e10bea758b2f32f9ab1,0.6844717623158298,data/public_test/public_test/cbc24ae6e3ba4e10bea758b2f32f9ab1.jpeg
cbc42be17139405496ada69e335e7fac,0.9105787569003864,data/public_test/public_test/cbc42be17139405496ada69e335e7fac.jpeg
cbcaa864ad064cf98d84708ae40ac54d,0.6323811524596458,data/public_test/public_test/cbcaa864ad064cf98d84708ae40ac54d.jpeg
cbd2c8d2a93d40d38a721a5e93f90773,0.1210510651981176,data/public_test/public_test/cbd2c8d2a93d40d38a721a5e93f90773.jpeg
cbe6bc75e7ec4077abcea273b12386e5,0.5825848378791274,data/public_test/public_test/cbe6bc75e7ec4077abcea273b12386e5.jpeg
cbf294d5c48e4a6a8e6ca55ddf9a45b4,0.6873821902720395,data/public_test/public_test/cbf294d5c48e4a6a8e6ca55ddf9a45b4.jpeg
cc0d388509a64e8ca7f4051eecbd7ee9,0.8503352357991559,data/public_test/public_test/cc0d388509a64e8ca7f4051eecbd7ee9.jpeg
cc1977c76c74430cb7643b3ae5eb5bcc,0.3889872329380217,data/public_test/public_test/cc1977c76c74430cb7643b3ae5eb5bcc.jpeg
cc1ae919a1d248fcabbdddc6e53ea1a5,0.6611506795792067,data/public_test/public_test/cc1ae919a1d248fcabbdddc6e53ea1a5.jpeg
cc20aa0a374e4c6aba16c46b64182f94,0.4140240664048092,data/public_test/public_test/cc20aa0a374e4c6aba16c46b64182f94.jpeg
cc2193ae60144484bd63f964e1ed2ef5,0.4098443007182247,data/public_test/public_test/cc2193ae60144484bd63f964e1ed2ef5.jpeg
cc31227e84594638b5935b91724968b4,0.3490228231536115,data/public_test/public_test/cc31227e84594638b5935b91724968b4.jpeg
cc381a10a4e6440e9a52ae4f43aca596,0.1303855057358105,data/public_test/public_test/cc381a10a4e6440e9a52ae4f43aca596.jpeg
cc383e698a264e6dbf9c13e94413518e,0.5490596161966718,data/public_test/public_test/cc383e698a264e6dbf9c13e94413518e.jpeg
cc52cbc385874d6ea39f4ad41233b72f,0.8908127779323943,data/public_test/public_test/cc52cbc385874d6ea39f4ad41233b72f.jpeg
cc543e9136aa488cb46a6731b2e056e2,0.5317436023438579,data/public_test/public_test/cc543e9136aa488cb46a6731b2e056e2.jpeg
cc5d27cb367b433888c78ba2b54cd429,0.835446257316733,data/public_test/public_test/cc5d27cb367b433888c78ba2b54cd429.jpeg
cc61e07dcd9949d69eb383baab256768,0.2690517899314605,data/public_test/public_test/cc61e07dcd9949d69eb383baab256768.jpeg
cc62c82062804540bab8b494195bfbd8,0.908022166084144,data/public_test/public_test/cc62c82062804540bab8b494195bfbd8.jpeg
cc6c5913e4d2451f9a85531159ac079c,0.2026400746992608,data/public_test/public_test/cc6c5913e4d2451f9a85531159ac079c.jpeg
cc7dc94a80e04ad48ce5f32e27880932,0.5108662900755023,data/public_test/public_test/cc7dc94a80e04ad48ce5f32e27880932.jpeg
cc8590ec569e41c2b36264e9ffe2ff7a,0.3406201175475028,data/public_test/public_test/cc8590ec569e41c2b36264e9ffe2ff7a.jpeg
cc86de5c8faa4cc09b24ff1a02ba65de,0.5317436023438579,data/public_test/public_test/cc86de5c8faa4cc09b24ff1a02ba65de.jpeg
cc86df347c9e4d08ae12873853229ce9,0.548166061575628,data/public_test/public_test/cc86df347c9e4d08ae12873853229ce9.jpeg
cc92c5059eac4360962d4c53250cd73d,0.4454149347743445,data/public_test/public_test/cc92c5059eac4360962d4c53250cd73d.jpeg
cc94ef40bd744f569dbfc0d004a4b3a0,0.5661623786473574,data/public_test/public_test/cc94ef40bd744f569dbfc0d004a4b3a0.jpeg
cc9e56fd48cb4cee9e4c53fd78e26260,0.1771748882209016,data/public_test/public_test/cc9e56fd48cb4cee9e4c53fd78e26260.jpeg
cca7627b02214ea7ab77c290081ddf8a,0.5047229577642156,data/public_test/public_test/cca7627b02214ea7ab77c290081ddf8a.jpeg
ccac89e953cd49d2b48dcc8d67d0c1e0,0.7461566071957048,data/public_test/public_test/ccac89e953cd49d2b48dcc8d67d0c1e0.jpeg
ccaded518aa7460ca567314cbe032a8d,0.9074250621581847,data/public_test/public_test/ccaded518aa7460ca567314cbe032a8d.jpeg
ccafb6c9fa8b4504a012d252f9143084,0.6155129665513012,data/public_test/public_test/ccafb6c9fa8b4504a012d252f9143084.jpeg
ccb1857156424889b0ee0ded2d0e2f8c,0.1278245240883439,data/public_test/public_test/ccb1857156424889b0ee0ded2d0e2f8c.jpeg
ccb29665fa5844d398639a25487eacfc,0.2197850235140835,data/public_test/public_test/ccb29665fa5844d398639a25487eacfc.jpeg
ccb8f0166b434a8c8a5a24a5d2892062,0.8163619596719253,data/public_test/public_test/ccb8f0166b434a8c8a5a24a5d2892062.jpeg
ccb9dd222f9e47909fb53f20eb736757,0.8718523022738962,data/public_test/public_test/ccb9dd222f9e47909fb53f20eb736757.jpeg
ccc18ea27b1b4e728ddf133109976753,0.0834267665162377,data/public_test/public_test/ccc18ea27b1b4e728ddf133109976753.jpeg
ccdf14436fea4a8ea7e4bdd749171b80,0.1466782348708914,data/public_test/public_test/ccdf14436fea4a8ea7e4bdd749171b80.jpeg
cce4fa8ead404d66aff78e1abdbb19d2,0.1119590891441293,data/public_test/public_test/cce4fa8ead404d66aff78e1abdbb19d2.jpeg
cceb6a4f987d4cdaa92979217cf99667,0.589062099863768,data/public_test/public_test/cceb6a4f987d4cdaa92979217cf99667.jpeg
ccf44c8cc15844c19d5a4aa9f8374f05,0.8669475200249463,data/public_test/public_test/ccf44c8cc15844c19d5a4aa9f8374f05.jpeg
ccf4860868204c268823cfe49e20ee09,0.3699227813591424,data/public_test/public_test/ccf4860868204c268823cfe49e20ee09.jpeg
ccf83922c6b4415ea95fe9579efbd1c3,0.2396179114910087,data/public_test/public_test/ccf83922c6b4415ea95fe9579efbd1c3.jpeg
ccfbc9dc434c40a6a989b95f3d936b7f,0.1529051485238428,data/public_test/public_test/ccfbc9dc434c40a6a989b95f3d936b7f.jpeg
ccfc553dbe3a4bfb8c1537ca89e55e73,0.9105787569003864,data/public_test/public_test/ccfc553dbe3a4bfb8c1537ca89e55e73.jpeg
cd0bd56edad24d96a4f0e828a13db3bb,0.180885762799061,data/public_test/public_test/cd0bd56edad24d96a4f0e828a13db3bb.jpeg
cd0ee4b31e8a415e92bf3999b7280c1c,0.7709364201230073,data/public_test/public_test/cd0ee4b31e8a415e92bf3999b7280c1c.jpeg
cd1270129e044613932d4e7a3ce49035,0.8163619596719253,data/public_test/public_test/cd1270129e044613932d4e7a3ce49035.jpeg
cd134d1355c747319e05ea8655ab4f6e,0.7153181239508402,data/public_test/public_test/cd134d1355c747319e05ea8655ab4f6e.jpeg
cd18a885ec2f415b99abcc752507c996,0.2257553914595159,data/public_test/public_test/cd18a885ec2f415b99abcc752507c996.jpeg
cd2491626be84b4d9cde929d712480d2,0.9415468228802952,data/public_test/public_test/cd2491626be84b4d9cde929d712480d2.jpeg
cd27e8348e8d43f79fc077518ff16f46,0.3613482793646585,data/public_test/public_test/cd27e8348e8d43f79fc077518ff16f46.jpeg
cd2aaff0eaac4b31a130e3adb6646e0d,0.9105787569003864,data/public_test/public_test/cd2aaff0eaac4b31a130e3adb6646e0d.jpeg
cd2ef2138e0c457f975af18d2d755d2f,0.4247301818771921,data/public_test/public_test/cd2ef2138e0c457f975af18d2d755d2f.jpeg
cd3526a1277640c5ad551509075f4b07,0.8321425634294157,data/public_test/public_test/cd3526a1277640c5ad551509075f4b07.jpeg
cd42b11bf07742538497d1c3e5f66bdd,0.6873821902720395,data/public_test/public_test/cd42b11bf07742538497d1c3e5f66bdd.jpeg
cd5b4e9189db4a249ad7ea5b79e07e12,0.5317436023438579,data/public_test/public_test/cd5b4e9189db4a249ad7ea5b79e07e12.jpeg
cd5fc1dd50314c09a4f4ae8a1c48f78c,0.1500870535536336,data/public_test/public_test/cd5fc1dd50314c09a4f4ae8a1c48f78c.jpeg
cd6e2d5f8bf2475ea0dbc851653dc9d8,0.8669475200249463,data/public_test/public_test/cd6e2d5f8bf2475ea0dbc851653dc9d8.jpeg
cd7ad569a66244ff9adb29f7182cc270,0.4381652876453675,data/public_test/public_test/cd7ad569a66244ff9adb29f7182cc270.jpeg
cd7b013f44c641b68d2b4e4551edf776,0.3441170148309885,data/public_test/public_test/cd7b013f44c641b68d2b4e4551edf776.jpeg
cd84ace644c348ee9dcf829e23608133,0.2436285223831429,data/public_test/public_test/cd84ace644c348ee9dcf829e23608133.jpeg
cd8ea5d9c3f94df28cea38098bc53db0,0.5886947627598063,data/public_test/public_test/cd8ea5d9c3f94df28cea38098bc53db0.jpeg
cd92143df73242cda1f8c97ec80201a4,0.9105787569003864,data/public_test/public_test/cd92143df73242cda1f8c97ec80201a4.jpeg
cd957f41a58d4a5cacb9a50dd2f7ee48,0.6625919965355528,data/public_test/public_test/cd957f41a58d4a5cacb9a50dd2f7ee48.jpeg
cd98da770a0b44f3859e6bafe8eb0d50,0.0943871244882134,data/public_test/public_test/cd98da770a0b44f3859e6bafe8eb0d50.jpeg
cda5e5e342a1407bb5d1c46e1c2ada82,0.1225442016038848,data/public_test/public_test/cda5e5e342a1407bb5d1c46e1c2ada82.jpeg
cda6012f037d4340be1911aa9fa11366,0.9295392325588844,data/public_test/public_test/cda6012f037d4340be1911aa9fa11366.jpeg
cdb2f8ba5a36464fa842c5c48c39ea67,0.7461566071957048,data/public_test/public_test/cdb2f8ba5a36464fa842c5c48c39ea67.jpeg
cdc10aa9e68741c2839127e3a8a81c8f,0.6986631894446239,data/public_test/public_test/cdc10aa9e68741c2839127e3a8a81c8f.jpeg
cdc3d65701844be891763b86ccf77542,0.7464967260581304,data/public_test/public_test/cdc3d65701844be891763b86ccf77542.jpeg
cdd3a2281aff41b7b472149abee8cd8d,0.7189647229272332,data/public_test/public_test/cdd3a2281aff41b7b472149abee8cd8d.jpeg
cde487f0ff504689bbfe42836f19713c,0.8394380891504024,data/public_test/public_test/cde487f0ff504689bbfe42836f19713c.jpeg
cded75f2f3834c89b61e2c54f1ba1ef8,0.9340814874242162,data/public_test/public_test/cded75f2f3834c89b61e2c54f1ba1ef8.jpeg
ce091a2e733c47af9deb8cca0641f2fe,0.6323811524596458,data/public_test/public_test/ce091a2e733c47af9deb8cca0641f2fe.jpeg
ce0a639144f04e2887f10baf04cbb57f,0.1684309912870651,data/public_test/public_test/ce0a639144f04e2887f10baf04cbb57f.jpeg
ce0c14051cb94d04b8b4bbc13707abc4,0.131714197461915,data/public_test/public_test/ce0c14051cb94d04b8b4bbc13707abc4.jpeg
ce11d9e626d84a91adc499287529dae3,0.5044687480116549,data/public_test/public_test/ce11d9e626d84a91adc499287529dae3.jpeg
ce1699851f8a471c96a475fd4eae94f8,0.1884791227772395,data/public_test/public_test/ce1699851f8a471c96a475fd4eae94f8.jpeg
ce199829896847b095e7a95d29c57f40,0.5825848378791274,data/public_test/public_test/ce199829896847b095e7a95d29c57f40.jpeg
ce2581581fab4f5183871df5c608a069,0.2667892238010063,data/public_test/public_test/ce2581581fab4f5183871df5c608a069.jpeg
ce27c9ed558a44febce169bc1ececff1,0.3972193756272986,data/public_test/public_test/ce27c9ed558a44febce169bc1ececff1.jpeg
ce329321585e440481f6b066338f0ffd,0.5990926085874261,data/public_test/public_test/ce329321585e440481f6b066338f0ffd.jpeg
ce39118f313d47d3b60e3cd118c17e65,0.9760508997446462,data/public_test/public_test/ce39118f313d47d3b60e3cd118c17e65.jpeg
ce59a0cd402946f9b487720e002d84f7,0.5652688240263136,data/public_test/public_test/ce59a0cd402946f9b487720e002d84f7.jpeg
ce631a5e45a949548384b52f42c4148e,0.9105787569003864,data/public_test/public_test/ce631a5e45a949548384b52f42c4148e.jpeg
ce6ef9872ae2428e9e047d4695617205,0.2729725429674391,data/public_test/public_test/ce6ef9872ae2428e9e047d4695617205.jpeg
ce749d1dfe524fa6be1647e9cf54481b,0.0661530809313669,data/public_test/public_test/ce749d1dfe524fa6be1647e9cf54481b.jpeg
ce778cae03604d41bf9da5c0d19a2bad,0.0247802294819464,data/public_test/public_test/ce778cae03604d41bf9da5c0d19a2bad.jpeg
ce78ebff5e5a498c8306debeef696ad7,0.5490596161966718,data/public_test/public_test/ce78ebff5e5a498c8306debeef696ad7.jpeg
ce8b537e5279418486655fa07f760bcd,0.6873821902720395,data/public_test/public_test/ce8b537e5279418486655fa07f760bcd.jpeg
ce95ca279d624836810eed865786c7c2,0.2027715567621687,data/public_test/public_test/ce95ca279d624836810eed865786c7c2.jpeg
cea5e53aa3714360b00df2c316299df9,0.6158733817513472,data/public_test/public_test/cea5e53aa3714360b00df2c316299df9.jpeg
ceb16448b4784f54bdd39c8b8d4bfdb7,0.4232376840385514,data/public_test/public_test/ceb16448b4784f54bdd39c8b8d4bfdb7.jpeg
ceb422f4efdf4c958339856329817b39,0.1607600808789719,data/public_test/public_test/ceb422f4efdf4c958339856329817b39.jpeg
ceb9f925ded4404e9e5371346cc92b7c,0.6473319887212962,data/public_test/public_test/ceb9f925ded4404e9e5371346cc92b7c.jpeg
cebf99212031465aad848b77283605b8,0.6293316574092118,data/public_test/public_test/cebf99212031465aad848b77283605b8.jpeg
cecc6f3c1dc94c039715b2c9731d0e96,0.1622009011719974,data/public_test/public_test/cecc6f3c1dc94c039715b2c9731d0e96.jpeg
cecfa3adfd6f41628e57c097ba547ed4,0.4912454691497102,data/public_test/public_test/cecfa3adfd6f41628e57c097ba547ed4.jpeg
ced9b8d50c1f4f59815c0994668deac3,0.1620836258631937,data/public_test/public_test/ced9b8d50c1f4f59815c0994668deac3.jpeg
cee6ed05bf084d27af2ad05076e1d9f4,0.7194564482682684,data/public_test/public_test/cee6ed05bf084d27af2ad05076e1d9f4.jpeg
cee7f3d3c66844158338a20796792fe1,0.6323811524596458,data/public_test/public_test/cee7f3d3c66844158338a20796792fe1.jpeg
ceeb67f1bd5c454ca3a38de6012f1bae,0.3826314460690551,data/public_test/public_test/ceeb67f1bd5c454ca3a38de6012f1bae.jpeg
ceec86c7d78149f78c14db4d23383d39,0.0966468197955178,data/public_test/public_test/ceec86c7d78149f78c14db4d23383d39.jpeg
cef97f1792dd488dbc9695550fd2052b,0.6749693704371172,data/public_test/public_test/cef97f1792dd488dbc9695550fd2052b.jpeg
cf01b4cd6ca9455bb0899fa7ab5f352d,0.5317436023438579,data/public_test/public_test/cf01b4cd6ca9455bb0899fa7ab5f352d.jpeg
cf05fd55a53c41a29e0588029b08ef40,0.5182661137293526,data/public_test/public_test/cf05fd55a53c41a29e0588029b08ef40.jpeg
cf06359c5ae940579e1a98094e66eb68,0.9074250621581847,data/public_test/public_test/cf06359c5ae940579e1a98094e66eb68.jpeg
cf0733ac06664670b6237740b3c0f656,0.6862503696097016,data/public_test/public_test/cf0733ac06664670b6237740b3c0f656.jpeg
cf091f9f71e5416ebb92db7a8ccb843e,0.5652688240263136,data/public_test/public_test/cf091f9f71e5416ebb92db7a8ccb843e.jpeg
cf098912520545d49746b07c5ace378e,0.5124625673523315,data/public_test/public_test/cf098912520545d49746b07c5ace378e.jpeg
cf10b0c5092848e3966cd48fec4b27da,0.4267982947664184,data/public_test/public_test/cf10b0c5092848e3966cd48fec4b27da.jpeg
cf2e89cacbec41dfbdec0579d5d4ef0e,0.5220389716170294,data/public_test/public_test/cf2e89cacbec41dfbdec0579d5d4ef0e.jpeg
cf3afb2903934c55a002c7e0501ed29b,0.5990051958430026,data/public_test/public_test/cf3afb2903934c55a002c7e0501ed29b.jpeg
cf3bef9bf90b4684938adea0529be60a,0.8708690180559059,data/public_test/public_test/cf3bef9bf90b4684938adea0529be60a.jpeg
cf409147885c450ba9edec96255c915e,0.7984458509975515,data/public_test/public_test/cf409147885c450ba9edec96255c915e.jpeg
cf4217c6a2754e09ab28e3773d4f7a67,0.9295392325588844,data/public_test/public_test/cf4217c6a2754e09ab28e3773d4f7a67.jpeg
cf4acb95a46e4fd9b6da541788a708b7,0.5490596161966718,data/public_test/public_test/cf4acb95a46e4fd9b6da541788a708b7.jpeg
cf53540fb1794397893402018b5ef588,0.8755588460570568,data/public_test/public_test/cf53540fb1794397893402018b5ef588.jpeg
cf541aa4df8b4022b305b06d95131e57,0.1539315660409826,data/public_test/public_test/cf541aa4df8b4022b305b06d95131e57.jpeg
cf571b46936247eaae40b4cfacb40925,0.968864976975728,data/public_test/public_test/cf571b46936247eaae40b4cfacb40925.jpeg
cf62cde7f51248f2bde140c05860733f,0.6537347375632518,data/public_test/public_test/cf62cde7f51248f2bde140c05860733f.jpeg
cf6944324a964713a7bbb7ba6347158d,0.2227279965623884,data/public_test/public_test/cf6944324a964713a7bbb7ba6347158d.jpeg
cf77e3755a4c41eb9641359d436322ca,0.2326659266973051,data/public_test/public_test/cf77e3755a4c41eb9641359d436322ca.jpeg
cf92e7dc59054361a75d79f118654ed8,0.9105787569003864,data/public_test/public_test/cf92e7dc59054361a75d79f118654ed8.jpeg
cf9be8cf82824fcabdd03377032aad84,0.0821448621122842,data/public_test/public_test/cf9be8cf82824fcabdd03377032aad84.jpeg
cf9db80bead34bfe8fae738d5755b526,0.2239257083467442,data/public_test/public_test/cf9db80bead34bfe8fae738d5755b526.jpeg
cfa4dc8f99814a9787b22b5975555d43,0.9760508997446462,data/public_test/public_test/cfa4dc8f99814a9787b22b5975555d43.jpeg
cfa5094cc88b4219a177aeb300fee0ec,0.100828304701289,data/public_test/public_test/cfa5094cc88b4219a177aeb300fee0ec.jpeg
cfb02a0110764477a7b162752b393563,0.908022166084144,data/public_test/public_test/cfb02a0110764477a7b162752b393563.jpeg
cfb589c566bd4c04a01aa4148bc13746,0.5343686958579302,data/public_test/public_test/cfb589c566bd4c04a01aa4148bc13746.jpeg
cfcfb174174f40628c0b778fa9fefc9a,0.5966277149189771,data/public_test/public_test/cfcfb174174f40628c0b778fa9fefc9a.jpeg
cfe15be5a1ee497bb5f83c208a8d190d,0.1780276100218028,data/public_test/public_test/cfe15be5a1ee497bb5f83c208a8d190d.jpeg
cfe5278ba773499a8f3e41691565802a,0.548166061575628,data/public_test/public_test/cfe5278ba773499a8f3e41691565802a.jpeg
cfe96d70cca749ca9d4ec9b825fcc55c,0.3708178641750188,data/public_test/public_test/cfe96d70cca749ca9d4ec9b825fcc55c.jpeg
cfef119fe47047cbaaad7ec1f175860e,0.5825848378791274,data/public_test/public_test/cfef119fe47047cbaaad7ec1f175860e.jpeg
cff3439c20be4ac39bfa1725f072ba82,0.6611506795792067,data/public_test/public_test/cff3439c20be4ac39bfa1725f072ba82.jpeg
cff8983bed13444584c06c1a26f45b49,0.08244363784665,data/public_test/public_test/cff8983bed13444584c06c1a26f45b49.jpeg
cffa1c1ae3424725bc6bc1330e77b14e,0.8163619596719253,data/public_test/public_test/cffa1c1ae3424725bc6bc1330e77b14e.jpeg
cffbbbf37d654a5d8330a396e5b80920,0.1738458140192265,data/public_test/public_test/cffbbbf37d654a5d8330a396e5b80920.jpeg
d003551df28540839bec69f2c5242be5,0.6447303216153314,data/public_test/public_test/d003551df28540839bec69f2c5242be5.jpeg
d007d07efc434e70a1fab941ce7331a6,0.5652688240263136,data/public_test/public_test/d007d07efc434e70a1fab941ce7331a6.jpeg
d01a27f074104ef3af15cb19f2fd6bea,0.1500505924622799,data/public_test/public_test/d01a27f074104ef3af15cb19f2fd6bea.jpeg
d01b1084db814c0696728b3b227ca1fe,0.1595212360933457,data/public_test/public_test/d01b1084db814c0696728b3b227ca1fe.jpeg
d01d6b7249a740d698fc320e601747fc,0.5654820754284418,data/public_test/public_test/d01d6b7249a740d698fc320e601747fc.jpeg
d01e9577324d4a1989282e7b1a8b8e87,0.7709364201230073,data/public_test/public_test/d01e9577324d4a1989282e7b1a8b8e87.jpeg
d020f48d3764411393bae0f5487af8fe,0.7097096120748673,data/public_test/public_test/d020f48d3764411393bae0f5487af8fe.jpeg
d024ea04d39f4e63ae85e8c04649d3ab,0.2145877311295816,data/public_test/public_test/d024ea04d39f4e63ae85e8c04649d3ab.jpeg
d026572e45a04aa880ffdc8bd7833418,0.1831894510151083,data/public_test/public_test/d026572e45a04aa880ffdc8bd7833418.jpeg
d03f2540ee3843689cffb3f85dc60178,0.3205734760472902,data/public_test/public_test/d03f2540ee3843689cffb3f85dc60178.jpeg
d045085d6a2d4ef0a8162939e84b95b1,0.8163619596719253,data/public_test/public_test/d045085d6a2d4ef0a8162939e84b95b1.jpeg
d0541048391840998be565226fa9a979,0.4005890315885367,data/public_test/public_test/d0541048391840998be565226fa9a979.jpeg
d062b36b06bf49f2975de3937f878cf6,0.5108662900755023,data/public_test/public_test/d062b36b06bf49f2975de3937f878cf6.jpeg
d06f6e0405854ccbaef74f4e4f5e43cf,0.8609551556251427,data/public_test/public_test/d06f6e0405854ccbaef74f4e4f5e43cf.jpeg
d075b7da805f4e5d9f7ce9df12a6f042,0.6611506795792067,data/public_test/public_test/d075b7da805f4e5d9f7ce9df12a6f042.jpeg
d07feef4bce74eb2966627f76676a0a3,0.4217015644241986,data/public_test/public_test/d07feef4bce74eb2966627f76676a0a3.jpeg
d08b88bb2bf14f9c959184c3a2a00cf4,0.6323811524596458,data/public_test/public_test/d08b88bb2bf14f9c959184c3a2a00cf4.jpeg
d097fa03844649cf80590a6326126838,0.3739739685530008,data/public_test/public_test/d097fa03844649cf80590a6326126838.jpeg
d0a0b08c747e4a229e7f3aefb4ef14d1,0.6749693704371172,data/public_test/public_test/d0a0b08c747e4a229e7f3aefb4ef14d1.jpeg
d0a757bffc0642bf91e95570f4f4cc9d,0.5661623786473574,data/public_test/public_test/d0a757bffc0642bf91e95570f4f4cc9d.jpeg
d0ad18ca7b664e0f87542ff9fde26f21,0.4239618109732104,data/public_test/public_test/d0ad18ca7b664e0f87542ff9fde26f21.jpeg
d0bb67e7ae674a54b3bcad7308a3fbac,0.6724316787517911,data/public_test/public_test/d0bb67e7ae674a54b3bcad7308a3fbac.jpeg
d0bf6f5fd1734f3883206b6e1ba2d8ce,0.8511669162674561,data/public_test/public_test/d0bf6f5fd1734f3883206b6e1ba2d8ce.jpeg
d0c1fb70a7444a608794a0dcda2ff44a,0.6473319887212962,data/public_test/public_test/d0c1fb70a7444a608794a0dcda2ff44a.jpeg
d0c922e8ecc6423382a077de9b73dbb6,0.1245485300968268,data/public_test/public_test/d0c922e8ecc6423382a077de9b73dbb6.jpeg
d0ca562e041f4297bb9f1a85b6b62adb,0.6749693704371172,data/public_test/public_test/d0ca562e041f4297bb9f1a85b6b62adb.jpeg
d0cd506f61e748088b122e95f1c487c7,0.2745528137678567,data/public_test/public_test/d0cd506f61e748088b122e95f1c487c7.jpeg
d0d1b8e067524c89aca83733612355e0,0.6611506795792067,data/public_test/public_test/d0d1b8e067524c89aca83733612355e0.jpeg
d0d8b5d4b10b42458fd1f9da922a2545,0.0786935841734704,data/public_test/public_test/d0d8b5d4b10b42458fd1f9da922a2545.jpeg
d0dec26bdd6c4ae8beb8005a0871cd2f,0.1507371121594609,data/public_test/public_test/d0dec26bdd6c4ae8beb8005a0871cd2f.jpeg
d0e81c9c0e8a48e280ca091fe220ed09,0.9102399806662778,data/public_test/public_test/d0e81c9c0e8a48e280ca091fe220ed09.jpeg
d0ed8d56361d4d3dab8f69041f645fb3,0.1870677829998861,data/public_test/public_test/d0ed8d56361d4d3dab8f69041f645fb3.jpeg
d0eff27f145844e3ac560b2f9987883a,0.3535430106126689,data/public_test/public_test/d0eff27f145844e3ac560b2f9987883a.jpeg
d0f13073c01144fa85f8e7b9d9f69fd9,0.7810031743533911,data/public_test/public_test/d0f13073c01144fa85f8e7b9d9f69fd9.jpeg
d0fa916f4d4d4035996246103ef17dd9,0.1388363522080648,data/public_test/public_test/d0fa916f4d4d4035996246103ef17dd9.jpeg
d0ff0cfa95004edfb2c08ad90b7f9bc4,0.4846773259641601,data/public_test/public_test/d0ff0cfa95004edfb2c08ad90b7f9bc4.jpeg
d0ff45ce3eb64f2098efc5ccb517f814,0.1582864956024127,data/public_test/public_test/d0ff45ce3eb64f2098efc5ccb517f814.jpeg
d10ee6029eb04dbc8457fdd70fbe4bad,0.0861987509362931,data/public_test/public_test/d10ee6029eb04dbc8457fdd70fbe4bad.jpeg
d10f633f668b4211851c44f0275a6714,0.7186874961044666,data/public_test/public_test/d10f633f668b4211851c44f0275a6714.jpeg
d1141b7060784d32961123de0fddd3e6,0.3330281820652218,data/public_test/public_test/d1141b7060784d32961123de0fddd3e6.jpeg
d119886fca3d4fb38218a2b6d15758ce,0.0698631914121099,data/public_test/public_test/d119886fca3d4fb38218a2b6d15758ce.jpeg
d1210811ac2a4addaf194df1c113f678,0.3500456930756043,data/public_test/public_test/d1210811ac2a4addaf194df1c113f678.jpeg
d125e2b4bb364f7caf751a76a740a1a0,0.0844946008422597,data/public_test/public_test/d125e2b4bb364f7caf751a76a740a1a0.jpeg
d12fd37d52064cf1b3896ce71072260f,0.2277155796820705,data/public_test/public_test/d12fd37d52064cf1b3896ce71072260f.jpeg
d1318c4f809343f7996e1473127071a1,0.4846773259641601,data/public_test/public_test/d1318c4f809343f7996e1473127071a1.jpeg
d1329b4f9eb14bebbf8cb4e43b2077c0,0.8970759125317972,data/public_test/public_test/d1329b4f9eb14bebbf8cb4e43b2077c0.jpeg
d146720eff74421db8ec66f1eac3a9a5,0.4458003700713948,data/public_test/public_test/d146720eff74421db8ec66f1eac3a9a5.jpeg
d1542b68cbda4274812cbb1c60188bc2,0.1151180807187772,data/public_test/public_test/d1542b68cbda4274812cbb1c60188bc2.jpeg
d159cd5c67794d9784fe77f788e43407,0.1405432967155064,data/public_test/public_test/d159cd5c67794d9784fe77f788e43407.jpeg
d15bcc11f4314ef08a445b87e65296d3,0.9760508997446462,data/public_test/public_test/d15bcc11f4314ef08a445b87e65296d3.jpeg
d164b31706a34f35b41da5ec87e610c1,0.6433244505923432,data/public_test/public_test/d164b31706a34f35b41da5ec87e610c1.jpeg
d16d3ec790f04ec99bf71058e2fa3ec1,0.9295392325588844,data/public_test/public_test/d16d3ec790f04ec99bf71058e2fa3ec1.jpeg
d17236c87ad9444f9bd869984ddeb143,0.160029306296791,data/public_test/public_test/d17236c87ad9444f9bd869984ddeb143.jpeg
d17bcff2a9274273a0522f16be88f8dd,0.15439828492961,data/public_test/public_test/d17bcff2a9274273a0522f16be88f8dd.jpeg
d1835f9a6bec47e7b8b133c19964b8d0,0.0542945619224948,data/public_test/public_test/d1835f9a6bec47e7b8b133c19964b8d0.jpeg
d1844093e6c94f1988405126d2c8bfe3,0.1647676080922474,data/public_test/public_test/d1844093e6c94f1988405126d2c8bfe3.jpeg
d185e3d7fbc545538e84eb7f95a1caf4,0.888464586499687,data/public_test/public_test/d185e3d7fbc545538e84eb7f95a1caf4.jpeg
d189bb635313462695c41131bf78ade5,0.5661623786473574,data/public_test/public_test/d189bb635313462695c41131bf78ade5.jpeg
d18b0accfa3c4f4e8af80169e7786aa4,0.0945178206223503,data/public_test/public_test/d18b0accfa3c4f4e8af80169e7786aa4.jpeg
d191d0b426e44cd796602ad782a0e4ff,0.8487548476552064,data/public_test/public_test/d191d0b426e44cd796602ad782a0e4ff.jpeg
d1a4136ed67e4da7bb4f04f89eec033e,0.4960206113563091,data/public_test/public_test/d1a4136ed67e4da7bb4f04f89eec033e.jpeg
d1a8c4bab28b4151be01976fdd8604aa,0.1282087914079151,data/public_test/public_test/d1a8c4bab28b4151be01976fdd8604aa.jpeg
d1b555f19dc1408ebc1e89ff02eb56ed,0.5652688240263136,data/public_test/public_test/d1b555f19dc1408ebc1e89ff02eb56ed.jpeg
d1b9aa1ddd3d4876803686d4df177d9f,0.7623637137574516,data/public_test/public_test/d1b9aa1ddd3d4876803686d4df177d9f.jpeg
d1c422719cb3432d885ebb89d3a733b6,0.5990051958430026,data/public_test/public_test/d1c422719cb3432d885ebb89d3a733b6.jpeg
d1d091726a4a4a7694602472284ff12a,0.1937222746513155,data/public_test/public_test/d1d091726a4a4a7694602472284ff12a.jpeg
d1d51349e058443f8eee5fa2e4f93a8a,0.3228766621421782,data/public_test/public_test/d1d51349e058443f8eee5fa2e4f93a8a.jpeg
d1e1fa03047f4a86872996b1a6e05223,0.7189647229272332,data/public_test/public_test/d1e1fa03047f4a86872996b1a6e05223.jpeg
d1eab651d2f947d7bd3cbf47229c9d9a,0.5182661137293526,data/public_test/public_test/d1eab651d2f947d7bd3cbf47229c9d9a.jpeg
d1eead3ffdfa4f17824ec1c1a6bd04eb,0.7810031743533911,data/public_test/public_test/d1eead3ffdfa4f17824ec1c1a6bd04eb.jpeg
d200cc67e2db4826bd9fafd9b4adb9ca,0.3955553706657331,data/public_test/public_test/d200cc67e2db4826bd9fafd9b4adb9ca.jpeg
d20169be6e1f4927a010bb12617c69b3,0.5123983627024681,data/public_test/public_test/d20169be6e1f4927a010bb12617c69b3.jpeg
d205258e74f34592933fe8cf9699f683,0.2206381055323382,data/public_test/public_test/d205258e74f34592933fe8cf9699f683.jpeg
d20532734de84e6f869c8c57aab4b863,0.3560593553264274,data/public_test/public_test/d20532734de84e6f869c8c57aab4b863.jpeg
d2153157792c4276876a26d3f7288479,0.3543969003910494,data/public_test/public_test/d2153157792c4276876a26d3f7288479.jpeg
d2274690efaf4c7ba9c22f59924549e0,0.2387207437807535,data/public_test/public_test/d2274690efaf4c7ba9c22f59924549e0.jpeg
d24b51e6ba84424caf9d17db2d72ed7f,0.1560217245051286,data/public_test/public_test/d24b51e6ba84424caf9d17db2d72ed7f.jpeg
d273cba641e742c9ac8f4fd6c12c4d75,0.5490596161966718,data/public_test/public_test/d273cba641e742c9ac8f4fd6c12c4d75.jpeg
d2763d275f1b49588f86f3f215616d84,0.6155129665513012,data/public_test/public_test/d2763d275f1b49588f86f3f215616d84.jpeg
d278bf2683044c868ce80a3c5c4e1324,0.1665105279433996,data/public_test/public_test/d278bf2683044c868ce80a3c5c4e1324.jpeg
d28962d88e074b73989653a636860edc,0.1462546738416875,data/public_test/public_test/d28962d88e074b73989653a636860edc.jpeg
d293b454ab1241e599e8070d2b7cb938,0.3947450972052261,data/public_test/public_test/d293b454ab1241e599e8070d2b7cb938.jpeg
d29b1a7b6d914df7965b4d7460eea6be,0.8218211955664084,data/public_test/public_test/d29b1a7b6d914df7965b4d7460eea6be.jpeg
d29e9527f6af4e7ab30354879c4b9b3d,0.7796560719729331,data/public_test/public_test/d29e9527f6af4e7ab30354879c4b9b3d.jpeg
d2a33306562a432597ed481dbf502488,0.1989267222623371,data/public_test/public_test/d2a33306562a432597ed481dbf502488.jpeg
d2a45d13fa0442c0b36a4e684416fe97,0.2336463537367424,data/public_test/public_test/d2a45d13fa0442c0b36a4e684416fe97.jpeg
d2a802d826fe4b9fa0e2f10285e9b08d,0.3633105906864626,data/public_test/public_test/d2a802d826fe4b9fa0e2f10285e9b08d.jpeg
d2b95aa29521417896654af079402385,0.7132922356306218,data/public_test/public_test/d2b95aa29521417896654af079402385.jpeg
d2bf5106d9d141a0b7fc83b784551ee1,0.2631175501492219,data/public_test/public_test/d2bf5106d9d141a0b7fc83b784551ee1.jpeg
d2cc37b266874c42b90f39caf9491bbf,0.8922415623266536,data/public_test/public_test/d2cc37b266874c42b90f39caf9491bbf.jpeg
d2d5fb7182ef476d8e077f8cbcc85de6,0.3881346639566037,data/public_test/public_test/d2d5fb7182ef476d8e077f8cbcc85de6.jpeg
d2eae9e98a8543028d218c597db9b3ae,0.1837851304451699,data/public_test/public_test/d2eae9e98a8543028d218c597db9b3ae.jpeg
d2ec2042b4c748a8beee10a4d4b3a585,0.8390265094415779,data/public_test/public_test/d2ec2042b4c748a8beee10a4d4b3a585.jpeg
d2ee751cabb449a5ab8123102abf5962,0.9595452412199196,data/public_test/public_test/d2ee751cabb449a5ab8123102abf5962.jpeg
d2f5d3ed5cf94ec28d404d74c19d23a0,0.908022166084144,data/public_test/public_test/d2f5d3ed5cf94ec28d404d74c19d23a0.jpeg
d2fe3d30cab54a5ab5947d27459351ec,0.4775973794135022,data/public_test/public_test/d2fe3d30cab54a5ab5947d27459351ec.jpeg
d302527553c0460a9b27689f893ff66a,0.8718523022738962,data/public_test/public_test/d302527553c0460a9b27689f893ff66a.jpeg
d3057c183d114674b7ff26e63ccaf98b,0.1737219729304814,data/public_test/public_test/d3057c183d114674b7ff26e63ccaf98b.jpeg
d318da7b36eb4432b7ac49b69263e1a9,0.5990051958430026,data/public_test/public_test/d318da7b36eb4432b7ac49b69263e1a9.jpeg
d31ec13d1cd74591a12528822d12a885,0.1876735212266493,data/public_test/public_test/d31ec13d1cd74591a12528822d12a885.jpeg
d32dfe4000594bd3854d24c71276519e,0.7376894431502338,data/public_test/public_test/d32dfe4000594bd3854d24c71276519e.jpeg
d3313bf61d764fdfbcf9d5acda93ada9,0.3530744142275329,data/public_test/public_test/d3313bf61d764fdfbcf9d5acda93ada9.jpeg
d336a8ed185e4844b2ed7d75268c2638,0.888464586499687,data/public_test/public_test/d336a8ed185e4844b2ed7d75268c2638.jpeg
d337869b3b1845a8ba9fcfcb22def647,0.4144503236063248,data/public_test/public_test/d337869b3b1845a8ba9fcfcb22def647.jpeg
d3431a38a5ff46a18450331b075548bb,0.5516847097107441,data/public_test/public_test/d3431a38a5ff46a18450331b075548bb.jpeg
d354154c24a74fb6b2941853abd8a581,0.4821822845592596,data/public_test/public_test/d354154c24a74fb6b2941853abd8a581.jpeg
d359b6a8fa454a8a95290128c2469e95,0.9270844154251128,data/public_test/public_test/d359b6a8fa454a8a95290128c2469e95.jpeg
d36755fed24649ef95eeee3f67158ee7,0.6323811524596458,data/public_test/public_test/d36755fed24649ef95eeee3f67158ee7.jpeg
d36b9746a78e4fbcb57d36bb43dbffac,0.1613103647357479,data/public_test/public_test/d36b9746a78e4fbcb57d36bb43dbffac.jpeg
d3718a397f9f493c9b7a8d404ce1795b,0.6293316574092118,data/public_test/public_test/d3718a397f9f493c9b7a8d404ce1795b.jpeg
d378ff7dc4ff4d88a8674c9c00a3a76a,0.90706010876527,data/public_test/public_test/d378ff7dc4ff4d88a8674c9c00a3a76a.jpeg
d390443f15ba4e13ac25f2a1358ed895,0.0617155742705907,data/public_test/public_test/d390443f15ba4e13ac25f2a1358ed895.jpeg
d39974b0a4964903ac2c1a7cd55b29f7,0.2135575531615859,data/public_test/public_test/d39974b0a4964903ac2c1a7cd55b29f7.jpeg
d399db34cb3348e58cbea07d5fa19bf3,0.1820398746390594,data/public_test/public_test/d399db34cb3348e58cbea07d5fa19bf3.jpeg
d3a55949378640e29d1e0e7c330d99e6,0.5994530237874719,data/public_test/public_test/d3a55949378640e29d1e0e7c330d99e6.jpeg
d3a632d9c3e64c84a2e804a8e21cf169,0.5044687480116549,data/public_test/public_test/d3a632d9c3e64c84a2e804a8e21cf169.jpeg
d3ae1e6157aa4940b048d55410deecec,0.6724316787517911,data/public_test/public_test/d3ae1e6157aa4940b048d55410deecec.jpeg
d3afb36dad6d407582eee3d13eca523e,0.9103845028702704,data/public_test/public_test/d3afb36dad6d407582eee3d13eca523e.jpeg
d3b3657939de427fb088e98293ddbc07,0.4106122022480791,data/public_test/public_test/d3b3657939de427fb088e98293ddbc07.jpeg
d3b7d25ea6c944a3b4bfb95e2abc90e4,0.6848444985867134,data/public_test/public_test/d3b7d25ea6c944a3b4bfb95e2abc90e4.jpeg
d3d5886220774f70b22de5147e991a31,0.137978412713378,data/public_test/public_test/d3d5886220774f70b22de5147e991a31.jpeg
d3ecc4c4624c4b3da6f438458b8e86e5,0.9049702450244134,data/public_test/public_test/d3ecc4c4624c4b3da6f438458b8e86e5.jpeg
d3ee169a5f364f908a55f75892a85168,0.5652688240263136,data/public_test/public_test/d3ee169a5f364f908a55f75892a85168.jpeg
d3f9c8b6b29147d5bb5893f803e857cb,0.757393872706884,data/public_test/public_test/d3f9c8b6b29147d5bb5893f803e857cb.jpeg
d3fd3a9a4a494101a0d96d6f37433bdd,0.2023403711323181,data/public_test/public_test/d3fd3a9a4a494101a0d96d6f37433bdd.jpeg
d3fe854d124745fa877dfc22b5114d29,0.6461998433175563,data/public_test/public_test/d3fe854d124745fa877dfc22b5114d29.jpeg
d419bff935924b4da3574a2e55eeb0ad,0.9328208781423628,data/public_test/public_test/d419bff935924b4da3574a2e55eeb0ad.jpeg
d421577de78c4e5393ecc419d2aabac4,0.5819898461367404,data/public_test/public_test/d421577de78c4e5393ecc419d2aabac4.jpeg
d42b9a7f86a64e26ba433a21ca587dea,0.8023460211593788,data/public_test/public_test/d42b9a7f86a64e26ba433a21ca587dea.jpeg
d4376468c08a4b5f953638fff038c448,0.7194564482682684,data/public_test/public_test/d4376468c08a4b5f953638fff038c448.jpeg
d4508b5cc089417f97de575e4aa2c0c9,0.6159607944957706,data/public_test/public_test/d4508b5cc089417f97de575e4aa2c0c9.jpeg
d4646aaff85440f2bb9ad35e2a921ed4,0.1489810662062647,data/public_test/public_test/d4646aaff85440f2bb9ad35e2a921ed4.jpeg
d46809adbef84dd3ac165036e94b850e,0.5317436023438579,data/public_test/public_test/d46809adbef84dd3ac165036e94b850e.jpeg
d468cdaa379e4a0693c7d7360aa9e825,0.8669475200249463,data/public_test/public_test/d468cdaa379e4a0693c7d7360aa9e825.jpeg
d46aaeb2eb7145c18f9d192ebef3f6c6,0.981787362461896,data/public_test/public_test/d46aaeb2eb7145c18f9d192ebef3f6c6.jpeg
d475cbd9bec04f1b87208c7be5e985ea,0.1041106952797482,data/public_test/public_test/d475cbd9bec04f1b87208c7be5e985ea.jpeg
d478ce615039479cb20fcbc7519e5824,0.9595452412199196,data/public_test/public_test/d478ce615039479cb20fcbc7519e5824.jpeg
d47aca8cd4564fda904559c85046d7cc,0.09110674785223,data/public_test/public_test/d47aca8cd4564fda904559c85046d7cc.jpeg
d482a0730b174e0fbf2510251f09a475,0.6907421558406875,data/public_test/public_test/d482a0730b174e0fbf2510251f09a475.jpeg
d485f07451db461c99b78bc158addce0,0.3494489220778051,data/public_test/public_test/d485f07451db461c99b78bc158addce0.jpeg
d4860f5496a748989f24e63932345fbc,0.7097096120748673,data/public_test/public_test/d4860f5496a748989f24e63932345fbc.jpeg
d489ce98cefc4f0b9175fcc6d97ef82f,0.2299824193002172,data/public_test/public_test/d489ce98cefc4f0b9175fcc6d97ef82f.jpeg
d48d546e874e40f2acd82bea431b0263,0.3401505332935643,data/public_test/public_test/d48d546e874e40f2acd82bea431b0263.jpeg
d494a4dd058b44c6b87d68abf15e2a9e,0.1108489374658416,data/public_test/public_test/d494a4dd058b44c6b87d68abf15e2a9e.jpeg
d4a0c25edac54445a74f6357a0456ef0,0.5825848378791274,data/public_test/public_test/d4a0c25edac54445a74f6357a0456ef0.jpeg
d4a1c69db60440278c510523c8cfe95c,0.5654820754284418,data/public_test/public_test/d4a1c69db60440278c510523c8cfe95c.jpeg
d4a960711e454b1c8085112d912aca33,0.1860936597641333,data/public_test/public_test/d4a960711e454b1c8085112d912aca33.jpeg
d4ae2de9f40c4083a9d6c86e73422958,0.8329742438977159,data/public_test/public_test/d4ae2de9f40c4083a9d6c86e73422958.jpeg
d4b25ff4ae6c4b128ec6ec3cd88bc129,0.8669475200249463,data/public_test/public_test/d4b25ff4ae6c4b128ec6ec3cd88bc129.jpeg
d4d08c56fe4843f0a49bf18236bae721,0.9475376508985086,data/public_test/public_test/d4d08c56fe4843f0a49bf18236bae721.jpeg
d4de4c04acdd4844a73131adbf5055b2,0.548166061575628,data/public_test/public_test/d4de4c04acdd4844a73131adbf5055b2.jpeg
d4e18cc1e03a48dea3e85095746cabfd,0.8669475200249463,data/public_test/public_test/d4e18cc1e03a48dea3e85095746cabfd.jpeg
d4e79bdd496c4a16a36e0e4ee235d717,0.8163619596719253,data/public_test/public_test/d4e79bdd496c4a16a36e0e4ee235d717.jpeg
d4e84a2543d241f5a2d95922c2be1770,0.0854290865245425,data/public_test/public_test/d4e84a2543d241f5a2d95922c2be1770.jpeg
d4e870afb8a947a08602ac2cee819e9a,0.2484058395384588,data/public_test/public_test/d4e870afb8a947a08602ac2cee819e9a.jpeg
d4ed3b12aa584f44b7fbc454be32cb55,0.5317436023438579,data/public_test/public_test/d4ed3b12aa584f44b7fbc454be32cb55.jpeg
d4f17b4585fa498baa55548e425bcf00,0.0905062600662844,data/public_test/public_test/d4f17b4585fa498baa55548e425bcf00.jpeg
d4f692ef6b054b2fad21c5faee69317f,0.9295392325588844,data/public_test/public_test/d4f692ef6b054b2fad21c5faee69317f.jpeg
d4f9270272e34910bcba762d70bb9f53,0.3301699856252541,data/public_test/public_test/d4f9270272e34910bcba762d70bb9f53.jpeg
d4fce37c07204771adefa823128cfa79,0.7732608604062051,data/public_test/public_test/d4fce37c07204771adefa823128cfa79.jpeg
d5025c18ff774bd7b74f94e6d9b5a348,0.7461566071957048,data/public_test/public_test/d5025c18ff774bd7b74f94e6d9b5a348.jpeg
d50815bc5599449680c6882c79d3043b,0.3727784726511524,data/public_test/public_test/d50815bc5599449680c6882c79d3043b.jpeg
d520868deb964a0b9e44886638d30e91,0.1706925422595234,data/public_test/public_test/d520868deb964a0b9e44886638d30e91.jpeg
d52c6b0a978d4ab9a7a2d086107d2dd2,0.6473319887212962,data/public_test/public_test/d52c6b0a978d4ab9a7a2d086107d2dd2.jpeg
d52f12edbb9c49c684b87dc4c9a99d0e,0.4321932386856193,data/public_test/public_test/d52f12edbb9c49c684b87dc4c9a99d0e.jpeg
d5308170587b47b3b067be0241178320,0.6159607944957706,data/public_test/public_test/d5308170587b47b3b067be0241178320.jpeg
d534af785a0f494598265541f32cb519,0.9295392325588844,data/public_test/public_test/d534af785a0f494598265541f32cb519.jpeg
d53b0ab263f54606aeb5abb37cb52a1b,0.5185203234819132,data/public_test/public_test/d53b0ab263f54606aeb5abb37cb52a1b.jpeg
d54472564beb4e6984ff4e8a826373ae,0.9074250621581847,data/public_test/public_test/d54472564beb4e6984ff4e8a826373ae.jpeg
d54ef35467874842a431cf0c568f6767,0.5182661137293526,data/public_test/public_test/d54ef35467874842a431cf0c568f6767.jpeg
d5543efea5df45ba887b2c5bf51da205,0.7810031743533911,data/public_test/public_test/d5543efea5df45ba887b2c5bf51da205.jpeg
d5597d4a535440e38db2700376ee4b22,0.0748953841763065,data/public_test/public_test/d5597d4a535440e38db2700376ee4b22.jpeg
d560dbeb374b48b48b04b22a39995a5b,0.2153920391724029,data/public_test/public_test/d560dbeb374b48b48b04b22a39995a5b.jpeg
d56190207fe04436969c964c25701f82,0.25770605669866,data/public_test/public_test/d56190207fe04436969c964c25701f82.jpeg
d56c2937273745eb9c7eb13ae25a40c9,0.8923860845306462,data/public_test/public_test/d56c2937273745eb9c7eb13ae25a40c9.jpeg
d56d11f0ca71420fb1f1cd0d3d808675,0.804587491378845,data/public_test/public_test/d56d11f0ca71420fb1f1cd0d3d808675.jpeg
d57eabf71eb945cc95b649bc7f979eab,0.2575312475833292,data/public_test/public_test/d57eabf71eb945cc95b649bc7f979eab.jpeg
d58511eb012e4573b5eda2fab0bc3a24,0.3305554973320461,data/public_test/public_test/d58511eb012e4573b5eda2fab0bc3a24.jpeg
d587f6a839f346529719da09e61faf74,0.1690275985497036,data/public_test/public_test/d587f6a839f346529719da09e61faf74.jpeg
d58998e595c64de3819dc0368467a1a4,0.5702967078268661,data/public_test/public_test/d58998e595c64de3819dc0368467a1a4.jpeg
d58bd887c31541e098ba3c0834696c7a,0.1613982686856533,data/public_test/public_test/d58bd887c31541e098ba3c0834696c7a.jpeg
d597fcafd72147109f591439964b6c3c,0.7194564482682684,data/public_test/public_test/d597fcafd72147109f591439964b6c3c.jpeg
d59cc46325c64f678a34e1fd7a69cf7c,0.2380883030782104,data/public_test/public_test/d59cc46325c64f678a34e1fd7a69cf7c.jpeg
d59f6ab9c8a2407e92f21e2c662cd43b,0.9260205844237684,data/public_test/public_test/d59f6ab9c8a2407e92f21e2c662cd43b.jpeg
d5a62e023d564adfb79bdea6b7e06081,0.1851498630090491,data/public_test/public_test/d5a62e023d564adfb79bdea6b7e06081.jpeg
d5ad965fa9464b65bdc51edd29529436,0.1621221991381196,data/public_test/public_test/d5ad965fa9464b65bdc51edd29529436.jpeg
d5ca25aab99d45728b09ef591a3c6c76,0.7724304679878354,data/public_test/public_test/d5ca25aab99d45728b09ef591a3c6c76.jpeg
d5e636e1ec4344feb8f52da08c484c1d,0.5116979705438025,data/public_test/public_test/d5e636e1ec4344feb8f52da08c484c1d.jpeg
d5f72d089d2240eaa8b2400f704233dd,0.1442902175892792,data/public_test/public_test/d5f72d089d2240eaa8b2400f704233dd.jpeg
d60c6fbce8f74b60a2e0d7d965879a50,0.1387469418946816,data/public_test/public_test/d60c6fbce8f74b60a2e0d7d965879a50.jpeg
d60dfd9fe710425fb04c4bc54fa44739,0.8669475200249463,data/public_test/public_test/d60dfd9fe710425fb04c4bc54fa44739.jpeg
d60f32c874004a60917d8edbc55b47d4,0.8417798239599422,data/public_test/public_test/d60f32c874004a60917d8edbc55b47d4.jpeg
d6197de9b4954783ba90742ca247a967,0.1493727998491607,data/public_test/public_test/d6197de9b4954783ba90742ca247a967.jpeg
d61b2c781704474f8272892cc37efd71,0.3382311778911524,data/public_test/public_test/d61b2c781704474f8272892cc37efd71.jpeg
d620d2124baa41bcbd43b08bbe97bee0,0.6461998433175563,data/public_test/public_test/d620d2124baa41bcbd43b08bbe97bee0.jpeg
d62d43b29c3d40dba09f7801f4e9196b,0.7186874961044666,data/public_test/public_test/d62d43b29c3d40dba09f7801f4e9196b.jpeg
d632163d9e9b4ebd8aa6205c3c27132a,0.1733416516282816,data/public_test/public_test/d632163d9e9b4ebd8aa6205c3c27132a.jpeg
d6349ab61e9d4625b9b38cfd643e6174,0.8417798239599422,data/public_test/public_test/d6349ab61e9d4625b9b38cfd643e6174.jpeg
d63846d38de54ca48ae580f9a5e6f8e8,0.5652688240263136,data/public_test/public_test/d63846d38de54ca48ae580f9a5e6f8e8.jpeg
d638cf69aa134a1096df2b7dd10644fa,0.9295392325588844,data/public_test/public_test/d638cf69aa134a1096df2b7dd10644fa.jpeg
d6439add23a845d888c6e684de0f9fc5,0.3659979676911802,data/public_test/public_test/d6439add23a845d888c6e684de0f9fc5.jpeg
d643bba5d32e4c518709eaa2b3a19f58,0.2352230878576903,data/public_test/public_test/d643bba5d32e4c518709eaa2b3a19f58.jpeg
d64b7daf67744e0c9e613cc086c6476a,0.2076280944460378,data/public_test/public_test/d64b7daf67744e0c9e613cc086c6476a.jpeg
d64ce224871a43cfbbfe9808aa3c2a3f,0.1458284220980107,data/public_test/public_test/d64ce224871a43cfbbfe9808aa3c2a3f.jpeg
d65409b8200047f3b24071ef3439f654,0.1227141750741383,data/public_test/public_test/d65409b8200047f3b24071ef3439f654.jpeg
d669f99b7af146f096b9dfdc64f3c1ed,0.1341881757028597,data/public_test/public_test/d669f99b7af146f096b9dfdc64f3c1ed.jpeg
d66bfb494d8e4cb190df2a0f4dedc2a0,0.9074250621581847,data/public_test/public_test/d66bfb494d8e4cb190df2a0f4dedc2a0.jpeg
d673b6e24b4f4525af5781387c954bf2,0.1959485597990928,data/public_test/public_test/d673b6e24b4f4525af5781387c954bf2.jpeg
d675a0024efe4ec8919c3a2a810d9fb4,0.4248793787200209,data/public_test/public_test/d675a0024efe4ec8919c3a2a810d9fb4.jpeg
d67b74b2fd9145d4b9ef2456b98ca5f2,0.8669475200249463,data/public_test/public_test/d67b74b2fd9145d4b9ef2456b98ca5f2.jpeg
d6b152068f594a988c7b77bf45d1c585,0.7279426069568325,data/public_test/public_test/d6b152068f594a988c7b77bf45d1c585.jpeg
d6c22e1cccb940eeb20f5b60355a1127,0.6473319887212962,data/public_test/public_test/d6c22e1cccb940eeb20f5b60355a1127.jpeg
d6ca5fa4612b418882c768b8d55469e8,0.5185203234819132,data/public_test/public_test/d6ca5fa4612b418882c768b8d55469e8.jpeg
d6dfbccc1bb8403797beb41c41aed59c,0.6473319887212962,data/public_test/public_test/d6dfbccc1bb8403797beb41c41aed59c.jpeg
d6dfd428012b46da83eb3c98eb5173a9,0.5654820754284418,data/public_test/public_test/d6dfd428012b46da83eb3c98eb5173a9.jpeg
d6f4dc86609a4f49b53f992959840806,0.9949242983158,data/public_test/public_test/d6f4dc86609a4f49b53f992959840806.jpeg
d6fcd7eb81c9409cb9a9c57795ac2c34,0.157942067776343,data/public_test/public_test/d6fcd7eb81c9409cb9a9c57795ac2c34.jpeg
d6fd35020b6141709412d24f91d7f78e,0.1615290739765639,data/public_test/public_test/d6fd35020b6141709412d24f91d7f78e.jpeg
d70915c3bde84669a60dff861dbb3d83,0.5047229577642156,data/public_test/public_test/d70915c3bde84669a60dff861dbb3d83.jpeg
d70bd991feb24efdbaea7e1fd7e50470,0.3172037218449557,data/public_test/public_test/d70bd991feb24efdbaea7e1fd7e50470.jpeg
d713e6d451694fc4a41e8eb8fa6d5227,0.9415468228802952,data/public_test/public_test/d713e6d451694fc4a41e8eb8fa6d5227.jpeg
d714b650fae84020a81a8baf1d00eaef,0.5121208793612831,data/public_test/public_test/d714b650fae84020a81a8baf1d00eaef.jpeg
d717c45bbc4145afa0220ef8c56d9587,0.8870091583014134,data/public_test/public_test/d717c45bbc4145afa0220ef8c56d9587.jpeg
d71e37b8ef9e49fa9d9598ae2c5e2499,0.6611506795792067,data/public_test/public_test/d71e37b8ef9e49fa9d9598ae2c5e2499.jpeg
d7217dacc36a4134acb645c5dd04258a,0.3901386595213857,data/public_test/public_test/d7217dacc36a4134acb645c5dd04258a.jpeg
d7220b71eb8f4433b61078c8a5ccfd5a,0.958052481405022,data/public_test/public_test/d7220b71eb8f4433b61078c8a5ccfd5a.jpeg
d7274404f71e4e3780622f4f894466c1,0.7810031743533911,data/public_test/public_test/d7274404f71e4e3780622f4f894466c1.jpeg
d72be3571d3c4dd2aebc7e0014584b21,0.362457159366532,data/public_test/public_test/d72be3571d3c4dd2aebc7e0014584b21.jpeg
d73b550241e74b4eb377cfacbf092b7d,0.3819923740925062,data/public_test/public_test/d73b550241e74b4eb377cfacbf092b7d.jpeg
d73d20bb916e4532a04b3abd2a5f90d6,0.141344068078858,data/public_test/public_test/d73d20bb916e4532a04b3abd2a5f90d6.jpeg
d755fe6a176c4c2eb404470ea0a04c37,0.5652667227584187,data/public_test/public_test/d755fe6a176c4c2eb404470ea0a04c37.jpeg
d75f031a1fbf4eb5a51f01e10398cb22,0.6678110329493868,data/public_test/public_test/d75f031a1fbf4eb5a51f01e10398cb22.jpeg
d7614f1c9ec14ba08c4d6c40df4c792f,0.1599921738912788,data/public_test/public_test/d7614f1c9ec14ba08c4d6c40df4c792f.jpeg
d7777e5226244cde82a41f9a9fc25d30,0.5990051958430026,data/public_test/public_test/d7777e5226244cde82a41f9a9fc25d30.jpeg
d77a161021d940309a89f0f11b0c6200,0.5429152277935989,data/public_test/public_test/d77a161021d940309a89f0f11b0c6200.jpeg
d786af45e86643d5bb012788999dd0d4,0.5990926085874261,data/public_test/public_test/d786af45e86643d5bb012788999dd0d4.jpeg
d78b2d72bd5f4837baee0bb44719fb47,0.9475376508985086,data/public_test/public_test/d78b2d72bd5f4837baee0bb44719fb47.jpeg
d78fae3f8a8e44ee889a7c77ce04319b,0.8888674363955301,data/public_test/public_test/d78fae3f8a8e44ee889a7c77ce04319b.jpeg
d7926fd7310e43b2af70380e87122f0c,0.0693954791968414,data/public_test/public_test/d7926fd7310e43b2af70380e87122f0c.jpeg
d795e5cdbfa4495c815359508f8ef2b1,0.2414516497779254,data/public_test/public_test/d795e5cdbfa4495c815359508f8ef2b1.jpeg
d79643182eb9493a943a1d90f7ef09fa,0.6848444985867134,data/public_test/public_test/d79643182eb9493a943a1d90f7ef09fa.jpeg
d798f787f43f4c6e9b74a4ff6cb05a8c,0.171500970970554,data/public_test/public_test/d798f787f43f4c6e9b74a4ff6cb05a8c.jpeg
d7a6d715945f47e8b521ad3d2a900d7a,0.6749693704371172,data/public_test/public_test/d7a6d715945f47e8b521ad3d2a900d7a.jpeg
d7a83fb0d62f4410b07430dddfa71056,0.8569633237914736,data/public_test/public_test/d7a83fb0d62f4410b07430dddfa71056.jpeg
d7af95eeae9f4d9f935bce9bc46a8a1a,0.8196656535592427,data/public_test/public_test/d7af95eeae9f4d9f935bce9bc46a8a1a.jpeg
d7b34c0382d04db88a9ed373697a9275,0.8511669162674561,data/public_test/public_test/d7b34c0382d04db88a9ed373697a9275.jpeg
d7b3ee52088e4b89a5edce96d74ab38f,0.4912454691497102,data/public_test/public_test/d7b3ee52088e4b89a5edce96d74ab38f.jpeg
d7cc6b8e61974450a86f5ab7ec39d662,0.2774104371347621,data/public_test/public_test/d7cc6b8e61974450a86f5ab7ec39d662.jpeg
d7dd31c8053042c28a4b922be390e909,0.5317436023438579,data/public_test/public_test/d7dd31c8053042c28a4b922be390e909.jpeg
d7e99d7532ed4495bcbda982a9407334,0.7538965497119806,data/public_test/public_test/d7e99d7532ed4495bcbda982a9407334.jpeg
d7fa7d98260c44d28ecbf7417fd820cd,0.7097096120748673,data/public_test/public_test/d7fa7d98260c44d28ecbf7417fd820cd.jpeg
d7fdbcc8b79f46d9a4dd960de43ea85a,0.4713269858886446,data/public_test/public_test/d7fdbcc8b79f46d9a4dd960de43ea85a.jpeg
d8126804e92747da8123783d985127e0,0.8867775726546733,data/public_test/public_test/d8126804e92747da8123783d985127e0.jpeg
d814881e562f47869d103910bd935775,0.5816891819901887,data/public_test/public_test/d814881e562f47869d103910bd935775.jpeg
d81613deca8a46348102807b2c9d031f,0.1427172712083806,data/public_test/public_test/d81613deca8a46348102807b2c9d031f.jpeg
d8185ae967ca4fdcbb21a7ed13983b81,0.0962623177888832,data/public_test/public_test/d8185ae967ca4fdcbb21a7ed13983b81.jpeg
d81aa69f3c8249b0b4a45cb68f423fb3,0.1360647280053627,data/public_test/public_test/d81aa69f3c8249b0b4a45cb68f423fb3.jpeg
d821013880cc45ee88e367b224b475fc,0.274211846211515,data/public_test/public_test/d821013880cc45ee88e367b224b475fc.jpeg
d836f89b42db48f6bec93cf28d66800d,0.174195541406662,data/public_test/public_test/d836f89b42db48f6bec93cf28d66800d.jpeg
d837da46bf3b4c50a0a392c1ae1af198,0.5044687480116549,data/public_test/public_test/d837da46bf3b4c50a0a392c1ae1af198.jpeg
d8409a3b9eeb4431835c93a929f034b8,0.0716962474691907,data/public_test/public_test/d8409a3b9eeb4431835c93a929f034b8.jpeg
d84c4e856661428391b9f16a4bccdc13,0.7991295435342923,data/public_test/public_test/d84c4e856661428391b9f16a4bccdc13.jpeg
d857542b7c4e4248a8ff542d7ad81f32,0.5661623786473574,data/public_test/public_test/d857542b7c4e4248a8ff542d7ad81f32.jpeg
d85898f808dc4ac19f46c88f26513842,0.2018686419477753,data/public_test/public_test/d85898f808dc4ac19f46c88f26513842.jpeg
d8592b3fe5ca4ad58e27c8f195d66c01,0.1637806698512557,data/public_test/public_test/d8592b3fe5ca4ad58e27c8f195d66c01.jpeg
d863c7715ac2482dad0c762b9a9a725a,0.5317436023438579,data/public_test/public_test/d863c7715ac2482dad0c762b9a9a725a.jpeg
d86d173190fa4d6f82857172af3bc086,0.9105787569003864,data/public_test/public_test/d86d173190fa4d6f82857172af3bc086.jpeg
d86e5020ed774b8dae35474a23fcc155,0.7284343322978678,data/public_test/public_test/d86e5020ed774b8dae35474a23fcc155.jpeg
d872047943f64e90ac4b88bf4a6f3095,0.5654820754284418,data/public_test/public_test/d872047943f64e90ac4b88bf4a6f3095.jpeg
d874037c4a0d4c51ae892868dd0ad949,0.6986631894446239,data/public_test/public_test/d874037c4a0d4c51ae892868dd0ad949.jpeg
d87dc423d52d4b79b5fd8072fad5e4f0,0.4912454691497102,data/public_test/public_test/d87dc423d52d4b79b5fd8072fad5e4f0.jpeg
d88bd7ebc0c14ec68249dacedb5d294f,0.4694290484097032,data/public_test/public_test/d88bd7ebc0c14ec68249dacedb5d294f.jpeg
d88e044a7ea844aba8cfefdc6b2bd6d9,0.8218211955664084,data/public_test/public_test/d88e044a7ea844aba8cfefdc6b2bd6d9.jpeg
d895ef8b26f845f3b8b05a840d70f662,0.7287115591206345,data/public_test/public_test/d895ef8b26f845f3b8b05a840d70f662.jpeg
d897669cbb9c4ab8a3f9aa38aaf47e38,0.1318352495950905,data/public_test/public_test/d897669cbb9c4ab8a3f9aa38aaf47e38.jpeg
d8997ccbd948436988699ce98bcb9224,0.3481268834570611,data/public_test/public_test/d8997ccbd948436988699ce98bcb9224.jpeg
d8a20eaff051486d8dc3fc57e9f01409,0.889061690425646,data/public_test/public_test/d8a20eaff051486d8dc3fc57e9f01409.jpeg
d8af3a0f37a1497caf1b9c44c6917f31,0.8888674363955301,data/public_test/public_test/d8af3a0f37a1497caf1b9c44c6917f31.jpeg
d8b37a0fe42c4161bb7f05d72591a361,0.1627235601782552,data/public_test/public_test/d8b37a0fe42c4161bb7f05d72591a361.jpeg
d8bc043bb3f1443ab035519a649471da,0.5990051958430026,data/public_test/public_test/d8bc043bb3f1443ab035519a649471da.jpeg
d8c959b04fc446c38ac72ad46ff2e52d,0.9595452412199196,data/public_test/public_test/d8c959b04fc446c38ac72ad46ff2e52d.jpeg
d8d79585b14946cfafe4b8b02875b32c,0.2786051198186461,data/public_test/public_test/d8d79585b14946cfafe4b8b02875b32c.jpeg
d8e398d009354c43879c2f71069610d8,0.6860157930673605,data/public_test/public_test/d8e398d009354c43879c2f71069610d8.jpeg
d8f4235444734519a22629c34a2c1797,0.4354568365610168,data/public_test/public_test/d8f4235444734519a22629c34a2c1797.jpeg
d8f88493308b425780b46c1b86cbb212,0.7759277909827387,data/public_test/public_test/d8f88493308b425780b46c1b86cbb212.jpeg
d8fdb64a7d224c70ac6b31fc1a88d057,0.1991825802821815,data/public_test/public_test/d8fdb64a7d224c70ac6b31fc1a88d057.jpeg
d8ffa63c38f94ba7a5a6f8c4c42b4c5a,0.548166061575628,data/public_test/public_test/d8ffa63c38f94ba7a5a6f8c4c42b4c5a.jpeg
d9062d889cf146a58812783c34f9a720,0.6695353784110246,data/public_test/public_test/d9062d889cf146a58812783c34f9a720.jpeg
d9072c965d7540e29d6bfcfcec61feca,0.1641632179516402,data/public_test/public_test/d9072c965d7540e29d6bfcfcec61feca.jpeg
d9081cb140884017af950efb62f49260,0.3550359068735338,data/public_test/public_test/d9081cb140884017af950efb62f49260.jpeg
d908bd4450b64a1183d0087b6057ea43,0.640738495239501,data/public_test/public_test/d908bd4450b64a1183d0087b6057ea43.jpeg
d90a08ceb85d4121bc8954114396506f,0.5652688240263136,data/public_test/public_test/d90a08ceb85d4121bc8954114396506f.jpeg
d91a1d577d5d4145ae02bf8e96539ff6,0.8390265094415779,data/public_test/public_test/d91a1d577d5d4145ae02bf8e96539ff6.jpeg
d9224d4cb614493990b922cf73fa613d,0.1117877402985265,data/public_test/public_test/d9224d4cb614493990b922cf73fa613d.jpeg
d92a2e9f9b554a979c5bbf66283a6a88,0.1396464564755725,data/public_test/public_test/d92a2e9f9b554a979c5bbf66283a6a88.jpeg
d92d553600f743d69a623980071a66cf,0.8321425634294157,data/public_test/public_test/d92d553600f743d69a623980071a66cf.jpeg
d931eb60ae9a47a7bc423d92000e16cf,0.5343686958579302,data/public_test/public_test/d931eb60ae9a47a7bc423d92000e16cf.jpeg
d933e7b4ef964e9eb649d76d6222cc46,0.783327614636589,data/public_test/public_test/d933e7b4ef964e9eb649d76d6222cc46.jpeg
d93763eeb5264c7d920353a85bfbcc95,0.1614775874553027,data/public_test/public_test/d93763eeb5264c7d920353a85bfbcc95.jpeg
d93e2c5507b94548b9126ece0126b25a,0.1632731563473565,data/public_test/public_test/d93e2c5507b94548b9126ece0126b25a.jpeg
d941727e3b5549b28d8d19076162f48b,0.9949242983158,data/public_test/public_test/d941727e3b5549b28d8d19076162f48b.jpeg
d94d50ade3384155b075b3404b82b945,0.8169123390408783,data/public_test/public_test/d94d50ade3384155b075b3404b82b945.jpeg
d9562ec79f0d495ea76b5fcc5318cadd,0.7518465009043512,data/public_test/public_test/d9562ec79f0d495ea76b5fcc5318cadd.jpeg
d96d2ff33d8c49b09092d5cc77b701f3,0.2621408344400924,data/public_test/public_test/d96d2ff33d8c49b09092d5cc77b701f3.jpeg
d9755f7ce1604a3b8037b8c1b3f3530e,0.277369140398331,data/public_test/public_test/d9755f7ce1604a3b8037b8c1b3f3530e.jpeg
d975e0a3d0254a528ddf5446df211554,0.5317436023438579,data/public_test/public_test/d975e0a3d0254a528ddf5446df211554.jpeg
d97b63c46de047abbbda0276770b4a60,0.3188251638515145,data/public_test/public_test/d97b63c46de047abbbda0276770b4a60.jpeg
d97ff4b6a4ef45478a156178c2ad1794,0.14079724449181,data/public_test/public_test/d97ff4b6a4ef45478a156178c2ad1794.jpeg
d985f33132ac46eda4236f64e19b03a1,0.1562772441389743,data/public_test/public_test/d985f33132ac46eda4236f64e19b03a1.jpeg
d9a6d26a1d9d430b8a56736a60ddc091,0.5317436023438579,data/public_test/public_test/d9a6d26a1d9d430b8a56736a60ddc091.jpeg
d9b6c6ca9cc545b1b83ca52dbc5f1067,0.3521359224916532,data/public_test/public_test/d9b6c6ca9cc545b1b83ca52dbc5f1067.jpeg
d9b99a65c30943a5bcfc07d5e509e449,0.6461998433175563,data/public_test/public_test/d9b99a65c30943a5bcfc07d5e509e449.jpeg
d9c0ede742fa46eca757afef877ad6b8,0.6473319887212962,data/public_test/public_test/d9c0ede742fa46eca757afef877ad6b8.jpeg
d9c27202ee664313a9037c5167b7f782,0.2183814611568602,data/public_test/public_test/d9c27202ee664313a9037c5167b7f782.jpeg
d9c5c66cd45649f9ba481c11b4bdf994,0.1547903242114725,data/public_test/public_test/d9c5c66cd45649f9ba481c11b4bdf994.jpeg
d9d04dd41928454c89e07df2f73e5e19,0.8550884142984154,data/public_test/public_test/d9d04dd41928454c89e07df2f73e5e19.jpeg
d9e33da497d94728ac1d948a7e77f088,0.946044891083611,data/public_test/public_test/d9e33da497d94728ac1d948a7e77f088.jpeg
d9ebac61c43e47e48645650ab59d7bfb,0.4912454691497102,data/public_test/public_test/d9ebac61c43e47e48645650ab59d7bfb.jpeg
d9f3a26a65df43ca915aa9fb6b61580f,0.5317436023438579,data/public_test/public_test/d9f3a26a65df43ca915aa9fb6b61580f.jpeg
d9f93deb1fad4a8988ecd05ad2507565,0.8306267756286347,data/public_test/public_test/d9f93deb1fad4a8988ecd05ad2507565.jpeg
da0d289b444342f5ab990c751a89b489,0.1588400705359174,data/public_test/public_test/da0d289b444342f5ab990c751a89b489.jpeg
da1616b49116482f9019a8d5bec088e2,0.2525038850063713,data/public_test/public_test/da1616b49116482f9019a8d5bec088e2.jpeg
da190a12e7e8469b96f6eb38dfa670f2,0.0847908823443451,data/public_test/public_test/da190a12e7e8469b96f6eb38dfa670f2.jpeg
da19697a09574ede84b065f55251e987,0.2060059974988364,data/public_test/public_test/da19697a09574ede84b065f55251e987.jpeg
da1c4595b97e4d9c844eef791b1bc72c,0.6749693704371172,data/public_test/public_test/da1c4595b97e4d9c844eef791b1bc72c.jpeg
da1db5cd27d9456ca5144da95b4a4d67,0.5317436023438579,data/public_test/public_test/da1db5cd27d9456ca5144da95b4a4d67.jpeg
da37071b1f0540538fe786ba7ed2eff2,0.8669475200249463,data/public_test/public_test/da37071b1f0540538fe786ba7ed2eff2.jpeg
da3790ad93ea42ea8e4a95bbe6821d97,0.6461998433175563,data/public_test/public_test/da3790ad93ea42ea8e4a95bbe6821d97.jpeg
da3a70ddf6264fa0addf05bb245ac83d,0.5652688240263136,data/public_test/public_test/da3a70ddf6264fa0addf05bb245ac83d.jpeg
da3d5107336640a6acce46ec56213475,0.1536758444671054,data/public_test/public_test/da3d5107336640a6acce46ec56213475.jpeg
da3d77a2bb5b4c138f66b972b1ba0a48,0.5488463647945435,data/public_test/public_test/da3d77a2bb5b4c138f66b972b1ba0a48.jpeg
da42d44642834e4e8f283f6e7a5f9dd9,0.8218211955664084,data/public_test/public_test/da42d44642834e4e8f283f6e7a5f9dd9.jpeg
da4366a1a4c44c7bbc6893c7781e41b6,0.6159607944957706,data/public_test/public_test/da4366a1a4c44c7bbc6893c7781e41b6.jpeg
da4d1df1cf04438689b100c9f2c7ccc2,0.7097096120748673,data/public_test/public_test/da4d1df1cf04438689b100c9f2c7ccc2.jpeg
da4d430754bd4696888be309d6421807,0.9105787569003864,data/public_test/public_test/da4d430754bd4696888be309d6421807.jpeg
da4eedeb702145f883e6f3fc8b711ae1,0.1899710584584955,data/public_test/public_test/da4eedeb702145f883e6f3fc8b711ae1.jpeg
da56a19e5d8046648e3f7118d7c9f769,0.1826341350310622,data/public_test/public_test/da56a19e5d8046648e3f7118d7c9f769.jpeg
da57f25776fe46048abfd72dd9a06037,0.1514610808167981,data/public_test/public_test/da57f25776fe46048abfd72dd9a06037.jpeg
da609a17b1a84318b3da69ac77446324,0.1664336979481917,data/public_test/public_test/da609a17b1a84318b3da69ac77446324.jpeg
da67c9f7a22c4625abac81eef362b2c4,0.8732810866681554,data/public_test/public_test/da67c9f7a22c4625abac81eef362b2c4.jpeg
da67d76f1fba4e4f814a4e7eae0caa46,0.446482288810562,data/public_test/public_test/da67d76f1fba4e4f814a4e7eae0caa46.jpeg
da6b50142fbb4bffb5f7e810211ed473,0.1557652497495125,data/public_test/public_test/da6b50142fbb4bffb5f7e810211ed473.jpeg
da6fb9a1cb0a4fd7af3fd347c419235e,0.0922965403126497,data/public_test/public_test/da6fb9a1cb0a4fd7af3fd347c419235e.jpeg
da779399ade345fb89984bfc2ce4546f,0.4044696176606926,data/public_test/public_test/da779399ade345fb89984bfc2ce4546f.jpeg
da7865f867034cfb92601eadeb7369e4,0.9891878355985502,data/public_test/public_test/da7865f867034cfb92601eadeb7369e4.jpeg
da8660f483c1426999371b0081d10ca1,0.1832769183379186,data/public_test/public_test/da8660f483c1426999371b0081d10ca1.jpeg
da8b29272f88422e996a6bc907455775,0.5317436023438579,data/public_test/public_test/da8b29272f88422e996a6bc907455775.jpeg
da9b1bca14d247b397c70ff52af51705,0.5488463647945435,data/public_test/public_test/da9b1bca14d247b397c70ff52af51705.jpeg
dab22cbd008b4025b8235026f907abb7,0.4124877448504249,data/public_test/public_test/dab22cbd008b4025b8235026f907abb7.jpeg
dab2d4b3b8c34a9587d041ebe568c73d,0.2233232721123872,data/public_test/public_test/dab2d4b3b8c34a9587d041ebe568c73d.jpeg
dab9b09f22de4da79dd004d49381984e,0.9295392325588844,data/public_test/public_test/dab9b09f22de4da79dd004d49381984e.jpeg
dabef572dddb46e4ac9438f9ba120a01,0.9349510643954448,data/public_test/public_test/dabef572dddb46e4ac9438f9ba120a01.jpeg
dabf51fa293c4789bc696c640358a2a1,0.9475376508985086,data/public_test/public_test/dabf51fa293c4789bc696c640358a2a1.jpeg
dac35c7b4d4b471abc0eb5b4bbd1d6ed,0.3449279486899768,data/public_test/public_test/dac35c7b4d4b471abc0eb5b4bbd1d6ed.jpeg
dac8b82ad21140f8ab86ff4c0a2e4502,0.2493434088996003,data/public_test/public_test/dac8b82ad21140f8ab86ff4c0a2e4502.jpeg
dacd9970f7de4ef6a5a781310df05edb,0.946044891083611,data/public_test/public_test/dacd9970f7de4ef6a5a781310df05edb.jpeg
dacee43e2feb45b19b17851dcce7b3e5,0.4912454691497102,data/public_test/public_test/dacee43e2feb45b19b17851dcce7b3e5.jpeg
dad6cb893f7949329a38433c589bfa92,0.1926159871228188,data/public_test/public_test/dad6cb893f7949329a38433c589bfa92.jpeg
dae54e3e14024b13b0246a80108163e3,0.6014789121076903,data/public_test/public_test/dae54e3e14024b13b0246a80108163e3.jpeg
daf7e18c74a44e2f971f146b1bfafb6a,0.3440741680683701,data/public_test/public_test/daf7e18c74a44e2f971f146b1bfafb6a.jpeg
daff11e9db0c4afb9716599ca89029a6,0.0673040108514103,data/public_test/public_test/daff11e9db0c4afb9716599ca89029a6.jpeg
daff158d4a3240fba1fc21203178aa14,0.5353688761800381,data/public_test/public_test/daff158d4a3240fba1fc21203178aa14.jpeg
db0ab2e63bcf4d6a90fba6bb773a1327,0.7097096120748673,data/public_test/public_test/db0ab2e63bcf4d6a90fba6bb773a1327.jpeg
db0e2dabf59a4f9b9748234b0a73f953,0.1196442281376816,data/public_test/public_test/db0e2dabf59a4f9b9748234b0a73f953.jpeg
db1d44a31eba46c5b64aa7da372c63f0,0.2281483371694632,data/public_test/public_test/db1d44a31eba46c5b64aa7da372c63f0.jpeg
db44f7600fa34d028cc2aaecc9aef1a6,0.4912454691497102,data/public_test/public_test/db44f7600fa34d028cc2aaecc9aef1a6.jpeg
db52c2ed5cba48f694d48f0e7f72b85a,0.5317436023438579,data/public_test/public_test/db52c2ed5cba48f694d48f0e7f72b85a.jpeg
db5bd1f088584f8191f020644e719b3d,0.1380261387837833,data/public_test/public_test/db5bd1f088584f8191f020644e719b3d.jpeg
db5f9b7ef1064322b085eb15ced84139,0.6860157930673605,data/public_test/public_test/db5f9b7ef1064322b085eb15ced84139.jpeg
db610a5c612b49b49d796e14e19b33d5,0.6749693704371172,data/public_test/public_test/db610a5c612b49b49d796e14e19b33d5.jpeg
db67eceaf77049eaab50d132de0d1433,0.8054648130231717,data/public_test/public_test/db67eceaf77049eaab50d132de0d1433.jpeg
db7c0dcc29894a7898b99a86a3f7dd48,0.1485960948255029,data/public_test/public_test/db7c0dcc29894a7898b99a86a3f7dd48.jpeg
db87fd44d1b5448fbe8d75f600ab3cc6,0.190185843513295,data/public_test/public_test/db87fd44d1b5448fbe8d75f600ab3cc6.jpeg
db8b3889ab81446e9db982a5a8d1b0e9,0.1992692180135113,data/public_test/public_test/db8b3889ab81446e9db982a5a8d1b0e9.jpeg
db90e73914ae42ea93e259743478b189,0.1250186164719246,data/public_test/public_test/db90e73914ae42ea93e259743478b189.jpeg
dbab98e4222a4c44aed1ae6c5ba161ab,0.5182661137293526,data/public_test/public_test/dbab98e4222a4c44aed1ae6c5ba161ab.jpeg
dbbaec2c15824ffb8e11ff928291e533,0.1212619697296101,data/public_test/public_test/dbbaec2c15824ffb8e11ff928291e533.jpeg
dbcc4f516a66438d813533df1aeed49d,0.7383528939277412,data/public_test/public_test/dbcc4f516a66438d813533df1aeed49d.jpeg
dbd79bf3dd5b43638b98d26bea6cabf1,0.8718523022738962,data/public_test/public_test/dbd79bf3dd5b43638b98d26bea6cabf1.jpeg
dbe5cba29bb540e6b6c76d220f3e543f,0.8908127779323943,data/public_test/public_test/dbe5cba29bb540e6b6c76d220f3e543f.jpeg
dbe91d868afd42d7a11dc63df12957a4,0.1860926828110082,data/public_test/public_test/dbe91d868afd42d7a11dc63df12957a4.jpeg
dbf45dd6589e4a80a28b24b35f72638e,0.0596905209996915,data/public_test/public_test/dbf45dd6589e4a80a28b24b35f72638e.jpeg
dbf9321050fb49a19df95b23d3795f54,0.9415468228802952,data/public_test/public_test/dbf9321050fb49a19df95b23d3795f54.jpeg
dc070b89c8dc402b9df7fb4f283051c5,0.7279426069568325,data/public_test/public_test/dc070b89c8dc402b9df7fb4f283051c5.jpeg
dc11ce632e3045369955dceebf820f09,0.6461998433175563,data/public_test/public_test/dc11ce632e3045369955dceebf820f09.jpeg
dc1c3a29ec674eff80e7a70de647cb1a,0.6159607944957706,data/public_test/public_test/dc1c3a29ec674eff80e7a70de647cb1a.jpeg
dc30153297604e609614dcf7b525d2d2,0.6155129665513012,data/public_test/public_test/dc30153297604e609614dcf7b525d2d2.jpeg
dc371b3b9d3744a89e1c52fba3e617c4,0.7623637137574516,data/public_test/public_test/dc371b3b9d3744a89e1c52fba3e617c4.jpeg
dc389a58b28545c0b17a785797322d55,0.3634387052629002,data/public_test/public_test/dc389a58b28545c0b17a785797322d55.jpeg
dc3b21bd86af437ca243385e1fc2ac04,0.2630769247269494,data/public_test/public_test/dc3b21bd86af437ca243385e1fc2ac04.jpeg
dc3b9c2074294729a383bfe923dc0932,0.146509936957115,data/public_test/public_test/dc3b9c2074294729a383bfe923dc0932.jpeg
dc3be094f8c04430a77106b787123ccf,0.3823338546856846,data/public_test/public_test/dc3be094f8c04430a77106b787123ccf.jpeg
dc3ee79cdeaa48188873ef8a6652c57b,0.2370199447996744,data/public_test/public_test/dc3ee79cdeaa48188873ef8a6652c57b.jpeg
dc5043f7579244a29dce18f2f069f5ce,0.1628873171702433,data/public_test/public_test/dc5043f7579244a29dce18f2f069f5ce.jpeg
dc5184aa62b34da8a492dd93c79e8bff,0.1147741713873828,data/public_test/public_test/dc5184aa62b34da8a492dd93c79e8bff.jpeg
dc522065d7994054956720d983018d3f,0.8329742438977159,data/public_test/public_test/dc522065d7994054956720d983018d3f.jpeg
dc5ae65b213644da9b2cc0464a1aa4e8,0.3685140668021978,data/public_test/public_test/dc5ae65b213644da9b2cc0464a1aa4e8.jpeg
dc5da83a23894a2187cd1fadf0bc6dd8,0.5990926085874261,data/public_test/public_test/dc5da83a23894a2187cd1fadf0bc6dd8.jpeg
dc7110f902d64fbab8d3c4a2591491d1,0.3892431509940917,data/public_test/public_test/dc7110f902d64fbab8d3c4a2591491d1.jpeg
dc7701236a30480ea9f00dadb0dcc3cd,0.3474014957616651,data/public_test/public_test/dc7701236a30480ea9f00dadb0dcc3cd.jpeg
dc7d3eb1bbcc4df7ad351576445f93bd,0.2057499921173474,data/public_test/public_test/dc7d3eb1bbcc4df7ad351576445f93bd.jpeg
dc7f8137abd04f5e8b6b576354fe46b8,0.3064555018760159,data/public_test/public_test/dc7f8137abd04f5e8b6b576354fe46b8.jpeg
dc8bedf4f3334692aa53283e064af317,0.5654820754284418,data/public_test/public_test/dc8bedf4f3334692aa53283e064af317.jpeg
dc91c895d9314a22b7b7fccbed164118,0.8732810866681554,data/public_test/public_test/dc91c895d9314a22b7b7fccbed164118.jpeg
dc9de2ba300c4fb1ac54f3a14f44fa8f,0.4003756382826026,data/public_test/public_test/dc9de2ba300c4fb1ac54f3a14f44fa8f.jpeg
dca067a14f704879ac33a1b0b8132d06,0.1517963885944205,data/public_test/public_test/dca067a14f704879ac33a1b0b8132d06.jpeg
dca170d40a1548e1aa99b9615b2fac95,0.5044687480116549,data/public_test/public_test/dca170d40a1548e1aa99b9615b2fac95.jpeg
dca6c47cf7c042208ddd23386c4998a6,0.7943117646918644,data/public_test/public_test/dca6c47cf7c042208ddd23386c4998a6.jpeg
dca9b5c37e1c4e528668603b83c6a914,0.0609048478094726,data/public_test/public_test/dca9b5c37e1c4e528668603b83c6a914.jpeg
dcaabadeccda4932accb58707318d846,0.6749693704371172,data/public_test/public_test/dcaabadeccda4932accb58707318d846.jpeg
dcb0eb046ef242c68d71f0e029309ada,0.8329742438977159,data/public_test/public_test/dcb0eb046ef242c68d71f0e029309ada.jpeg
dcb3269d391b4e6bbee7c7196dc460b4,0.2488732679461157,data/public_test/public_test/dcb3269d391b4e6bbee7c7196dc460b4.jpeg
dcb4d15d55e04b34ba733b23b886d457,0.3023198000500772,data/public_test/public_test/dcb4d15d55e04b34ba733b23b886d457.jpeg
dcb55334ed104974a51199aab211080e,0.5994530237874719,data/public_test/public_test/dcb55334ed104974a51199aab211080e.jpeg
dcbaa05f711846e0aa27d555b6700647,0.6159607944957706,data/public_test/public_test/dcbaa05f711846e0aa27d555b6700647.jpeg
dcc1f7420fe84cd8b665cc59bd43a22b,0.7999398988623797,data/public_test/public_test/dcc1f7420fe84cd8b665cc59bd43a22b.jpeg
dcd4f96c92834b1c9949838cd39b13be,0.5179462366261602,data/public_test/public_test/dcd4f96c92834b1c9949838cd39b13be.jpeg
dd1799dd455f4bbda996ac8100ac72d0,0.742104830555268,data/public_test/public_test/dd1799dd455f4bbda996ac8100ac72d0.jpeg
dd46c86478344e2ba6670d2e48550058,0.1648111370847018,data/public_test/public_test/dd46c86478344e2ba6670d2e48550058.jpeg
dd4a50ebc21743f586c403c07e624abe,0.1096223291545534,data/public_test/public_test/dd4a50ebc21743f586c403c07e624abe.jpeg
dd5fa907b14f4e9d8c8abcfc4fc3300f,0.9640433094232352,data/public_test/public_test/dd5fa907b14f4e9d8c8abcfc4fc3300f.jpeg
dd60785ef1aa48239d70d69803b5b206,0.8511669162674561,data/public_test/public_test/dd60785ef1aa48239d70d69803b5b206.jpeg
dd63800f94cb4982858747a4416ad147,0.0664520858949575,data/public_test/public_test/dd63800f94cb4982858747a4416ad147.jpeg
dd643e8345d34f0faee06119c965e1e0,0.2461060373035573,data/public_test/public_test/dd643e8345d34f0faee06119c965e1e0.jpeg
dd6fd3e928f14f7bb6fb50a9a5213240,0.9415468228802952,data/public_test/public_test/dd6fd3e928f14f7bb6fb50a9a5213240.jpeg
dd7942f69c5e45d3827c01a208a94705,0.447633715393926,data/public_test/public_test/dd7942f69c5e45d3827c01a208a94705.jpeg
dd814a9a03b54a2fa957e0538e2cf3f9,0.1390514701910242,data/public_test/public_test/dd814a9a03b54a2fa957e0538e2cf3f9.jpeg
dd9981951779478e8fc4a39347555f10,0.082016758451524,data/public_test/public_test/dd9981951779478e8fc4a39347555f10.jpeg
dda5ff0882664ae897ad2c4495892a82,0.984111802745094,data/public_test/public_test/dda5ff0882664ae897ad2c4495892a82.jpeg
ddb4c1d293c94036ae65029ad6b70140,0.6159607944957706,data/public_test/public_test/ddb4c1d293c94036ae65029ad6b70140.jpeg
ddc0bf35364a4ccabc7410ae005ce318,0.4360112738330342,data/public_test/public_test/ddc0bf35364a4ccabc7410ae005ce318.jpeg
ddc566c843884e83a71dd7b1e7bc5da1,0.7921562226846985,data/public_test/public_test/ddc566c843884e83a71dd7b1e7bc5da1.jpeg
ddd2dd8352b44e74b6ebcc26b7ce1c54,0.1700066010932434,data/public_test/public_test/ddd2dd8352b44e74b6ebcc26b7ce1c54.jpeg
de00c00d14644d60839aeb456d0fbf2b,0.6014845254947807,data/public_test/public_test/de00c00d14644d60839aeb456d0fbf2b.jpeg
de194e5e65f145a3b539ee29d86e452e,0.1821197173612229,data/public_test/public_test/de194e5e65f145a3b539ee29d86e452e.jpeg
de24e6b3e37d4e7891ed98ba3ec9a1e9,0.7781403987867642,data/public_test/public_test/de24e6b3e37d4e7891ed98ba3ec9a1e9.jpeg
de32e5c418784a1a8603ea47896a38c6,0.7461566071957048,data/public_test/public_test/de32e5c418784a1a8603ea47896a38c6.jpeg
de3cb76dfb8d40e0b8fd2fb7e9ed88d6,0.4434334268694158,data/public_test/public_test/de3cb76dfb8d40e0b8fd2fb7e9ed88d6.jpeg
de401c53c93c48199637082c4f03e3f2,0.4255616303873481,data/public_test/public_test/de401c53c93c48199637082c4f03e3f2.jpeg
de4fc243fce740318749a2a3456aa66b,0.076216576832054,data/public_test/public_test/de4fc243fce740318749a2a3456aa66b.jpeg
de59228e26bf4c0f9c2f98c0f374a2b9,0.2280628728734512,data/public_test/public_test/de59228e26bf4c0f9c2f98c0f374a2b9.jpeg
de5b2140ad094744ac5ea99a466c1660,0.9105787569003864,data/public_test/public_test/de5b2140ad094744ac5ea99a466c1660.jpeg
de5d9059f163408bae9f67b1c64ae722,0.1351192229467692,data/public_test/public_test/de5d9059f163408bae9f67b1c64ae722.jpeg
de67701068e840c0a75e9d009cfca1f6,0.5317436023438579,data/public_test/public_test/de67701068e840c0a75e9d009cfca1f6.jpeg
de69ea20fdec44f5b76f276a75742e19,0.1097857313870268,data/public_test/public_test/de69ea20fdec44f5b76f276a75742e19.jpeg
de70691267e34d81ac3f24b2ef8ea6e4,0.0301544540810288,data/public_test/public_test/de70691267e34d81ac3f24b2ef8ea6e4.jpeg
de771bfbc9e44ab7be7ce6166e4251ef,0.4204647554124028,data/public_test/public_test/de771bfbc9e44ab7be7ce6166e4251ef.jpeg
de7af8a2278e4827bda38f5189c5472e,0.7623637137574516,data/public_test/public_test/de7af8a2278e4827bda38f5189c5472e.jpeg
de7d581a15b043d3aa606790c07c1cd6,0.1256950609988879,data/public_test/public_test/de7d581a15b043d3aa606790c07c1cd6.jpeg
de7feebb92ae44149ba3dc42889412ca,0.2463604926588588,data/public_test/public_test/de7feebb92ae44149ba3dc42889412ca.jpeg
de8c19ac366f44c3b229266f4e5361a9,0.9295392325588844,data/public_test/public_test/de8c19ac366f44c3b229266f4e5361a9.jpeg
de8cb5678b8342da91177d0ce4d8507f,0.4254551220298157,data/public_test/public_test/de8cb5678b8342da91177d0ce4d8507f.jpeg
de914363ee2146fa8a4234117e230e41,0.8196656535592427,data/public_test/public_test/de914363ee2146fa8a4234117e230e41.jpeg
de96b29b89fa4d86a449d4ac168e67d1,0.1132392634132187,data/public_test/public_test/de96b29b89fa4d86a449d4ac168e67d1.jpeg
de9ed3a89f014842b1351214533ae77d,0.505042834867408,data/public_test/public_test/de9ed3a89f014842b1351214533ae77d.jpeg
dea0f1cfec5349b8acb8e32e6e71efd9,0.5490596161966718,data/public_test/public_test/dea0f1cfec5349b8acb8e32e6e71efd9.jpeg
dea6f27da1334592b171f93a9001ece8,0.1276131665562403,data/public_test/public_test/dea6f27da1334592b171f93a9001ece8.jpeg
dea9a03772f44079b8ceda875a62e8c5,0.716786057422007,data/public_test/public_test/dea9a03772f44079b8ceda875a62e8c5.jpeg
deaf5f8f36ab443f966e5457e1cbffcc,0.1792192690630538,data/public_test/public_test/deaf5f8f36ab443f966e5457e1cbffcc.jpeg
dec78ad929af4f72b2ffec55ea0f43dc,0.194723276378146,data/public_test/public_test/dec78ad929af4f72b2ffec55ea0f43dc.jpeg
dec8a59b2855440f83ff84dc047f5607,0.4912454691497102,data/public_test/public_test/dec8a59b2855440f83ff84dc047f5607.jpeg
dece1771f7fb46bdb146de41bc2ad133,0.5185203234819132,data/public_test/public_test/dece1771f7fb46bdb146de41bc2ad133.jpeg
ded119dfeec441b5ab55b4464d98440b,0.3681300341696902,data/public_test/public_test/ded119dfeec441b5ab55b4464d98440b.jpeg
dedb9aa89f0e4b72a11653866b73edc7,0.2083973167728547,data/public_test/public_test/dedb9aa89f0e4b72a11653866b73edc7.jpeg
dee3f85e5e644ec9b4b63fa4ca608470,0.6873821902720395,data/public_test/public_test/dee3f85e5e644ec9b4b63fa4ca608470.jpeg
dee6ce361bd148b8b08cb982535d016d,0.214240225082492,data/public_test/public_test/dee6ce361bd148b8b08cb982535d016d.jpeg
deec9c18aaf34b96aa7a105facd90a0f,0.7263645465810836,data/public_test/public_test/deec9c18aaf34b96aa7a105facd90a0f.jpeg
def3510246a64b39852421c964391286,0.8859079956834446,data/public_test/public_test/def3510246a64b39852421c964391286.jpeg
defc6f3256914f2bb84e51cb97ab4237,0.6489566181056486,data/public_test/public_test/defc6f3256914f2bb84e51cb97ab4237.jpeg
df020d299773404b92cf73a3dcbd1886,0.097678667862152,data/public_test/public_test/df020d299773404b92cf73a3dcbd1886.jpeg
df0292d0e6b5468cb611fa09df731935,0.1033006565063047,data/public_test/public_test/df0292d0e6b5468cb611fa09df731935.jpeg
df0e1722c42b4a82a859eb432025985c,0.888464586499687,data/public_test/public_test/df0e1722c42b4a82a859eb432025985c.jpeg
df113e7de55f48a2aa9945f9e22c411a,0.6945913347801146,data/public_test/public_test/df113e7de55f48a2aa9945f9e22c411a.jpeg
df1ce1b7269d4a40b2f7697d1b71c7e6,0.6155129665513012,data/public_test/public_test/df1ce1b7269d4a40b2f7697d1b71c7e6.jpeg
df352afe6d4d4da1991455f7d4de29d1,0.7186874961044666,data/public_test/public_test/df352afe6d4d4da1991455f7d4de29d1.jpeg
df35761f501046a09d7ad32779fe7d69,0.7943117646918644,data/public_test/public_test/df35761f501046a09d7ad32779fe7d69.jpeg
df389d718f74404da3ad8036200b05be,0.3574668964480542,data/public_test/public_test/df389d718f74404da3ad8036200b05be.jpeg
df461ba5dfac4413967267e1ab33b2b5,0.4912454691497102,data/public_test/public_test/df461ba5dfac4413967267e1ab33b2b5.jpeg
df4c64d269c04c8cb097722f757d90e6,0.8345546320416654,data/public_test/public_test/df4c64d269c04c8cb097722f757d90e6.jpeg
df6acc85eaa843faaf8d7313d80eb62d,0.4729271737068934,data/public_test/public_test/df6acc85eaa843faaf8d7313d80eb62d.jpeg
df70a3c2dfd54d439838129ed1689997,0.7461566071957048,data/public_test/public_test/df70a3c2dfd54d439838129ed1689997.jpeg
df70ad4cd9354b5ebe74608d308891f8,0.5825848378791274,data/public_test/public_test/df70ad4cd9354b5ebe74608d308891f8.jpeg
df71c65ae33348e5af22c028482dc418,0.4302107156226947,data/public_test/public_test/df71c65ae33348e5af22c028482dc418.jpeg
df722cfa1bc74b709039b94f3e5c161b,0.3711158212335814,data/public_test/public_test/df722cfa1bc74b709039b94f3e5c161b.jpeg
df7371e71d094dcca8f2b298e3475c28,0.2809936446792563,data/public_test/public_test/df7371e71d094dcca8f2b298e3475c28.jpeg
df7fa9a0a29e40a8a5a0334c0b7deda3,0.8196656535592427,data/public_test/public_test/df7fa9a0a29e40a8a5a0334c0b7deda3.jpeg
df8baad2cc47440cb50afac11a6163c6,0.1508215012612513,data/public_test/public_test/df8baad2cc47440cb50afac11a6163c6.jpeg
df90d6bab7774a88bbe519583a62c970,0.5825848378791274,data/public_test/public_test/df90d6bab7774a88bbe519583a62c970.jpeg
df946b90d4c5479aa2921b4a9a32485a,0.2130884819444841,data/public_test/public_test/df946b90d4c5479aa2921b4a9a32485a.jpeg
df9aee7c9a974136bca2909adadd6215,0.6862503696097016,data/public_test/public_test/df9aee7c9a974136bca2909adadd6215.jpeg
dfa3201587c44c299f8e4e6eb9666a82,0.1303013676945997,data/public_test/public_test/dfa3201587c44c299f8e4e6eb9666a82.jpeg
dfabb3b030e1412f875873ac756490ee,0.9074250621581847,data/public_test/public_test/dfabb3b030e1412f875873ac756490ee.jpeg
dfb2d13ff1304eecb167618c5d2b9915,0.5652688240263136,data/public_test/public_test/dfb2d13ff1304eecb167618c5d2b9915.jpeg
dfc5e63fa32a4cc2be2a9ae455d8f032,0.8052089113406179,data/public_test/public_test/dfc5e63fa32a4cc2be2a9ae455d8f032.jpeg
dfca283e897749cfb4339d991572f3b7,0.6145034178490857,data/public_test/public_test/dfca283e897749cfb4339d991572f3b7.jpeg
dfcc00406aec480092fff0a2eb6832cd,0.8085126052279352,data/public_test/public_test/dfcc00406aec480092fff0a2eb6832cd.jpeg
dfceef0dffa84f89b9c3a14f87d490e7,0.9811269325981024,data/public_test/public_test/dfceef0dffa84f89b9c3a14f87d490e7.jpeg
dfcfffedcd9f41ada95c2a22da7d2ef4,0.1251847257923871,data/public_test/public_test/dfcfffedcd9f41ada95c2a22da7d2ef4.jpeg
dfda221a17604b41a3548c02c0f7674b,0.8087672188605587,data/public_test/public_test/dfda221a17604b41a3548c02c0f7674b.jpeg
dfefd8e0525343f2871116ba6d557aba,0.3985847467583043,data/public_test/public_test/dfefd8e0525343f2871116ba6d557aba.jpeg
dffa6ad3606e42de933475b80725c852,0.3715424495681277,data/public_test/public_test/dffa6ad3606e42de933475b80725c852.jpeg
e0029dce1b494e27a626a0484e4a2a33,0.1859663747791762,data/public_test/public_test/e0029dce1b494e27a626a0484e4a2a33.jpeg
e017da4ec91647bba63403c291a5dde3,0.2108276241175392,data/public_test/public_test/e017da4ec91647bba63403c291a5dde3.jpeg
e0199282f707420fbb113565c826780a,0.9105787569003864,data/public_test/public_test/e0199282f707420fbb113565c826780a.jpeg
e01fa1eddeca4cd2b2d7115eff48849f,0.1422918763453777,data/public_test/public_test/e01fa1eddeca4cd2b2d7115eff48849f.jpeg
e0298c105096403ebe64b9e4c48d518c,0.391247561354614,data/public_test/public_test/e0298c105096403ebe64b9e4c48d518c.jpeg
e02ae5ca78af427d9d3c45daf06c09d2,0.6409730717818422,data/public_test/public_test/e02ae5ca78af427d9d3c45daf06c09d2.jpeg
e02c3f2bfef8433ab14adcaf7a147ebb,0.5825848378791274,data/public_test/public_test/e02c3f2bfef8433ab14adcaf7a147ebb.jpeg
e034344152224b1585da168b7f48c16d,0.1546572320861517,data/public_test/public_test/e034344152224b1585da168b7f48c16d.jpeg
e0361addff7b4e3d8bd63da64d7cd870,0.9105787569003864,data/public_test/public_test/e0361addff7b4e3d8bd63da64d7cd870.jpeg
e0378dfb06874f23843908dab1d31e2b,0.7538965497119806,data/public_test/public_test/e0378dfb06874f23843908dab1d31e2b.jpeg
e038933a374b43dbb0a55f1b2a6e6bf6,0.4390403306420421,data/public_test/public_test/e038933a374b43dbb0a55f1b2a6e6bf6.jpeg
e03bb8e7b464443eb9d95b02c7df1819,0.5523833308007555,data/public_test/public_test/e03bb8e7b464443eb9d95b02c7df1819.jpeg
e06eb61ca1874df993c5083a0af6211f,0.3674906183493041,data/public_test/public_test/e06eb61ca1874df993c5083a0af6211f.jpeg
e0774332ef954854988ec4a1f3815d86,0.1418228433331467,data/public_test/public_test/e0774332ef954854988ec4a1f3815d86.jpeg
e07f4dd347c64dbca3243d67a47341de,0.6309116307574208,data/public_test/public_test/e07f4dd347c64dbca3243d67a47341de.jpeg
e08836fd26ad41cba7e70daffac456d2,0.3275677563619046,data/public_test/public_test/e08836fd26ad41cba7e70daffac456d2.jpeg
e08f8dcf832848b691ff188c74bad8ac,0.9295392325588844,data/public_test/public_test/e08f8dcf832848b691ff188c74bad8ac.jpeg
e08ff61babb74f8cb65d8b7eb61b7bcb,0.1419502374748775,data/public_test/public_test/e08ff61babb74f8cb65d8b7eb61b7bcb.jpeg
e09256ee60be418091a73c6fe2217c98,0.5317436023438579,data/public_test/public_test/e09256ee60be418091a73c6fe2217c98.jpeg
e09453cd46714d97bb499a9245924f35,0.0850913663822201,data/public_test/public_test/e09453cd46714d97bb499a9245924f35.jpeg
e09c661b16c44ed2b2bd0262f2c8607d,0.1712456805659331,data/public_test/public_test/e09c661b16c44ed2b2bd0262f2c8607d.jpeg
e0a25d0d894b41f28e22613f6e9807b9,0.6702231015616364,data/public_test/public_test/e0a25d0d894b41f28e22613f6e9807b9.jpeg
e0b0fc6b244e49219e626f0778ed081a,0.5990926085874261,data/public_test/public_test/e0b0fc6b244e49219e626f0778ed081a.jpeg
e0b2cac428fb4e09970e0af006bb08c1,0.1751294048953345,data/public_test/public_test/e0b2cac428fb4e09970e0af006bb08c1.jpeg
e0b32fa168a0423fa113b4bdc44b2388,0.8249773163179066,data/public_test/public_test/e0b32fa168a0423fa113b4bdc44b2388.jpeg
e0be39f614224f58ac9943b3bf7b8f2a,0.2743392130640524,data/public_test/public_test/e0be39f614224f58ac9943b3bf7b8f2a.jpeg
e0c32d661ad949859d19161210fa1250,0.2703295136309792,data/public_test/public_test/e0c32d661ad949859d19161210fa1250.jpeg
e0c7513c740b44acb08f6e1cbe992a5d,0.5317436023438579,data/public_test/public_test/e0c7513c740b44acb08f6e1cbe992a5d.jpeg
e0cdc5224eb54db6a6e004dd5f914aec,0.1309054194492084,data/public_test/public_test/e0cdc5224eb54db6a6e004dd5f914aec.jpeg
e0d35e5c225546e3872369290b0e65e5,0.29152436158973,data/public_test/public_test/e0d35e5c225546e3872369290b0e65e5.jpeg
e0d5f602599047a2a5ba407179895e31,0.8321425634294157,data/public_test/public_test/e0d5f602599047a2a5ba407179895e31.jpeg
e0d7a91fcfed41b4953e2254b89a5eae,0.1170843708049847,data/public_test/public_test/e0d7a91fcfed41b4953e2254b89a5eae.jpeg
e0d8e4fe80134f6a841982a345ea6ebd,0.0957951295261286,data/public_test/public_test/e0d8e4fe80134f6a841982a345ea6ebd.jpeg
e0da1f2451f4463abf0ba887b63dcfcc,0.1722285145122316,data/public_test/public_test/e0da1f2451f4463abf0ba887b63dcfcc.jpeg
e0e531617967462097a7ddbc5557a036,0.8550884142984154,data/public_test/public_test/e0e531617967462097a7ddbc5557a036.jpeg
e0e6dbf7970641caab2d20c05c8734d6,0.6323811524596458,data/public_test/public_test/e0e6dbf7970641caab2d20c05c8734d6.jpeg
e0eb2cb2eccb464f86eae9915b37e063,0.1625076071459764,data/public_test/public_test/e0eb2cb2eccb464f86eae9915b37e063.jpeg
e0f9b40e2a4a4cefa4ebd0c53005f05a,0.2816333552229315,data/public_test/public_test/e0f9b40e2a4a4cefa4ebd0c53005f05a.jpeg
e108164b207642578d7642c0b5bbed4c,0.2060518242413783,data/public_test/public_test/e108164b207642578d7642c0b5bbed4c.jpeg
e10d21c58ff249ab9e034ebd46a7a46d,0.6611506795792067,data/public_test/public_test/e10d21c58ff249ab9e034ebd46a7a46d.jpeg
e10fb4c2918849b3b96305bc81ddbf5b,0.7367498898647292,data/public_test/public_test/e10fb4c2918849b3b96305bc81ddbf5b.jpeg
e116df03f0574b0f92a50d6f4cd275a1,0.6862503696097016,data/public_test/public_test/e116df03f0574b0f92a50d6f4cd275a1.jpeg
e12135ed33c143c0a2e8074ba43ba6c3,0.5317436023438579,data/public_test/public_test/e12135ed33c143c0a2e8074ba43ba6c3.jpeg
e124302df62043bf96373a011a971b4b,0.1290697217982027,data/public_test/public_test/e124302df62043bf96373a011a971b4b.jpeg
e1254ae019864983836ca377e6978b0c,0.7535564308495549,data/public_test/public_test/e1254ae019864983836ca377e6978b0c.jpeg
e1323a211d5c4dad8941fb8c213036b6,0.0944299712508318,data/public_test/public_test/e1323a211d5c4dad8941fb8c213036b6.jpeg
e13763cb0b4444e5aef7064d5d8dae1a,0.3761074267803763,data/public_test/public_test/e13763cb0b4444e5aef7064d5d8dae1a.jpeg
e14739f52b7c49bf80864d8c6e4309c8,0.1735938801853986,data/public_test/public_test/e14739f52b7c49bf80864d8c6e4309c8.jpeg
e14d6c77b76b4d5da5a2afa94d37a48e,0.6888572434937745,data/public_test/public_test/e14d6c77b76b4d5da5a2afa94d37a48e.jpeg
e14d9a418f59488fa17939d246e9d318,0.2359536932468718,data/public_test/public_test/e14d9a418f59488fa17939d246e9d318.jpeg
e1727f5fd60a4016a3ed08730e6791c6,0.6473319887212962,data/public_test/public_test/e1727f5fd60a4016a3ed08730e6791c6.jpeg
e17609aa041745cc87e55261972fdc15,0.6986631894446239,data/public_test/public_test/e17609aa041745cc87e55261972fdc15.jpeg
e1793dd9be3743c5b3e74231ada7abd1,0.462049924973536,data/public_test/public_test/e1793dd9be3743c5b3e74231ada7abd1.jpeg
e179febe400f4b458abc285984d6d216,0.9450828337647372,data/public_test/public_test/e179febe400f4b458abc285984d6d216.jpeg
e189f953190042cf8b22aba518d2e88b,0.5354098345304706,data/public_test/public_test/e189f953190042cf8b22aba518d2e88b.jpeg
e194941da5124ef79ac8ce7ee8fd393b,0.8321425634294157,data/public_test/public_test/e194941da5124ef79ac8ce7ee8fd393b.jpeg
e196a83e675d4ad8b31e3f4ee21e5619,0.0831708921228772,data/public_test/public_test/e196a83e675d4ad8b31e3f4ee21e5619.jpeg
e19e62d2ad374120832018d41afb7db9,0.1555493240064272,data/public_test/public_test/e19e62d2ad374120832018d41afb7db9.jpeg
e1a22cce852b4698be4e480b9291f39c,0.4775973794135022,data/public_test/public_test/e1a22cce852b4698be4e480b9291f39c.jpeg
e1ab730c66f44b1ebabf42a4fd524b33,0.6155129665513012,data/public_test/public_test/e1ab730c66f44b1ebabf42a4fd524b33.jpeg
e1b01e87ea3a46cba83f60e38d1c541f,0.1830169451077037,data/public_test/public_test/e1b01e87ea3a46cba83f60e38d1c541f.jpeg
e1c1bfa6b8d0456fadae746ceeb9a376,0.5182661137293526,data/public_test/public_test/e1c1bfa6b8d0456fadae746ceeb9a376.jpeg
e1c2707a506d4b0eb7c4c63e8fcaf0d2,0.835446257316733,data/public_test/public_test/e1c2707a506d4b0eb7c4c63e8fcaf0d2.jpeg
e1d143448ee84d9cafb14a1aae3ca75d,0.4307004952442376,data/public_test/public_test/e1d143448ee84d9cafb14a1aae3ca75d.jpeg
e1e063a2ff844416adaa5d78d462236d,0.9105787569003864,data/public_test/public_test/e1e063a2ff844416adaa5d78d462236d.jpeg
e1e8f0f0f5924303b42cf2b231724707,0.1484666703677802,data/public_test/public_test/e1e8f0f0f5924303b42cf2b231724707.jpeg
e1e9df0494494926991cbdb9b1fa35df,0.8132484892008529,data/public_test/public_test/e1e9df0494494926991cbdb9b1fa35df.jpeg
e1ec5e68f4834a7f9de292a9cd2860de,0.1689921744477006,data/public_test/public_test/e1ec5e68f4834a7f9de292a9cd2860de.jpeg
e21707737b4a4bfe88e772f6115e2efa,0.2117241914655386,data/public_test/public_test/e21707737b4a4bfe88e772f6115e2efa.jpeg
e2183f1a472b4e12b5b7e0922c8c2f50,0.2012739067238067,data/public_test/public_test/e2183f1a472b4e12b5b7e0922c8c2f50.jpeg
e22a546fdb3c409fabac04af29ef71a2,0.1448494959642126,data/public_test/public_test/e22a546fdb3c409fabac04af29ef71a2.jpeg
e22b6b8f8b99443597421fcfe7a0e2f4,0.5990051958430026,data/public_test/public_test/e22b6b8f8b99443597421fcfe7a0e2f4.jpeg
e22fe9bec0fa448c95b51aadd9f196ac,0.8669475200249463,data/public_test/public_test/e22fe9bec0fa448c95b51aadd9f196ac.jpeg
e231991470f544258f68488f7c249356,0.9949242983158,data/public_test/public_test/e231991470f544258f68488f7c249356.jpeg
e23487db392746bb9b7ce606e240bccc,0.391929709323006,data/public_test/public_test/e23487db392746bb9b7ce606e240bccc.jpeg
e2356486a15241a3abafd6da27203543,0.2118995845696091,data/public_test/public_test/e2356486a15241a3abafd6da27203543.jpeg
e23a0a5e391a4d69945e455ca79d50fe,0.1482984106588747,data/public_test/public_test/e23a0a5e391a4d69945e455ca79d50fe.jpeg
e2468562a29049b4b82cdf3b5889614f,0.1565704965405881,data/public_test/public_test/e2468562a29049b4b82cdf3b5889614f.jpeg
e24e72d833ce4806b949cc0a69beafc7,0.1862179374799733,data/public_test/public_test/e24e72d833ce4806b949cc0a69beafc7.jpeg
e2515e09d8c447c2835d7559681d58b4,0.8329742438977159,data/public_test/public_test/e2515e09d8c447c2835d7559681d58b4.jpeg
e26328015a674ab29a798a25ed9b9a40,0.8511669162674561,data/public_test/public_test/e26328015a674ab29a798a25ed9b9a40.jpeg
e26542a3da0c4ea38541a7aaf7941c55,0.3684285260964442,data/public_test/public_test/e26542a3da0c4ea38541a7aaf7941c55.jpeg
e282f5a7bd744692bd867df670f22dc8,0.8708690180559059,data/public_test/public_test/e282f5a7bd744692bd867df670f22dc8.jpeg
e29ee8265813488da144f321a8675f50,0.1482214496755383,data/public_test/public_test/e29ee8265813488da144f321a8675f50.jpeg
e2b291ebf88c42d8961ed15941be4a7d,0.8487548476552064,data/public_test/public_test/e2b291ebf88c42d8961ed15941be4a7d.jpeg
e2b75800d40246429200ef75908621a4,0.207842290054259,data/public_test/public_test/e2b75800d40246429200ef75908621a4.jpeg
e2b954655448478cb9f867a37fc4ef9e,0.7538965497119806,data/public_test/public_test/e2b954655448478cb9f867a37fc4ef9e.jpeg
e2be9c06098c4ebead6f1066ddab3a56,0.5990926085874261,data/public_test/public_test/e2be9c06098c4ebead6f1066ddab3a56.jpeg
e2c6d24781d94b3aa65a2b41a786b472,0.5990926085874261,data/public_test/public_test/e2c6d24781d94b3aa65a2b41a786b472.jpeg
e2d7f529aa1442bda449a59c6d2deb18,0.1823779167938644,data/public_test/public_test/e2d7f529aa1442bda449a59c6d2deb18.jpeg
e2db49e924b6437fbb56a5d453a109f0,0.1035999234461524,data/public_test/public_test/e2db49e924b6437fbb56a5d453a109f0.jpeg
e2e1fe9b9ce647dc9d19e9ccb075b3cb,0.8575604277174326,data/public_test/public_test/e2e1fe9b9ce647dc9d19e9ccb075b3cb.jpeg
e2eff2b02baf4c51a8b334fcafbd83a4,0.6159607944957706,data/public_test/public_test/e2eff2b02baf4c51a8b334fcafbd83a4.jpeg
e2f326557e1d421180a1632c6f303fb6,0.2920400127311127,data/public_test/public_test/e2f326557e1d421180a1632c6f303fb6.jpeg
e2f768ee74fa49c7b755e7b9d81254b5,0.1441642861483167,data/public_test/public_test/e2f768ee74fa49c7b755e7b9d81254b5.jpeg
e2fb7fdb646f4b5ebba6dd49dba04f8e,0.8487548476552064,data/public_test/public_test/e2fb7fdb646f4b5ebba6dd49dba04f8e.jpeg
e30255f07852480b8425e00d5cfba40d,0.1928714248890842,data/public_test/public_test/e30255f07852480b8425e00d5cfba40d.jpeg
e304f4c565bc42008c03174c51e556a1,0.4849750756248525,data/public_test/public_test/e304f4c565bc42008c03174c51e556a1.jpeg
e313287dc7af4840875bcd4ad35a71f8,0.0884656997112137,data/public_test/public_test/e313287dc7af4840875bcd4ad35a71f8.jpeg
e3204889496945c381d5eda948149d39,0.4535839234477055,data/public_test/public_test/e3204889496945c381d5eda948149d39.jpeg
e32ab34c78a8480e9e979b0c1f158dcb,0.1486835021120876,data/public_test/public_test/e32ab34c78a8480e9e979b0c1f158dcb.jpeg
e337e28518cb4b368012be1898f4d002,0.2690514952081714,data/public_test/public_test/e337e28518cb4b368012be1898f4d002.jpeg
e33c5a28723b45efa423b1e72bcaddb3,0.9595452412199196,data/public_test/public_test/e33c5a28723b45efa423b1e72bcaddb3.jpeg
e33cbae30b594d7ab10286edd9243e5e,0.2562564492853472,data/public_test/public_test/e33cbae30b594d7ab10286edd9243e5e.jpeg
e3489184a1134d289126b05e909a5259,0.2136853348098636,data/public_test/public_test/e3489184a1134d289126b05e909a5259.jpeg
e359ddd5d7474ac1a72ff98d27b702d3,0.2002126163463713,data/public_test/public_test/e359ddd5d7474ac1a72ff98d27b702d3.jpeg
e3628378af3f4e88a94446909966df77,0.1028335337376145,data/public_test/public_test/e3628378af3f4e88a94446909966df77.jpeg
e363c80d366e462a954690df809bd89c,0.9260205844237684,data/public_test/public_test/e363c80d366e462a954690df809bd89c.jpeg
e365ad547abf4aeda949c410b9b65e0c,0.7287115591206345,data/public_test/public_test/e365ad547abf4aeda949c410b9b65e0c.jpeg
e3721a13f99c4893b796566d259c646c,0.8218211955664084,data/public_test/public_test/e3721a13f99c4893b796566d259c646c.jpeg
e3731cbda5b64baba077ecea5a94d3b4,0.328549842584303,data/public_test/public_test/e3731cbda5b64baba077ecea5a94d3b4.jpeg
e37d9df8bf5f4d69b2ffc371efad7bff,0.7810031743533911,data/public_test/public_test/e37d9df8bf5f4d69b2ffc371efad7bff.jpeg
e37f80775f0d40d2a7508b6cd83c9c2a,0.8669475200249463,data/public_test/public_test/e37f80775f0d40d2a7508b6cd83c9c2a.jpeg
e3814f9b91dd418ca11ab2ec1c22c6d3,0.2673024516620116,data/public_test/public_test/e3814f9b91dd418ca11ab2ec1c22c6d3.jpeg
e39c386eddf142b2a0752984756ecb3c,0.4512376149693453,data/public_test/public_test/e39c386eddf142b2a0752984756ecb3c.jpeg
e39dbbee08ce45269cd4f8d08e2f8d7e,0.1466433947576279,data/public_test/public_test/e39dbbee08ce45269cd4f8d08e2f8d7e.jpeg
e3a5e95e1ace4ba88e2983529e6161c7,0.5519573410333357,data/public_test/public_test/e3a5e95e1ace4ba88e2983529e6161c7.jpeg
e3afe4d047ff415fa8fcc5cc2d66c28e,0.4937813351879952,data/public_test/public_test/e3afe4d047ff415fa8fcc5cc2d66c28e.jpeg
e3aff76094d343feab6e8683050354e4,0.2130479329319532,data/public_test/public_test/e3aff76094d343feab6e8683050354e4.jpeg
e3b184c5267648c9a63f34caf54fd68e,0.0701201409996919,data/public_test/public_test/e3b184c5267648c9a63f34caf54fd68e.jpeg
e3b6c06410e744cab73fc501da339d6c,0.0929821103458991,data/public_test/public_test/e3b6c06410e744cab73fc501da339d6c.jpeg
e3bac11c4c924cfe8536d3fea1fea3af,0.062910338822055,data/public_test/public_test/e3bac11c4c924cfe8536d3fea1fea3af.jpeg
e3bc75ace04b45848c3d4680c1c4c8b6,0.0741712954465182,data/public_test/public_test/e3bc75ace04b45848c3d4680c1c4c8b6.jpeg
e3c48a1929e04e56940b4919c6cf5f1b,0.0600112768149126,data/public_test/public_test/e3c48a1929e04e56940b4919c6cf5f1b.jpeg
e3c6e3684c8d4c5191003cb1a314d0df,0.548166061575628,data/public_test/public_test/e3c6e3684c8d4c5191003cb1a314d0df.jpeg
e3cad4e9456f440693f716f3c7ab6d71,0.5659278021050164,data/public_test/public_test/e3cad4e9456f440693f716f3c7ab6d71.jpeg
e3d42fc97e1f43448ac215da2bcb441c,0.2631650087855315,data/public_test/public_test/e3d42fc97e1f43448ac215da2bcb441c.jpeg
e3e3917c63644a56975b9ca01ea9e7ff,0.7824733209781455,data/public_test/public_test/e3e3917c63644a56975b9ca01ea9e7ff.jpeg
e3ef20dbb7a1443cab15e5d8ae8f5706,0.5044687480116549,data/public_test/public_test/e3ef20dbb7a1443cab15e5d8ae8f5706.jpeg
e3f764996f4848df9f61ef01ae04dc6d,0.5990926085874261,data/public_test/public_test/e3f764996f4848df9f61ef01ae04dc6d.jpeg
e40002e01ed841d3b613be5c517f5901,0.4292939419914134,data/public_test/public_test/e40002e01ed841d3b613be5c517f5901.jpeg
e4062c7385f8474987fa0bfde96906f0,0.1776424257853322,data/public_test/public_test/e4062c7385f8474987fa0bfde96906f0.jpeg
e4076b5dfcfc45018f6c1785083e69fa,0.5825848378791274,data/public_test/public_test/e4076b5dfcfc45018f6c1785083e69fa.jpeg
e40d817410624a09be59c1967c7eec8b,0.9295392325588844,data/public_test/public_test/e40d817410624a09be59c1967c7eec8b.jpeg
e42438e7432b44f7a250eb353ce4951b,0.0816393025146352,data/public_test/public_test/e42438e7432b44f7a250eb353ce4951b.jpeg
e426775dd89a42f1ae3b695d29fed09a,0.123603625400489,data/public_test/public_test/e426775dd89a42f1ae3b695d29fed09a.jpeg
e43039ed74a345b08fba2bda8d6dbd6b,0.9640433094232352,data/public_test/public_test/e43039ed74a345b08fba2bda8d6dbd6b.jpeg
e43cf4360bb940968bc4aae635518254,0.1909149643703534,data/public_test/public_test/e43cf4360bb940968bc4aae635518254.jpeg
e45e19e1a64e40289620c522bd087152,0.5490596161966718,data/public_test/public_test/e45e19e1a64e40289620c522bd087152.jpeg
e45ec46a6cbe4ffcb1631934ea2e684f,0.5488463647945435,data/public_test/public_test/e45ec46a6cbe4ffcb1631934ea2e684f.jpeg
e4681ebae9dd4c6bb35d65a85ea8c761,0.0917856320330868,data/public_test/public_test/e4681ebae9dd4c6bb35d65a85ea8c761.jpeg
e46ce5f5013941ca9e51bffa51b388de,0.7186874961044666,data/public_test/public_test/e46ce5f5013941ca9e51bffa51b388de.jpeg
e48cb56cabc74406a6d26221a801506d,0.1552551055673658,data/public_test/public_test/e48cb56cabc74406a6d26221a801506d.jpeg
e4aad5846b5145ecbbb56ab96443dfca,0.7097096120748673,data/public_test/public_test/e4aad5846b5145ecbbb56ab96443dfca.jpeg
e4c428c8a7ee48749ca503222484311e,0.7636231850799388,data/public_test/public_test/e4c428c8a7ee48749ca503222484311e.jpeg
e4ca56a49ecc4167bb8f243f112bd3a5,0.7999398988623797,data/public_test/public_test/e4ca56a49ecc4167bb8f243f112bd3a5.jpeg
e4d6ae75242742a39166337e09167e17,0.7284343322978678,data/public_test/public_test/e4d6ae75242742a39166337e09167e17.jpeg
e4da46aeab894622a1530eb384d7fa93,0.8550884142984154,data/public_test/public_test/e4da46aeab894622a1530eb384d7fa93.jpeg
e4da5cad7197449f90dc8faa3b371fe5,0.6159607944957706,data/public_test/public_test/e4da5cad7197449f90dc8faa3b371fe5.jpeg
e4dda43392f04fa298ecbadb1f6811e5,0.1710810121148841,data/public_test/public_test/e4dda43392f04fa298ecbadb1f6811e5.jpeg
e4e7625e2c004fa9a143716867c824e1,0.147601366884244,data/public_test/public_test/e4e7625e2c004fa9a143716867c824e1.jpeg
e4f02168d2e04b0b9407aeccb8125bd0,0.1903084893353674,data/public_test/public_test/e4f02168d2e04b0b9407aeccb8125bd0.jpeg
e4f1407e8ba94775921837c284275839,0.5825848378791274,data/public_test/public_test/e4f1407e8ba94775921837c284275839.jpeg
e4fa7f943ab84013a79c2c98e58c4d84,0.7194564482682684,data/public_test/public_test/e4fa7f943ab84013a79c2c98e58c4d84.jpeg
e5015c7c3cac42dca197409a223efb6e,0.9726821770738237,data/public_test/public_test/e5015c7c3cac42dca197409a223efb6e.jpeg
e50704d493c54286840f6f9881be617e,0.0875208768824561,data/public_test/public_test/e50704d493c54286840f6f9881be617e.jpeg
e50ecb33cf454c0bb9d50993e604bdda,0.9475376508985086,data/public_test/public_test/e50ecb33cf454c0bb9d50993e604bdda.jpeg
e5105dc85d7643318808c375b5383649,0.1491512197851949,data/public_test/public_test/e5105dc85d7643318808c375b5383649.jpeg
e514355de083475495f1fce4b65c9017,0.2069034763058968,data/public_test/public_test/e514355de083475495f1fce4b65c9017.jpeg
e514f973084a4063a2871c4725d75050,0.8329742438977159,data/public_test/public_test/e514f973084a4063a2871c4725d75050.jpeg
e51b7c19bab54e0689d84476e0c40d25,0.6323811524596458,data/public_test/public_test/e51b7c19bab54e0689d84476e0c40d25.jpeg
e51c944509824c9ea2e6355d4d00b74d,0.8888674363955301,data/public_test/public_test/e51c944509824c9ea2e6355d4d00b74d.jpeg
e52169ea30c9439cacb7fcbf7b45c033,0.9073184364571208,data/public_test/public_test/e52169ea30c9439cacb7fcbf7b45c033.jpeg
e5322bc2fcf745ed9b4058d65375b222,0.4416199166971357,data/public_test/public_test/e5322bc2fcf745ed9b4058d65375b222.jpeg
e5348dab8f4f4f21a9b3233db92d2f21,0.0462339318139814,data/public_test/public_test/e5348dab8f4f4f21a9b3233db92d2f21.jpeg
e536e31daf0546ba909245e978e7ab0c,0.1770877538262512,data/public_test/public_test/e536e31daf0546ba909245e978e7ab0c.jpeg
e5376c215389454ba52f55b835ecba0b,0.5317436023438579,data/public_test/public_test/e5376c215389454ba52f55b835ecba0b.jpeg
e53b197a841d4706aebb682bdd394a5b,0.6323811524596458,data/public_test/public_test/e53b197a841d4706aebb682bdd394a5b.jpeg
e53be3fceb374a8f928e743b876ae94f,0.2166702595352421,data/public_test/public_test/e53be3fceb374a8f928e743b876ae94f.jpeg
e53d6b028901432cbc6ba75969565a69,0.1284737421870133,data/public_test/public_test/e53d6b028901432cbc6ba75969565a69.jpeg
e541e5674beb4996b35f53314768263a,0.8487548476552064,data/public_test/public_test/e541e5674beb4996b35f53314768263a.jpeg
e543f12859a2455dac0a173547206d04,0.3990960589179301,data/public_test/public_test/e543f12859a2455dac0a173547206d04.jpeg
e54dd783c0fe42d0921223c13f2f4f6d,0.1505199693183483,data/public_test/public_test/e54dd783c0fe42d0921223c13f2f4f6d.jpeg
e552704c1668463a80489ac696a1a391,0.3376337082900012,data/public_test/public_test/e552704c1668463a80489ac696a1a391.jpeg
e556a494ac264db4b699278e3151723f,0.6461998433175563,data/public_test/public_test/e556a494ac264db4b699278e3151723f.jpeg
e55cbabd12ca430ebfb00414cf7fa0dc,0.9555985538989564,data/public_test/public_test/e55cbabd12ca430ebfb00414cf7fa0dc.jpeg
e5606ef19fa140dbae6e23a5f1c2960b,0.6862503696097016,data/public_test/public_test/e5606ef19fa140dbae6e23a5f1c2960b.jpeg
e56de1e9672643b7babc7426d1732da6,0.9105787569003864,data/public_test/public_test/e56de1e9672643b7babc7426d1732da6.jpeg
e57eb95bf97d4474aba46636b09e5c90,0.5652688240263136,data/public_test/public_test/e57eb95bf97d4474aba46636b09e5c90.jpeg
e589801eb9ed4a1194796d367ba51469,0.5661623786473574,data/public_test/public_test/e589801eb9ed4a1194796d367ba51469.jpeg
e58ed019a7b24acc9ae58cae194ac273,0.7186874961044666,data/public_test/public_test/e58ed019a7b24acc9ae58cae194ac273.jpeg
e592051117c04db1934c294c918f293c,0.1233082226104323,data/public_test/public_test/e592051117c04db1934c294c918f293c.jpeg
e5972ee138e142bdac04f877c4d9cedb,0.8702719141299468,data/public_test/public_test/e5972ee138e142bdac04f877c4d9cedb.jpeg
e5a1e9f683b946d4b8ea98dde81fd7cf,0.7097096120748673,data/public_test/public_test/e5a1e9f683b946d4b8ea98dde81fd7cf.jpeg
e5a6a09e693c41acaac23cdb0e7b4be2,0.6873821902720395,data/public_test/public_test/e5a6a09e693c41acaac23cdb0e7b4be2.jpeg
e5ade3476b9944e899f77e1277b5ed0c,0.9295392325588844,data/public_test/public_test/e5ade3476b9944e899f77e1277b5ed0c.jpeg
e5bf92cc8a7846efa9500802471e0321,0.9640433094232352,data/public_test/public_test/e5bf92cc8a7846efa9500802471e0321.jpeg
e5bfcc32e8c44fb9b559e6d6a0af972e,0.1632304624042213,data/public_test/public_test/e5bfcc32e8c44fb9b559e6d6a0af972e.jpeg
e5cc3fc4945b46f1843c4da90c02bcac,0.9193260267785318,data/public_test/public_test/e5cc3fc4945b46f1843c4da90c02bcac.jpeg
e5cf0ea3082c4ee2a1a483f0bc552beb,0.3491072450024341,data/public_test/public_test/e5cf0ea3082c4ee2a1a483f0bc552beb.jpeg
e5d285fe1c044ebaa400939fbd3194dc,0.5825848378791274,data/public_test/public_test/e5d285fe1c044ebaa400939fbd3194dc.jpeg
e5df91408e43419e97bf967a947fce1c,0.7376894431502338,data/public_test/public_test/e5df91408e43419e97bf967a947fce1c.jpeg
e5f2804ff9f5403dbf6250b125bdd2bc,0.8979155860048555,data/public_test/public_test/e5f2804ff9f5403dbf6250b125bdd2bc.jpeg
e5f474ac272a473c90f8af15b2aab3f5,0.5488463647945435,data/public_test/public_test/e5f474ac272a473c90f8af15b2aab3f5.jpeg
e5f5d54e9b3e45ae8428705f0a2028df,0.1272360108004794,data/public_test/public_test/e5f5d54e9b3e45ae8428705f0a2028df.jpeg
e5f8c4da6cce461ba62b658236a6a7f7,0.888464586499687,data/public_test/public_test/e5f8c4da6cce461ba62b658236a6a7f7.jpeg
e5fa8678601a405fb4e11ea0aef44daf,0.6611506795792067,data/public_test/public_test/e5fa8678601a405fb4e11ea0aef44daf.jpeg
e6093899d5524af48a43242112098488,0.9949242983158,data/public_test/public_test/e6093899d5524af48a43242112098488.jpeg
e609d15990d845078d499e93121ff6fa,0.1026618519638517,data/public_test/public_test/e609d15990d845078d499e93121ff6fa.jpeg
e60e24360d9d4436a3162c24f43d38ad,0.5654820754284418,data/public_test/public_test/e60e24360d9d4436a3162c24f43d38ad.jpeg
e61485d9ab8a47d7b8a19eee51b11be1,0.7621291372151107,data/public_test/public_test/e61485d9ab8a47d7b8a19eee51b11be1.jpeg
e62a14c59a284dcba2b91abd4e6d165c,0.889061690425646,data/public_test/public_test/e62a14c59a284dcba2b91abd4e6d165c.jpeg
e634029cd0d241178e92343e5ed482d2,0.8052089113406179,data/public_test/public_test/e634029cd0d241178e92343e5ed482d2.jpeg
e6355d3b6e544d5ca851ae7b73b1339d,0.6567629074734729,data/public_test/public_test/e6355d3b6e544d5ca851ae7b73b1339d.jpeg
e63c3274f5034451882a2f7f026632cc,0.398413545274346,data/public_test/public_test/e63c3274f5034451882a2f7f026632cc.jpeg
e63c8dcfe95e49babddeeb43f0ae9317,0.6159607944957706,data/public_test/public_test/e63c8dcfe95e49babddeeb43f0ae9317.jpeg
e63fbf6ae8af421a9ca37c8a3a62e826,0.427075385143218,data/public_test/public_test/e63fbf6ae8af421a9ca37c8a3a62e826.jpeg
e658e717212b4b4fbc48bd12468deed5,0.175511969369235,data/public_test/public_test/e658e717212b4b4fbc48bd12468deed5.jpeg
e683c023f188400eb123aa15af137b0b,0.443754381895749,data/public_test/public_test/e683c023f188400eb123aa15af137b0b.jpeg
e683fde5647c4fccbcebf06edefc1721,0.2829978585575858,data/public_test/public_test/e683fde5647c4fccbcebf06edefc1721.jpeg
e68f51789162438d92db3895c7064400,0.8052089113406179,data/public_test/public_test/e68f51789162438d92db3895c7064400.jpeg
e69335d403db47f1ac080bc9b383c229,0.7376894431502338,data/public_test/public_test/e69335d403db47f1ac080bc9b383c229.jpeg
e6933667b6bf447caa9bf42b8d444db2,0.0955809884962943,data/public_test/public_test/e6933667b6bf447caa9bf42b8d444db2.jpeg
e6998a8bd5c14262a973ff1fa7532531,0.946044891083611,data/public_test/public_test/e6998a8bd5c14262a973ff1fa7532531.jpeg
e6bcb424174048c8aa4a5ef6c82a1376,0.7250649601442415,data/public_test/public_test/e6bcb424174048c8aa4a5ef6c82a1376.jpeg
e6bfb01a5ce040d7b5f48a3cee1312f0,0.889061690425646,data/public_test/public_test/e6bfb01a5ce040d7b5f48a3cee1312f0.jpeg
e6c6d3f0e0694a7f9c83dc2bc48cd993,0.8196656535592427,data/public_test/public_test/e6c6d3f0e0694a7f9c83dc2bc48cd993.jpeg
e6de1c1d2e7f49169112820603298a7b,0.673563499414129,data/public_test/public_test/e6de1c1d2e7f49169112820603298a7b.jpeg
e6ee437502e64b1fbea2bf1880087116,0.5317436023438579,data/public_test/public_test/e6ee437502e64b1fbea2bf1880087116.jpeg
e6f1e2bc640945e2a7c2f93a9f50ad0b,0.2438013885079009,data/public_test/public_test/e6f1e2bc640945e2a7c2f93a9f50ad0b.jpeg
e6f8ba8bf56f431298c50a3ea7639d7e,0.4984746916818579,data/public_test/public_test/e6f8ba8bf56f431298c50a3ea7639d7e.jpeg
e707fc4e840d4991b9806d88b3952ecd,0.4242811859552435,data/public_test/public_test/e707fc4e840d4991b9806d88b3952ecd.jpeg
e71220fb43704ca896be4ecd939d2e7d,0.3986696816439634,data/public_test/public_test/e71220fb43704ca896be4ecd939d2e7d.jpeg
e7142b52f5554f28a64e6b3101996a3f,0.7943117646918644,data/public_test/public_test/e7142b52f5554f28a64e6b3101996a3f.jpeg
e718d85ea0e34dbbb0ff347390d2fa30,0.6158733817513472,data/public_test/public_test/e718d85ea0e34dbbb0ff347390d2fa30.jpeg
e727a9a9f9414241934de3bc6942a5c9,0.0882882981225061,data/public_test/public_test/e727a9a9f9414241934de3bc6942a5c9.jpeg
e73a07b30e8f44c4804120e5c9e59eae,0.2543336226975298,data/public_test/public_test/e73a07b30e8f44c4804120e5c9e59eae.jpeg
e741aec54352447e8db73ff1f8f88408,0.2992484231598842,data/public_test/public_test/e741aec54352447e8db73ff1f8f88408.jpeg
e74c31bff2c94346b27bcc7697365a3e,0.3395537404644104,data/public_test/public_test/e74c31bff2c94346b27bcc7697365a3e.jpeg
e74edfb5f9ce4a4e83997a5dd257f40d,0.8597782422995665,data/public_test/public_test/e74edfb5f9ce4a4e83997a5dd257f40d.jpeg
e75199c77dc9498294505856255d1f44,0.3600270594197177,data/public_test/public_test/e75199c77dc9498294505856255d1f44.jpeg
e771b9a866954b1caeb5d0a3721b3126,0.9295392325588844,data/public_test/public_test/e771b9a866954b1caeb5d0a3721b3126.jpeg
e77786fc9e3c410caa4838fd093a1195,0.8583985648089003,data/public_test/public_test/e77786fc9e3c410caa4838fd093a1195.jpeg
e77aba7b8fbe4c45b0c74ac40512b350,0.1302136875160806,data/public_test/public_test/e77aba7b8fbe4c45b0c74ac40512b350.jpeg
e77d1723f66f48cb913216e95e94bd09,0.958052481405022,data/public_test/public_test/e77d1723f66f48cb913216e95e94bd09.jpeg
e781885fcd7f4832bdbd9f1141b741f1,0.4209549498296861,data/public_test/public_test/e781885fcd7f4832bdbd9f1141b741f1.jpeg
e78888634f2e41f58941ea8329b7921c,0.627627559164646,data/public_test/public_test/e78888634f2e41f58941ea8329b7921c.jpeg
e78c24bb6923480f9b36976e885d0ca7,0.3955563148718261,data/public_test/public_test/e78c24bb6923480f9b36976e885d0ca7.jpeg
e797d621cf5140448782a5d6d7a6cfa8,0.8030533693334521,data/public_test/public_test/e797d621cf5140448782a5d6d7a6cfa8.jpeg
e799d799c87d44f4850c237d77a8e707,0.8503352357991559,data/public_test/public_test/e799d799c87d44f4850c237d77a8e707.jpeg
e79a5a0ba6f9491e863ff50777126590,0.9239307206829114,data/public_test/public_test/e79a5a0ba6f9491e863ff50777126590.jpeg
e7ba8c92d177416095a28944bdf0a107,0.6972967922399449,data/public_test/public_test/e7ba8c92d177416095a28944bdf0a107.jpeg
e7d85cf8872445d2865d954188d157da,0.0954179573968516,data/public_test/public_test/e7d85cf8872445d2865d954188d157da.jpeg
e7e8bc0b100d43ac9ef018523c52d898,0.6749693704371172,data/public_test/public_test/e7e8bc0b100d43ac9ef018523c52d898.jpeg
e7f5f48c944847aaae305ab26ff84bb5,0.8054648130231717,data/public_test/public_test/e7f5f48c944847aaae305ab26ff84bb5.jpeg
e7fdc40d36c944afbfc965843da5406e,0.888464586499687,data/public_test/public_test/e7fdc40d36c944afbfc965843da5406e.jpeg
e80fe871641c4d84afd22da3b2b2164c,0.6611506795792067,data/public_test/public_test/e80fe871641c4d84afd22da3b2b2164c.jpeg
e81b2c98349e4d84b99d2f167eb07202,0.9760508997446462,data/public_test/public_test/e81b2c98349e4d84b99d2f167eb07202.jpeg
e81cf3aeb0814a95874f4c93edb2761e,0.8702719141299468,data/public_test/public_test/e81cf3aeb0814a95874f4c93edb2761e.jpeg
e81f287bff734398898a743c15f29c44,0.3681309401709124,data/public_test/public_test/e81f287bff734398898a743c15f29c44.jpeg
e822ce0c67d1434a9ff62b1e09241463,0.3299992098527136,data/public_test/public_test/e822ce0c67d1434a9ff62b1e09241463.jpeg
e8282d001b5a4f6f9a23c6a5404b1e60,0.3834008212153552,data/public_test/public_test/e8282d001b5a4f6f9a23c6a5404b1e60.jpeg
e82afdad78ae473ca4e01de3f8fd8329,0.6159607944957706,data/public_test/public_test/e82afdad78ae473ca4e01de3f8fd8329.jpeg
e82b09390b68486bbf99fd65b09bbc48,0.6862503696097016,data/public_test/public_test/e82b09390b68486bbf99fd65b09bbc48.jpeg
e82df46d0d4844fba9cd58a5b3345a1f,0.26188172354839,data/public_test/public_test/e82df46d0d4844fba9cd58a5b3345a1f.jpeg
e8300baaa1c64c659fdb8a043201d223,0.7372416152057645,data/public_test/public_test/e8300baaa1c64c659fdb8a043201d223.jpeg
e8302021db1346dea810506a59fe520b,0.2049842791808068,data/public_test/public_test/e8302021db1346dea810506a59fe520b.jpeg
e845ced9b4f945729ee556cec8f9f0c2,0.1858763368143439,data/public_test/public_test/e845ced9b4f945729ee556cec8f9f0c2.jpeg
e846508171a548368e9bb47768267c1f,0.4841655225990522,data/public_test/public_test/e846508171a548368e9bb47768267c1f.jpeg
e8494beeb55e410b9ef2f125209487ee,0.1821621002075529,data/public_test/public_test/e8494beeb55e410b9ef2f125209487ee.jpeg
e84dec2c301d4cac8cbacaa2aedd1e8d,0.4841655225990522,data/public_test/public_test/e84dec2c301d4cac8cbacaa2aedd1e8d.jpeg
e8649b7123294ed4b840035aa83a63f7,0.2220506514920416,data/public_test/public_test/e8649b7123294ed4b840035aa83a63f7.jpeg
e86681b9bbf844f6aaf6b6fac0684fba,0.4912454691497102,data/public_test/public_test/e86681b9bbf844f6aaf6b6fac0684fba.jpeg
e86e76123db84c27972b92d470d9ebf1,0.6323811524596458,data/public_test/public_test/e86e76123db84c27972b92d470d9ebf1.jpeg
e88a14bc385c4e85884c194ab9ef703c,0.7461566071957048,data/public_test/public_test/e88a14bc385c4e85884c194ab9ef703c.jpeg
e8964a6218c243a189b6864eebd66b77,0.1433529156622334,data/public_test/public_test/e8964a6218c243a189b6864eebd66b77.jpeg
e8ad8d0181c245bf9323aac19cf390e7,0.7194564482682684,data/public_test/public_test/e8ad8d0181c245bf9323aac19cf390e7.jpeg
e8b4799224134e17af9124d0ce70247a,0.6879544678542676,data/public_test/public_test/e8b4799224134e17af9124d0ce70247a.jpeg
e8b959da1e094393b657affb704204f7,0.5654820754284418,data/public_test/public_test/e8b959da1e094393b657affb704204f7.jpeg
e8c5469ae5b74b10aaebd11437bfc1a2,0.1791014152233493,data/public_test/public_test/e8c5469ae5b74b10aaebd11437bfc1a2.jpeg
e8d2609f72ae4ccab5bd2979ecf56e21,0.4441577229970743,data/public_test/public_test/e8d2609f72ae4ccab5bd2979ecf56e21.jpeg
e8ddcaa79c1b494b80cc5c54f5b0c953,0.3743147232536337,data/public_test/public_test/e8ddcaa79c1b494b80cc5c54f5b0c953.jpeg
e8e62f30bbbc4c35ae65c3e22fa6ead0,0.7905028536862758,data/public_test/public_test/e8e62f30bbbc4c35ae65c3e22fa6ead0.jpeg
e8ececc914984f90ac8d5c60cd7cb28a,0.5819898461367404,data/public_test/public_test/e8ececc914984f90ac8d5c60cd7cb28a.jpeg
e8f6f99578394ef9b740da3e47a5f2a7,0.984111802745094,data/public_test/public_test/e8f6f99578394ef9b740da3e47a5f2a7.jpeg
e8f9402b1b004261bbb9b85b9ac4ded5,0.7450892668040839,data/public_test/public_test/e8f9402b1b004261bbb9b85b9ac4ded5.jpeg
e8fb96696a694d5083111e578a5f93c4,0.958052481405022,data/public_test/public_test/e8fb96696a694d5083111e578a5f93c4.jpeg
e9049b6a58dc4108978e707fb1997dbb,0.2685817144720401,data/public_test/public_test/e9049b6a58dc4108978e707fb1997dbb.jpeg
e908eaad6e71485a92384495e6b79509,0.1546184132084848,data/public_test/public_test/e908eaad6e71485a92384495e6b79509.jpeg
e90cc3e489f5449ea1aa873bcba4f09e,0.5317436023438579,data/public_test/public_test/e90cc3e489f5449ea1aa873bcba4f09e.jpeg
e90ecc9e2b5948d9851c715b834dd959,0.6159607944957706,data/public_test/public_test/e90ecc9e2b5948d9851c715b834dd959.jpeg
e916f1d097264990a72305fb3235f5fd,0.2905897340036413,data/public_test/public_test/e916f1d097264990a72305fb3235f5fd.jpeg
e9272debf2d04808a2fce0082146d23f,0.1895007373963341,data/public_test/public_test/e9272debf2d04808a2fce0082146d23f.jpeg
e929d1f406a64397ab92f7e4f3367c22,0.2141555085103803,data/public_test/public_test/e929d1f406a64397ab92f7e4f3367c22.jpeg
e94460e3a0a34259807f07403a8fe43d,0.1963675362437988,data/public_test/public_test/e94460e3a0a34259807f07403a8fe43d.jpeg
e954f69e4e1b43f880c963761638a1ab,0.3824608558630298,data/public_test/public_test/e954f69e4e1b43f880c963761638a1ab.jpeg
e958be1a8f124d9b9ac0cfd5029c9b16,0.5490596161966718,data/public_test/public_test/e958be1a8f124d9b9ac0cfd5029c9b16.jpeg
e9636e31b3694ddfa26b4dff8672bd1f,0.6940996094390793,data/public_test/public_test/e9636e31b3694ddfa26b4dff8672bd1f.jpeg
e9693cae7b3a4891a776962e2ee99ba3,0.8718523022738962,data/public_test/public_test/e9693cae7b3a4891a776962e2ee99ba3.jpeg
e96bf6eaa6274e9e8cffea973c7dfd1e,0.5654820754284418,data/public_test/public_test/e96bf6eaa6274e9e8cffea973c7dfd1e.jpeg
e9705616a9f64f928c142236c690ba36,0.548166061575628,data/public_test/public_test/e9705616a9f64f928c142236c690ba36.jpeg
e975d4d70f9b4f92bb29960f7d218496,0.5047229577642156,data/public_test/public_test/e975d4d70f9b4f92bb29960f7d218496.jpeg
e9853079b1904f0f893085706bc81426,0.2419261842915538,data/public_test/public_test/e9853079b1904f0f893085706bc81426.jpeg
e9868e451c0a415aaf725a1aa19447b4,0.4168387993463867,data/public_test/public_test/e9868e451c0a415aaf725a1aa19447b4.jpeg
e98c3547f93d4de18abd5fa591fe2fcc,0.7623637137574516,data/public_test/public_test/e98c3547f93d4de18abd5fa591fe2fcc.jpeg
e990baa0ecd248bcb01e68f0d42cdb1a,0.1745311166183801,data/public_test/public_test/e990baa0ecd248bcb01e68f0d42cdb1a.jpeg
e9a22bfac0bf46848c1a4a09add163fc,0.5990051958430026,data/public_test/public_test/e9a22bfac0bf46848c1a4a09add163fc.jpeg
e9a52c21448a4d31ae59e10d11aaee69,0.0855153531228415,data/public_test/public_test/e9a52c21448a4d31ae59e10d11aaee69.jpeg
e9af58e271774412a46d0f4e80f2c265,0.7097096120748673,data/public_test/public_test/e9af58e271774412a46d0f4e80f2c265.jpeg
e9bd0a573cdc4ec9887d4c6d1f91017e,0.2142402032511373,data/public_test/public_test/e9bd0a573cdc4ec9887d4c6d1f91017e.jpeg
e9bdb9bbd8d944c5a6da549e832c4e28,0.5490596161966718,data/public_test/public_test/e9bdb9bbd8d944c5a6da549e832c4e28.jpeg
e9c4d056bddf4414a580f1b073f7c4f1,0.879077494192173,data/public_test/public_test/e9c4d056bddf4414a580f1b073f7c4f1.jpeg
e9c861a2703245b0a3a73c76f1786f60,0.4841655225990522,data/public_test/public_test/e9c861a2703245b0a3a73c76f1786f60.jpeg
e9c909caf0dc4bbc9bfb5b6c2df41bf4,0.3461219709753796,data/public_test/public_test/e9c909caf0dc4bbc9bfb5b6c2df41bf4.jpeg
e9cc40ab830d41a497318edaa1fe7277,0.1077393584337536,data/public_test/public_test/e9cc40ab830d41a497318edaa1fe7277.jpeg
e9dbd054691b4565a998d9a28d30f706,0.1812758263433186,data/public_test/public_test/e9dbd054691b4565a998d9a28d30f706.jpeg
e9dd7b6a6678453da0dc28d0cc82ff6c,0.4331316922166282,data/public_test/public_test/e9dd7b6a6678453da0dc28d0cc82ff6c.jpeg
e9e604d027ef457f8daf588759126e0a,0.1308142953744772,data/public_test/public_test/e9e604d027ef457f8daf588759126e0a.jpeg
e9e6e941f0294e4c8889c341209f74c4,0.3574674586054391,data/public_test/public_test/e9e6e941f0294e4c8889c341209f74c4.jpeg
e9ebd5a5f2d646c1a86b851fbebd9a66,0.5661623786473574,data/public_test/public_test/e9ebd5a5f2d646c1a86b851fbebd9a66.jpeg
e9f052afd91c4c71a36bf86a75408d13,0.9359383110043225,data/public_test/public_test/e9f052afd91c4c71a36bf86a75408d13.jpeg
e9f560ce567f426cbb94822fd32d447c,0.742591390051985,data/public_test/public_test/e9f560ce567f426cbb94822fd32d447c.jpeg
ea030db7ba934df9b0e294f2606ff46f,0.0177001082804505,data/public_test/public_test/ea030db7ba934df9b0e294f2606ff46f.jpeg
ea0814122ac1490fa016335a7cc099ec,0.6536884687357761,data/public_test/public_test/ea0814122ac1490fa016335a7cc099ec.jpeg
ea1bf95a5c684cbc9b2d206122db864c,0.0742970904415135,data/public_test/public_test/ea1bf95a5c684cbc9b2d206122db864c.jpeg
ea21cf8584aa4bfc90be77e3fa9d6cd8,0.3857461008911227,data/public_test/public_test/ea21cf8584aa4bfc90be77e3fa9d6cd8.jpeg
ea288e1e8fa9470292df8391ad5506f2,0.1161025192696499,data/public_test/public_test/ea288e1e8fa9470292df8391ad5506f2.jpeg
ea3a78dcfdc24d4eabfb3787aafdfab2,0.9049702450244134,data/public_test/public_test/ea3a78dcfdc24d4eabfb3787aafdfab2.jpeg
ea454d7829914cc49f1cca160a59aa92,0.6749693704371172,data/public_test/public_test/ea454d7829914cc49f1cca160a59aa92.jpeg
ea4b8776ebbf4548aeaf530a916dd3c7,0.1282597430609848,data/public_test/public_test/ea4b8776ebbf4548aeaf530a916dd3c7.jpeg
ea4def276e24418eb878b2b6cb8ccbff,0.1642993500931101,data/public_test/public_test/ea4def276e24418eb878b2b6cb8ccbff.jpeg
ea50ca79d47947d8b4640f50ab7931f9,0.5179462366261602,data/public_test/public_test/ea50ca79d47947d8b4640f50ab7931f9.jpeg
ea5114aa44e94b1889e031b7327315c4,0.8317130697295584,data/public_test/public_test/ea5114aa44e94b1889e031b7327315c4.jpeg
ea5bd32c8355410ea4b117e7b96d559e,0.5044687480116549,data/public_test/public_test/ea5bd32c8355410ea4b117e7b96d559e.jpeg
ea6e6a666bd34fbb8650865fc2717548,0.8669475200249463,data/public_test/public_test/ea6e6a666bd34fbb8650865fc2717548.jpeg
ea8f4d72f9d744278084d4fe994fe5c9,0.7518465009043512,data/public_test/public_test/ea8f4d72f9d744278084d4fe994fe5c9.jpeg
ea964cc67e1f41efba5e2ac7c4c7a5d7,0.9295392325588844,data/public_test/public_test/ea964cc67e1f41efba5e2ac7c4c7a5d7.jpeg
eaa304e1e1444590a9ec1606f789a15e,0.9105787569003864,data/public_test/public_test/eaa304e1e1444590a9ec1606f789a15e.jpeg
eaa40fde91af455da124f911e75cc80b,0.4841655225990522,data/public_test/public_test/eaa40fde91af455da124f911e75cc80b.jpeg
eac2da2554c643a4ab3e2db99549ea95,0.6159607944957706,data/public_test/public_test/eac2da2554c643a4ab3e2db99549ea95.jpeg
eacb210fb4c94e78aabffa3b63eded63,0.0815951458707318,data/public_test/public_test/eacb210fb4c94e78aabffa3b63eded63.jpeg
eacbce6529d040258c901ad018304559,0.1152014601204104,data/public_test/public_test/eacbce6529d040258c901ad018304559.jpeg
ead72bc45c61400189edd761c433c995,0.1839565229534822,data/public_test/public_test/ead72bc45c61400189edd761c433c995.jpeg
ead7818f6d844742ae994e80dbde77b1,0.3977315719567919,data/public_test/public_test/ead7818f6d844742ae994e80dbde77b1.jpeg
eadd36d9f1c3440b824a2d60cb0d25db,0.888464586499687,data/public_test/public_test/eadd36d9f1c3440b824a2d60cb0d25db.jpeg
eae72623b7914d769c4b4441f5e25ace,0.4841655225990522,data/public_test/public_test/eae72623b7914d769c4b4441f5e25ace.jpeg
eaf1264b55594cb79b78b8c459809bb6,0.9295392325588844,data/public_test/public_test/eaf1264b55594cb79b78b8c459809bb6.jpeg
eaf68810175e4cf0b26244edd966f9b0,0.3762757246941527,data/public_test/public_test/eaf68810175e4cf0b26244edd966f9b0.jpeg
eafcacbdee5c4fe0b94772905a2b362c,0.3944904835726024,data/public_test/public_test/eafcacbdee5c4fe0b94772905a2b362c.jpeg
eb3e86af2bf34a91a7384bd95f13589f,0.8922415623266536,data/public_test/public_test/eb3e86af2bf34a91a7384bd95f13589f.jpeg
eb4cbb74a808498296a67e4b0d31707f,0.8497114880691826,data/public_test/public_test/eb4cbb74a808498296a67e4b0d31707f.jpeg
eb4ebcdb505f4e8ba8722628918e352c,0.9295392325588844,data/public_test/public_test/eb4ebcdb505f4e8ba8722628918e352c.jpeg
eb53f63bee694ee4a5fc63ae7cc18f34,0.1610162827426536,data/public_test/public_test/eb53f63bee694ee4a5fc63ae7cc18f34.jpeg
eb5c4f84180b4fbe8ac44afbfed0b4f2,0.1851140950632087,data/public_test/public_test/eb5c4f84180b4fbe8ac44afbfed0b4f2.jpeg
eb5f31fe33794b80a3cabf45cd5fcd96,0.3024892495678167,data/public_test/public_test/eb5f31fe33794b80a3cabf45cd5fcd96.jpeg
eb65778b011241c188e164e113726fb9,0.1776468848395401,data/public_test/public_test/eb65778b011241c188e164e113726fb9.jpeg
eb6fbbdc23dc490699c3bb15b99d51d0,0.4583394051548913,data/public_test/public_test/eb6fbbdc23dc490699c3bb15b99d51d0.jpeg
eb7fa58c9ec54d5db92f98a53103dbb2,0.0731904972740502,data/public_test/public_test/eb7fa58c9ec54d5db92f98a53103dbb2.jpeg
eb8306a2eb814671bf7286b9e81a8cb6,0.1012963825917497,data/public_test/public_test/eb8306a2eb814671bf7286b9e81a8cb6.jpeg
eb853a4f0dff41929a5cc05f7ab7e000,0.0822307521197138,data/public_test/public_test/eb853a4f0dff41929a5cc05f7ab7e000.jpeg
eb8d5cc08c684e7b8ce1ce59de3a5bdd,0.3391266700449304,data/public_test/public_test/eb8d5cc08c684e7b8ce1ce59de3a5bdd.jpeg
eb9f6843e22145be933ac4f69b4aa6fb,0.1134108633194012,data/public_test/public_test/eb9f6843e22145be933ac4f69b4aa6fb.jpeg
ebae900829fa42f0bf5ccbbf6f81550e,0.0800585677979292,data/public_test/public_test/ebae900829fa42f0bf5ccbbf6f81550e.jpeg
ebaf5bdef5b447d6892c9b0dbfcb2797,0.1386637753487572,data/public_test/public_test/ebaf5bdef5b447d6892c9b0dbfcb2797.jpeg
ebb0102a79934aaebcbf6b00ee8e8eb4,0.4338574619607323,data/public_test/public_test/ebb0102a79934aaebcbf6b00ee8e8eb4.jpeg
ebb3a383820f410291b4eeef7e0f7808,0.9295392325588844,data/public_test/public_test/ebb3a383820f410291b4eeef7e0f7808.jpeg
ebc15c9fdca64f2892c4e1488858fd43,0.4257961714537376,data/public_test/public_test/ebc15c9fdca64f2892c4e1488858fd43.jpeg
ebd86f8dcf434d768bca5d2b48c9bbe9,0.9966305278463736,data/public_test/public_test/ebd86f8dcf434d768bca5d2b48c9bbe9.jpeg
ebdec8a1c54140ffb013cbdcdce91e69,0.3546521307594446,data/public_test/public_test/ebdec8a1c54140ffb013cbdcdce91e69.jpeg
ebee54b2caec453185830bfc97afed9e,0.6611506795792067,data/public_test/public_test/ebee54b2caec453185830bfc97afed9e.jpeg
ec00057305014439b545e6fe9096a033,0.162758323881777,data/public_test/public_test/ec00057305014439b545e6fe9096a033.jpeg
ec0ffa9d8eec4894a621454107a0203c,0.3418992493694029,data/public_test/public_test/ec0ffa9d8eec4894a621454107a0203c.jpeg
ec1140f6ac044373841b671e784bea53,0.3298716628914994,data/public_test/public_test/ec1140f6ac044373841b671e784bea53.jpeg
ec177c08b1154c9c8e6d778bc672e42c,0.2360823426915008,data/public_test/public_test/ec177c08b1154c9c8e6d778bc672e42c.jpeg
ec1df4645f334172af9e115c656cdf84,0.888464586499687,data/public_test/public_test/ec1df4645f334172af9e115c656cdf84.jpeg
ec25abe56e91461ba301584ea3db5c37,0.8979155860048555,data/public_test/public_test/ec25abe56e91461ba301584ea3db5c37.jpeg
ec3db124256d4d52bd5c192238269230,0.9475376508985086,data/public_test/public_test/ec3db124256d4d52bd5c192238269230.jpeg
ec400c2cf9f74d999692fbcf76302fd3,0.5044687480116549,data/public_test/public_test/ec400c2cf9f74d999692fbcf76302fd3.jpeg
ec44099929984084be80ece178d6a185,0.6749693704371172,data/public_test/public_test/ec44099929984084be80ece178d6a185.jpeg
ec47cf529c08457f8f8d42bc32fb1e7d,0.9760508997446462,data/public_test/public_test/ec47cf529c08457f8f8d42bc32fb1e7d.jpeg
ec4f4cbb2d0442e6890a132266b18a87,0.9105787569003864,data/public_test/public_test/ec4f4cbb2d0442e6890a132266b18a87.jpeg
ec573feb0b5d471bb1afb7aba907d0e8,0.4466526334138463,data/public_test/public_test/ec573feb0b5d471bb1afb7aba907d0e8.jpeg
ec59752c46a544498537f5fa44593449,0.1620294322539434,data/public_test/public_test/ec59752c46a544498537f5fa44593449.jpeg
ec60fb8c54b044fc8685c3ccd98825d3,0.0211121088831478,data/public_test/public_test/ec60fb8c54b044fc8685c3ccd98825d3.jpeg
ec62472ec19c48338b8f945dd89e8915,0.5317436023438579,data/public_test/public_test/ec62472ec19c48338b8f945dd89e8915.jpeg
ec68db0d1c614da58e8238cf49eb0c2e,0.968864976975728,data/public_test/public_test/ec68db0d1c614da58e8238cf49eb0c2e.jpeg
ec7042253ff048e298f5ba817c04350c,0.4095454867789881,data/public_test/public_test/ec7042253ff048e298f5ba817c04350c.jpeg
ec7c1225a69c4f7fb939ba16baca44c9,0.7732608604062051,data/public_test/public_test/ec7c1225a69c4f7fb939ba16baca44c9.jpeg
ec95352bad2949258c25b49b3537ae47,0.4124024333738962,data/public_test/public_test/ec95352bad2949258c25b49b3537ae47.jpeg
ec9a0daccd27459a9ddfbed92692a13f,0.6986631894446239,data/public_test/public_test/ec9a0daccd27459a9ddfbed92692a13f.jpeg
ec9eb670fc614db5927d7c4b3c06c6f8,0.7079183002969899,data/public_test/public_test/ec9eb670fc614db5927d7c4b3c06c6f8.jpeg
ec9ed7495f0a4892b916357d716411ab,0.9380281747451792,data/public_test/public_test/ec9ed7495f0a4892b916357d716411ab.jpeg
eca07bde3f6545758a3e8a4a29faf387,0.1107306087941712,data/public_test/public_test/eca07bde3f6545758a3e8a4a29faf387.jpeg
eca74c288222471db1331f0900d9f48f,0.342624478787477,data/public_test/public_test/eca74c288222471db1331f0900d9f48f.jpeg
ecaba54bc9c34179ac248dc6f018a21f,0.6323811524596458,data/public_test/public_test/ecaba54bc9c34179ac248dc6f018a21f.jpeg
ecbaa9296ecf491292ca63cddebe5279,0.4298905929167613,data/public_test/public_test/ecbaa9296ecf491292ca63cddebe5279.jpeg
ecbd433846a0487d930f5bf83f91376d,0.6473319887212962,data/public_test/public_test/ecbd433846a0487d930f5bf83f91376d.jpeg
ecc78676f50646269962706d436544a8,0.7097096120748673,data/public_test/public_test/ecc78676f50646269962706d436544a8.jpeg
ecdc48a4fea54c34861dac2016cae8d5,0.8487548476552064,data/public_test/public_test/ecdc48a4fea54c34861dac2016cae8d5.jpeg
ece4a85c14f24c01b9366a55789afc68,0.889061690425646,data/public_test/public_test/ece4a85c14f24c01b9366a55789afc68.jpeg
ecef0afe332a4334ae2dca12d3f45590,0.3413022873472496,data/public_test/public_test/ecef0afe332a4334ae2dca12d3f45590.jpeg
ecff953d6b5e4680ab64a0db2a32ca12,0.9295392325588844,data/public_test/public_test/ecff953d6b5e4680ab64a0db2a32ca12.jpeg
ed0415c941e14f16a6d514a0b8c12719,0.2070767026480082,data/public_test/public_test/ed0415c941e14f16a6d514a0b8c12719.jpeg
ed09c80e78a14be4b49a040bed02b805,0.6574808424901407,data/public_test/public_test/ed09c80e78a14be4b49a040bed02b805.jpeg
ed0a24f07f5a4d41878ab50b90c97c0a,0.3529460867953864,data/public_test/public_test/ed0a24f07f5a4d41878ab50b90c97c0a.jpeg
ed0aa0431a5d4e558a0336593eb56ad1,0.6435107634671683,data/public_test/public_test/ed0aa0431a5d4e558a0336593eb56ad1.jpeg
ed0f10e7bffa4dcf8af0f12c933439e3,0.8730868326380397,data/public_test/public_test/ed0f10e7bffa4dcf8af0f12c933439e3.jpeg
ed181502b2524cef9984cc81ddf2a241,0.1780256342841979,data/public_test/public_test/ed181502b2524cef9984cc81ddf2a241.jpeg
ed1c164a27994b1fa898d52203a2eb87,0.926890161394997,data/public_test/public_test/ed1c164a27994b1fa898d52203a2eb87.jpeg
ed1e0abb1b964ec1aa22457033e8fa4d,0.4102921041024199,data/public_test/public_test/ed1e0abb1b964ec1aa22457033e8fa4d.jpeg
ed23c5284fdc4895af52c9c35e682859,0.8345546320416654,data/public_test/public_test/ed23c5284fdc4895af52c9c35e682859.jpeg
ed3961b4586943d2b4041afb0335890a,0.6611506795792067,data/public_test/public_test/ed3961b4586943d2b4041afb0335890a.jpeg
ed3dea6095f34b1ba3024dba4acd89cb,0.1525684271660003,data/public_test/public_test/ed3dea6095f34b1ba3024dba4acd89cb.jpeg
ed3f20f108c84014840b88e07d1459f4,0.8575604277174326,data/public_test/public_test/ed3f20f108c84014840b88e07d1459f4.jpeg
ed45d0e0c02c40cdb78357e3b34b088b,0.2009335231562047,data/public_test/public_test/ed45d0e0c02c40cdb78357e3b34b088b.jpeg
ed4b08eaaf7e4a56956c1ea9ec7bc803,0.5994530237874719,data/public_test/public_test/ed4b08eaaf7e4a56956c1ea9ec7bc803.jpeg
ed4bcbda4d99479fa57b89f37e9c9119,0.946044891083611,data/public_test/public_test/ed4bcbda4d99479fa57b89f37e9c9119.jpeg
ed53d86bd2d940079674216c2f9beab1,0.1675790608727736,data/public_test/public_test/ed53d86bd2d940079674216c2f9beab1.jpeg
ed6d6248c53049bfb19271c28bb1066f,0.1091080915933909,data/public_test/public_test/ed6d6248c53049bfb19271c28bb1066f.jpeg
ed701e03718142ed93453568644cf924,0.1324362176708406,data/public_test/public_test/ed701e03718142ed93453568644cf924.jpeg
ed7a13de06c6403d9ec624eb6f489456,0.2166334546000511,data/public_test/public_test/ed7a13de06c6403d9ec624eb6f489456.jpeg
ed7ce9880933414c956801a29e012fb4,0.3508134090389433,data/public_test/public_test/ed7ce9880933414c956801a29e012fb4.jpeg
ed7ef46778cf429d8da794e0bd6ffa1f,0.0922982977367072,data/public_test/public_test/ed7ef46778cf429d8da794e0bd6ffa1f.jpeg
ed828137220e4b448326751b037792cf,0.5825848378791274,data/public_test/public_test/ed828137220e4b448326751b037792cf.jpeg
ed835fae1035431687dd57f2395d4804,0.548166061575628,data/public_test/public_test/ed835fae1035431687dd57f2395d4804.jpeg
ed878c14017a4c8ea7ad2af81083d0ca,0.8085126052279352,data/public_test/public_test/ed878c14017a4c8ea7ad2af81083d0ca.jpeg
ed9712181f3943dd91c6d7e4bb05690e,0.4286536147119664,data/public_test/public_test/ed9712181f3943dd91c6d7e4bb05690e.jpeg
ed99173f72a74602b1ce6dee4f6d4bd7,0.3665087504404533,data/public_test/public_test/ed99173f72a74602b1ce6dee4f6d4bd7.jpeg
edb6866c83a24d4a87785dae30c9297e,0.9110945226563816,data/public_test/public_test/edb6866c83a24d4a87785dae30c9297e.jpeg
ede46b9e69e34e91b7932148eda4ef40,0.8212454167806622,data/public_test/public_test/ede46b9e69e34e91b7932148eda4ef40.jpeg
edec979730394c34949c4c44a36d935f,0.5981969526984874,data/public_test/public_test/edec979730394c34949c4c44a36d935f.jpeg
edef8291d3b741ef810d5e74cbd574ad,0.2025582944443631,data/public_test/public_test/edef8291d3b741ef810d5e74cbd574ad.jpeg
edf7cc77659040acb520381b2b4f13d3,0.2251642747825973,data/public_test/public_test/edf7cc77659040acb520381b2b4f13d3.jpeg
ee00d5075cf046418a10754651b6c4db,0.7732608604062051,data/public_test/public_test/ee00d5075cf046418a10754651b6c4db.jpeg
ee00fd9c54bd4a649de069c3f03a86f9,0.963128514258478,data/public_test/public_test/ee00fd9c54bd4a649de069c3f03a86f9.jpeg
ee10e3ff958d4308ba685ee32d6c583a,0.5185203234819132,data/public_test/public_test/ee10e3ff958d4308ba685ee32d6c583a.jpeg
ee111ee21772475486cc420e17c0540f,0.6159607944957706,data/public_test/public_test/ee111ee21772475486cc420e17c0540f.jpeg
ee18dd66f1524ff998ba24d2a05b5711,0.4017395903755494,data/public_test/public_test/ee18dd66f1524ff998ba24d2a05b5711.jpeg
ee195c937f4849f897f5024a32d816be,0.5825848378791274,data/public_test/public_test/ee195c937f4849f897f5024a32d816be.jpeg
ee211e21eee0427b81a8c305fa18b03b,0.1616996478090731,data/public_test/public_test/ee211e21eee0427b81a8c305fa18b03b.jpeg
ee3dba64752f4651ac781cf406da6912,0.184809899695026,data/public_test/public_test/ee3dba64752f4651ac781cf406da6912.jpeg
ee3dbaac56bf40a48350008710c1a683,0.1367837573186874,data/public_test/public_test/ee3dbaac56bf40a48350008710c1a683.jpeg
ee414d6328004fa7a957086ed4bd4375,0.102064600676248,data/public_test/public_test/ee414d6328004fa7a957086ed4bd4375.jpeg
ee4261ca90d247fcb8aff702ab0f53db,0.7097096120748673,data/public_test/public_test/ee4261ca90d247fcb8aff702ab0f53db.jpeg
ee42cf5d0ea14e4693349b1659102e1d,0.7728183511255372,data/public_test/public_test/ee42cf5d0ea14e4693349b1659102e1d.jpeg
ee44abebe9af453e8aa08d1ed468a357,0.708175449095684,data/public_test/public_test/ee44abebe9af453e8aa08d1ed468a357.jpeg
ee4dcdf8e87e4a80a0ff1805f04c5c38,0.2174436789400099,data/public_test/public_test/ee4dcdf8e87e4a80a0ff1805f04c5c38.jpeg
ee4dfc7c03ee4b548317eeca3b4b754b,0.6293316574092118,data/public_test/public_test/ee4dfc7c03ee4b548317eeca3b4b754b.jpeg
ee505fb99c8845f7ae5f2e9c1ab33ca6,0.8569633237914736,data/public_test/public_test/ee505fb99c8845f7ae5f2e9c1ab33ca6.jpeg
ee5bf0b8c5b0430ea61d04330aa8b09e,0.1280458858387622,data/public_test/public_test/ee5bf0b8c5b0430ea61d04330aa8b09e.jpeg
ee5fdef5b98b41dbacc7d253f782d576,0.3655708918138614,data/public_test/public_test/ee5fdef5b98b41dbacc7d253f782d576.jpeg
ee64c0afca30403aa56cc48b8481c478,0.7445785468199557,data/public_test/public_test/ee64c0afca30403aa56cc48b8481c478.jpeg
ee665947d35644159238c15cd418f4e4,0.193852261266423,data/public_test/public_test/ee665947d35644159238c15cd418f4e4.jpeg
ee6a647739a5455f94e7880e8e92d691,0.08202072630025,data/public_test/public_test/ee6a647739a5455f94e7880e8e92d691.jpeg
ee80fa63496e470b8b333a5916135f2d,0.984111802745094,data/public_test/public_test/ee80fa63496e470b8b333a5916135f2d.jpeg
ee8fadfdf6ca4d36899edd4b82035cba,0.8085126052279352,data/public_test/public_test/ee8fadfdf6ca4d36899edd4b82035cba.jpeg
ee93bfb4192140bf995917f2453c39a8,0.4106974536883823,data/public_test/public_test/ee93bfb4192140bf995917f2453c39a8.jpeg
ee95bb48c68e41e4a5ca5a4f796aaa12,0.2364601370143882,data/public_test/public_test/ee95bb48c68e41e4a5ca5a4f796aaa12.jpeg
ee9808588dd249d78b08f857163e3fd3,0.1774757815966782,data/public_test/public_test/ee9808588dd249d78b08f857163e3fd3.jpeg
ee983314cc074bb98f9d81109ce87096,0.7284343322978678,data/public_test/public_test/ee983314cc074bb98f9d81109ce87096.jpeg
ee9e4444c1f0458598ff362b5f56e181,0.5179462366261602,data/public_test/public_test/ee9e4444c1f0458598ff362b5f56e181.jpeg
ee9e5ff7517942ddbfec98fd5310c485,0.2059253197273537,data/public_test/public_test/ee9e5ff7517942ddbfec98fd5310c485.jpeg
ee9f1308cd78497bb66a712f0371c03a,0.5911068313720559,data/public_test/public_test/ee9f1308cd78497bb66a712f0371c03a.jpeg
eea3add3436c4edcb5004ae01fc14d4c,0.835446257316733,data/public_test/public_test/eea3add3436c4edcb5004ae01fc14d4c.jpeg
eea40123a00a4047838de8f9086c50ee,0.7097096120748673,data/public_test/public_test/eea40123a00a4047838de8f9086c50ee.jpeg
eea76bedeb574d5c8527d99db0f8f7c6,0.8487548476552064,data/public_test/public_test/eea76bedeb574d5c8527d99db0f8f7c6.jpeg
eeb94a5d2bda4d96b72c6cee2bf8c3e5,0.4669972810931697,data/public_test/public_test/eeb94a5d2bda4d96b72c6cee2bf8c3e5.jpeg
eec9c5c31a9e4974a29abc755cbbebb0,0.8052089113406179,data/public_test/public_test/eec9c5c31a9e4974a29abc755cbbebb0.jpeg
eee6e16950da4218a82155b90f7fee57,0.259839978842324,data/public_test/public_test/eee6e16950da4218a82155b90f7fee57.jpeg
eee806006b224d61acadfbf82a64b4a9,0.5401944842920637,data/public_test/public_test/eee806006b224d61acadfbf82a64b4a9.jpeg
eee867507bbe4fd8b30750286cbf6a0a,0.5047229577642156,data/public_test/public_test/eee867507bbe4fd8b30750286cbf6a0a.jpeg
eeed1212f42b47e088469afa18d575ab,0.4324925001676283,data/public_test/public_test/eeed1212f42b47e088469afa18d575ab.jpeg
ef04c32cccf443b6a3988394ce46bfea,0.870127391925954,data/public_test/public_test/ef04c32cccf443b6a3988394ce46bfea.jpeg
ef1199c69821456d9cd41a7588dc34d2,0.5179462366261602,data/public_test/public_test/ef1199c69821456d9cd41a7588dc34d2.jpeg
ef27e48285c84f879bef16f2f996d7dd,0.9949242983158,data/public_test/public_test/ef27e48285c84f879bef16f2f996d7dd.jpeg
ef28af848c1843d282cf3f5254542fc1,0.5444824257058997,data/public_test/public_test/ef28af848c1843d282cf3f5254542fc1.jpeg
ef3041fed63248b8b6da3983f146d1ba,0.9049702450244134,data/public_test/public_test/ef3041fed63248b8b6da3983f146d1ba.jpeg
ef3a05da5b7f4587b66b73263ba6265a,0.148213448484022,data/public_test/public_test/ef3a05da5b7f4587b66b73263ba6265a.jpeg
ef3f4e38414948e9a55df01b28db476b,0.8702719141299468,data/public_test/public_test/ef3f4e38414948e9a55df01b28db476b.jpeg
ef4a5e88f3fa45dcaf35c0907a2e18b3,0.1277044980288416,data/public_test/public_test/ef4a5e88f3fa45dcaf35c0907a2e18b3.jpeg
ef4afcfeefde4a2eb8388942f1d20c91,0.1718424515637323,data/public_test/public_test/ef4afcfeefde4a2eb8388942f1d20c91.jpeg
ef4fe7e28a7247aa8692d3048aa8d7d6,0.8708690180559059,data/public_test/public_test/ef4fe7e28a7247aa8692d3048aa8d7d6.jpeg
ef53c5ef75af4aa4bc9e5547380a6336,0.9415468228802952,data/public_test/public_test/ef53c5ef75af4aa4bc9e5547380a6336.jpeg
ef54163ce2e84034b0c379f558ab3dbb,0.8669475200249463,data/public_test/public_test/ef54163ce2e84034b0c379f558ab3dbb.jpeg
ef5c2d3afb0848b9a3fd5e21e6f4a3b0,0.6323811524596458,data/public_test/public_test/ef5c2d3afb0848b9a3fd5e21e6f4a3b0.jpeg
ef629b0e700d4f16a8152e0e9e5fbcd4,0.3723103128931114,data/public_test/public_test/ef629b0e700d4f16a8152e0e9e5fbcd4.jpeg
ef6590e3e8df405a969867633ea97ce3,0.0194060430877349,data/public_test/public_test/ef6590e3e8df405a969867633ea97ce3.jpeg
ef715d2c09fe40c8a8029c1411efc32e,0.2414111662594588,data/public_test/public_test/ef715d2c09fe40c8a8029c1411efc32e.jpeg
ef71c1d392c24ebbb26eaeb04fd9d413,0.141438008398352,data/public_test/public_test/ef71c1d392c24ebbb26eaeb04fd9d413.jpeg
ef76a59564fd400f9f4c688f66f51972,0.0873087552529363,data/public_test/public_test/ef76a59564fd400f9f4c688f66f51972.jpeg
ef7a9d19fc404fafa709fa0c95811b4d,0.1146051912437705,data/public_test/public_test/ef7a9d19fc404fafa709fa0c95811b4d.jpeg
ef7c73869cc2475ea2a79c303db413b5,0.2809494389148046,data/public_test/public_test/ef7c73869cc2475ea2a79c303db413b5.jpeg
ef825f10601149c18f9683d400d7109c,0.5047229577642156,data/public_test/public_test/ef825f10601149c18f9683d400d7109c.jpeg
ef8b64b39af743399be5cb498fbcd869,0.6862503696097016,data/public_test/public_test/ef8b64b39af743399be5cb498fbcd869.jpeg
ef8bec4bdf394227a77d029be148e5e1,0.1866854532130492,data/public_test/public_test/ef8bec4bdf394227a77d029be148e5e1.jpeg
ef8e624d9ec24c58b3c49f1f15236256,0.1107235954714574,data/public_test/public_test/ef8e624d9ec24c58b3c49f1f15236256.jpeg
ef9cfed777c641d3b40fb91dc9b51b23,0.0095964130957712,data/public_test/public_test/ef9cfed777c641d3b40fb91dc9b51b23.jpeg
ef9efc77c9e542f1b9614381c6836506,0.3915464899084629,data/public_test/public_test/ef9efc77c9e542f1b9614381c6836506.jpeg
efa794c6300c453da5f61dcc30ab6143,0.9084288801297784,data/public_test/public_test/efa794c6300c453da5f61dcc30ab6143.jpeg
efadf565504942f39a36ae1aa26d8319,0.2191893113369898,data/public_test/public_test/efadf565504942f39a36ae1aa26d8319.jpeg
efb4dcc780164d6b9d4a11fcd022e1ef,0.3673621217241584,data/public_test/public_test/efb4dcc780164d6b9d4a11fcd022e1ef.jpeg
efbac166c75845b8b36b3b9556540f3d,0.2074808160335078,data/public_test/public_test/efbac166c75845b8b36b3b9556540f3d.jpeg
efbd1633d4f845d48ebdb5eae2ca7dda,0.1866073679149431,data/public_test/public_test/efbd1633d4f845d48ebdb5eae2ca7dda.jpeg
efbdc85ad04042f49e4939aa70adcc7b,0.2542055135789309,data/public_test/public_test/efbdc85ad04042f49e4939aa70adcc7b.jpeg
efc3e0a065b14c2692b081ca16563583,0.0614175571758025,data/public_test/public_test/efc3e0a065b14c2692b081ca16563583.jpeg
efc94519284e4c48b8a9a037beba1a22,0.5179462366261602,data/public_test/public_test/efc94519284e4c48b8a9a037beba1a22.jpeg
efd5614f226f49ec8a212e8067f61082,0.125313779117079,data/public_test/public_test/efd5614f226f49ec8a212e8067f61082.jpeg
efd7c5eb6e244747ac0fae9535a4dfa1,0.835446257316733,data/public_test/public_test/efd7c5eb6e244747ac0fae9535a4dfa1.jpeg
efd9d28b5dbd40f1be023c05a834aa07,0.1763639106992038,data/public_test/public_test/efd9d28b5dbd40f1be023c05a834aa07.jpeg
efdf81ca68334b429ed82d5f71ba3d6b,0.6159607944957706,data/public_test/public_test/efdf81ca68334b429ed82d5f71ba3d6b.jpeg
efe0c5a838524a64917adab4651ce17b,0.8218211955664084,data/public_test/public_test/efe0c5a838524a64917adab4651ce17b.jpeg
efe105a3a5104ba6bf4de1d6f17f0f7e,0.170869769197393,data/public_test/public_test/efe105a3a5104ba6bf4de1d6f17f0f7e.jpeg
efe1afebe1d747819b9772a30353ec62,0.0774957141117927,data/public_test/public_test/efe1afebe1d747819b9772a30353ec62.jpeg
efea6e9218634681b8e8b82e3edac0a2,0.3490647639150078,data/public_test/public_test/efea6e9218634681b8e8b82e3edac0a2.jpeg
efef2b2d9520446b9852b470bc2c9b5b,0.1724470873070805,data/public_test/public_test/efef2b2d9520446b9852b470bc2c9b5b.jpeg
eff035ba7e4d4257acca748e7b8d85a0,0.1325665153827533,data/public_test/public_test/eff035ba7e4d4257acca748e7b8d85a0.jpeg
eff30b459c6d407fb4fbbc9e5e950801,0.7549638901036014,data/public_test/public_test/eff30b459c6d407fb4fbbc9e5e950801.jpeg
f00411cee3e6424586b278a5e4f6de8a,0.3534584796070725,data/public_test/public_test/f00411cee3e6424586b278a5e4f6de8a.jpeg
f00ef88f621244febb18e17b704d7bda,0.5825848378791274,data/public_test/public_test/f00ef88f621244febb18e17b704d7bda.jpeg
f014f615f2fb498489e3e30a3876703d,0.7450892668040839,data/public_test/public_test/f014f615f2fb498489e3e30a3876703d.jpeg
f024d2b9e1254612803d6d32cd6238c7,0.6461998433175563,data/public_test/public_test/f024d2b9e1254612803d6d32cd6238c7.jpeg
f02ba8d53c1744b6a8cd8cad1fe1b343,0.6447303216153314,data/public_test/public_test/f02ba8d53c1744b6a8cd8cad1fe1b343.jpeg
f0361c6110274cb7abe8111df1bbb350,0.8692957114576538,data/public_test/public_test/f0361c6110274cb7abe8111df1bbb350.jpeg
f04de60c0d47470286ed96246f17e71d,0.6811588678769446,data/public_test/public_test/f04de60c0d47470286ed96246f17e71d.jpeg
f05522e4e12f44e5be618483dd6a7d35,0.7919003210021446,data/public_test/public_test/f05522e4e12f44e5be618483dd6a7d35.jpeg
f0578987431345488b4a1a2aa5579cb7,0.3533299229457012,data/public_test/public_test/f0578987431345488b4a1a2aa5579cb7.jpeg
f069087776cd4bb7a3e3786b51949f52,0.5652688240263136,data/public_test/public_test/f069087776cd4bb7a3e3786b51949f52.jpeg
f0720c5e04c6494e8e63aaa5779e10da,0.6227557613638058,data/public_test/public_test/f0720c5e04c6494e8e63aaa5779e10da.jpeg
f0772047377d404f884094d1d6abefd5,0.5488463647945435,data/public_test/public_test/f0772047377d404f884094d1d6abefd5.jpeg
f08aacd4d0c749a1979eb801a641a0a9,0.2158232739228017,data/public_test/public_test/f08aacd4d0c749a1979eb801a641a0a9.jpeg
f08e552fe3cc44ac940487531ff5c6c9,0.7287115591206345,data/public_test/public_test/f08e552fe3cc44ac940487531ff5c6c9.jpeg
f0921269829e42b191b6294d541af8ca,0.1800758823029395,data/public_test/public_test/f0921269829e42b191b6294d541af8ca.jpeg
f09f78c0ae16437c9cb44b14902599d3,0.290590596342154,data/public_test/public_test/f09f78c0ae16437c9cb44b14902599d3.jpeg
f0a1bfbd0cf6495b8483e8270155a39b,0.8702719141299468,data/public_test/public_test/f0a1bfbd0cf6495b8483e8270155a39b.jpeg
f0b11b1564774cbe9ed05b51733011bb,0.1740621272688586,data/public_test/public_test/f0b11b1564774cbe9ed05b51733011bb.jpeg
f0bf9e1748ae402aaafba5eea486d0eb,0.8052089113406179,data/public_test/public_test/f0bf9e1748ae402aaafba5eea486d0eb.jpeg
f0c076eff609456798a9c0fb0f1e7ec0,0.4694290484097032,data/public_test/public_test/f0c076eff609456798a9c0fb0f1e7ec0.jpeg
f0c12c29bbec478faf2faa26df657128,0.6309116307574208,data/public_test/public_test/f0c12c29bbec478faf2faa26df657128.jpeg
f0cba71f8236408f9895f4d232fc9a44,0.3149004156776165,data/public_test/public_test/f0cba71f8236408f9895f4d232fc9a44.jpeg
f0d0fa66791f42b2a6d2a66d240b4db6,0.6444570135207426,data/public_test/public_test/f0d0fa66791f42b2a6d2a66d240b4db6.jpeg
f0d64fa2e7d14c129894cdebc66f50b5,0.7810031743533911,data/public_test/public_test/f0d64fa2e7d14c129894cdebc66f50b5.jpeg
f0d8ae2213244489b9b5f642673e1a7f,0.1815249275588674,data/public_test/public_test/f0d8ae2213244489b9b5f642673e1a7f.jpeg
f0da2e533c194793b13ac6ba3ee1e863,0.535262250478974,data/public_test/public_test/f0da2e533c194793b13ac6ba3ee1e863.jpeg
f0dc11257f544f96a3237d6c9c1c2491,0.4841655225990522,data/public_test/public_test/f0dc11257f544f96a3237d6c9c1c2491.jpeg
f0ebedf9c53948ddb59db072524af3e1,0.2041743550219758,data/public_test/public_test/f0ebedf9c53948ddb59db072524af3e1.jpeg
f0ecb630e5ac4099ad6b404c4017797b,0.7255381875055039,data/public_test/public_test/f0ecb630e5ac4099ad6b404c4017797b.jpeg
f0fbfc1937a34662a7ef504b49e209de,0.7810031743533911,data/public_test/public_test/f0fbfc1937a34662a7ef504b49e209de.jpeg
f10111bd17d8463e8b3ac801821e5401,0.9102399806662778,data/public_test/public_test/f10111bd17d8463e8b3ac801821e5401.jpeg
f102d2c5e99e4163bc812bd82db33794,0.5488463647945435,data/public_test/public_test/f102d2c5e99e4163bc812bd82db33794.jpeg
f107585f7b6446e986868ef8996bab41,0.7376894431502338,data/public_test/public_test/f107585f7b6446e986868ef8996bab41.jpeg
f10ca81c0378464490230d42e82f0a84,0.6323811524596458,data/public_test/public_test/f10ca81c0378464490230d42e82f0a84.jpeg
f112f026719744c3badd7966e51b84a5,0.1380254128912378,data/public_test/public_test/f112f026719744c3badd7966e51b84a5.jpeg
f116e4d1214f45398fe132eca070ece3,0.8503352357991559,data/public_test/public_test/f116e4d1214f45398fe132eca070ece3.jpeg
f11f3b512c944eb39bc405311204259d,0.9640433094232352,data/public_test/public_test/f11f3b512c944eb39bc405311204259d.jpeg
f1227567165740ea9c6a2d92267ab9b9,0.1199391615536111,data/public_test/public_test/f1227567165740ea9c6a2d92267ab9b9.jpeg
f12d4b16a9c747ac9d8f07c757f3a5b1,0.3758921068573854,data/public_test/public_test/f12d4b16a9c747ac9d8f07c757f3a5b1.jpeg
f12f98ded6754f7bb90bdc42a4bb5099,0.8487548476552064,data/public_test/public_test/f12f98ded6754f7bb90bdc42a4bb5099.jpeg
f133fbb1f1414c12845d0e8bdb7d2e12,0.6611506795792067,data/public_test/public_test/f133fbb1f1414c12845d0e8bdb7d2e12.jpeg
f1388044c23b4ac98a268fd7d597a05a,0.1159268641893224,data/public_test/public_test/f1388044c23b4ac98a268fd7d597a05a.jpeg
f13d43d6c0984248a7fdf0566d4558e4,0.1842760507549985,data/public_test/public_test/f13d43d6c0984248a7fdf0566d4558e4.jpeg
f148c2de897f4983a29839c7a6239928,0.5317436023438579,data/public_test/public_test/f148c2de897f4983a29839c7a6239928.jpeg
f14b8ead8deb464b9778f093d6a278c7,0.548166061575628,data/public_test/public_test/f14b8ead8deb464b9778f093d6a278c7.jpeg
f14d01c9c9dc486faecb643c5494401e,0.6158733817513472,data/public_test/public_test/f14d01c9c9dc486faecb643c5494401e.jpeg
f14d37cb397a4b3e9a798a430da3ab55,0.4346252434181357,data/public_test/public_test/f14d37cb397a4b3e9a798a430da3ab55.jpeg
f14ef14797ac4d7caeebc211b2df118f,0.1494541380191247,data/public_test/public_test/f14ef14797ac4d7caeebc211b2df118f.jpeg
f156d44457c14a3f99371cf3a35548c3,0.1178897212949953,data/public_test/public_test/f156d44457c14a3f99371cf3a35548c3.jpeg
f158643adbe8467885960da9ddfb14ee,0.6749693704371172,data/public_test/public_test/f158643adbe8467885960da9ddfb14ee.jpeg
f168ea5d423946afa4f1f5e14944e9f3,0.1508231604442124,data/public_test/public_test/f168ea5d423946afa4f1f5e14944e9f3.jpeg
f18364b42f9b4c43ba6815508bb4002b,0.8487548476552064,data/public_test/public_test/f18364b42f9b4c43ba6815508bb4002b.jpeg
f193f4bac43c4893b9983e6d389ba364,0.9475376508985086,data/public_test/public_test/f193f4bac43c4893b9983e6d389ba364.jpeg
f19c860429d54c4097e3a2e69357ce7e,0.6309116307574208,data/public_test/public_test/f19c860429d54c4097e3a2e69357ce7e.jpeg
f19d1360b2fb415dad1b7dbe9d03a2e7,0.4452667394449149,data/public_test/public_test/f19d1360b2fb415dad1b7dbe9d03a2e7.jpeg
f19ec94be5d34ae2b6086d9289b9d3bf,0.6461998433175563,data/public_test/public_test/f19ec94be5d34ae2b6086d9289b9d3bf.jpeg
f1a4bb3ccd624eb98b35038203d4221d,0.8511669162674561,data/public_test/public_test/f1a4bb3ccd624eb98b35038203d4221d.jpeg
f1cb93fbb6d34f3b83128135965d4bf2,0.9295392325588844,data/public_test/public_test/f1cb93fbb6d34f3b83128135965d4bf2.jpeg
f1cd9b8be8d141b3981807a413af0450,0.5343686958579302,data/public_test/public_test/f1cd9b8be8d141b3981807a413af0450.jpeg
f1d85bcf581a4eca96bd4941a27ad8ef,0.1984157539465485,data/public_test/public_test/f1d85bcf581a4eca96bd4941a27ad8ef.jpeg
f1dcdc9666784e2ea752d547becf9329,0.7110282695645441,data/public_test/public_test/f1dcdc9666784e2ea752d547becf9329.jpeg
f20cfee7724a4219a2b09781e9e56bde,0.2514777676703593,data/public_test/public_test/f20cfee7724a4219a2b09781e9e56bde.jpeg
f2138481ac534d12b0250ba50428f513,0.4135121429672503,data/public_test/public_test/f2138481ac534d12b0250ba50428f513.jpeg
f21548af43984af09cef64c296908033,0.6323811524596458,data/public_test/public_test/f21548af43984af09cef64c296908033.jpeg
f21810163baa4033a13c5c2508c29469,0.2028940061020484,data/public_test/public_test/f21810163baa4033a13c5c2508c29469.jpeg
f2181ce852a646c79a7345ba94211e6f,0.946044891083611,data/public_test/public_test/f2181ce852a646c79a7345ba94211e6f.jpeg
f21a461fe9494a53ab9c0365c0ed7553,0.0523322833477228,data/public_test/public_test/f21a461fe9494a53ab9c0365c0ed7553.jpeg
f21d49c434b24b1b8105f4d4f658daef,0.1387516683829852,data/public_test/public_test/f21d49c434b24b1b8105f4d4f658daef.jpeg
f22009582e8a485e83ef2dcfe90d2c61,0.7084100256380251,data/public_test/public_test/f22009582e8a485e83ef2dcfe90d2c61.jpeg
f224a31a20724e2dab2640df956ea012,0.7132922356306218,data/public_test/public_test/f224a31a20724e2dab2640df956ea012.jpeg
f22b692d6a684a3ba7d90b852e8bb117,0.0689670006549799,data/public_test/public_test/f22b692d6a684a3ba7d90b852e8bb117.jpeg
f237514a86654f8eac980f2e03f7bb85,0.3884753422474949,data/public_test/public_test/f237514a86654f8eac980f2e03f7bb85.jpeg
f23a81c7e75b46cd91a24aa6fadd9aa6,0.7724304679878354,data/public_test/public_test/f23a81c7e75b46cd91a24aa6fadd9aa6.jpeg
f23fcbf2867a4f1fb8ee5d9d72d9f6d8,0.4912454691497102,data/public_test/public_test/f23fcbf2867a4f1fb8ee5d9d72d9f6d8.jpeg
f2460b4f13a7404097ce30fc412721f4,0.2014459596306002,data/public_test/public_test/f2460b4f13a7404097ce30fc412721f4.jpeg
f24ffdc0e2c14e90a9a29d9c992b2bca,0.7899786869520805,data/public_test/public_test/f24ffdc0e2c14e90a9a29d9c992b2bca.jpeg
f257b0d70b6e4866ab430e71be49243f,0.1833608871861301,data/public_test/public_test/f257b0d70b6e4866ab430e71be49243f.jpeg
f259511755114c3a833b2864c543500d,0.3903934041421378,data/public_test/public_test/f259511755114c3a833b2864c543500d.jpeg
f25a8606a1f14210a24828211cddb5da,0.2378730541071224,data/public_test/public_test/f25a8606a1f14210a24828211cddb5da.jpeg
f25e1e488e234990b1fa615b715d8456,0.8888674363955301,data/public_test/public_test/f25e1e488e234990b1fa615b715d8456.jpeg
f26417a42415471284a3e1e78da92530,0.9105787569003864,data/public_test/public_test/f26417a42415471284a3e1e78da92530.jpeg
f26998afa9cf4ff3ab7caaf4473ef5ab,0.5990926085874261,data/public_test/public_test/f26998afa9cf4ff3ab7caaf4473ef5ab.jpeg
f26c719424df4e82adf4841e9553c62b,0.7682696942154247,data/public_test/public_test/f26c719424df4e82adf4841e9553c62b.jpeg
f277d9e6b1594a01b77b250b4ab22001,0.3627572777292149,data/public_test/public_test/f277d9e6b1594a01b77b250b4ab22001.jpeg
f27b5ab1e3584d408ca25bc5b644e184,0.4912454691497102,data/public_test/public_test/f27b5ab1e3584d408ca25bc5b644e184.jpeg
f27fc8cce4a445f6a08cf12b8c51ec87,0.1534239815851804,data/public_test/public_test/f27fc8cce4a445f6a08cf12b8c51ec87.jpeg
f28379eeba41483390bf0d87bcf515e1,0.2005069712314,data/public_test/public_test/f28379eeba41483390bf0d87bcf515e1.jpeg
f2868936e6b943a6b63f2f15804dd871,0.1457826335603396,data/public_test/public_test/f2868936e6b943a6b63f2f15804dd871.jpeg
f28e5362f58045c5bb7d88eb56a6ff41,0.2330110203796947,data/public_test/public_test/f28e5362f58045c5bb7d88eb56a6ff41.jpeg
f29b585573a348dc9cc92ebd925b2745,0.5317436023438579,data/public_test/public_test/f29b585573a348dc9cc92ebd925b2745.jpeg
f2a21d0ad15a468eb7170a60ed3971c1,0.5490596161966718,data/public_test/public_test/f2a21d0ad15a468eb7170a60ed3971c1.jpeg
f2a80468fc0b4b148be0655bfa12a648,0.5654820754284418,data/public_test/public_test/f2a80468fc0b4b148be0655bfa12a648.jpeg
f2aa3681ad6547b3937d66fc2b9e2376,0.106335223003468,data/public_test/public_test/f2aa3681ad6547b3937d66fc2b9e2376.jpeg
f2afaf777c6348b995681c53aa3932fc,0.5990926085874261,data/public_test/public_test/f2afaf777c6348b995681c53aa3932fc.jpeg
f2b4b0b76dc2451bbdcd94304d224a86,0.4542451883608184,data/public_test/public_test/f2b4b0b76dc2451bbdcd94304d224a86.jpeg
f2b4fc42fc364cde91b537cb300ba2c8,0.2433758299097374,data/public_test/public_test/f2b4fc42fc364cde91b537cb300ba2c8.jpeg
f2ba7dcda7844f10a62cec7395f2ae74,0.6461998433175563,data/public_test/public_test/f2ba7dcda7844f10a62cec7395f2ae74.jpeg
f2c9f12a2b9f48a19cc051923d3ddf2c,0.6323811524596458,data/public_test/public_test/f2c9f12a2b9f48a19cc051923d3ddf2c.jpeg
f2d876c5721f484bab9febc6f7c64010,0.8702719141299468,data/public_test/public_test/f2d876c5721f484bab9febc6f7c64010.jpeg
f2f1e3b9010640a1b8d95f79934abc86,0.8702719141299468,data/public_test/public_test/f2f1e3b9010640a1b8d95f79934abc86.jpeg
f2f651c6733d4516980ab41b3240ec66,0.8511669162674561,data/public_test/public_test/f2f651c6733d4516980ab41b3240ec66.jpeg
f2f788175f2447b49f2a883f3410a1c8,0.3157540980581268,data/public_test/public_test/f2f788175f2447b49f2a883f3410a1c8.jpeg
f2f901172ee9465c8b0669c20197ee74,0.8095988993288589,data/public_test/public_test/f2f901172ee9465c8b0669c20197ee74.jpeg
f306be8a518149b3b3766783f3049970,0.2024682783108855,data/public_test/public_test/f306be8a518149b3b3766783f3049970.jpeg
f30d84a562fc444e803e06b9c15bad28,0.7186874961044666,data/public_test/public_test/f30d84a562fc444e803e06b9c15bad28.jpeg
f311c1a774bb4a75beed621f4f3ed035,0.2754494575255978,data/public_test/public_test/f311c1a774bb4a75beed621f4f3ed035.jpeg
f31b09658c38446a93e8006e8e7d7da5,0.6159607944957706,data/public_test/public_test/f31b09658c38446a93e8006e8e7d7da5.jpeg
f320a1f24cd540e99a422cca07dbacb4,0.8403510395656828,data/public_test/public_test/f320a1f24cd540e99a422cca07dbacb4.jpeg
f3246f933e0645e089ad7396def35666,0.5317436023438579,data/public_test/public_test/f3246f933e0645e089ad7396def35666.jpeg
f3258e6016ff4f82981a602510c78ad9,0.6986631894446239,data/public_test/public_test/f3258e6016ff4f82981a602510c78ad9.jpeg
f335c6a962494c72909b1cec2c433705,0.889061690425646,data/public_test/public_test/f335c6a962494c72909b1cec2c433705.jpeg
f336ef91ff4245599e1d888b53c23d6e,0.0899087413445851,data/public_test/public_test/f336ef91ff4245599e1d888b53c23d6e.jpeg
f33b9f1ea48049a4a1f62919ed705ca4,0.5599111216693988,data/public_test/public_test/f33b9f1ea48049a4a1f62919ed705ca4.jpeg
f3420c65abde4727a8c21c2c3dfea603,0.0652553019431787,data/public_test/public_test/f3420c65abde4727a8c21c2c3dfea603.jpeg
f3446834e7fb432cbe9df8e1320f3b4a,0.3442451184917487,data/public_test/public_test/f3446834e7fb432cbe9df8e1320f3b4a.jpeg
f34a869ece324977af6cbe94290cc693,0.1488093025649216,data/public_test/public_test/f34a869ece324977af6cbe94290cc693.jpeg
f34b0e52a15545ffa04be7fc2103d66f,0.2483223564378906,data/public_test/public_test/f34b0e52a15545ffa04be7fc2103d66f.jpeg
f34c76e1224c48b8b5c369e6895c5376,0.9882921797096116,data/public_test/public_test/f34c76e1224c48b8b5c369e6895c5376.jpeg
f3501441dfc64e8ea3fd5f4249ea6615,0.757393872706884,data/public_test/public_test/f3501441dfc64e8ea3fd5f4249ea6615.jpeg
f355e4b0861a4b52bc1b8eaf5a86ff0c,0.6323811524596458,data/public_test/public_test/f355e4b0861a4b52bc1b8eaf5a86ff0c.jpeg
f35d74c90ac04af0811a563c6164b7db,0.9475376508985086,data/public_test/public_test/f35d74c90ac04af0811a563c6164b7db.jpeg
f36af07d235a4676bb57065f02369058,0.7317368936836574,data/public_test/public_test/f36af07d235a4676bb57065f02369058.jpeg
f36c08c2f4714b08859b598bd38323dd,0.8669475200249463,data/public_test/public_test/f36c08c2f4714b08859b598bd38323dd.jpeg
f3707942f24b4918a5aa1ebcec6bb1d3,0.9760508997446462,data/public_test/public_test/f3707942f24b4918a5aa1ebcec6bb1d3.jpeg
f373a337da02464bb8b028ecdbf8990d,0.6323811524596458,data/public_test/public_test/f373a337da02464bb8b028ecdbf8990d.jpeg
f3880f63cebe43048c1b5e7b4b9e3b17,0.9999999,data/public_test/public_test/f3880f63cebe43048c1b5e7b4b9e3b17.jpeg
f38e592380e040d29ec7d362e0e5cd59,0.2288318550553659,data/public_test/public_test/f38e592380e040d29ec7d362e0e5cd59.jpeg
f3968592bd514092ba6dfe4aac9e018f,0.1879283750041751,data/public_test/public_test/f3968592bd514092ba6dfe4aac9e018f.jpeg
f397af7daa7f473c9470cea31a45fdf5,0.2493456138664302,data/public_test/public_test/f397af7daa7f473c9470cea31a45fdf5.jpeg
f3ad3366539a4e3f85ed0872e55f186b,0.1277479014910062,data/public_test/public_test/f3ad3366539a4e3f85ed0872e55f186b.jpeg
f3b27a7887a0471d92ed0050a036b928,0.5990051958430026,data/public_test/public_test/f3b27a7887a0471d92ed0050a036b928.jpeg
f3eab2ef43ac40ee8cfb2c6994cdec23,0.6566953135057845,data/public_test/public_test/f3eab2ef43ac40ee8cfb2c6994cdec23.jpeg
f3f13bd3d1b447ce9ab4bf2ee0a683ee,0.1303442635777663,data/public_test/public_test/f3f13bd3d1b447ce9ab4bf2ee0a683ee.jpeg
f3f34eb1cf32496f9ec1f8ef4caecdb3,0.1227532450123848,data/public_test/public_test/f3f34eb1cf32496f9ec1f8ef4caecdb3.jpeg
f3feb684fa5d4a3788aec15badd7cc25,0.5490596161966718,data/public_test/public_test/f3feb684fa5d4a3788aec15badd7cc25.jpeg
f400c55cede94643b74777a9903f0eee,0.3613487214495922,data/public_test/public_test/f400c55cede94643b74777a9903f0eee.jpeg
f4075c1d0f0f46d68a1a15ad3ae58b1c,0.3587469833917246,data/public_test/public_test/f4075c1d0f0f46d68a1a15ad3ae58b1c.jpeg
f40b390e21ab41ca9559920ed6bcab74,0.8052089113406179,data/public_test/public_test/f40b390e21ab41ca9559920ed6bcab74.jpeg
f40d0b76fd1f4d0097dba16e2d520938,0.3841669544054749,data/public_test/public_test/f40d0b76fd1f4d0097dba16e2d520938.jpeg
f41259393d664c0fad9078f983e7890b,0.7287115591206345,data/public_test/public_test/f41259393d664c0fad9078f983e7890b.jpeg
f4175d186fba42e084b774f8eb96ae11,0.5823502613367864,data/public_test/public_test/f4175d186fba42e084b774f8eb96ae11.jpeg
f41aee1385ca439aa5192561b9695f25,0.5490596161966718,data/public_test/public_test/f41aee1385ca439aa5192561b9695f25.jpeg
f41b6ad9b2eb415cb21b1a302c0f756f,0.5044687480116549,data/public_test/public_test/f41b6ad9b2eb415cb21b1a302c0f756f.jpeg
f423e37558134275978f8341af51364f,0.2013216982882762,data/public_test/public_test/f423e37558134275978f8341af51364f.jpeg
f426404849954cadba90d339b6f79e71,0.5654820754284418,data/public_test/public_test/f426404849954cadba90d339b6f79e71.jpeg
f42b9ec339294e0d9625ff1804324b53,0.6461998433175563,data/public_test/public_test/f42b9ec339294e0d9625ff1804324b53.jpeg
f42bc9119a1c494188d6b2db9a6edf40,0.4713269858886446,data/public_test/public_test/f42bc9119a1c494188d6b2db9a6edf40.jpeg
f442c0474fb14aeb8393386f8fa42f78,0.7180340659187898,data/public_test/public_test/f442c0474fb14aeb8393386f8fa42f78.jpeg
f442de3185f84e36a932203c985f5336,0.8329742438977159,data/public_test/public_test/f442de3185f84e36a932203c985f5336.jpeg
f4499f709e8e41cc9a754a3cf8dae50d,0.5652688240263136,data/public_test/public_test/f4499f709e8e41cc9a754a3cf8dae50d.jpeg
f46eece210314a8eb9b02db43ba37cbc,0.1515460320759734,data/public_test/public_test/f46eece210314a8eb9b02db43ba37cbc.jpeg
f470e910a53a4b35b1fdacae662d4ee0,0.889061690425646,data/public_test/public_test/f470e910a53a4b35b1fdacae662d4ee0.jpeg
f470eb36063e4f6386e2c19e5e25e508,0.3990104308867576,data/public_test/public_test/f470eb36063e4f6386e2c19e5e25e508.jpeg
f4809b3253614e028ee37273d9acdd53,0.0910629787148733,data/public_test/public_test/f4809b3253614e028ee37273d9acdd53.jpeg
f494c6c78a3e4a18aea6ec57868fc76d,0.2371909443436012,data/public_test/public_test/f494c6c78a3e4a18aea6ec57868fc76d.jpeg
f4986d8dc0d04146bbcce76c2fcc4fb9,0.5182661137293526,data/public_test/public_test/f4986d8dc0d04146bbcce76c2fcc4fb9.jpeg
f4a85dad32b942f99744d44686fb4c25,0.5990926085874261,data/public_test/public_test/f4a85dad32b942f99744d44686fb4c25.jpeg
f4c4f8be37004ad990adf31b98eedc34,0.9426281148720618,data/public_test/public_test/f4c4f8be37004ad990adf31b98eedc34.jpeg
f4d3faf3632f4e978fd4b865e46d71cb,0.3745291917537893,data/public_test/public_test/f4d3faf3632f4e978fd4b865e46d71cb.jpeg
f4da08a853e54020a9721752fba36048,0.919432652479596,data/public_test/public_test/f4da08a853e54020a9721752fba36048.jpeg
f4dc4a80c3064676b82e7da561caef2a,0.7898731446319959,data/public_test/public_test/f4dc4a80c3064676b82e7da561caef2a.jpeg
f4dc5fcfde904e74b0c1a4909bcfb6c2,0.5317436023438579,data/public_test/public_test/f4dc5fcfde904e74b0c1a4909bcfb6c2.jpeg
f4e1662cdc1648ab8c21f31a009203d6,0.4245799780631254,data/public_test/public_test/f4e1662cdc1648ab8c21f31a009203d6.jpeg
f4e1f97a1c254942bd4fd1ce55cc4e1b,0.409161672460028,data/public_test/public_test/f4e1f97a1c254942bd4fd1ce55cc4e1b.jpeg
f4eb84cda47441c78748fb668073f364,0.3367811829712928,data/public_test/public_test/f4eb84cda47441c78748fb668073f364.jpeg
f4f5917a6625434dab86b673e22158d8,0.7372416152057645,data/public_test/public_test/f4f5917a6625434dab86b673e22158d8.jpeg
f4fbb45a242d4e7cbe5fb6ca85bfbf78,0.8669475200249463,data/public_test/public_test/f4fbb45a242d4e7cbe5fb6ca85bfbf78.jpeg
f50984aed95246e2ae4655fa45cb442f,0.1454035948502314,data/public_test/public_test/f50984aed95246e2ae4655fa45cb442f.jpeg
f509aa6c89854671a8348f059f7b7b2c,0.066919956387548,data/public_test/public_test/f509aa6c89854671a8348f059f7b7b2c.jpeg
f513226f26634ba5bc580e314182b8e1,0.3538846167361369,data/public_test/public_test/f513226f26634ba5bc580e314182b8e1.jpeg
f51684e7d4e94a8397c54a0f4fe2202a,0.6749693704371172,data/public_test/public_test/f51684e7d4e94a8397c54a0f4fe2202a.jpeg
f5195a8a36054848b8668624d374ccb8,0.505042834867408,data/public_test/public_test/f5195a8a36054848b8668624d374ccb8.jpeg
f51fd34056a9482388f9f019caf7281e,0.8503352357991559,data/public_test/public_test/f51fd34056a9482388f9f019caf7281e.jpeg
f521c2c9a1a449be9e489a5a122d6059,0.5825848378791274,data/public_test/public_test/f521c2c9a1a449be9e489a5a122d6059.jpeg
f523f43b6b8c4f58bbda07f16b3aab07,0.5179462366261602,data/public_test/public_test/f523f43b6b8c4f58bbda07f16b3aab07.jpeg
f5259e3efaf94c4ab4e1200eca3fe0fa,0.2168841549623355,data/public_test/public_test/f5259e3efaf94c4ab4e1200eca3fe0fa.jpeg
f5264f514c8741cea102457d5ba41b7a,0.1736765118631316,data/public_test/public_test/f5264f514c8741cea102457d5ba41b7a.jpeg
f52d0966e30540fb8c82297ee3338ab5,0.2281029525118549,data/public_test/public_test/f52d0966e30540fb8c82297ee3338ab5.jpeg
f53ee129ccd74c16acfd72e13f68f7f2,0.8503352357991559,data/public_test/public_test/f53ee129ccd74c16acfd72e13f68f7f2.jpeg
f54551730642445a9f0e60d9d37f4ae0,0.9303084739881368,data/public_test/public_test/f54551730642445a9f0e60d9d37f4ae0.jpeg
f550620384fb4853873911493428ac0a,0.4524310778262825,data/public_test/public_test/f550620384fb4853873911493428ac0a.jpeg
f55660c89cb143e69f5a26675f2f7850,0.1576034634641532,data/public_test/public_test/f55660c89cb143e69f5a26675f2f7850.jpeg
f56019e741014d4a83fa271101d58c72,0.0539531904860903,data/public_test/public_test/f56019e741014d4a83fa271101d58c72.jpeg
f57223f1df7b4ac3a78ce470539f747d,0.5817765947346122,data/public_test/public_test/f57223f1df7b4ac3a78ce470539f747d.jpeg
f57bd5afb40c4e558308096050622e64,0.4269473196873286,data/public_test/public_test/f57bd5afb40c4e558308096050622e64.jpeg
f57e37c3a92d48d2b2983ecf653731f6,0.870127391925954,data/public_test/public_test/f57e37c3a92d48d2b2983ecf653731f6.jpeg
f59394b92eee4eaa8a92d52345125bc5,0.1745716328838788,data/public_test/public_test/f59394b92eee4eaa8a92d52345125bc5.jpeg
f598beced58a42c18900bd1ca905ce0e,0.958052481405022,data/public_test/public_test/f598beced58a42c18900bd1ca905ce0e.jpeg
f599b135b09b4d60b5cd9ce251cd42ee,0.1643376013555534,data/public_test/public_test/f599b135b09b4d60b5cd9ce251cd42ee.jpeg
f599da1b095947e08001bc5c8d95c2c3,0.6158733817513472,data/public_test/public_test/f599da1b095947e08001bc5c8d95c2c3.jpeg
f5a788dbec5049ebb2de6dc53ed19c9c,0.2289968455188974,data/public_test/public_test/f5a788dbec5049ebb2de6dc53ed19c9c.jpeg
f5ae547ed607470eaddcb51a6e5f2485,0.1135438790349804,data/public_test/public_test/f5ae547ed607470eaddcb51a6e5f2485.jpeg
f5b88774392d4dc5aff9648653860857,0.9760508997446462,data/public_test/public_test/f5b88774392d4dc5aff9648653860857.jpeg
f5c676f67fb449c6ac9324f9fae80000,0.3616894161139994,data/public_test/public_test/f5c676f67fb449c6ac9324f9fae80000.jpeg
f5c711c9e27842c8ab6f812f985bf04d,0.548166061575628,data/public_test/public_test/f5c711c9e27842c8ab6f812f985bf04d.jpeg
f5c72c850acb4951ad70809991eff838,0.3984993206671631,data/public_test/public_test/f5c72c850acb4951ad70809991eff838.jpeg
f5c9deb173944985b490c1618f2008fa,0.5654820754284418,data/public_test/public_test/f5c9deb173944985b490c1618f2008fa.jpeg
f5cb913dd171467a8c256e020e93fd99,0.6862503696097016,data/public_test/public_test/f5cb913dd171467a8c256e020e93fd99.jpeg
f5e063c194e543c6948f2b939b081d47,0.5317436023438579,data/public_test/public_test/f5e063c194e543c6948f2b939b081d47.jpeg
f5f11d14258c4e6fa843fa064d0e6f50,0.6561729901566059,data/public_test/public_test/f5f11d14258c4e6fa843fa064d0e6f50.jpeg
f5f35d1b01bc44b4b660275b364d46bf,0.9415468228802952,data/public_test/public_test/f5f35d1b01bc44b4b660275b364d46bf.jpeg
f5f42fa439d54957b92ad26570c19f08,0.4135980166011638,data/public_test/public_test/f5f42fa439d54957b92ad26570c19f08.jpeg
f61ce788d9414eac9f33d4a52f5f2436,0.1521027943872717,data/public_test/public_test/f61ce788d9414eac9f33d4a52f5f2436.jpeg
f62da6542bd74bae810316be761c300f,0.2917837453733667,data/public_test/public_test/f62da6542bd74bae810316be761c300f.jpeg
f6314a1a6eb84dc4897d7a5c766ba681,0.1570410140849421,data/public_test/public_test/f6314a1a6eb84dc4897d7a5c766ba681.jpeg
f642671778c34c348b000efce8d20186,0.5488463647945435,data/public_test/public_test/f642671778c34c348b000efce8d20186.jpeg
f64d6724d6c44bc4a6fef1ea0594b4c9,0.3538843001814931,data/public_test/public_test/f64d6724d6c44bc4a6fef1ea0594b4c9.jpeg
f657ba40b5f34051bc11ea50f7568ac7,0.8550884142984154,data/public_test/public_test/f657ba40b5f34051bc11ea50f7568ac7.jpeg
f668fb49dca84231956439a0b0606147,0.6461998433175563,data/public_test/public_test/f668fb49dca84231956439a0b0606147.jpeg
f66d62d519cb4d05bd7fc38b3538dec5,0.1895511214341803,data/public_test/public_test/f66d62d519cb4d05bd7fc38b3538dec5.jpeg
f67bf3758dab4a54ba3ac28223891fb9,0.505042834867408,data/public_test/public_test/f67bf3758dab4a54ba3ac28223891fb9.jpeg
f67f8449a73b45efa2bfae396a2beb5f,0.6461998433175563,data/public_test/public_test/f67f8449a73b45efa2bfae396a2beb5f.jpeg
f682f92929f546bcaaa45d330c4dccec,0.1653190435529866,data/public_test/public_test/f682f92929f546bcaaa45d330c4dccec.jpeg
f6836166a3c74c76aee7326c84bbd3a6,0.5047229577642156,data/public_test/public_test/f6836166a3c74c76aee7326c84bbd3a6.jpeg
f69f03daf5a84b60bfb3775768cd757c,0.6138088683067354,data/public_test/public_test/f69f03daf5a84b60bfb3775768cd757c.jpeg
f6a2b1f358da45e4ab5e3ff612131933,0.1857901520836252,data/public_test/public_test/f6a2b1f358da45e4ab5e3ff612131933.jpeg
f6a63a5968014b03a52c588648ddbd43,0.1105952734971497,data/public_test/public_test/f6a63a5968014b03a52c588648ddbd43.jpeg
f6b1c67a640c4b7aa742e1adeddc1f27,0.8810885139953463,data/public_test/public_test/f6b1c67a640c4b7aa742e1adeddc1f27.jpeg
f6b5c839a06c4a71b79efd1f3df1a6e2,0.195599973099943,data/public_test/public_test/f6b5c839a06c4a71b79efd1f3df1a6e2.jpeg
f6bf12ba97aa4235abf6a7ea8980de2d,0.8521478727172459,data/public_test/public_test/f6bf12ba97aa4235abf6a7ea8980de2d.jpeg
f6bf19072ac949388f816206a9b73be1,0.1622458328289945,data/public_test/public_test/f6bf19072ac949388f816206a9b73be1.jpeg
f6c2683a248e4da381d76b91b1d56bba,0.8730868326380397,data/public_test/public_test/f6c2683a248e4da381d76b91b1d56bba.jpeg
f6c6032edb5e47048bbdc312062296e5,0.467148060709218,data/public_test/public_test/f6c6032edb5e47048bbdc312062296e5.jpeg
f6cdb25376b943b693740ec756e30754,0.5853437248507919,data/public_test/public_test/f6cdb25376b943b693740ec756e30754.jpeg
f6d898fa0195445886254771732006a2,0.1638269932571182,data/public_test/public_test/f6d898fa0195445886254771732006a2.jpeg
f6da12f94ea44b0393175c7abfab35ed,0.1413890106515325,data/public_test/public_test/f6da12f94ea44b0393175c7abfab35ed.jpeg
f6e25ce387104cc49021b8f2200a2a58,0.4737792050912008,data/public_test/public_test/f6e25ce387104cc49021b8f2200a2a58.jpeg
f6f48439322a49e58afb3b85b51dade8,0.205707565608308,data/public_test/public_test/f6f48439322a49e58afb3b85b51dade8.jpeg
f6f6cfb68e0645aa8ee7f1a44bae0acd,0.7716591443931238,data/public_test/public_test/f6f6cfb68e0645aa8ee7f1a44bae0acd.jpeg
f70d4453bc714c928fb723259faf6b6f,0.3474439386442206,data/public_test/public_test/f70d4453bc714c928fb723259faf6b6f.jpeg
f70ddb213e8046f681286e312daf4633,0.8511669162674561,data/public_test/public_test/f70ddb213e8046f681286e312daf4633.jpeg
f710e8c5942249d2b307ee8ffb480ead,0.548166061575628,data/public_test/public_test/f710e8c5942249d2b307ee8ffb480ead.jpeg
f7115f6cb39248b6b9c5ef00f42486d4,0.1888171485585285,data/public_test/public_test/f7115f6cb39248b6b9c5ef00f42486d4.jpeg
f711b713749044ec93f3499e49a7c6a5,0.8329742438977159,data/public_test/public_test/f711b713749044ec93f3499e49a7c6a5.jpeg
f719807f60fc4ea2b0f5c66a7e717a5c,0.9074250621581847,data/public_test/public_test/f719807f60fc4ea2b0f5c66a7e717a5c.jpeg
f71b9dda78ca4f349b89fbeb6a33da90,0.1265533061325412,data/public_test/public_test/f71b9dda78ca4f349b89fbeb6a33da90.jpeg
f71d9b8aceae467a8df5b1e71054f823,0.6334105908904992,data/public_test/public_test/f71d9b8aceae467a8df5b1e71054f823.jpeg
f7341dc9610d4c1fac5b60fa5ba03904,0.396110446504877,data/public_test/public_test/f7341dc9610d4c1fac5b60fa5ba03904.jpeg
f73b03803b9f4efab59a07a0090a54fc,0.8503352357991559,data/public_test/public_test/f73b03803b9f4efab59a07a0090a54fc.jpeg
f73d35d0813b422e837adf07e3b30d03,0.0638519033211159,data/public_test/public_test/f73d35d0813b422e837adf07e3b30d03.jpeg
f743a80c5fc6498eb001be5770804905,0.032286727957409,data/public_test/public_test/f743a80c5fc6498eb001be5770804905.jpeg
f76bb8da86ef453f8a89d0bbbd062952,0.2199118391249134,data/public_test/public_test/f76bb8da86ef453f8a89d0bbbd062952.jpeg
f77046d456b9476e85c71e2aa0dabe1d,0.5179462366261602,data/public_test/public_test/f77046d456b9476e85c71e2aa0dabe1d.jpeg
f77913d6020344bab083ebe0bc7ef00c,0.9760508997446462,data/public_test/public_test/f77913d6020344bab083ebe0bc7ef00c.jpeg
f78baec0d64b4ebbb3ddc48723243301,0.1395630497847458,data/public_test/public_test/f78baec0d64b4ebbb3ddc48723243301.jpeg
f7b3c473f0c5480995d7884c1d4c002c,0.9891878355985502,data/public_test/public_test/f7b3c473f0c5480995d7884c1d4c002c.jpeg
f7bcbf32c80c42d7b7052811fdcc2467,0.2263579750555175,data/public_test/public_test/f7bcbf32c80c42d7b7052811fdcc2467.jpeg
f7c69725721a415d802599e5ffe67d2d,0.113496906146314,data/public_test/public_test/f7c69725721a415d802599e5ffe67d2d.jpeg
f7d607c9a78a4c38a4977ccf72f7cb57,0.2297216601412313,data/public_test/public_test/f7d607c9a78a4c38a4977ccf72f7cb57.jpeg
f7e0f415d49d41adb941e2293fea5dbc,0.1686866473668781,data/public_test/public_test/f7e0f415d49d41adb941e2293fea5dbc.jpeg
f7ef18b7d38f41229a2f29e460e702fa,0.6461998433175563,data/public_test/public_test/f7ef18b7d38f41229a2f29e460e702fa.jpeg
f7f0a23d1424426eadfcad5c2a945a55,0.2141134313030169,data/public_test/public_test/f7f0a23d1424426eadfcad5c2a945a55.jpeg
f7f5e798a87b4f1b905ec52434cc73cf,0.3678745909455861,data/public_test/public_test/f7f5e798a87b4f1b905ec52434cc73cf.jpeg
f7f8c09e3d2442e0a09e23347571096e,0.879077494192173,data/public_test/public_test/f7f8c09e3d2442e0a09e23347571096e.jpeg
f80614de4a8f440e847aab35ffcc2e39,0.2736990822667982,data/public_test/public_test/f80614de4a8f440e847aab35ffcc2e39.jpeg
f8151aa9a856493f818e444b84868f2c,0.9105787569003864,data/public_test/public_test/f8151aa9a856493f818e444b84868f2c.jpeg
f81ab3faa1b541e1bbe1435730a264dc,0.1499271716271138,data/public_test/public_test/f81ab3faa1b541e1bbe1435730a264dc.jpeg
f824ebb5a6b34bd388a22464ae7d1dbb,0.889061690425646,data/public_test/public_test/f824ebb5a6b34bd388a22464ae7d1dbb.jpeg
f82cb294cbf7472ca527b55d02945986,0.7097096120748673,data/public_test/public_test/f82cb294cbf7472ca527b55d02945986.jpeg
f82e4166608a426cab2d237aa1e15c14,0.1449694729031667,data/public_test/public_test/f82e4166608a426cab2d237aa1e15c14.jpeg
f8575cac3a6f475a8413f6d30d3d8abb,0.946044891083611,data/public_test/public_test/f8575cac3a6f475a8413f6d30d3d8abb.jpeg
f85c72bea8704f25ab08cd5044e06f12,0.2624828826484942,data/public_test/public_test/f85c72bea8704f25ab08cd5044e06f12.jpeg
f862c2d6d5fa46b797455d5f40ed7cb8,0.1345289958975567,data/public_test/public_test/f862c2d6d5fa46b797455d5f40ed7cb8.jpeg
f8665b2b766c4f978d68f7ccc07824d0,0.7097096120748673,data/public_test/public_test/f8665b2b766c4f978d68f7ccc07824d0.jpeg
f8720d80f2bc43bb97034d343585ecee,0.984111802745094,data/public_test/public_test/f8720d80f2bc43bb97034d343585ecee.jpeg
f881fdc19d53419abb519239aa37bfe0,0.835446257316733,data/public_test/public_test/f881fdc19d53419abb519239aa37bfe0.jpeg
f8897d5db32b4a778e0dade83711052a,0.169543762727923,data/public_test/public_test/f8897d5db32b4a778e0dade83711052a.jpeg
f895a0a2812046e291526ada30122470,0.3882620089777864,data/public_test/public_test/f895a0a2812046e291526ada30122470.jpeg
f8a1c079a6b64839897f300f307e5234,0.8394380891504024,data/public_test/public_test/f8a1c079a6b64839897f300f307e5234.jpeg
f8a5f211a5a14367b8c44825bb52d259,0.1288500574356163,data/public_test/public_test/f8a5f211a5a14367b8c44825bb52d259.jpeg
f8a6dd72e8ef42dea934d6240704c6ee,0.1573492919164633,data/public_test/public_test/f8a6dd72e8ef42dea934d6240704c6ee.jpeg
f8aa7f2cfe1842619ae9d6a6d1bfd218,0.0534836007743131,data/public_test/public_test/f8aa7f2cfe1842619ae9d6a6d1bfd218.jpeg
f8b65b7b5263479fa6ea23ad096b667b,0.1529893029385697,data/public_test/public_test/f8b65b7b5263479fa6ea23ad096b667b.jpeg
f8c7e2f9eb7a404d92bd73a4ea1bab73,0.505042834867408,data/public_test/public_test/f8c7e2f9eb7a404d92bd73a4ea1bab73.jpeg
f8d00b24f3234c39a093956cbb7a836b,0.3764470789975942,data/public_test/public_test/f8d00b24f3234c39a093956cbb7a836b.jpeg
f8e4c719188d4bcbb9d800cbffaf872c,0.5990051958430026,data/public_test/public_test/f8e4c719188d4bcbb9d800cbffaf872c.jpeg
f8e58801efa74a00866f7ea3872d9cec,0.9415468228802952,data/public_test/public_test/f8e58801efa74a00866f7ea3872d9cec.jpeg
f8f8d0fc9fd340dfbc597e285a37ad58,0.1553757811096719,data/public_test/public_test/f8f8d0fc9fd340dfbc597e285a37ad58.jpeg
f90232a9fb064f168ec5b5c34d2dd9d4,0.4345828660296444,data/public_test/public_test/f90232a9fb064f168ec5b5c34d2dd9d4.jpeg
f908f5a3cdf345e18f8356b0be7d03e9,0.8468965695610898,data/public_test/public_test/f908f5a3cdf345e18f8356b0be7d03e9.jpeg
f90facb77d1740248561c47336287caf,0.3029151629254948,data/public_test/public_test/f90facb77d1740248561c47336287caf.jpeg
f91d77574fa0412bb625c9d27a0a06c4,0.5490596161966718,data/public_test/public_test/f91d77574fa0412bb625c9d27a0a06c4.jpeg
f93a0b3c9dd24170b89ba6eca850039f,0.1878353843486127,data/public_test/public_test/f93a0b3c9dd24170b89ba6eca850039f.jpeg
f93bf44f450d4c849c3b6f59542cc285,0.7284343322978678,data/public_test/public_test/f93bf44f450d4c849c3b6f59542cc285.jpeg
f9445955a9fa44f89d5068ca0c7f55a1,0.5343686958579302,data/public_test/public_test/f9445955a9fa44f89d5068ca0c7f55a1.jpeg
f947d542b92246cf8e343e86c0284dd7,0.1518417459628353,data/public_test/public_test/f947d542b92246cf8e343e86c0284dd7.jpeg
f94f7349586c4a4ab7f5514055629d27,0.1162261202134927,data/public_test/public_test/f94f7349586c4a4ab7f5514055629d27.jpeg
f96ce2040e7140b0aacfb73bac05f6a2,0.4246659854140868,data/public_test/public_test/f96ce2040e7140b0aacfb73bac05f6a2.jpeg
f982225c75254994b26e69fa9a1d96ce,0.3937647574912078,data/public_test/public_test/f982225c75254994b26e69fa9a1d96ce.jpeg
f98930a0c2af4fbd978594b945dd3eb3,0.4488278441071833,data/public_test/public_test/f98930a0c2af4fbd978594b945dd3eb3.jpeg
f98de712753d45a09c76cb3f09dfa5b6,0.2601807881213437,data/public_test/public_test/f98de712753d45a09c76cb3f09dfa5b6.jpeg
f98fd883c6ca4291910de5022ceec54c,0.6860157930673605,data/public_test/public_test/f98fd883c6ca4291910de5022ceec54c.jpeg
f992655122814c3abf8bf57d29d92349,0.4849750756248525,data/public_test/public_test/f992655122814c3abf8bf57d29d92349.jpeg
f993d3dbfdc44dd98c6b60614c73ed23,0.1897552091251518,data/public_test/public_test/f993d3dbfdc44dd98c6b60614c73ed23.jpeg
f9960f373fa74e6782c8718aef1c9f40,0.1616987036029801,data/public_test/public_test/f9960f373fa74e6782c8718aef1c9f40.jpeg
f99a229bb42e4790bac870ffa627f9ea,0.5182661137293526,data/public_test/public_test/f99a229bb42e4790bac870ffa627f9ea.jpeg
f9ad00698f034cf1bdebb7b0315522fd,0.835446257316733,data/public_test/public_test/f9ad00698f034cf1bdebb7b0315522fd.jpeg
f9b880e73e754e938f3ad3664f98f90d,0.2406871484815735,data/public_test/public_test/f9b880e73e754e938f3ad3664f98f90d.jpeg
f9c1692b99cc4fca8f6787ae3106afca,0.8669475200249463,data/public_test/public_test/f9c1692b99cc4fca8f6787ae3106afca.jpeg
f9c3ee3f45474ca3901b48325ec9f760,0.0945155774506496,data/public_test/public_test/f9c3ee3f45474ca3901b48325ec9f760.jpeg
f9ce0f34e58247198c65c0e1e663bfa0,0.229466724496125,data/public_test/public_test/f9ce0f34e58247198c65c0e1e663bfa0.jpeg
f9d0cbde66c7423fac0ae1bc9fbdd3b6,0.9295392325588844,data/public_test/public_test/f9d0cbde66c7423fac0ae1bc9fbdd3b6.jpeg
f9d168655d634a73b4f850c5e0ba62a3,0.5047229577642156,data/public_test/public_test/f9d168655d634a73b4f850c5e0ba62a3.jpeg
f9f42995627c4ba3adaefdc4954783f5,0.8487548476552064,data/public_test/public_test/f9f42995627c4ba3adaefdc4954783f5.jpeg
fa03c50382734deb9365e56d3bd262e2,0.6155129665513012,data/public_test/public_test/fa03c50382734deb9365e56d3bd262e2.jpeg
fa0c2adaf7154019abed248604666878,0.3817366033980809,data/public_test/public_test/fa0c2adaf7154019abed248604666878.jpeg
fa0d4ec636b84a4c86f394bd2a7d5009,0.1996520881263784,data/public_test/public_test/fa0d4ec636b84a4c86f394bd2a7d5009.jpeg
fa0d7c27d6c84d9d9fcd52cf3acea107,0.4912454691497102,data/public_test/public_test/fa0d7c27d6c84d9d9fcd52cf3acea107.jpeg
fa16917dcd754bfba8061de203e77baa,0.9811269325981024,data/public_test/public_test/fa16917dcd754bfba8061de203e77baa.jpeg
fa19c22fc89f42089c94b12bdb8c6c5d,0.1819101445423702,data/public_test/public_test/fa19c22fc89f42089c94b12bdb8c6c5d.jpeg
fa3f04cd81724762b907452cd3c0c4d0,0.879077494192173,data/public_test/public_test/fa3f04cd81724762b907452cd3c0c4d0.jpeg
fa468f58c5964e6cae24e788ac07cf61,0.3691542412621615,data/public_test/public_test/fa468f58c5964e6cae24e788ac07cf61.jpeg
fa4e558adbb04b66a5ed4c7010f20aba,0.1600762628119414,data/public_test/public_test/fa4e558adbb04b66a5ed4c7010f20aba.jpeg
fa55f15dc54543e6ad4424a20f546bf6,0.1844680206796235,data/public_test/public_test/fa55f15dc54543e6ad4424a20f546bf6.jpeg
fa645d0ac5004d6aac9f6394c762406a,0.981787362461896,data/public_test/public_test/fa645d0ac5004d6aac9f6394c762406a.jpeg
fa65efbbda2f4255b0af4146d9eb2689,0.2306611561194294,data/public_test/public_test/fa65efbbda2f4255b0af4146d9eb2689.jpeg
fa6901b3868841ebab7a583da9846523,0.0750660125872026,data/public_test/public_test/fa6901b3868841ebab7a583da9846523.jpeg
fa6d80c26a454e25a6efdc4baabf4628,0.2713103882131887,data/public_test/public_test/fa6d80c26a454e25a6efdc4baabf4628.jpeg
fa829f784212417baaab4c88440460b2,0.4827810804152119,data/public_test/public_test/fa829f784212417baaab4c88440460b2.jpeg
fa8fb79c40c14c5a959b0afef4568ef1,0.548166061575628,data/public_test/public_test/fa8fb79c40c14c5a959b0afef4568ef1.jpeg
fa9e4774db394f289889404fce6cd25c,0.1893748277867264,data/public_test/public_test/fa9e4774db394f289889404fce6cd25c.jpeg
faa83b7694cb4e099bf35a6ca255b7f4,0.1432297076827762,data/public_test/public_test/faa83b7694cb4e099bf35a6ca255b7f4.jpeg
fab1e38f77e343999ae4028e8795e6da,0.306541277268833,data/public_test/public_test/fab1e38f77e343999ae4028e8795e6da.jpeg
fabcfae2720b46da8ca4026a06ac176e,0.6323811524596458,data/public_test/public_test/fabcfae2720b46da8ca4026a06ac176e.jpeg
fac54a1942024f92b5b2f5eef98644d5,0.1283887145180964,data/public_test/public_test/fac54a1942024f92b5b2f5eef98644d5.jpeg
fac5e2ccb3de47ec80ceee7db818649a,0.1448438034384613,data/public_test/public_test/fac5e2ccb3de47ec80ceee7db818649a.jpeg
facb09d42fe5470a81f574fc909a82f6,0.548166061575628,data/public_test/public_test/facb09d42fe5470a81f574fc909a82f6.jpeg
face7559cc84485e8af75adec0e783ef,0.7097096120748673,data/public_test/public_test/face7559cc84485e8af75adec0e783ef.jpeg
fad32a4c635f497e85ec7774f55678cd,0.1660880093613851,data/public_test/public_test/fad32a4c635f497e85ec7774f55678cd.jpeg
fadcaa2fd09044b183bf26cb126d2380,0.888464586499687,data/public_test/public_test/fadcaa2fd09044b183bf26cb126d2380.jpeg
fadcd1d9c9784de68afcc0a2a254a7e8,0.5179462366261602,data/public_test/public_test/fadcd1d9c9784de68afcc0a2a254a7e8.jpeg
fae79935e7c641f8a3bff14234ab556d,0.5142111306086868,data/public_test/public_test/fae79935e7c641f8a3bff14234ab556d.jpeg
faebb6dfebe844beb8fe9a3b5225641e,0.363523874835623,data/public_test/public_test/faebb6dfebe844beb8fe9a3b5225641e.jpeg
faf0df8b99554d7fa2b75d91d88f116c,0.9949242983158,data/public_test/public_test/faf0df8b99554d7fa2b75d91d88f116c.jpeg
fafcdb66240a47a99abc4f1de958867f,0.505042834867408,data/public_test/public_test/fafcdb66240a47a99abc4f1de958867f.jpeg
fb0091c3822e46be95026fcda5e3628a,0.0943906775411991,data/public_test/public_test/fb0091c3822e46be95026fcda5e3628a.jpeg
fb054dae4c494adbaca4fe30003647ff,0.229856187678127,data/public_test/public_test/fb054dae4c494adbaca4fe30003647ff.jpeg
fb0a1aa9580e473285bfbf6d1b6a6173,0.870127391925954,data/public_test/public_test/fb0a1aa9580e473285bfbf6d1b6a6173.jpeg
fb1a597a613141d2a9a1c431e0c7f676,0.3526045025032731,data/public_test/public_test/fb1a597a613141d2a9a1c431e0c7f676.jpeg
fb1cb4b47da94c2c86a0e57eadbbfec0,0.824832794113914,data/public_test/public_test/fb1cb4b47da94c2c86a0e57eadbbfec0.jpeg
fb1fce73f79f42ac87f940e34341d0f4,0.2080181743638114,data/public_test/public_test/fb1fce73f79f42ac87f940e34341d0f4.jpeg
fb21e833171c4686a08975009b838bdd,0.9295392325588844,data/public_test/public_test/fb21e833171c4686a08975009b838bdd.jpeg
fb26b36a52584af594f97cfaff783145,0.8669475200249463,data/public_test/public_test/fb26b36a52584af594f97cfaff783145.jpeg
fb2b95b41cd940998d9b63a2f1e241c9,0.5825848378791274,data/public_test/public_test/fb2b95b41cd940998d9b63a2f1e241c9.jpeg
fb3a310b2c5346a3a72366be610d65b2,0.9517813538008608,data/public_test/public_test/fb3a310b2c5346a3a72366be610d65b2.jpeg
fb3cde845aa04d36a9786b78be377c50,0.1025776975491248,data/public_test/public_test/fb3cde845aa04d36a9786b78be377c50.jpeg
fb3ce10217124c1cb09592c89a15d0c3,0.765861036752355,data/public_test/public_test/fb3ce10217124c1cb09592c89a15d0c3.jpeg
fb3d684e86b54bcb9b7bb148d2895469,0.5179462366261602,data/public_test/public_test/fb3d684e86b54bcb9b7bb148d2895469.jpeg
fb43bb87434e4956b837b2e5613ef3ca,0.5179462366261602,data/public_test/public_test/fb43bb87434e4956b837b2e5613ef3ca.jpeg
fb447f6890414b7d8a8672d87f050e2b,0.188819358983197,data/public_test/public_test/fb447f6890414b7d8a8672d87f050e2b.jpeg
fb5c53bae995481c95bfe4740d5b8d55,0.2117235092357027,data/public_test/public_test/fb5c53bae995481c95bfe4740d5b8d55.jpeg
fb5f38c2d78f493eb07520c30813df0e,0.1510359533878909,data/public_test/public_test/fb5f38c2d78f493eb07520c30813df0e.jpeg
fb67b4220d47486fa520829464befe43,0.109358027858259,data/public_test/public_test/fb67b4220d47486fa520829464befe43.jpeg
fb6c20c6cce240c487f4e9f2f293e734,0.7464967260581304,data/public_test/public_test/fb6c20c6cce240c487f4e9f2f293e734.jpeg
fb7575989f8d464fbfeab252a9cb6715,0.0687975129323696,data/public_test/public_test/fb7575989f8d464fbfeab252a9cb6715.jpeg
fb7708d787e74bedb8b8e3faa786543c,0.9475376508985086,data/public_test/public_test/fb7708d787e74bedb8b8e3faa786543c.jpeg
fb7e4f2f7fa6488c91c250595f124346,0.4581476262546204,data/public_test/public_test/fb7e4f2f7fa6488c91c250595f124346.jpeg
fb7e5fe4ca994ba7a2be13d585c44e03,0.4248151877147543,data/public_test/public_test/fb7e5fe4ca994ba7a2be13d585c44e03.jpeg
fb863294c3854cb685919cfb07bb4350,0.5990051958430026,data/public_test/public_test/fb863294c3854cb685919cfb07bb4350.jpeg
fb897104b1304017a2a8626fb858d891,0.6600185341754669,data/public_test/public_test/fb897104b1304017a2a8626fb858d891.jpeg
fba40972ace24ae5a5c71652c33bb137,0.6749693704371172,data/public_test/public_test/fba40972ace24ae5a5c71652c33bb137.jpeg
fbaf94597a794662835f094ccbdadcab,0.6003875367589483,data/public_test/public_test/fbaf94597a794662835f094ccbdadcab.jpeg
fbc1b329db8c483a8633a4f6263272d8,0.1717990644750838,data/public_test/public_test/fbc1b329db8c483a8633a4f6263272d8.jpeg
fbc620de92b348498dd263f4767bdaa3,0.8085126052279352,data/public_test/public_test/fbc620de92b348498dd263f4767bdaa3.jpeg
fbccac90360d4586915d61f4b3799f47,0.3479557583828445,data/public_test/public_test/fbccac90360d4586915d61f4b3799f47.jpeg
fbd25a0d3ab14019b0f0cd1b103f05e0,0.6860157930673605,data/public_test/public_test/fbd25a0d3ab14019b0f0cd1b103f05e0.jpeg
fbd3f2f6f5c1406ebcfb0a5d68f55bad,0.7461566071957048,data/public_test/public_test/fbd3f2f6f5c1406ebcfb0a5d68f55bad.jpeg
fbdd99a703b247fcacd7c3e032b0d532,0.3082036939993404,data/public_test/public_test/fbdd99a703b247fcacd7c3e032b0d532.jpeg
fbf4918002124ba6be5ccf2d6e982a01,0.1001459820820589,data/public_test/public_test/fbf4918002124ba6be5ccf2d6e982a01.jpeg
fbfb4e6dbfd64c3eb4ed52813174687d,0.8511669162674561,data/public_test/public_test/fbfb4e6dbfd64c3eb4ed52813174687d.jpeg
fc08de89946b4e85bf721f2443194ae0,0.7376894431502338,data/public_test/public_test/fc08de89946b4e85bf721f2443194ae0.jpeg
fc13f40ed34c4f489151c67b6f1de2cd,0.5317436023438579,data/public_test/public_test/fc13f40ed34c4f489151c67b6f1de2cd.jpeg
fc19a16329084d7c92ed6645371a01cf,0.1532547558388272,data/public_test/public_test/fc19a16329084d7c92ed6645371a01cf.jpeg
fc2601e0dbe24e0a80ccef4be5da16ee,0.3656982859555922,data/public_test/public_test/fc2601e0dbe24e0a80ccef4be5da16ee.jpeg
fc2b36d3271940428481723027bec4c1,0.926890161394997,data/public_test/public_test/fc2b36d3271940428481723027bec4c1.jpeg
fc36b14d80204447b7b80c8da57930ab,0.3790492373090408,data/public_test/public_test/fc36b14d80204447b7b80c8da57930ab.jpeg
fc38eac7dca54ff3a58f721331992286,0.3562302293400645,data/public_test/public_test/fc38eac7dca54ff3a58f721331992286.jpeg
fc5424fa9a7644ed9c126f7c55841a14,0.958052481405022,data/public_test/public_test/fc5424fa9a7644ed9c126f7c55841a14.jpeg
fc552080f1e04e82a867d167a0e30eb7,0.7535564308495549,data/public_test/public_test/fc552080f1e04e82a867d167a0e30eb7.jpeg
fc6fa2c2b4744372888780cc7966a01a,0.1354621607828771,data/public_test/public_test/fc6fa2c2b4744372888780cc7966a01a.jpeg
fc727703042043969f22aa10574b9536,0.4614104463880049,data/public_test/public_test/fc727703042043969f22aa10574b9536.jpeg
fc7539404c924302a75373d0e9c82aec,0.4841655225990522,data/public_test/public_test/fc7539404c924302a75373d0e9c82aec.jpeg
fc82f798a624445b82ac50bf069d0aea,0.6323811524596458,data/public_test/public_test/fc82f798a624445b82ac50bf069d0aea.jpeg
fc83d266e2d64403ae1baa7cc3ddc51b,0.5817765947346122,data/public_test/public_test/fc83d266e2d64403ae1baa7cc3ddc51b.jpeg
fc861452578c432a9ea0df12b9fcad49,0.1593418969719039,data/public_test/public_test/fc861452578c432a9ea0df12b9fcad49.jpeg
fc90697201ed44d2b890d2b420a899df,0.7284343322978678,data/public_test/public_test/fc90697201ed44d2b890d2b420a899df.jpeg
fc908f8606074a9e96ed3f129d785586,0.2167583654251789,data/public_test/public_test/fc908f8606074a9e96ed3f129d785586.jpeg
fc90f348549040f7b4325c889366b046,0.8087672188605587,data/public_test/public_test/fc90f348549040f7b4325c889366b046.jpeg
fcad7c01380645b683bb5a54b001c0fa,0.1614432167161665,data/public_test/public_test/fcad7c01380645b683bb5a54b001c0fa.jpeg
fcbb0b6f32c24ce4aa0dc191f7d3311f,0.2152266666601632,data/public_test/public_test/fcbb0b6f32c24ce4aa0dc191f7d3311f.jpeg
fcc0ba6c21f7458485eb6ee6840fdf80,0.8030533693334521,data/public_test/public_test/fcc0ba6c21f7458485eb6ee6840fdf80.jpeg
fcc50c7772a3431d9f46c20e83b14559,0.7369014963433388,data/public_test/public_test/fcc50c7772a3431d9f46c20e83b14559.jpeg
fccc7828044b4e6db22ba1d3c8bcfa2f,0.7361113827744847,data/public_test/public_test/fccc7828044b4e6db22ba1d3c8bcfa2f.jpeg
fccfd10ed7ad430985aee144275abb21,0.1569230510884638,data/public_test/public_test/fccfd10ed7ad430985aee144275abb21.jpeg
fcd6c435c1e24bde825c6d2a04c97b6a,0.9074250621581847,data/public_test/public_test/fcd6c435c1e24bde825c6d2a04c97b6a.jpeg
fcf22d6232a745db9e2b7676d58ca50d,0.7810031743533911,data/public_test/public_test/fcf22d6232a745db9e2b7676d58ca50d.jpeg
fcf3cd899f1f4ece8c93ae0f2d0c785e,0.8321425634294157,data/public_test/public_test/fcf3cd899f1f4ece8c93ae0f2d0c785e.jpeg
fcf92e12cf0646f19423f3a8ae9c9b30,0.4267777555549767,data/public_test/public_test/fcf92e12cf0646f19423f3a8ae9c9b30.jpeg
fcf9ee5fee7c485cb05b514397ee8c86,0.908022166084144,data/public_test/public_test/fcf9ee5fee7c485cb05b514397ee8c86.jpeg
fcfed1676241411fbc8adc7027cf1192,0.9105787569003864,data/public_test/public_test/fcfed1676241411fbc8adc7027cf1192.jpeg
fd1c2c150181475e81c26b767d330b19,0.1271868384028218,data/public_test/public_test/fd1c2c150181475e81c26b767d330b19.jpeg
fd1d4e6367434f2ea8ff4a1609151ed0,0.4841655225990522,data/public_test/public_test/fd1d4e6367434f2ea8ff4a1609151ed0.jpeg
fd2da17057b54c58b44a620f802d08c1,0.8474936734870488,data/public_test/public_test/fd2da17057b54c58b44a620f802d08c1.jpeg
fd325d1153f9480b9d0b95912247d931,0.2288705374870655,data/public_test/public_test/fd325d1153f9480b9d0b95912247d931.jpeg
fd4091ff721c47d8beb2e89854b12d53,0.2076266153717534,data/public_test/public_test/fd4091ff721c47d8beb2e89854b12d53.jpeg
fd416e6c01604ae79eae4df94872a597,0.6572462659477997,data/public_test/public_test/fd416e6c01604ae79eae4df94872a597.jpeg
fd475f91c9cb44a485ef97f5d1dd497e,0.090296141463563,data/public_test/public_test/fd475f91c9cb44a485ef97f5d1dd497e.jpeg
fd4bb21929664318a271cbd65676ff9b,0.1006132467545551,data/public_test/public_test/fd4bb21929664318a271cbd65676ff9b.jpeg
fd5bcfcacf9c44f9a66e471ab8b81db3,0.204854734650633,data/public_test/public_test/fd5bcfcacf9c44f9a66e471ab8b81db3.jpeg
fd5eecbcc12b4a72889da0928de7aea2,0.6611506795792067,data/public_test/public_test/fd5eecbcc12b4a72889da0928de7aea2.jpeg
fd635bf3e7e34f5d8d1146f33b7370b1,0.0985674850792148,data/public_test/public_test/fd635bf3e7e34f5d8d1146f33b7370b1.jpeg
fd72834947eb4097b0fb64fe604a90be,0.1216847448300429,data/public_test/public_test/fd72834947eb4097b0fb64fe604a90be.jpeg
fd76b5a43544432f8b59f7976d1819b6,0.1444675918887933,data/public_test/public_test/fd76b5a43544432f8b59f7976d1819b6.jpeg
fd7c52c3fcb54fe892be67336979615c,0.9949242983158,data/public_test/public_test/fd7c52c3fcb54fe892be67336979615c.jpeg
fd7dcc2d01ed4c60aada80113dfb02f4,0.4912454691497102,data/public_test/public_test/fd7dcc2d01ed4c60aada80113dfb02f4.jpeg
fd84ea352cc3496cadacadc0535f70cc,0.0728474994017168,data/public_test/public_test/fd84ea352cc3496cadacadc0535f70cc.jpeg
fd853f8881634860bdc3318f871daba5,0.1575594650975717,data/public_test/public_test/fd853f8881634860bdc3318f871daba5.jpeg
fd8e9987aa60415db0180354e366f823,0.7176651364903911,data/public_test/public_test/fd8e9987aa60415db0180354e366f823.jpeg
fd9e9b0e7d2d43d690945a07d67a77c4,0.9103845028702704,data/public_test/public_test/fd9e9b0e7d2d43d690945a07d67a77c4.jpeg
fdb4729f6e574b53944e6342afbd8f93,0.835446257316733,data/public_test/public_test/fdb4729f6e574b53944e6342afbd8f93.jpeg
fdbdf94759d7497ba8838a8323bdcb0a,0.7464967260581304,data/public_test/public_test/fdbdf94759d7497ba8838a8323bdcb0a.jpeg
fdc315056aaf4b92ae014a242992b357,0.1983743971738919,data/public_test/public_test/fdc315056aaf4b92ae014a242992b357.jpeg
fdcccb956f854b4fa9992392c02dd35c,0.0847044410952081,data/public_test/public_test/fdcccb956f854b4fa9992392c02dd35c.jpeg
fdcddb680b3240c69788eab37564805f,0.2145445951015128,data/public_test/public_test/fdcddb680b3240c69788eab37564805f.jpeg
fdce1d7beb5446948f18a4bd2f238530,0.1592172972435813,data/public_test/public_test/fdce1d7beb5446948f18a4bd2f238530.jpeg
fdd4e197d20542308ad4e36d928c2aa6,0.8575604277174326,data/public_test/public_test/fdd4e197d20542308ad4e36d928c2aa6.jpeg
fdd78767cb6941babf125792f6f82b99,0.5654820754284418,data/public_test/public_test/fdd78767cb6941babf125792f6f82b99.jpeg
fddaddd2233e4b7eb735a4c9823d3429,0.8487548476552064,data/public_test/public_test/fddaddd2233e4b7eb735a4c9823d3429.jpeg
fde517a860864082b434e9dc4d916001,0.917061599525085,data/public_test/public_test/fde517a860864082b434e9dc4d916001.jpeg
fde5ac10c81340a6aaf0cbb850a1dba0,0.1516262895938771,data/public_test/public_test/fde5ac10c81340a6aaf0cbb850a1dba0.jpeg
fde835761c0544db93a91677dcbb9874,0.6873821902720395,data/public_test/public_test/fde835761c0544db93a91677dcbb9874.jpeg
fde9b567112e47fabb178f5e572c8f02,0.1040700589417984,data/public_test/public_test/fde9b567112e47fabb178f5e572c8f02.jpeg
fdec1ca9c7c44e51ab9e9c70209cd78b,0.6714466971459689,data/public_test/public_test/fdec1ca9c7c44e51ab9e9c70209cd78b.jpeg
fdf9fb177844486cb2d429bcfd5859d9,0.5654820754284418,data/public_test/public_test/fdf9fb177844486cb2d429bcfd5859d9.jpeg
fe18f2188d2e421d9ed3353231b7f751,0.5825827366112325,data/public_test/public_test/fe18f2188d2e421d9ed3353231b7f751.jpeg
fe1c89f4c6504cee84c158c2eef448b2,0.1436155031971799,data/public_test/public_test/fe1c89f4c6504cee84c158c2eef448b2.jpeg
fe1dfce4024a4cc19d29191b756a5388,0.8030533693334521,data/public_test/public_test/fe1dfce4024a4cc19d29191b756a5388.jpeg
fe1e2424540c4d718871e8cf7f247911,0.2363765447570462,data/public_test/public_test/fe1e2424540c4d718871e8cf7f247911.jpeg
fe2675d94cf34acf88d74c1f1c546f51,0.4179480068185814,data/public_test/public_test/fe2675d94cf34acf88d74c1f1c546f51.jpeg
fe2dc194e9c94deb890413f76e47e09c,0.9760508997446462,data/public_test/public_test/fe2dc194e9c94deb890413f76e47e09c.jpeg
fe36afdb0333450aacc994db4f8f24f9,0.6323811524596458,data/public_test/public_test/fe36afdb0333450aacc994db4f8f24f9.jpeg
fe38f6f9a22c4a88bd2b610eba90cc8a,0.7724304679878354,data/public_test/public_test/fe38f6f9a22c4a88bd2b610eba90cc8a.jpeg
fe396e1b66ae4359a82014701f958eed,0.8669475200249463,data/public_test/public_test/fe396e1b66ae4359a82014701f958eed.jpeg
fe3eae40e97d43dab3ad1ba935c9d128,0.1041556760572935,data/public_test/public_test/fe3eae40e97d43dab3ad1ba935c9d128.jpeg
fe4be71ce7f2449f9f4b2aa44c42d921,0.9074250621581847,data/public_test/public_test/fe4be71ce7f2449f9f4b2aa44c42d921.jpeg
fe54b52750374e648e649d75861f29c7,0.1503113297899112,data/public_test/public_test/fe54b52750374e648e649d75861f29c7.jpeg
fe5817a4ae4e44848d9e87d22db4f1a1,0.2771971748169565,data/public_test/public_test/fe5817a4ae4e44848d9e87d22db4f1a1.jpeg
fe74d8fffa5a494ca72e4d5f0e75e9c2,0.5810873106421359,data/public_test/public_test/fe74d8fffa5a494ca72e4d5f0e75e9c2.jpeg
fe770e1b50b64e3e8c1a8240f468ca96,0.8923860845306462,data/public_test/public_test/fe770e1b50b64e3e8c1a8240f468ca96.jpeg
fe88d786814a41b581bd13cfdcdfaf96,0.9088917430553728,data/public_test/public_test/fe88d786814a41b581bd13cfdcdfaf96.jpeg
fe982b5651c14c348412fbad9919dc8b,0.2016962069922736,data/public_test/public_test/fe982b5651c14c348412fbad9919dc8b.jpeg
fe9cafe5e8ea4f8db5f51e5f24a22840,0.5317436023438579,data/public_test/public_test/fe9cafe5e8ea4f8db5f51e5f24a22840.jpeg
feabea73225c4ecda039b4f284b48399,0.1979033010986369,data/public_test/public_test/feabea73225c4ecda039b4f284b48399.jpeg
feb07150e42f4bc7b987558195db7f25,0.9640433094232352,data/public_test/public_test/feb07150e42f4bc7b987558195db7f25.jpeg
febe992611db475a9f43e32bfeccb8f2,0.6461998433175563,data/public_test/public_test/febe992611db475a9f43e32bfeccb8f2.jpeg
feceb221fd494263a0ceb1c2521e6c0f,0.3920570761755433,data/public_test/public_test/feceb221fd494263a0ceb1c2521e6c0f.jpeg
feee4572be704c85857d46a7524b3a37,0.8146542456092288,data/public_test/public_test/feee4572be704c85857d46a7524b3a37.jpeg
ff1374a454ec484a9a78b16f3990e2da,0.4846773259641601,data/public_test/public_test/ff1374a454ec484a9a78b16f3990e2da.jpeg
ff16726ba51f48ebb72aa00f18948d3d,0.8979155860048555,data/public_test/public_test/ff16726ba51f48ebb72aa00f18948d3d.jpeg
ff19c9305b744b09ad14a33d0fdf8eba,0.3936358897330314,data/public_test/public_test/ff19c9305b744b09ad14a33d0fdf8eba.jpeg
ff276bd04fde4bf7a927955727c4a6e2,0.5044687480116549,data/public_test/public_test/ff276bd04fde4bf7a927955727c4a6e2.jpeg
ff3394a4face45e3acdbd923b0be8715,0.505042834867408,data/public_test/public_test/ff3394a4face45e3acdbd923b0be8715.jpeg
ff4ad6d6abdb4857805bfd17d8fff0fc,0.4841655225990522,data/public_test/public_test/ff4ad6d6abdb4857805bfd17d8fff0fc.jpeg
ff559c4bdd054b75a7d7fe249f8fe7fb,0.2448232487297364,data/public_test/public_test/ff559c4bdd054b75a7d7fe249f8fe7fb.jpeg
ff5dce5901c2464ababf1d60fe9788c9,0.6749693704371172,data/public_test/public_test/ff5dce5901c2464ababf1d60fe9788c9.jpeg
ff61aa1afffd4764895ac253b7ee77b3,0.4006323640987984,data/public_test/public_test/ff61aa1afffd4764895ac253b7ee77b3.jpeg
ff64ae5e9908401d98aedc9e1dd8d265,0.2419211139594128,data/public_test/public_test/ff64ae5e9908401d98aedc9e1dd8d265.jpeg
ff828061a9954168b01fcda532c0fbdc,0.4731609479469476,data/public_test/public_test/ff828061a9954168b01fcda532c0fbdc.jpeg
ff86a6d0439a4636b2e7c321ee499325,0.1121747419952802,data/public_test/public_test/ff86a6d0439a4636b2e7c321ee499325.jpeg
ff8d233469fe49e698c3417eedc891c5,0.888464586499687,data/public_test/public_test/ff8d233469fe49e698c3417eedc891c5.jpeg
ff93e3fd1aca4f58a0967e4e8308d059,0.8487548476552064,data/public_test/public_test/ff93e3fd1aca4f58a0967e4e8308d059.jpeg
ffa56caf8f7f458fa5ab354531fce9c5,0.1594812328646836,data/public_test/public_test/ffa56caf8f7f458fa5ab354531fce9c5.jpeg
ffb27508d86b4746828599580f2d2d85,0.6848444985867134,data/public_test/public_test/ffb27508d86b4746828599580f2d2d85.jpeg
ffc0a39261a149299851562d35f6b6eb,0.1103418442155214,data/public_test/public_test/ffc0a39261a149299851562d35f6b6eb.jpeg
ffd0ab8471754413aa35fe6a5de24a40,0.7084100256380251,data/public_test/public_test/ffd0ab8471754413aa35fe6a5de24a40.jpeg
ffde8968534c4d60b66d43d487fe849b,0.5317436023438579,data/public_test/public_test/ffde8968534c4d60b66d43d487fe849b.jpeg
ffe6f80f58704518b67aa4886ab56999,0.2426074590057557,data/public_test/public_test/ffe6f80f58704518b67aa4886ab56999.jpeg
